{"dire_captain": 1522705, "tower_status_radiant": 512, "flags": 0, "lobby_type": 1, "cluster": 131, "game_mode_name": "Captains Mode", "engine": 0, "barracks_status_dire": 63, "barracks_status_radiant": 0, "cluster_name": "Europe West", "radiant_score": 0, "match_id": 1000178292, "lobby_name": "Practice", "dire_score": 0, "first_blood_time": 0, "human_players": 10, "pre_game_duration": 0, "radiant_captain": 6103402, "players": [{"item_2": 1, "assists": 11, "leaver_status": 0, "item_1": 102, "item_0": 29, "item_0_name": "Boots of Speed", "leaver_status_description": "finished match, no abandon", "level": 18, "player_slot": 0, "leaver_status_name": "NONE", "hero_id": 50, "last_hits": 85, "kills": 6, "account_id": 6103402, "item_3_name": "Magic Stick", "item_4": 92, "item_3": 34, "item_4_name": "Urn of Shadows", "item_5": 0, "xp_per_min": 301, "hero_name": "Dazzle", "gold_per_min": 231, "deaths": 11, "denies": 3, "item_2_name": "Blink Dagger", "item_1_name": "Force Staff"}, {"item_2": 34, "assists": 18, "leaver_status": 0, "item_1": 1, "item_0": 180, "item_0_name": "Arcane Boots", "leaver_status_description": "finished match, no abandon", "level": 16, "player_slot": 1, "leaver_status_name": "NONE", "hero_id": 7, "last_hits": 48, "kills": 2, "account_id": 146772593, "item_3_name": "Force Staff", "item_4": 46, "item_3": 102, "item_4_name": "Town Portal Scroll", "item_5": 42, "xp_per_min": 237, "item_5_name": "Observer Ward", "hero_name": "Earthshaker", "gold_per_min": 192, "deaths": 9, "denies": 0, "item_2_name": "Magic Stick", "item_1_name": "Blink Dagger"}, {"item_2": 1, "assists": 9, "leaver_status": 0, "item_1": 158, "item_0": 208, "item_0_name": "Abyssal Blade", "leaver_status_description": "finished match, no abandon", "level": 25, "player_slot": 2, "leaver_status_name": "NONE", "hero_id": 42, "last_hits": 324, "kills": 15, "account_id": 100317750, "item_3_name": "Black King Bar", "item_4": 48, "item_3": 116, "item_4_name": "Boots of Travel", "item_5": 65, "xp_per_min": 526, "item_5_name": "Hand of Midas", "hero_name": "Wraith King", "gold_per_min": 544, "deaths": 8, "denies": 22, "item_2_name": "Blink Dagger", "item_1_name": "Mjollnir"}, {"item_2": 108, "assists": 12, "leaver_status": 0, "item_1": 55, "item_0": 63, "item_0_name": "Power Treads", "leaver_status_description": "finished match, no abandon", "level": 24, "player_slot": 3, "leaver_status_name": "NONE", "hero_id": 15, "last_hits": 317, "kills": 12, "account_id": 53151216, "item_3_name": "Black King Bar", "item_4": 110, "item_3": 116, "item_4_name": "Refresher Orb", "item_5": 9, "xp_per_min": 503, "item_5_name": "Platemail", "hero_name": "Razor", "gold_per_min": 457, "deaths": 7, "denies": 5, "item_2_name": "Aghanim's Scepter", "item_1_name": "Hyperstone"}, {"item_2": 1, "assists": 18, "leaver_status": 0, "item_1": 110, "item_0": 116, "item_0_name": "Black King Bar", "leaver_status_description": "finished match, no abandon", "level": 25, "player_slot": 4, "leaver_status_name": "NONE", "hero_id": 29, "last_hits": 230, "kills": 2, "account_id": 40209325, "item_3_name": "Arcane Boots", "item_4": 102, "item_3": 180, "item_4_name": "Force Staff", "item_5": 0, "xp_per_min": 522, "hero_name": "Tidehunter", "gold_per_min": 360, "deaths": 6, "denies": 2, "item_2_name": "Blink Dagger", "item_1_name": "Refresher Orb"}, {"item_2": 119, "assists": 12, "leaver_status": 0, "item_1": 96, "item_0": 48, "item_0_name": "Boots of Travel", "leaver_status_description": "finished match, no abandon", "level": 25, "player_slot": 128, "leaver_status_name": "NONE", "hero_id": 98, "last_hits": 523, "kills": 11, "account_id": 1522705, "item_3_name": "Aghanim's Scepter", "item_4": 121, "item_3": 108, "item_4_name": "Bloodstone", "item_5": 116, "xp_per_min": 522, "item_5_name": "Black King Bar", "hero_name": "Timbersaw", "gold_per_min": 611, "deaths": 6, "denies": 10, "item_2_name": "Shiva's Guard", "item_1_name": "Scythe of Vyse"}, {"item_2": 0, "assists": 17, "leaver_status": 0, "item_1": 92, "item_0": 102, "item_0_name": "Force Staff", "leaver_status_description": "finished match, no abandon", "level": 21, "player_slot": 129, "leaver_status_name": "NONE", "hero_id": 84, "last_hits": 48, "kills": 5, "account_id": 20378728, "item_3_name": "Arcane Boots", "item_4": 46, "item_3": 180, "item_4_name": "Town Portal Scroll", "item_5": 108, "xp_per_min": 393, "item_5_name": "Aghanim's Scepter", "hero_name": "Ogre Magi", "gold_per_min": 235, "deaths": 7, "denies": 0, "item_1_name": "Urn of Shadows"}, {"item_2": 110, "assists": 21, "leaver_status": 0, "item_1": 190, "item_0": 1, "item_0_name": "Blink Dagger", "leaver_status_description": "finished match, no abandon", "level": 24, "player_slot": 130, "leaver_status_name": "NONE", "hero_id": 22, "last_hits": 279, "kills": 9, "account_id": 90810663, "item_3_name": "Bloodstone", "item_4": 29, "item_3": 121, "item_4_name": "Boots of Speed", "item_5": 102, "xp_per_min": 489, "item_5_name": "Force Staff", "hero_name": "Zeus", "gold_per_min": 416, "deaths": 6, "denies": 1, "item_2_name": "Refresher Orb", "item_1_name": "Veil of Discord"}, {"item_2": 1, "assists": 12, "leaver_status": 0, "item_1": 102, "item_0": 180, "item_0_name": "Arcane Boots", "leaver_status_description": "finished match, no abandon", "level": 19, "player_slot": 131, "leaver_status_name": "NONE", "hero_id": 101, "last_hits": 68, "kills": 4, "account_id": 86828792, "item_3_name": "Town Portal Scroll", "item_4": 116, "item_3": 46, "item_4_name": "Black King Bar", "item_5": 0, "xp_per_min": 305, "hero_name": "Skywrath Mage", "gold_per_min": 231, "deaths": 10, "denies": 3, "item_2_name": "Blink Dagger", "item_1_name": "Force Staff"}, {"item_2": 127, "assists": 6, "leaver_status": 0, "item_1": 151, "item_0": 1, "item_0_name": "Blink Dagger", "leaver_status_description": "finished match, no abandon", "level": 25, "player_slot": 132, "leaver_status_name": "NONE", "hero_id": 104, "last_hits": 275, "kills": 12, "account_id": 20321748, "item_3_name": "Black King Bar", "item_4": 208, "item_3": 116, "item_4_name": "Abyssal Blade", "item_5": 48, "xp_per_min": 524, "item_5_name": "Boots of Travel", "hero_name": "Legion Commander", "gold_per_min": 489, "deaths": 12, "denies": 5, "item_2_name": "Blade Mail", "item_1_name": "Armlet of Mordiggian"}], "tower_status_dire": 1572, "match_seq_num": 895254611, "start_time": 1414951712, "picks_bans": [{"order": 0, "is_pick": false, "hero_id": 43, "team": 1}, {"order": 1, "is_pick": false, "hero_id": 91, "team": 0}, {"order": 2, "is_pick": false, "hero_id": 78, "team": 1}, {"order": 3, "is_pick": false, "hero_id": 47, "team": 0}, {"order": 4, "is_pick": true, "hero_id": 84, "team": 1}, {"order": 5, "is_pick": true, "hero_id": 29, "team": 0}, {"order": 6, "is_pick": true, "hero_id": 7, "team": 0}, {"order": 7, "is_pick": true, "hero_id": 101, "team": 1}, {"order": 8, "is_pick": false, "hero_id": 90, "team": 1}, {"order": 9, "is_pick": false, "hero_id": 64, "team": 0}, {"order": 10, "is_pick": false, "hero_id": 77, "team": 1}, {"order": 11, "is_pick": false, "hero_id": 40, "team": 0}, {"order": 12, "is_pick": true, "hero_id": 15, "team": 0}, {"order": 13, "is_pick": true, "hero_id": 104, "team": 1}, {"order": 14, "is_pick": true, "hero_id": 50, "team": 0}, {"order": 15, "is_pick": true, "hero_id": 98, "team": 1}, {"order": 16, "is_pick": false, "hero_id": 93, "team": 0}, {"order": 17, "is_pick": false, "hero_id": 13, "team": 1}, {"order": 18, "is_pick": true, "hero_id": 42, "team": 0}, {"order": 19, "is_pick": true, "hero_id": 22, "team": 1}], "radiant_win": false, "positive_votes": 4, "leagueid": 1980, "game_mode": 2, "duration": 3722, "negative_votes": 0}