{"dire_captain": 89137399, "tower_status_radiant": 1536, "flags": 0, "radiant_team_complete": 0, "game_mode": 16, "radiant_score": 0, "match_id": 1010496015, "lobby_name": "Practice", "dire_logo": 46499322609643214, "pre_game_duration": 0, "radiant_captain": 26771994, "radiant_name": "STARK.gg", "match_seq_num": 904514729, "dire_team_complete": 1, "start_time": 1415378789, "radiant_win": false, "positive_votes": 644, "leagueid": 2140, "duration": 2987, "dire_score": 0, "lobby_type": 1, "cluster": 181, "engine": 0, "barracks_status_dire": 63, "barracks_status_radiant": 0, "cluster_name": "Russia", "first_blood_time": 333, "radiant_team_id": 1804536, "radiant_logo": 383163745913440150, "human_players": 10, "game_mode_name": "Captains Draft", "tower_status_dire": 1572, "players": [{"item_2": 46, "assists": 11, "leaver_status": 0, "item_1": 108, "item_0": 41, "item_0_name": "Bottle", "leaver_status_description": "finished match, no abandon", "level": 18, "player_slot": 0, "leaver_status_name": "NONE", "hero_id": 87, "last_hits": 66, "kills": 4, "account_id": 26771994, "item_4": 36, "item_3": 0, "item_4_name": "Magic Wand", "item_5": 29, "xp_per_min": 371, "item_5_name": "Boots of Speed", "hero_name": "Disruptor", "gold_per_min": 242, "deaths": 6, "denies": 3, "item_2_name": "Town Portal Scroll", "item_1_name": "Aghanim's Scepter"}, {"item_2": 116, "assists": 11, "leaver_status": 0, "item_1": 166, "item_0": 63, "item_0_name": "Power Treads", "leaver_status_description": "finished match, no abandon", "level": 20, "player_slot": 1, "leaver_status_name": "NONE", "hero_id": 49, "last_hits": 240, "kills": 1, "account_id": 36864918, "item_3_name": "Town Portal Scroll", "item_4": 41, "item_3": 46, "item_4_name": "Bottle", "item_5": 112, "xp_per_min": 458, "item_5_name": "Assault Cuirass", "hero_name": "Dragon Knight", "gold_per_min": 390, "deaths": 5, "denies": 3, "item_2_name": "Black King Bar", "item_1_name": "Maelstrom"}, {"item_2": 92, "assists": 12, "leaver_status": 0, "item_1": 174, "item_0": 180, "item_0_name": "Arcane Boots", "leaver_status_description": "finished match, no abandon", "level": 18, "player_slot": 2, "leaver_status_name": "NONE", "hero_id": 85, "last_hits": 79, "kills": 6, "account_id": 24009418, "item_3_name": "Scythe of Vyse", "item_4": 65, "item_3": 96, "item_4_name": "Hand of Midas", "item_5": 21, "xp_per_min": 363, "item_5_name": "Ogre Club", "hero_name": "Undying", "gold_per_min": 317, "deaths": 7, "denies": 1, "item_2_name": "Urn of Shadows", "item_1_name": "Diffusal Blade"}, {"item_2": 46, "assists": 8, "leaver_status": 0, "item_1": 81, "item_0": 29, "item_0_name": "Boots of Speed", "additional_units": [{"item_2": 143, "item_1": 181, "item_4": 137, "item_0": 50, "item_3": 158, "item_5": 0, "unitname": "spirit_bear"}], "leaver_status_description": "finished match, no abandon", "level": 21, "player_slot": 3, "leaver_status_name": "NONE", "hero_id": 80, "last_hits": 303, "kills": 5, "account_id": 72312627, "item_3_name": "Platemail", "item_4": 31, "item_3": 9, "item_4_name": "Cloak", "item_5": 0, "xp_per_min": 471, "hero_name": "Lone Druid", "gold_per_min": 472, "deaths": 6, "denies": 21, "item_2_name": "Town Portal Scroll", "item_1_name": "Vladmir's Offering"}, {"item_2": 79, "assists": 9, "leaver_status": 0, "item_1": 48, "item_0": 108, "item_0_name": "Aghanim's Scepter", "leaver_status_description": "finished match, no abandon", "level": 20, "player_slot": 4, "leaver_status_name": "NONE", "hero_id": 45, "last_hits": 202, "kills": 7, "account_id": 8712306, "item_3_name": "Eul's Scepter of Divinity", "item_4": 65, "item_3": 100, "item_4_name": "Hand of Midas", "item_5": 63, "xp_per_min": 428, "item_5_name": "Power Treads", "hero_name": "Pugna", "gold_per_min": 424, "deaths": 6, "denies": 6, "item_2_name": "Mekansm", "item_1_name": "Boots of Travel"}, {"item_2": 46, "assists": 8, "leaver_status": 0, "item_1": 102, "item_0": 100, "item_0_name": "Eul's Scepter of Divinity", "leaver_status_description": "finished match, no abandon", "level": 17, "player_slot": 128, "leaver_status_name": "NONE", "hero_id": 25, "last_hits": 164, "kills": 2, "account_id": 89137399, "item_3_name": "Magic Wand", "item_4": 29, "item_3": 36, "item_4_name": "Boots of Speed", "item_5": 108, "xp_per_min": 330, "item_5_name": "Aghanim's Scepter", "hero_name": "Lina", "gold_per_min": 304, "deaths": 6, "denies": 3, "item_2_name": "Town Portal Scroll", "item_1_name": "Force Staff"}, {"item_2": 116, "assists": 14, "leaver_status": 0, "item_1": 208, "item_0": 63, "item_0_name": "Power Treads", "leaver_status_description": "finished match, no abandon", "level": 24, "player_slot": 129, "leaver_status_name": "NONE", "hero_id": 93, "last_hits": 322, "kills": 8, "account_id": 89625472, "item_4": 154, "item_3": 0, "item_4_name": "Sange and Yasha", "item_5": 46, "xp_per_min": 650, "item_5_name": "Town Portal Scroll", "hero_name": "Slark", "gold_per_min": 583, "deaths": 4, "denies": 9, "item_2_name": "Black King Bar", "item_1_name": "Abyssal Blade"}, {"item_2": 108, "assists": 5, "leaver_status": 0, "item_1": 119, "item_0": 121, "item_0_name": "Bloodstone", "leaver_status_description": "finished match, no abandon", "level": 25, "player_slot": 130, "leaver_status_name": "NONE", "hero_id": 98, "last_hits": 412, "kills": 13, "account_id": 70388657, "item_3_name": "Black King Bar", "item_4": 1, "item_3": 116, "item_4_name": "Blink Dagger", "item_5": 48, "xp_per_min": 651, "item_5_name": "Boots of Travel", "hero_name": "Timbersaw", "gold_per_min": 625, "deaths": 3, "denies": 4, "item_2_name": "Aghanim's Scepter", "item_1_name": "Shiva's Guard"}, {"item_2": 100, "assists": 14, "leaver_status": 0, "item_1": 46, "item_0": 214, "item_0_name": "Tranquil Boots", "leaver_status_description": "finished match, no abandon", "level": 17, "player_slot": 131, "leaver_status_name": "NONE", "hero_id": 103, "last_hits": 113, "kills": 2, "account_id": 11550182, "item_4": 81, "item_3": 0, "item_4_name": "Vladmir's Offering", "item_5": 9, "xp_per_min": 331, "item_5_name": "Platemail", "hero_name": "Elder Titan", "gold_per_min": 288, "deaths": 7, "denies": 1, "item_2_name": "Eul's Scepter of Divinity", "item_1_name": "Town Portal Scroll"}, {"item_2": 110, "assists": 8, "leaver_status": 0, "item_1": 178, "item_0": 180, "item_0_name": "Arcane Boots", "leaver_status_description": "finished match, no abandon", "level": 21, "player_slot": 132, "leaver_status_name": "NONE", "hero_id": 57, "last_hits": 200, "kills": 5, "account_id": 86723143, "item_3_name": "Aghanim's Scepter", "item_4": 102, "item_3": 108, "item_4_name": "Force Staff", "item_5": 46, "xp_per_min": 491, "item_5_name": "Town Portal Scroll", "hero_name": "Omniknight", "gold_per_min": 389, "deaths": 5, "denies": 3, "item_2_name": "Refresher Orb", "item_1_name": "Soul Ring"}], "dire_team_id": 36, "picks_bans": [{"order": 0, "is_pick": false, "hero_id": 89, "team": 1}, {"order": 1, "is_pick": false, "hero_id": 101, "team": 0}, {"order": 2, "is_pick": false, "hero_id": 106, "team": 1}, {"order": 3, "is_pick": false, "hero_id": 33, "team": 0}, {"order": 4, "is_pick": false, "hero_id": 3, "team": 1}, {"order": 5, "is_pick": false, "hero_id": 1, "team": 0}, {"order": 6, "is_pick": true, "hero_id": 93, "team": 1}, {"order": 7, "is_pick": true, "hero_id": 87, "team": 0}, {"order": 8, "is_pick": true, "hero_id": 85, "team": 0}, {"order": 9, "is_pick": true, "hero_id": 25, "team": 1}, {"order": 10, "is_pick": true, "hero_id": 98, "team": 1}, {"order": 11, "is_pick": true, "hero_id": 80, "team": 0}, {"order": 12, "is_pick": true, "hero_id": 49, "team": 0}, {"order": 13, "is_pick": true, "hero_id": 103, "team": 1}, {"order": 14, "is_pick": true, "hero_id": 57, "team": 1}, {"order": 15, "is_pick": true, "hero_id": 45, "team": 0}], "dire_name": "Natus Vincere", "negative_votes": 25}