{"duration": 1331, "radiant_logo": 541924293718462159, "leagueid": 21, "game_mode": 2, "radiant_score": 0, "positive_votes": 173, "lobby_type": 1, "lobby_name": "Practice", "radiant_win": true, "engine": 0, "pre_game_duration": 0, "match_id": 101120392, "dire_team_complete": 1, "dire_team_id": 30, "flags": 0, "dire_logo": 558695283834486272, "cluster": 133, "negative_votes": 15, "players": [{"item_5_name": "Gem of True Sight", "item_2": 36, "assists": 8, "item_4": 46, "item_4_name": "Town Portal Scroll", "leaver_status": 0, "leaver_status_description": "finished match, no abandon", "item_1": 102, "kills": 8, "hero_name": "Keeper of the Light", "hero_id": 90, "level": 12, "item_0": 214, "gold_per_min": 375, "leaver_status_name": "NONE", "denies": 3, "player_slot": 0, "deaths": 1, "account_id": 89137399, "item_5": 30, "item_3": 42, "item_0_name": "Tranquil Boots", "item_3_name": "Observer Ward", "item_2_name": "Magic Wand", "last_hits": 50, "item_1_name": "Force Staff", "xp_per_min": 390}, {"item_5_name": "Arcane Boots", "item_2": 69, "assists": 16, "item_4": 27, "item_4_name": "Ring of Regen", "leaver_status": 0, "leaver_status_description": "finished match, no abandon", "item_1": 73, "kills": 4, "hero_name": "Rubick", "hero_id": 86, "level": 12, "item_0": 60, "gold_per_min": 362, "leaver_status_name": "NONE", "denies": 4, "player_slot": 1, "deaths": 3, "account_id": 89269794, "item_5": 180, "item_3": 36, "item_0_name": "Point Booster", "item_3_name": "Magic Wand", "item_2_name": "Perseverance", "last_hits": 36, "item_1_name": "Bracer", "xp_per_min": 348}, {"item_5_name": "Town Portal Scroll", "item_2": 1, "assists": 15, "item_4": 36, "item_4_name": "Magic Wand", "leaver_status": 0, "leaver_status_description": "finished match, no abandon", "item_1": 102, "kills": 10, "hero_name": "Batrider", "hero_id": 65, "level": 14, "item_0": 117, "gold_per_min": 479, "leaver_status_name": "NONE", "denies": 3, "player_slot": 2, "deaths": 1, "account_id": 86750262, "item_5": 46, "item_3": 214, "item_0_name": "Aegis of the Immortal", "item_3_name": "Tranquil Boots", "item_2_name": "Blink Dagger", "last_hits": 54, "item_1_name": "Force Staff", "xp_per_min": 494}, {"item_5_name": "Poor Man's Shield", "item_2": 170, "assists": 9, "item_4": 212, "item_4_name": "Ring of Aquila", "leaver_status": 0, "leaver_status_description": "finished match, no abandon", "item_1": 137, "kills": 5, "hero_name": "Naga Siren", "hero_id": 89, "level": 16, "item_0": 61, "gold_per_min": 553, "leaver_status_name": "NONE", "denies": 23, "player_slot": 3, "deaths": 1, "account_id": 87201671, "item_5": 71, "item_3": 214, "item_0_name": "Vitality Booster", "item_3_name": "Tranquil Boots", "item_2_name": "Yasha", "last_hits": 158, "item_1_name": "Radiance", "xp_per_min": 629}, {"item_2": 41, "assists": 16, "item_4": 0, "leaver_status": 0, "leaver_status_description": "finished match, no abandon", "item_1": 214, "kills": 2, "hero_name": "Dark Seer", "hero_id": 55, "level": 13, "item_0": 79, "gold_per_min": 352, "leaver_status_name": "NONE", "denies": 2, "player_slot": 4, "deaths": 4, "account_id": 86723143, "item_5": 0, "item_3": 182, "item_0_name": "Mekansm", "item_3_name": "Stout Shield", "item_2_name": "Bottle", "last_hits": 56, "item_1_name": "Tranquil Boots", "xp_per_min": 443}, {"item_5_name": "Town Portal Scroll", "item_2": 36, "assists": 2, "item_4": 75, "item_4_name": "Wraith Band", "leaver_status": 1, "leaver_status_description": "player DC, no abandon", "item_1": 152, "kills": 2, "hero_name": "Shadow Fiend", "hero_id": 11, "level": 11, "item_0": 63, "gold_per_min": 311, "leaver_status_name": "DISCONNECTED", "denies": 25, "player_slot": 128, "deaths": 5, "account_id": 4281729, "item_5": 46, "item_3": 0, "item_0_name": "Power Treads", "item_2_name": "Magic Wand", "last_hits": 95, "item_1_name": "Shadow Blade", "xp_per_min": 319}, {"item_5_name": "Iron Branch", "item_2": 29, "assists": 5, "item_4": 17, "item_4_name": "Belt of Strength", "leaver_status": 1, "leaver_status_description": "player DC, no abandon", "item_1": 34, "kills": 1, "hero_name": "Lina", "hero_id": 25, "level": 8, "item_0": 46, "gold_per_min": 130, "leaver_status_name": "DISCONNECTED", "denies": 2, "player_slot": 129, "deaths": 8, "account_id": 86767617, "item_5": 16, "item_3": 188, "item_0_name": "Town Portal Scroll", "item_3_name": "Smoke of Deceit", "item_2_name": "Boots of Speed", "last_hits": 12, "item_1_name": "Magic Stick", "xp_per_min": 178}, {"item_5_name": "Iron Branch", "item_2": 182, "assists": 3, "item_4": 16, "item_4_name": "Iron Branch", "leaver_status": 1, "leaver_status_description": "player DC, no abandon", "item_1": 46, "kills": 4, "hero_name": "Magnus", "hero_id": 97, "level": 12, "item_0": 180, "gold_per_min": 233, "leaver_status_name": "DISCONNECTED", "denies": 0, "player_slot": 130, "deaths": 6, "account_id": 98151311, "item_5": 16, "item_3": 0, "item_0_name": "Arcane Boots", "item_2_name": "Stout Shield", "last_hits": 41, "item_1_name": "Town Portal Scroll", "xp_per_min": 355}, {"item_5_name": "Stout Shield", "item_2": 36, "assists": 1, "item_4": 46, "item_4_name": "Town Portal Scroll", "leaver_status": 1, "leaver_status_description": "player DC, no abandon", "item_1": 50, "kills": 3, "hero_name": "Lifestealer", "hero_id": 54, "level": 12, "item_0": 6, "gold_per_min": 328, "leaver_status_name": "DISCONNECTED", "denies": 14, "player_slot": 131, "deaths": 3, "account_id": 9230085, "item_5": 182, "item_3": 185, "item_0_name": "Helm of Iron Will", "item_3_name": "Drum of Endurance", "item_2_name": "Magic Wand", "last_hits": 91, "item_1_name": "Phase Boots", "xp_per_min": 378}, {"item_2": 0, "assists": 5, "item_4": 29, "item_4_name": "Boots of Speed", "leaver_status": 1, "leaver_status_description": "player DC, no abandon", "item_1": 46, "kills": 0, "hero_name": "Shadow Demon", "hero_id": 79, "level": 8, "item_0": 34, "gold_per_min": 120, "leaver_status_name": "DISCONNECTED", "denies": 0, "player_slot": 132, "deaths": 7, "account_id": 113634288, "item_5": 0, "item_3": 0, "item_0_name": "Magic Stick", "last_hits": 6, "item_1_name": "Town Portal Scroll", "xp_per_min": 147}], "tower_status_radiant": 2046, "radiant_team_id": 46, "dire_score": 0, "human_players": 10, "match_seq_num": 93541554, "radiant_name": "Team Empire", "cluster_name": "Europe West", "radiant_team_complete": 1, "barracks_status_dire": 60, "start_time": 1358360991, "dire_name": "mTw", "first_blood_time": 215, "tower_status_dire": 1920, "barracks_status_radiant": 63, "game_mode_name": "Captains Mode"}