{"dire_captain": 101695162, "tower_status_radiant": 1540, "flags": 0, "radiant_team_complete": 1, "game_mode": 2, "radiant_score": 0, "match_id": 1024332663, "lobby_name": "Practice", "dire_logo": 35248220277958798, "pre_game_duration": 0, "radiant_captain": 89246836, "radiant_name": "Invictus Gaming", "match_seq_num": 916987338, "dire_team_complete": 1, "start_time": 1415963604, "radiant_win": false, "positive_votes": 15, "leagueid": 1116, "duration": 2330, "dire_score": 0, "lobby_type": 1, "cluster": 223, "engine": 0, "barracks_status_dire": 63, "barracks_status_radiant": 3, "cluster_name": "China", "first_blood_time": 365, "radiant_team_id": 5, "radiant_logo": 528418381437908533, "human_players": 10, "game_mode_name": "Captains Mode", "tower_status_dire": 2039, "players": [{"item_2": 79, "assists": 10, "leaver_status": 0, "item_1": 214, "item_0": 46, "item_0_name": "Town Portal Scroll", "leaver_status_description": "finished match, no abandon", "level": 17, "player_slot": 0, "leaver_status_name": "NONE", "hero_id": 73, "last_hits": 73, "kills": 1, "account_id": 89246836, "item_3_name": "Soul Ring", "item_4": 1, "item_3": 178, "item_4_name": "Blink Dagger", "item_5": 0, "xp_per_min": 417, "hero_name": "Alchemist", "gold_per_min": 280, "deaths": 4, "denies": 1, "item_2_name": "Mekansm", "item_1_name": "Tranquil Boots"}, {"item_2": 51, "assists": 6, "leaver_status": 0, "item_1": 185, "item_0": 50, "item_0_name": "Phase Boots", "leaver_status_description": "finished match, no abandon", "level": 19, "player_slot": 1, "leaver_status_name": "NONE", "hero_id": 106, "last_hits": 197, "kills": 6, "account_id": 138885864, "item_3_name": "Crystalys", "item_4": 46, "item_3": 149, "item_4_name": "Town Portal Scroll", "item_5": 145, "xp_per_min": 522, "item_5_name": "Battle Fury", "hero_name": "Ember Spirit", "gold_per_min": 436, "deaths": 7, "denies": 24, "item_2_name": "Demon Edge", "item_1_name": "Drum of Endurance"}, {"item_2": 116, "assists": 3, "leaver_status": 0, "item_1": 160, "item_0": 139, "item_0_name": "Butterfly", "leaver_status_description": "finished match, no abandon", "level": 23, "player_slot": 2, "leaver_status_name": "NONE", "hero_id": 10, "last_hits": 268, "kills": 7, "account_id": 88585077, "item_3_name": "Power Treads", "item_4": 65, "item_3": 63, "item_4_name": "Hand of Midas", "item_5": 0, "xp_per_min": 767, "hero_name": "Morphling", "gold_per_min": 631, "deaths": 3, "denies": 28, "item_2_name": "Black King Bar", "item_1_name": "Eye of Skadi"}, {"item_2": 23, "assists": 8, "leaver_status": 0, "item_1": 0, "item_0": 34, "item_0_name": "Magic Stick", "leaver_status_description": "finished match, no abandon", "level": 11, "player_slot": 3, "leaver_status_name": "NONE", "hero_id": 68, "last_hits": 33, "kills": 0, "account_id": 90031225, "item_3_name": "Smoke of Deceit", "item_4": 21, "item_3": 188, "item_4_name": "Ogre Club", "item_5": 29, "xp_per_min": 204, "item_5_name": "Boots of Speed", "hero_name": "Ancient Apparition", "gold_per_min": 157, "deaths": 5, "denies": 1, "item_2_name": "Staff of Wizardry"}, {"item_2": 0, "assists": 8, "leaver_status": 0, "item_1": 180, "item_0": 0, "leaver_status_description": "finished match, no abandon", "level": 14, "player_slot": 4, "leaver_status_name": "NONE", "hero_id": 86, "last_hits": 63, "kills": 3, "account_id": 88553213, "item_4": 92, "item_3": 0, "item_4_name": "Urn of Shadows", "item_5": 36, "xp_per_min": 299, "item_5_name": "Magic Wand", "hero_name": "Rubick", "gold_per_min": 239, "deaths": 8, "denies": 1, "item_1_name": "Arcane Boots"}, {"item_2": 119, "assists": 11, "leaver_status": 0, "item_1": 102, "item_0": 1, "item_0_name": "Blink Dagger", "leaver_status_description": "finished match, no abandon", "level": 20, "player_slot": 128, "leaver_status_name": "NONE", "hero_id": 16, "last_hits": 137, "kills": 3, "account_id": 101695162, "item_3_name": "Magic Stick", "item_4": 63, "item_3": 34, "item_4_name": "Power Treads", "item_5": 0, "xp_per_min": 556, "hero_name": "Sand King", "gold_per_min": 369, "deaths": 3, "denies": 1, "item_2_name": "Shiva's Guard", "item_1_name": "Force Staff"}, {"item_2": 46, "assists": 6, "leaver_status": 0, "item_1": 1, "item_0": 214, "item_0_name": "Tranquil Boots", "leaver_status_description": "finished match, no abandon", "level": 18, "player_slot": 129, "leaver_status_name": "NONE", "hero_id": 64, "last_hits": 193, "kills": 2, "account_id": 90882159, "item_3_name": "Aghanim's Scepter", "item_4": 102, "item_3": 108, "item_4_name": "Force Staff", "item_5": 100, "xp_per_min": 441, "item_5_name": "Eul's Scepter of Divinity", "hero_name": "Jakiro", "gold_per_min": 409, "deaths": 5, "denies": 14, "item_2_name": "Town Portal Scroll", "item_1_name": "Blink Dagger"}, {"item_2": 0, "assists": 8, "leaver_status": 0, "item_1": 0, "item_0": 180, "item_0_name": "Arcane Boots", "leaver_status_description": "finished match, no abandon", "level": 16, "player_slot": 130, "leaver_status_name": "NONE", "hero_id": 52, "last_hits": 95, "kills": 2, "account_id": 113800818, "item_3_name": "Eul's Scepter of Divinity", "item_4": 92, "item_3": 100, "item_4_name": "Urn of Shadows", "item_5": 129, "xp_per_min": 381, "item_5_name": "Soul Booster", "hero_name": "Leshrac", "gold_per_min": 289, "deaths": 1, "denies": 7}, {"item_2": 46, "assists": 4, "leaver_status": 0, "item_1": 116, "item_0": 65, "item_0_name": "Hand of Midas", "leaver_status_description": "finished match, no abandon", "level": 21, "player_slot": 131, "leaver_status_name": "NONE", "hero_id": 41, "last_hits": 169, "kills": 9, "account_id": 84772440, "item_3_name": "Power Treads", "item_4": 172, "item_3": 63, "item_4_name": "Mask of Madness", "item_5": 141, "xp_per_min": 608, "item_5_name": "Daedalus", "hero_name": "Faceless Void", "gold_per_min": 519, "deaths": 4, "denies": 7, "item_2_name": "Town Portal Scroll", "item_1_name": "Black King Bar"}, {"item_2": 0, "assists": 7, "leaver_status": 0, "item_1": 48, "item_0": 96, "item_0_name": "Scythe of Vyse", "leaver_status_description": "finished match, no abandon", "level": 22, "player_slot": 132, "leaver_status_name": "NONE", "hero_id": 74, "last_hits": 227, "kills": 11, "account_id": 21289303, "item_3_name": "Blink Dagger", "item_4": 194, "item_3": 1, "item_4_name": "Necronomicon", "item_5": 65, "xp_per_min": 652, "item_5_name": "Hand of Midas", "hero_name": "Invoker", "gold_per_min": 585, "deaths": 4, "denies": 12, "item_1_name": "Boots of Travel"}], "dire_team_id": 726228, "picks_bans": [{"order": 0, "is_pick": false, "hero_id": 77, "team": 1}, {"order": 1, "is_pick": false, "hero_id": 43, "team": 0}, {"order": 2, "is_pick": false, "hero_id": 65, "team": 1}, {"order": 3, "is_pick": false, "hero_id": 101, "team": 0}, {"order": 4, "is_pick": true, "hero_id": 64, "team": 1}, {"order": 5, "is_pick": true, "hero_id": 68, "team": 0}, {"order": 6, "is_pick": true, "hero_id": 106, "team": 0}, {"order": 7, "is_pick": true, "hero_id": 74, "team": 1}, {"order": 8, "is_pick": false, "hero_id": 47, "team": 1}, {"order": 9, "is_pick": false, "hero_id": 78, "team": 0}, {"order": 10, "is_pick": false, "hero_id": 57, "team": 1}, {"order": 11, "is_pick": false, "hero_id": 15, "team": 0}, {"order": 12, "is_pick": true, "hero_id": 73, "team": 0}, {"order": 13, "is_pick": true, "hero_id": 16, "team": 1}, {"order": 14, "is_pick": true, "hero_id": 10, "team": 0}, {"order": 15, "is_pick": true, "hero_id": 41, "team": 1}, {"order": 16, "is_pick": false, "hero_id": 69, "team": 0}, {"order": 17, "is_pick": false, "hero_id": 29, "team": 1}, {"order": 18, "is_pick": true, "hero_id": 86, "team": 0}, {"order": 19, "is_pick": true, "hero_id": 52, "team": 1}], "dire_name": "Vici Gaming", "negative_votes": 3}