{"dire_captain": 89654154, "tower_status_radiant": 1792, "flags": 0, "radiant_team_complete": 1, "game_mode": 2, "radiant_score": 0, "match_id": 1024665169, "lobby_name": "Practice", "dire_logo": 37487341576007479, "pre_game_duration": 0, "radiant_captain": 91654584, "radiant_name": "EXECRATION1", "match_seq_num": 917302718, "dire_team_complete": 0, "start_time": 1415972927, "radiant_win": false, "positive_votes": 83, "leagueid": 2158, "duration": 2453, "dire_score": 0, "lobby_type": 1, "cluster": 151, "engine": 0, "barracks_status_dire": 63, "barracks_status_radiant": 48, "cluster_name": "Southeast Asia", "first_blood_time": 187, "radiant_team_id": 494197, "radiant_logo": 469805271568881228, "human_players": 10, "game_mode_name": "Captains Mode", "tower_status_dire": 1958, "players": [{"item_2": 60, "assists": 6, "leaver_status": 0, "item_1": 43, "item_0": 46, "item_0_name": "Town Portal Scroll", "leaver_status_description": "finished match, no abandon", "level": 12, "player_slot": 0, "leaver_status_name": "NONE", "hero_id": 30, "last_hits": 25, "kills": 2, "account_id": 91654584, "item_3_name": "Bracer", "item_4": 29, "item_3": 73, "item_4_name": "Boots of Speed", "item_5": 36, "xp_per_min": 203, "item_5_name": "Magic Wand", "hero_name": "Witch Doctor", "gold_per_min": 182, "deaths": 11, "denies": 7, "item_2_name": "Point Booster", "item_1_name": "Sentry Ward"}, {"item_2": 46, "assists": 13, "leaver_status": 0, "item_1": 79, "item_0": 1, "item_0_name": "Blink Dagger", "leaver_status_description": "finished match, no abandon", "level": 15, "player_slot": 1, "leaver_status_name": "NONE", "hero_id": 29, "last_hits": 99, "kills": 3, "account_id": 164685813, "item_3_name": "Vladmir's Offering", "item_4": 180, "item_3": 81, "item_4_name": "Arcane Boots", "item_5": 34, "xp_per_min": 312, "item_5_name": "Magic Stick", "hero_name": "Tidehunter", "gold_per_min": 280, "deaths": 10, "denies": 6, "item_2_name": "Town Portal Scroll", "item_1_name": "Mekansm"}, {"item_2": 100, "assists": 7, "leaver_status": 0, "item_1": 119, "item_0": 96, "item_0_name": "Scythe of Vyse", "leaver_status_description": "finished match, no abandon", "level": 22, "player_slot": 2, "leaver_status_name": "NONE", "hero_id": 13, "last_hits": 158, "kills": 15, "account_id": 112172688, "item_3_name": "Town Portal Scroll", "item_4": 1, "item_3": 46, "item_4_name": "Blink Dagger", "item_5": 63, "xp_per_min": 637, "item_5_name": "Power Treads", "hero_name": "Puck", "gold_per_min": 493, "deaths": 5, "denies": 20, "item_2_name": "Eul's Scepter of Divinity", "item_1_name": "Shiva's Guard"}, {"item_2": 65, "assists": 4, "leaver_status": 0, "item_1": 63, "item_0": 170, "item_0_name": "Yasha", "leaver_status_description": "finished match, no abandon", "level": 17, "player_slot": 3, "leaver_status_name": "NONE", "hero_id": 41, "last_hits": 195, "kills": 1, "account_id": 100474862, "item_3_name": "Diffusal Blade", "item_4": 116, "item_3": 174, "item_4_name": "Black King Bar", "item_5": 0, "xp_per_min": 390, "hero_name": "Faceless Void", "gold_per_min": 424, "deaths": 8, "denies": 10, "item_2_name": "Hand of Midas", "item_1_name": "Power Treads"}, {"item_2": 41, "assists": 10, "leaver_status": 0, "item_1": 1, "item_0": 102, "item_0_name": "Force Staff", "leaver_status_description": "finished match, no abandon", "level": 13, "player_slot": 4, "leaver_status_name": "NONE", "hero_id": 16, "last_hits": 57, "kills": 3, "account_id": 92704330, "item_3_name": "Magic Stick", "item_4": 180, "item_3": 34, "item_4_name": "Arcane Boots", "item_5": 46, "xp_per_min": 237, "item_5_name": "Town Portal Scroll", "hero_name": "Sand King", "gold_per_min": 224, "deaths": 9, "denies": 0, "item_2_name": "Bottle", "item_1_name": "Blink Dagger"}, {"item_2": 65, "assists": 11, "leaver_status": 0, "item_1": 1, "item_0": 63, "item_0_name": "Power Treads", "leaver_status_description": "finished match, no abandon", "level": 25, "player_slot": 128, "leaver_status_name": "NONE", "hero_id": 93, "last_hits": 310, "kills": 17, "account_id": 89654154, "item_3_name": "Abyssal Blade", "item_4": 160, "item_3": 208, "item_4_name": "Eye of Skadi", "item_5": 139, "xp_per_min": 802, "item_5_name": "Butterfly", "hero_name": "Slark", "gold_per_min": 790, "deaths": 3, "denies": 10, "item_2_name": "Hand of Midas", "item_1_name": "Blink Dagger"}, {"item_2": 46, "assists": 17, "leaver_status": 0, "item_1": 1, "item_0": 102, "item_0_name": "Force Staff", "leaver_status_description": "finished match, no abandon", "level": 18, "player_slot": 129, "leaver_status_name": "NONE", "hero_id": 96, "last_hits": 92, "kills": 4, "account_id": 10516239, "item_3_name": "Tranquil Boots", "item_4": 36, "item_3": 214, "item_4_name": "Magic Wand", "item_5": 90, "xp_per_min": 420, "item_5_name": "Pipe of Insight", "hero_name": "Centaur Warrunner", "gold_per_min": 335, "deaths": 6, "denies": 2, "item_2_name": "Town Portal Scroll", "item_1_name": "Blink Dagger"}, {"item_2": 119, "assists": 11, "leaver_status": 0, "item_1": 116, "item_0": 63, "item_0_name": "Power Treads", "leaver_status_description": "finished match, no abandon", "level": 22, "player_slot": 130, "leaver_status_name": "NONE", "hero_id": 17, "last_hits": 140, "kills": 19, "account_id": 51541746, "item_3_name": "Town Portal Scroll", "item_4": 98, "item_3": 46, "item_4_name": "Orchid Malevolence", "item_5": 24, "xp_per_min": 633, "item_5_name": "Ultimate Orb", "hero_name": "Storm Spirit", "gold_per_min": 511, "deaths": 3, "denies": 6, "item_2_name": "Shiva's Guard", "item_1_name": "Black King Bar"}, {"item_2": 46, "assists": 5, "leaver_status": 0, "item_1": 102, "item_0": 60, "item_0_name": "Point Booster", "leaver_status_description": "finished match, no abandon", "level": 14, "player_slot": 131, "leaver_status_name": "NONE", "hero_id": 57, "last_hits": 30, "kills": 1, "account_id": 87442297, "item_3_name": "Arcane Boots", "item_4": 34, "item_3": 180, "item_4_name": "Magic Stick", "item_5": 0, "xp_per_min": 267, "hero_name": "Omniknight", "gold_per_min": 216, "deaths": 6, "denies": 1, "item_2_name": "Town Portal Scroll", "item_1_name": "Force Staff"}, {"item_2": 46, "assists": 21, "leaver_status": 0, "item_1": 36, "item_0": 102, "item_0_name": "Force Staff", "leaver_status_description": "finished match, no abandon", "level": 16, "player_slot": 132, "leaver_status_name": "NONE", "hero_id": 101, "last_hits": 32, "kills": 2, "account_id": 86802063, "item_4": 63, "item_3": 0, "item_4_name": "Power Treads", "item_5": 188, "xp_per_min": 339, "item_5_name": "Smoke of Deceit", "hero_name": "Skywrath Mage", "gold_per_min": 236, "deaths": 6, "denies": 2, "item_2_name": "Town Portal Scroll", "item_1_name": "Magic Wand"}], "dire_team_id": 463048, "picks_bans": [{"order": 0, "is_pick": false, "hero_id": 15, "team": 0}, {"order": 1, "is_pick": false, "hero_id": 43, "team": 1}, {"order": 2, "is_pick": false, "hero_id": 47, "team": 0}, {"order": 3, "is_pick": false, "hero_id": 78, "team": 1}, {"order": 4, "is_pick": true, "hero_id": 29, "team": 0}, {"order": 5, "is_pick": true, "hero_id": 101, "team": 1}, {"order": 6, "is_pick": true, "hero_id": 96, "team": 1}, {"order": 7, "is_pick": true, "hero_id": 30, "team": 0}, {"order": 8, "is_pick": false, "hero_id": 84, "team": 0}, {"order": 9, "is_pick": false, "hero_id": 94, "team": 1}, {"order": 10, "is_pick": false, "hero_id": 77, "team": 0}, {"order": 11, "is_pick": false, "hero_id": 69, "team": 1}, {"order": 12, "is_pick": true, "hero_id": 93, "team": 1}, {"order": 13, "is_pick": true, "hero_id": 41, "team": 0}, {"order": 14, "is_pick": true, "hero_id": 17, "team": 1}, {"order": 15, "is_pick": true, "hero_id": 13, "team": 0}, {"order": 16, "is_pick": false, "hero_id": 103, "team": 1}, {"order": 17, "is_pick": false, "hero_id": 7, "team": 0}, {"order": 18, "is_pick": true, "hero_id": 57, "team": 1}, {"order": 19, "is_pick": true, "hero_id": 16, "team": 0}], "dire_name": "insidiousidol", "negative_votes": 8}