{"dire_captain": 86761836, "tower_status_radiant": 1796, "flags": 0, "lobby_type": 1, "cluster": 122, "game_mode_name": "Captains Mode", "engine": 0, "barracks_status_dire": 63, "barracks_status_radiant": 51, "cluster_name": "US East", "radiant_score": 0, "match_id": 1025778721, "lobby_name": "Practice", "dire_score": 0, "first_blood_time": 308, "radiant_team_id": 3, "radiant_logo": 494645350098604346, "human_players": 10, "pre_game_duration": 0, "radiant_team_complete": 1, "radiant_captain": 49317728, "players": [{"item_2": 100, "assists": 6, "leaver_status": 0, "item_1": 50, "item_0": 119, "item_0_name": "Shiva's Guard", "leaver_status_description": "finished match, no abandon", "level": 22, "player_slot": 0, "leaver_status_name": "NONE", "hero_id": 43, "last_hits": 273, "kills": 4, "account_id": 49317728, "item_3_name": "Town Portal Scroll", "item_4": 185, "item_3": 46, "item_4_name": "Drum of Endurance", "item_5": 61, "xp_per_min": 635, "item_5_name": "Vitality Booster", "hero_name": "Death Prophet", "gold_per_min": 488, "deaths": 7, "denies": 14, "item_2_name": "Eul's Scepter of Divinity", "item_1_name": "Phase Boots"}, {"item_2": 36, "assists": 7, "leaver_status": 0, "item_1": 116, "item_0": 172, "item_0_name": "Mask of Madness", "leaver_status_description": "finished match, no abandon", "level": 15, "player_slot": 1, "leaver_status_name": "NONE", "hero_id": 41, "last_hits": 91, "kills": 4, "account_id": 12231202, "item_3_name": "Power Treads", "item_4": 0, "item_3": 63, "item_5": 0, "xp_per_min": 320, "hero_name": "Faceless Void", "gold_per_min": 284, "deaths": 5, "denies": 2, "item_2_name": "Magic Wand", "item_1_name": "Black King Bar"}, {"item_2": 88, "assists": 6, "leaver_status": 0, "item_1": 34, "item_0": 194, "item_0_name": "Necronomicon", "leaver_status_description": "finished match, no abandon", "level": 16, "player_slot": 2, "leaver_status_name": "NONE", "hero_id": 45, "last_hits": 179, "kills": 4, "account_id": 38628747, "item_3_name": "Power Treads", "item_4": 108, "item_3": 63, "item_4_name": "Aghanim's Scepter", "item_5": 0, "xp_per_min": 338, "hero_name": "Pugna", "gold_per_min": 363, "deaths": 7, "denies": 12, "item_2_name": "Ring of Basilius", "item_1_name": "Magic Stick"}, {"item_2": 214, "assists": 6, "leaver_status": 0, "item_1": 100, "item_0": 40, "item_0_name": "Dust of Appearance", "leaver_status_description": "finished match, no abandon", "level": 14, "player_slot": 3, "leaver_status_name": "NONE", "hero_id": 64, "last_hits": 41, "kills": 2, "account_id": 50828662, "item_3_name": "Magic Wand", "item_4": 0, "item_3": 36, "item_5": 0, "xp_per_min": 261, "hero_name": "Jakiro", "gold_per_min": 213, "deaths": 7, "denies": 2, "item_2_name": "Tranquil Boots", "item_1_name": "Eul's Scepter of Divinity"}, {"item_2": 92, "assists": 4, "leaver_status": 0, "item_1": 178, "item_0": 214, "item_0_name": "Tranquil Boots", "leaver_status_description": "finished match, no abandon", "level": 13, "player_slot": 4, "leaver_status_name": "NONE", "hero_id": 84, "last_hits": 49, "kills": 4, "account_id": 59752811, "item_4": 34, "item_3": 0, "item_4_name": "Magic Stick", "item_5": 60, "xp_per_min": 247, "item_5_name": "Point Booster", "hero_name": "Ogre Magi", "gold_per_min": 230, "deaths": 7, "denies": 3, "item_2_name": "Urn of Shadows", "item_1_name": "Soul Ring"}, {"item_2": 180, "assists": 6, "leaver_status": 1, "item_1": 34, "item_0": 185, "item_0_name": "Drum of Endurance", "leaver_status_description": "player DC, no abandon", "level": 11, "player_slot": 128, "leaver_status_name": "DISCONNECTED", "hero_id": 20, "last_hits": 28, "kills": 5, "account_id": 86761836, "item_3_name": "Mekansm", "item_4": 0, "item_3": 79, "item_5": 188, "xp_per_min": 193, "item_5_name": "Smoke of Deceit", "hero_name": "Vengeful Spirit", "gold_per_min": 221, "deaths": 6, "denies": 1, "item_2_name": "Arcane Boots", "item_1_name": "Magic Stick"}, {"item_2": 46, "assists": 14, "leaver_status": 0, "item_1": 116, "item_0": 98, "item_0_name": "Orchid Malevolence", "leaver_status_description": "finished match, no abandon", "level": 20, "player_slot": 129, "leaver_status_name": "NONE", "hero_id": 74, "last_hits": 100, "kills": 10, "account_id": 118073569, "item_3_name": "Ultimate Orb", "item_4": 16, "item_3": 24, "item_4_name": "Iron Branch", "item_5": 50, "xp_per_min": 557, "item_5_name": "Phase Boots", "hero_name": "Invoker", "gold_per_min": 364, "deaths": 2, "denies": 21, "item_2_name": "Town Portal Scroll", "item_1_name": "Black King Bar"}, {"item_2": 36, "assists": 9, "leaver_status": 0, "item_1": 131, "item_0": 0, "leaver_status_description": "finished match, no abandon", "level": 16, "player_slot": 130, "leaver_status_name": "NONE", "hero_id": 101, "last_hits": 40, "kills": 7, "account_id": 94923783, "item_3_name": "Arcane Boots", "item_4": 77, "item_3": 180, "item_4_name": "Null Talisman", "item_5": 46, "xp_per_min": 350, "item_5_name": "Town Portal Scroll", "hero_name": "Skywrath Mage", "gold_per_min": 261, "deaths": 7, "denies": 5, "item_2_name": "Magic Wand", "item_1_name": "Hood of Defiance"}, {"item_2": 100, "assists": 15, "leaver_status": 0, "item_1": 46, "item_0": 65, "item_0_name": "Hand of Midas", "leaver_status_description": "finished match, no abandon", "level": 19, "player_slot": 131, "leaver_status_name": "NONE", "hero_id": 103, "last_hits": 134, "kills": 2, "account_id": 86785102, "item_3_name": "Ogre Club", "item_4": 214, "item_3": 21, "item_4_name": "Tranquil Boots", "item_5": 112, "xp_per_min": 489, "item_5_name": "Assault Cuirass", "hero_name": "Elder Titan", "gold_per_min": 388, "deaths": 1, "denies": 4, "item_2_name": "Eul's Scepter of Divinity", "item_1_name": "Town Portal Scroll"}, {"item_2": 88, "assists": 10, "leaver_status": 0, "item_1": 147, "item_0": 50, "item_0_name": "Phase Boots", "leaver_status_description": "finished match, no abandon", "level": 22, "player_slot": 132, "leaver_status_name": "NONE", "hero_id": 94, "last_hits": 318, "kills": 9, "account_id": 86724433, "item_3_name": "Linken's Sphere", "item_4": 160, "item_3": 123, "item_4_name": "Eye of Skadi", "item_5": 139, "xp_per_min": 677, "item_5_name": "Butterfly", "hero_name": "Medusa", "gold_per_min": 675, "deaths": 2, "denies": 15, "item_2_name": "Ring of Basilius", "item_1_name": "Manta Style"}], "radiant_name": "compLexity Gaming", "tower_status_dire": 1844, "match_seq_num": 918296552, "start_time": 1416014767, "picks_bans": [{"order": 0, "is_pick": false, "hero_id": 77, "team": 0}, {"order": 1, "is_pick": false, "hero_id": 65, "team": 1}, {"order": 2, "is_pick": false, "hero_id": 106, "team": 0}, {"order": 3, "is_pick": false, "hero_id": 68, "team": 1}, {"order": 4, "is_pick": true, "hero_id": 41, "team": 0}, {"order": 5, "is_pick": true, "hero_id": 101, "team": 1}, {"order": 6, "is_pick": true, "hero_id": 20, "team": 1}, {"order": 7, "is_pick": true, "hero_id": 84, "team": 0}, {"order": 8, "is_pick": false, "hero_id": 9, "team": 0}, {"order": 9, "is_pick": false, "hero_id": 52, "team": 1}, {"order": 10, "is_pick": false, "hero_id": 75, "team": 0}, {"order": 11, "is_pick": false, "hero_id": 78, "team": 1}, {"order": 12, "is_pick": true, "hero_id": 94, "team": 1}, {"order": 13, "is_pick": true, "hero_id": 64, "team": 0}, {"order": 14, "is_pick": true, "hero_id": 103, "team": 1}, {"order": 15, "is_pick": true, "hero_id": 43, "team": 0}, {"order": 16, "is_pick": false, "hero_id": 33, "team": 1}, {"order": 17, "is_pick": false, "hero_id": 104, "team": 0}, {"order": 18, "is_pick": true, "hero_id": 74, "team": 1}, {"order": 19, "is_pick": true, "hero_id": 45, "team": 0}], "radiant_win": false, "positive_votes": 285, "leagueid": 1936, "game_mode": 2, "duration": 2422, "negative_votes": 6}