{"dire_captain": 91751637, "tower_status_radiant": 4, "flags": 0, "radiant_team_complete": 1, "game_mode": 2, "radiant_score": 0, "match_id": 1025398952, "lobby_name": "Practice", "dire_logo": 35223031181460487, "pre_game_duration": 0, "radiant_captain": 31456357, "radiant_name": "AftershockGaming Int.", "match_seq_num": 917952588, "dire_team_complete": 1, "start_time": 1415993965, "radiant_win": false, "positive_votes": 0, "leagueid": 1980, "duration": 2352, "dire_score": 0, "lobby_type": 1, "cluster": 133, "engine": 0, "barracks_status_dire": 63, "barracks_status_radiant": 3, "cluster_name": "Europe West", "first_blood_time": 144, "radiant_team_id": 1556884, "radiant_logo": 776056112971508921, "human_players": 10, "game_mode_name": "Captains Mode", "tower_status_dire": 1924, "players": [{"item_2": 110, "assists": 11, "leaver_status": 1, "item_1": 180, "item_0": 102, "item_0_name": "Force Staff", "leaver_status_description": "player DC, no abandon", "level": 18, "player_slot": 0, "leaver_status_name": "DISCONNECTED", "hero_id": 29, "last_hits": 120, "kills": 9, "account_id": 31456357, "item_3_name": "Blink Dagger", "item_4": 46, "item_3": 1, "item_4_name": "Town Portal Scroll", "item_5": 0, "xp_per_min": 464, "hero_name": "Tidehunter", "gold_per_min": 393, "deaths": 7, "denies": 1, "item_2_name": "Refresher Orb", "item_1_name": "Arcane Boots"}, {"item_2": 46, "assists": 7, "leaver_status": 0, "item_1": 79, "item_0": 63, "item_0_name": "Power Treads", "leaver_status_description": "finished match, no abandon", "level": 18, "player_slot": 1, "leaver_status_name": "NONE", "hero_id": 47, "last_hits": 152, "kills": 6, "account_id": 34505203, "item_3_name": "Black King Bar", "item_4": 170, "item_3": 116, "item_4_name": "Yasha", "item_5": 212, "xp_per_min": 448, "item_5_name": "Ring of Aquila", "hero_name": "Viper", "gold_per_min": 407, "deaths": 10, "denies": 30, "item_2_name": "Town Portal Scroll", "item_1_name": "Mekansm"}, {"item_2": 0, "assists": 14, "leaver_status": 0, "item_1": 46, "item_0": 0, "leaver_status_description": "finished match, no abandon", "level": 15, "player_slot": 2, "leaver_status_name": "NONE", "hero_id": 87, "last_hits": 42, "kills": 2, "account_id": 140746, "item_3_name": "Arcane Boots", "item_4": 102, "item_3": 180, "item_4_name": "Force Staff", "item_5": 36, "xp_per_min": 317, "item_5_name": "Magic Wand", "hero_name": "Disruptor", "gold_per_min": 232, "deaths": 11, "denies": 1, "item_1_name": "Town Portal Scroll"}, {"item_2": 108, "assists": 10, "leaver_status": 0, "item_1": 46, "item_0": 63, "item_0_name": "Power Treads", "leaver_status_description": "finished match, no abandon", "level": 19, "player_slot": 3, "leaver_status_name": "NONE", "hero_id": 36, "last_hits": 199, "kills": 8, "account_id": 31763321, "item_3_name": "Shiva's Guard", "item_4": 65, "item_3": 119, "item_4_name": "Hand of Midas", "item_5": 1, "xp_per_min": 486, "item_5_name": "Blink Dagger", "hero_name": "Necrophos", "gold_per_min": 499, "deaths": 7, "denies": 17, "item_2_name": "Aghanim's Scepter", "item_1_name": "Town Portal Scroll"}, {"item_2": 36, "assists": 11, "leaver_status": 0, "item_1": 1, "item_0": 92, "item_0_name": "Urn of Shadows", "leaver_status_description": "finished match, no abandon", "level": 13, "player_slot": 4, "leaver_status_name": "NONE", "hero_id": 100, "last_hits": 44, "kills": 0, "account_id": 114672220, "item_3_name": "Smoke of Deceit", "item_4": 63, "item_3": 188, "item_4_name": "Power Treads", "item_5": 42, "xp_per_min": 251, "item_5_name": "Observer Ward", "hero_name": "Tusk", "gold_per_min": 202, "deaths": 7, "denies": 2, "item_2_name": "Magic Wand", "item_1_name": "Blink Dagger"}, {"item_2": 0, "assists": 11, "leaver_status": 0, "item_1": 188, "item_0": 1, "item_0_name": "Blink Dagger", "leaver_status_description": "finished match, no abandon", "level": 13, "player_slot": 128, "leaver_status_name": "NONE", "hero_id": 79, "last_hits": 25, "kills": 2, "account_id": 91751637, "item_3_name": "Urn of Shadows", "item_4": 63, "item_3": 92, "item_4_name": "Power Treads", "item_5": 46, "xp_per_min": 241, "item_5_name": "Town Portal Scroll", "hero_name": "Shadow Demon", "gold_per_min": 235, "deaths": 5, "denies": 1, "item_1_name": "Smoke of Deceit"}, {"item_2": 119, "assists": 23, "leaver_status": 0, "item_1": 1, "item_0": 41, "item_0_name": "Bottle", "leaver_status_description": "finished match, no abandon", "level": 19, "player_slot": 129, "leaver_status_name": "NONE", "hero_id": 78, "last_hits": 146, "kills": 3, "account_id": 91982026, "item_3_name": "Vladmir's Offering", "item_4": 46, "item_3": 81, "item_4_name": "Town Portal Scroll", "item_5": 63, "xp_per_min": 528, "item_5_name": "Power Treads", "hero_name": "Brewmaster", "gold_per_min": 405, "deaths": 3, "denies": 3, "item_2_name": "Shiva's Guard", "item_1_name": "Blink Dagger"}, {"item_2": 48, "assists": 13, "leaver_status": 0, "item_1": 0, "item_0": 160, "item_0_name": "Eye of Skadi", "leaver_status_description": "finished match, no abandon", "level": 25, "player_slot": 130, "leaver_status_name": "NONE", "hero_id": 93, "last_hits": 218, "kills": 20, "account_id": 105248644, "item_3_name": "Black King Bar", "item_4": 143, "item_3": 116, "item_4_name": "Skull Basher", "item_5": 154, "xp_per_min": 827, "item_5_name": "Sange and Yasha", "hero_name": "Slark", "gold_per_min": 701, "deaths": 3, "denies": 7, "item_2_name": "Boots of Travel"}, {"item_2": 0, "assists": 17, "leaver_status": 0, "item_1": 102, "item_0": 36, "item_0_name": "Magic Wand", "leaver_status_description": "finished match, no abandon", "level": 17, "player_slot": 131, "leaver_status_name": "NONE", "hero_id": 84, "last_hits": 70, "kills": 9, "account_id": 89117038, "item_3_name": "Boots of Travel", "item_4": 181, "item_3": 48, "item_4_name": "Orb of Venom", "item_5": 108, "xp_per_min": 398, "item_5_name": "Aghanim's Scepter", "hero_name": "Ogre Magi", "gold_per_min": 366, "deaths": 8, "denies": 3, "item_1_name": "Force Staff"}, {"item_2": 108, "assists": 18, "leaver_status": 0, "item_1": 116, "item_0": 1, "item_0_name": "Blink Dagger", "leaver_status_description": "finished match, no abandon", "level": 21, "player_slot": 132, "leaver_status_name": "NONE", "hero_id": 69, "last_hits": 112, "kills": 8, "account_id": 91986722, "item_3_name": "Ghost Scepter", "item_4": 65, "item_3": 37, "item_4_name": "Hand of Midas", "item_5": 48, "xp_per_min": 624, "item_5_name": "Boots of Travel", "hero_name": "Doom", "gold_per_min": 530, "deaths": 7, "denies": 0, "item_2_name": "Aghanim's Scepter", "item_1_name": "Black King Bar"}], "dire_team_id": 1859971, "picks_bans": [{"order": 0, "is_pick": false, "hero_id": 101, "team": 1}, {"order": 1, "is_pick": false, "hero_id": 65, "team": 0}, {"order": 2, "is_pick": false, "hero_id": 43, "team": 1}, {"order": 3, "is_pick": false, "hero_id": 15, "team": 0}, {"order": 4, "is_pick": true, "hero_id": 78, "team": 1}, {"order": 5, "is_pick": true, "hero_id": 100, "team": 0}, {"order": 6, "is_pick": true, "hero_id": 29, "team": 0}, {"order": 7, "is_pick": true, "hero_id": 69, "team": 1}, {"order": 8, "is_pick": false, "hero_id": 41, "team": 1}, {"order": 9, "is_pick": false, "hero_id": 64, "team": 0}, {"order": 10, "is_pick": false, "hero_id": 102, "team": 1}, {"order": 11, "is_pick": false, "hero_id": 68, "team": 0}, {"order": 12, "is_pick": true, "hero_id": 47, "team": 0}, {"order": 13, "is_pick": true, "hero_id": 84, "team": 1}, {"order": 14, "is_pick": true, "hero_id": 87, "team": 0}, {"order": 15, "is_pick": true, "hero_id": 93, "team": 1}, {"order": 16, "is_pick": false, "hero_id": 30, "team": 0}, {"order": 17, "is_pick": false, "hero_id": 67, "team": 1}, {"order": 18, "is_pick": true, "hero_id": 36, "team": 0}, {"order": 19, "is_pick": true, "hero_id": 79, "team": 1}], "dire_name": "4 Bunnies 1 Turtle.", "negative_votes": 0}