{"dire_captain": 86863190, "tower_status_radiant": 0, "flags": 0, "radiant_team_complete": 0, "game_mode": 2, "radiant_score": 0, "match_id": 1034474633, "lobby_name": "Practice", "dire_logo": 22838588353323265, "pre_game_duration": 0, "radiant_captain": 31818853, "radiant_name": "Sneaky Nyx Assassins", "match_seq_num": 926154609, "dire_team_complete": 0, "start_time": 1416364752, "radiant_win": false, "positive_votes": 218, "leagueid": 1709, "duration": 4054, "dire_score": 0, "lobby_type": 1, "cluster": 123, "engine": 0, "barracks_status_dire": 51, "barracks_status_radiant": 0, "cluster_name": "US East", "first_blood_time": 89, "radiant_team_id": 1453020, "radiant_logo": 3281180234046031347, "human_players": 10, "game_mode_name": "Captains Mode", "tower_status_dire": 1926, "players": [{"item_2": 108, "assists": 14, "leaver_status": 0, "item_1": 119, "item_0": 110, "item_0_name": "Refresher Orb", "leaver_status_description": "finished match, no abandon", "level": 25, "player_slot": 0, "leaver_status_name": "NONE", "hero_id": 15, "last_hits": 483, "kills": 15, "account_id": 31818853, "item_3_name": "Boots of Travel", "item_4": 139, "item_3": 48, "item_4_name": "Butterfly", "item_5": 116, "xp_per_min": 482, "item_5_name": "Black King Bar", "hero_name": "Razor", "gold_per_min": 610, "deaths": 10, "denies": 27, "item_2_name": "Aghanim's Scepter", "item_1_name": "Shiva's Guard"}, {"item_2": 166, "assists": 14, "leaver_status": 0, "item_1": 108, "item_0": 102, "item_0_name": "Force Staff", "leaver_status_description": "finished match, no abandon", "level": 25, "player_slot": 1, "leaver_status_name": "NONE", "hero_id": 68, "last_hits": 232, "kills": 8, "account_id": 21604967, "item_3_name": "Tranquil Boots", "item_4": 65, "item_3": 214, "item_4_name": "Hand of Midas", "item_5": 176, "xp_per_min": 479, "item_5_name": "Ethereal Blade", "hero_name": "Ancient Apparition", "gold_per_min": 376, "deaths": 6, "denies": 7, "item_2_name": "Maelstrom", "item_1_name": "Aghanim's Scepter"}, {"item_2": 102, "assists": 15, "leaver_status": 0, "item_1": 210, "item_0": 63, "item_0_name": "Power Treads", "leaver_status_description": "finished match, no abandon", "level": 25, "player_slot": 2, "leaver_status_name": "NONE", "hero_id": 71, "last_hits": 140, "kills": 5, "account_id": 86715129, "item_3_name": "Vladmir's Offering", "item_4": 37, "item_3": 81, "item_4_name": "Ghost Scepter", "item_5": 0, "xp_per_min": 485, "hero_name": "Spirit Breaker", "gold_per_min": 299, "deaths": 12, "denies": 1, "item_2_name": "Force Staff", "item_1_name": "Heaven's Halberd"}, {"item_2": 166, "assists": 20, "leaver_status": 0, "item_1": 176, "item_0": 102, "item_0_name": "Force Staff", "leaver_status_description": "finished match, no abandon", "level": 24, "player_slot": 3, "leaver_status_name": "NONE", "hero_id": 31, "last_hits": 114, "kills": 6, "account_id": 41470731, "item_3_name": "Boots of Speed", "item_4": 42, "item_3": 29, "item_4_name": "Observer Ward", "item_5": 188, "xp_per_min": 469, "item_5_name": "Smoke of Deceit", "hero_name": "Lich", "gold_per_min": 293, "deaths": 7, "denies": 3, "item_2_name": "Maelstrom", "item_1_name": "Ethereal Blade"}, {"item_2": 135, "assists": 18, "leaver_status": 0, "item_1": 166, "item_0": 116, "item_0_name": "Black King Bar", "leaver_status_description": "finished match, no abandon", "level": 25, "player_slot": 4, "leaver_status_name": "NONE", "hero_id": 41, "last_hits": 360, "kills": 11, "account_id": 67601693, "item_3_name": "Mask of Madness", "item_4": 63, "item_3": 172, "item_4_name": "Power Treads", "item_5": 110, "xp_per_min": 485, "item_5_name": "Refresher Orb", "hero_name": "Faceless Void", "gold_per_min": 471, "deaths": 8, "denies": 21, "item_2_name": "Monkey King Bar", "item_1_name": "Maelstrom"}, {"item_2": 36, "assists": 11, "leaver_status": 0, "item_1": 63, "item_0": 187, "item_0_name": "Medallion of Courage", "leaver_status_description": "finished match, no abandon", "level": 23, "player_slot": 128, "leaver_status_name": "NONE", "hero_id": 9, "last_hits": 94, "kills": 6, "account_id": 86863190, "item_3_name": "Necronomicon", "item_4": 112, "item_3": 194, "item_4_name": "Assault Cuirass", "item_5": 92, "xp_per_min": 420, "item_5_name": "Urn of Shadows", "hero_name": "Mirana", "gold_per_min": 295, "deaths": 8, "denies": 1, "item_2_name": "Magic Wand", "item_1_name": "Power Treads"}, {"item_2": 102, "assists": 21, "leaver_status": 0, "item_1": 96, "item_0": 214, "item_0_name": "Tranquil Boots", "leaver_status_description": "finished match, no abandon", "level": 24, "player_slot": 129, "leaver_status_name": "NONE", "hero_id": 103, "last_hits": 133, "kills": 3, "account_id": 86919603, "item_4": 65, "item_3": 0, "item_4_name": "Hand of Midas", "item_5": 37, "xp_per_min": 464, "item_5_name": "Ghost Scepter", "hero_name": "Elder Titan", "gold_per_min": 334, "deaths": 6, "denies": 3, "item_2_name": "Force Staff", "item_1_name": "Scythe of Vyse"}, {"item_2": 48, "assists": 12, "leaver_status": 0, "item_1": 116, "item_0": 119, "item_0_name": "Shiva's Guard", "leaver_status_description": "finished match, no abandon", "level": 25, "player_slot": 130, "leaver_status_name": "NONE", "hero_id": 43, "last_hits": 388, "kills": 11, "account_id": 84853828, "item_3_name": "Heart of Tarrasque", "item_4": 33, "item_3": 114, "item_4_name": "Cheese", "item_5": 100, "xp_per_min": 492, "item_5_name": "Eul's Scepter of Divinity", "hero_name": "Death Prophet", "gold_per_min": 510, "deaths": 12, "denies": 4, "item_2_name": "Boots of Travel", "item_1_name": "Black King Bar"}, {"item_2": 48, "assists": 10, "leaver_status": 0, "item_1": 208, "item_0": 145, "item_0_name": "Battle Fury", "leaver_status_description": "finished match, no abandon", "level": 25, "player_slot": 131, "leaver_status_name": "NONE", "hero_id": 44, "last_hits": 468, "kills": 16, "account_id": 85937380, "item_3_name": "Black King Bar", "item_4": 156, "item_3": 116, "item_4_name": "Satanic", "item_5": 160, "xp_per_min": 480, "item_5_name": "Eye of Skadi", "hero_name": "Phantom Assassin", "gold_per_min": 618, "deaths": 5, "denies": 14, "item_2_name": "Boots of Travel", "item_1_name": "Abyssal Blade"}, {"item_2": 48, "assists": 15, "leaver_status": 0, "item_1": 127, "item_0": 1, "item_0_name": "Blink Dagger", "leaver_status_description": "finished match, no abandon", "level": 25, "player_slot": 132, "leaver_status_name": "NONE", "hero_id": 104, "last_hits": 178, "kills": 6, "account_id": 102304762, "item_3_name": "Black King Bar", "item_4": 41, "item_3": 116, "item_4_name": "Bottle", "item_5": 0, "xp_per_min": 481, "hero_name": "Legion Commander", "gold_per_min": 346, "deaths": 14, "denies": 2, "item_2_name": "Boots of Travel", "item_1_name": "Blade Mail"}], "dire_team_id": 67, "picks_bans": [{"order": 0, "is_pick": false, "hero_id": 84, "team": 0}, {"order": 1, "is_pick": false, "hero_id": 77, "team": 1}, {"order": 2, "is_pick": false, "hero_id": 29, "team": 0}, {"order": 3, "is_pick": false, "hero_id": 78, "team": 1}, {"order": 4, "is_pick": true, "hero_id": 15, "team": 0}, {"order": 5, "is_pick": true, "hero_id": 103, "team": 1}, {"order": 6, "is_pick": true, "hero_id": 43, "team": 1}, {"order": 7, "is_pick": true, "hero_id": 41, "team": 0}, {"order": 8, "is_pick": false, "hero_id": 64, "team": 0}, {"order": 9, "is_pick": false, "hero_id": 101, "team": 1}, {"order": 10, "is_pick": false, "hero_id": 89, "team": 0}, {"order": 11, "is_pick": false, "hero_id": 20, "team": 1}, {"order": 12, "is_pick": true, "hero_id": 9, "team": 1}, {"order": 13, "is_pick": true, "hero_id": 68, "team": 0}, {"order": 14, "is_pick": true, "hero_id": 44, "team": 1}, {"order": 15, "is_pick": true, "hero_id": 31, "team": 0}, {"order": 16, "is_pick": false, "hero_id": 93, "team": 1}, {"order": 17, "is_pick": false, "hero_id": 65, "team": 0}, {"order": 18, "is_pick": true, "hero_id": 104, "team": 1}, {"order": 19, "is_pick": true, "hero_id": 71, "team": 0}], "dire_name": "paiN Gaming", "negative_votes": 32}