{"dire_captain": 61284613, "tower_status_radiant": 32, "flags": 0, "radiant_team_complete": 1, "game_mode": 2, "radiant_score": 0, "match_id": 1040214599, "lobby_name": "Practice", "dire_logo": 392172445572106046, "pre_game_duration": 0, "radiant_captain": 30237211, "radiant_name": "TEAMERINO TINKERINO", "match_seq_num": 931363329, "dire_team_complete": 0, "start_time": 1416593097, "radiant_win": false, "positive_votes": 49, "leagueid": 2190, "duration": 2819, "dire_score": 0, "lobby_type": 1, "cluster": 182, "engine": 0, "barracks_status_dire": 60, "barracks_status_radiant": 15, "cluster_name": "Russia", "first_blood_time": 512, "radiant_team_id": 1820360, "radiant_logo": 535126847986722461, "human_players": 10, "game_mode_name": "Captains Mode", "tower_status_dire": 1968, "players": [{"item_2": 215, "assists": 4, "leaver_status": 0, "item_1": 29, "item_0": 46, "item_0_name": "Town Portal Scroll", "leaver_status_description": "finished match, no abandon", "level": 13, "player_slot": 0, "leaver_status_name": "NONE", "hero_id": 30, "last_hits": 84, "kills": 2, "account_id": 30237211, "item_3_name": "Aghanim's Scepter", "item_4": 16, "item_3": 108, "item_4_name": "Iron Branch", "item_5": 0, "xp_per_min": 210, "hero_name": "Witch Doctor", "gold_per_min": 224, "deaths": 8, "denies": 4, "item_2_name": "Shadow Amulet", "item_1_name": "Boots of Speed"}, {"item_2": 46, "assists": 7, "leaver_status": 0, "item_1": 100, "item_0": 1, "item_0_name": "Blink Dagger", "leaver_status_description": "finished match, no abandon", "level": 19, "player_slot": 1, "leaver_status_name": "NONE", "hero_id": 22, "last_hits": 215, "kills": 2, "account_id": 86738694, "item_3_name": "Bottle", "item_4": 108, "item_3": 41, "item_4_name": "Aghanim's Scepter", "item_5": 180, "xp_per_min": 425, "item_5_name": "Arcane Boots", "hero_name": "Zeus", "gold_per_min": 341, "deaths": 4, "denies": 13, "item_2_name": "Town Portal Scroll", "item_1_name": "Eul's Scepter of Divinity"}, {"item_2": 102, "assists": 5, "leaver_status": 0, "item_1": 180, "item_0": 1, "item_0_name": "Blink Dagger", "leaver_status_description": "finished match, no abandon", "level": 17, "player_slot": 2, "leaver_status_name": "NONE", "hero_id": 29, "last_hits": 181, "kills": 2, "account_id": 19757254, "item_4": 110, "item_3": 0, "item_4_name": "Refresher Orb", "item_5": 37, "xp_per_min": 335, "item_5_name": "Ghost Scepter", "hero_name": "Tidehunter", "gold_per_min": 327, "deaths": 3, "denies": 3, "item_2_name": "Force Staff", "item_1_name": "Arcane Boots"}, {"item_2": 0, "assists": 3, "leaver_status": 0, "item_1": 0, "item_0": 180, "item_0_name": "Arcane Boots", "leaver_status_description": "finished match, no abandon", "level": 13, "player_slot": 3, "leaver_status_name": "NONE", "hero_id": 86, "last_hits": 72, "kills": 1, "account_id": 3916428, "item_3_name": "Magic Wand", "item_4": 102, "item_3": 36, "item_4_name": "Force Staff", "item_5": 37, "xp_per_min": 212, "item_5_name": "Ghost Scepter", "hero_name": "Rubick", "gold_per_min": 209, "deaths": 10, "denies": 1}, {"item_2": 65, "assists": 3, "leaver_status": 0, "item_1": 160, "item_0": 135, "item_0_name": "Monkey King Bar", "leaver_status_description": "finished match, no abandon", "level": 24, "player_slot": 4, "leaver_status_name": "NONE", "hero_id": 93, "last_hits": 310, "kills": 5, "account_id": 87285329, "item_3_name": "Blink Dagger", "item_4": 139, "item_3": 1, "item_4_name": "Butterfly", "item_5": 63, "xp_per_min": 671, "item_5_name": "Power Treads", "hero_name": "Slark", "gold_per_min": 546, "deaths": 3, "denies": 3, "item_2_name": "Hand of Midas", "item_1_name": "Eye of Skadi"}, {"item_2": 139, "assists": 5, "leaver_status": 0, "item_1": 147, "item_0": 1, "item_0_name": "Blink Dagger", "leaver_status_description": "finished match, no abandon", "level": 25, "player_slot": 128, "leaver_status_name": "NONE", "hero_id": 6, "last_hits": 326, "kills": 14, "account_id": 101495620, "item_3_name": "Boots of Travel", "item_4": 117, "item_3": 48, "item_4_name": "Aegis of the Immortal", "item_5": 116, "xp_per_min": 689, "item_5_name": "Black King Bar", "hero_name": "Drow Ranger", "gold_per_min": 667, "deaths": 0, "denies": 11, "item_2_name": "Butterfly", "item_1_name": "Manta Style"}, {"item_2": 96, "assists": 13, "leaver_status": 0, "item_1": 50, "item_0": 46, "item_0_name": "Town Portal Scroll", "leaver_status_description": "finished match, no abandon", "level": 23, "player_slot": 129, "leaver_status_name": "NONE", "hero_id": 13, "last_hits": 217, "kills": 12, "account_id": 97590558, "item_3_name": "Blink Dagger", "item_4": 100, "item_3": 1, "item_4_name": "Eul's Scepter of Divinity", "item_5": 116, "xp_per_min": 627, "item_5_name": "Black King Bar", "hero_name": "Puck", "gold_per_min": 537, "deaths": 2, "denies": 22, "item_2_name": "Scythe of Vyse", "item_1_name": "Phase Boots"}, {"item_2": 30, "assists": 4, "leaver_status": 0, "item_1": 214, "item_0": 46, "item_0_name": "Town Portal Scroll", "leaver_status_description": "finished match, no abandon", "level": 16, "player_slot": 130, "leaver_status_name": "NONE", "hero_id": 50, "last_hits": 38, "kills": 0, "account_id": 41288955, "item_3_name": "Medallion of Courage", "item_4": 0, "item_3": 187, "item_5": 21, "xp_per_min": 321, "item_5_name": "Ogre Club", "hero_name": "Dazzle", "gold_per_min": 227, "deaths": 2, "denies": 2, "item_2_name": "Gem of True Sight", "item_1_name": "Tranquil Boots"}, {"item_2": 46, "assists": 4, "leaver_status": 0, "item_1": 210, "item_0": 92, "item_0_name": "Urn of Shadows", "leaver_status_description": "finished match, no abandon", "level": 18, "player_slot": 131, "leaver_status_name": "NONE", "hero_id": 20, "last_hits": 114, "kills": 1, "account_id": 61284613, "item_3_name": "Power Treads", "item_4": 65, "item_3": 63, "item_4_name": "Hand of Midas", "item_5": 21, "xp_per_min": 386, "item_5_name": "Ogre Club", "hero_name": "Vengeful Spirit", "gold_per_min": 331, "deaths": 4, "denies": 12, "item_2_name": "Town Portal Scroll", "item_1_name": "Heaven's Halberd"}, {"item_2": 63, "assists": 14, "leaver_status": 0, "item_1": 79, "item_0": 108, "item_0_name": "Aghanim's Scepter", "leaver_status_description": "finished match, no abandon", "level": 20, "player_slot": 132, "leaver_status_name": "NONE", "hero_id": 47, "last_hits": 213, "kills": 1, "account_id": 21265941, "item_3_name": "Black King Bar", "item_4": 33, "item_3": 116, "item_4_name": "Cheese", "item_5": 46, "xp_per_min": 451, "item_5_name": "Town Portal Scroll", "hero_name": "Viper", "gold_per_min": 417, "deaths": 4, "denies": 17, "item_2_name": "Power Treads", "item_1_name": "Mekansm"}], "dire_team_id": 111474, "picks_bans": [{"order": 0, "is_pick": false, "hero_id": 104, "team": 1}, {"order": 1, "is_pick": false, "hero_id": 78, "team": 0}, {"order": 2, "is_pick": false, "hero_id": 103, "team": 1}, {"order": 3, "is_pick": false, "hero_id": 84, "team": 0}, {"order": 4, "is_pick": true, "hero_id": 20, "team": 1}, {"order": 5, "is_pick": true, "hero_id": 29, "team": 0}, {"order": 6, "is_pick": true, "hero_id": 93, "team": 0}, {"order": 7, "is_pick": true, "hero_id": 6, "team": 1}, {"order": 8, "is_pick": false, "hero_id": 101, "team": 1}, {"order": 9, "is_pick": false, "hero_id": 92, "team": 0}, {"order": 10, "is_pick": false, "hero_id": 91, "team": 1}, {"order": 11, "is_pick": false, "hero_id": 74, "team": 0}, {"order": 12, "is_pick": true, "hero_id": 30, "team": 0}, {"order": 13, "is_pick": true, "hero_id": 13, "team": 1}, {"order": 14, "is_pick": true, "hero_id": 86, "team": 0}, {"order": 15, "is_pick": true, "hero_id": 50, "team": 1}, {"order": 16, "is_pick": false, "hero_id": 15, "team": 0}, {"order": 17, "is_pick": false, "hero_id": 17, "team": 1}, {"order": 18, "is_pick": true, "hero_id": 22, "team": 0}, {"order": 19, "is_pick": true, "hero_id": 47, "team": 1}], "dire_name": "Alliance", "negative_votes": 3}