{"dire_captain": 26771994, "tower_status_radiant": 1854, "flags": 0, "radiant_team_complete": 0, "game_mode": 2, "radiant_score": 0, "match_id": 1053537720, "lobby_name": "Practice", "dire_logo": 383163745913440150, "pre_game_duration": 0, "radiant_captain": 94049589, "radiant_name": "Virtus.pro", "match_seq_num": 943475791, "dire_team_complete": 1, "start_time": 1417098180, "radiant_win": true, "positive_votes": 57, "leagueid": 2190, "duration": 2228, "dire_score": 0, "lobby_type": 1, "cluster": 183, "engine": 0, "barracks_status_dire": 0, "barracks_status_radiant": 63, "cluster_name": "Russia", "first_blood_time": 196, "radiant_team_id": 1883502, "radiant_logo": 642124127283031446, "human_players": 10, "game_mode_name": "Captains Mode", "tower_status_dire": 1536, "players": [{"item_2": 100, "assists": 18, "leaver_status": 0, "item_1": 0, "item_0": 37, "item_0_name": "Ghost Scepter", "leaver_status_description": "finished match, no abandon", "level": 16, "player_slot": 0, "leaver_status_name": "NONE", "hero_id": 103, "last_hits": 84, "kills": 1, "account_id": 94049589, "item_3_name": "Soul Ring", "item_4": 214, "item_3": 178, "item_4_name": "Tranquil Boots", "item_5": 0, "xp_per_min": 371, "hero_name": "Elder Titan", "gold_per_min": 291, "deaths": 5, "denies": 3, "item_2_name": "Eul's Scepter of Divinity"}, {"item_2": 123, "assists": 5, "leaver_status": 0, "item_1": 139, "item_0": 117, "item_0_name": "Aegis of the Immortal", "leaver_status_description": "finished match, no abandon", "level": 23, "player_slot": 1, "leaver_status_name": "NONE", "hero_id": 94, "last_hits": 383, "kills": 11, "account_id": 26316691, "item_3_name": "Eye of Skadi", "item_4": 63, "item_3": 160, "item_4_name": "Power Treads", "item_5": 135, "xp_per_min": 760, "item_5_name": "Monkey King Bar", "hero_name": "Medusa", "gold_per_min": 884, "deaths": 1, "denies": 22, "item_2_name": "Linken's Sphere", "item_1_name": "Butterfly"}, {"item_2": 108, "assists": 15, "leaver_status": 0, "item_1": 214, "item_0": 178, "item_0_name": "Soul Ring", "leaver_status_description": "finished match, no abandon", "level": 18, "player_slot": 2, "leaver_status_name": "NONE", "hero_id": 84, "last_hits": 66, "kills": 5, "account_id": 86802844, "item_3_name": "Blink Dagger", "item_4": 46, "item_3": 1, "item_4_name": "Town Portal Scroll", "item_5": 0, "xp_per_min": 461, "hero_name": "Ogre Magi", "gold_per_min": 311, "deaths": 2, "denies": 0, "item_2_name": "Aghanim's Scepter", "item_1_name": "Tranquil Boots"}, {"item_2": 46, "assists": 7, "leaver_status": 0, "item_1": 81, "item_0": 1, "item_0_name": "Blink Dagger", "leaver_status_description": "finished match, no abandon", "level": 22, "player_slot": 3, "leaver_status_name": "NONE", "hero_id": 78, "last_hits": 171, "kills": 12, "account_id": 94338967, "item_3_name": "Assault Cuirass", "item_4": 29, "item_3": 112, "item_4_name": "Boots of Speed", "item_5": 108, "xp_per_min": 723, "item_5_name": "Aghanim's Scepter", "hero_name": "Brewmaster", "gold_per_min": 516, "deaths": 0, "denies": 12, "item_2_name": "Town Portal Scroll", "item_1_name": "Vladmir's Offering"}, {"item_2": 0, "kills": 1, "leaver_status": 0, "account_id": 106809101, "item_1": 0, "item_4": 0, "item_0": 0, "item_3": 0, "denies": 3, "leaver_status_description": "finished match, no abandon", "xp_per_min": 285, "last_hits": 25, "hero_name": "Vengeful Spirit", "level": 14, "player_slot": 4, "gold_per_min": 211, "deaths": 6, "leaver_status_name": "NONE", "hero_id": 20, "assists": 10, "item_5": 0}, {"item_2": 180, "assists": 5, "leaver_status": 0, "item_1": 0, "item_0": 1, "item_0_name": "Blink Dagger", "leaver_status_description": "finished match, no abandon", "level": 11, "player_slot": 128, "leaver_status_name": "NONE", "hero_id": 7, "last_hits": 38, "kills": 1, "account_id": 26771994, "item_3_name": "Observer Ward", "item_4": 0, "item_3": 42, "item_5": 0, "xp_per_min": 172, "hero_name": "Earthshaker", "gold_per_min": 182, "deaths": 8, "denies": 0, "item_2_name": "Arcane Boots"}, {"item_2": 170, "assists": 4, "leaver_status": 0, "item_1": 116, "item_0": 143, "item_0_name": "Skull Basher", "leaver_status_description": "finished match, no abandon", "level": 19, "player_slot": 129, "leaver_status_name": "NONE", "hero_id": 44, "last_hits": 232, "kills": 6, "account_id": 72312627, "item_3_name": "Power Treads", "item_4": 9, "item_3": 63, "item_4_name": "Platemail", "item_5": 164, "xp_per_min": 542, "item_5_name": "Helm of the Dominator", "hero_name": "Phantom Assassin", "gold_per_min": 483, "deaths": 5, "denies": 19, "item_2_name": "Yasha", "item_1_name": "Black King Bar"}, {"item_2": 212, "assists": 3, "leaver_status": 0, "item_1": 108, "item_0": 63, "item_0_name": "Power Treads", "leaver_status_description": "finished match, no abandon", "level": 16, "player_slot": 130, "leaver_status_name": "NONE", "hero_id": 47, "last_hits": 163, "kills": 3, "account_id": 36864918, "item_3_name": "Town Portal Scroll", "item_4": 79, "item_3": 46, "item_4_name": "Mekansm", "item_5": 21, "xp_per_min": 397, "item_5_name": "Ogre Club", "hero_name": "Viper", "gold_per_min": 358, "deaths": 5, "denies": 28, "item_2_name": "Ring of Aquila", "item_1_name": "Aghanim's Scepter"}, {"item_2": 102, "assists": 2, "leaver_status": 0, "item_1": 182, "item_0": 214, "item_0_name": "Tranquil Boots", "leaver_status_description": "finished match, no abandon", "level": 15, "player_slot": 131, "leaver_status_name": "NONE", "hero_id": 96, "last_hits": 131, "kills": 1, "account_id": 8712306, "item_3_name": "Blink Dagger", "item_4": 131, "item_3": 1, "item_4_name": "Hood of Defiance", "item_5": 0, "xp_per_min": 331, "hero_name": "Centaur Warrunner", "gold_per_min": 274, "deaths": 7, "denies": 5, "item_2_name": "Force Staff", "item_1_name": "Stout Shield"}, {"item_2": 0, "assists": 5, "leaver_status": 0, "item_1": 65, "item_0": 43, "item_0_name": "Sentry Ward", "leaver_status_description": "finished match, no abandon", "level": 15, "player_slot": 132, "leaver_status_name": "NONE", "hero_id": 68, "last_hits": 83, "kills": 2, "account_id": 24009418, "item_3_name": "Boots of Speed", "item_4": 108, "item_3": 29, "item_4_name": "Aghanim's Scepter", "item_5": 0, "xp_per_min": 325, "hero_name": "Ancient Apparition", "gold_per_min": 273, "deaths": 6, "denies": 9, "item_1_name": "Hand of Midas"}], "dire_team_id": 1804536, "picks_bans": [{"order": 0, "is_pick": false, "hero_id": 13, "team": 1}, {"order": 1, "is_pick": false, "hero_id": 101, "team": 0}, {"order": 2, "is_pick": false, "hero_id": 41, "team": 1}, {"order": 3, "is_pick": false, "hero_id": 93, "team": 0}, {"order": 4, "is_pick": true, "hero_id": 47, "team": 1}, {"order": 5, "is_pick": true, "hero_id": 20, "team": 0}, {"order": 6, "is_pick": true, "hero_id": 78, "team": 0}, {"order": 7, "is_pick": true, "hero_id": 96, "team": 1}, {"order": 8, "is_pick": false, "hero_id": 29, "team": 1}, {"order": 9, "is_pick": false, "hero_id": 16, "team": 0}, {"order": 10, "is_pick": false, "hero_id": 31, "team": 1}, {"order": 11, "is_pick": false, "hero_id": 106, "team": 0}, {"order": 12, "is_pick": true, "hero_id": 103, "team": 0}, {"order": 13, "is_pick": true, "hero_id": 44, "team": 1}, {"order": 14, "is_pick": true, "hero_id": 94, "team": 0}, {"order": 15, "is_pick": true, "hero_id": 7, "team": 1}, {"order": 16, "is_pick": false, "hero_id": 30, "team": 0}, {"order": 17, "is_pick": false, "hero_id": 65, "team": 1}, {"order": 18, "is_pick": true, "hero_id": 84, "team": 0}, {"order": 19, "is_pick": true, "hero_id": 68, "team": 1}], "dire_name": "STARK.gg", "negative_votes": 4}