{"dire_captain": 87285329, "tower_status_radiant": 1846, "flags": 0, "radiant_team_complete": 1, "game_mode": 2, "radiant_score": 0, "match_id": 1053345724, "lobby_name": "Practice", "dire_logo": 535126847986722461, "pre_game_duration": 0, "radiant_captain": 36547811, "radiant_name": "Virtus.pro", "match_seq_num": 943292824, "dire_team_complete": 1, "start_time": 1417093310, "radiant_win": true, "positive_votes": 61, "leagueid": 2190, "duration": 2048, "dire_score": 0, "lobby_type": 1, "cluster": 182, "engine": 0, "barracks_status_dire": 60, "barracks_status_radiant": 63, "cluster_name": "Russia", "first_blood_time": 284, "radiant_team_id": 1883502, "radiant_logo": 642124127283031446, "human_players": 10, "game_mode_name": "Captains Mode", "tower_status_dire": 1952, "players": [{"item_2": 100, "assists": 10, "leaver_status": 0, "item_1": 77, "item_0": 77, "item_0_name": "Null Talisman", "leaver_status_description": "finished match, no abandon", "level": 13, "player_slot": 0, "leaver_status_name": "NONE", "hero_id": 101, "last_hits": 9, "kills": 6, "account_id": 36547811, "item_3_name": "Power Treads", "item_4": 46, "item_3": 63, "item_4_name": "Town Portal Scroll", "item_5": 43, "xp_per_min": 282, "item_5_name": "Sentry Ward", "hero_name": "Skywrath Mage", "gold_per_min": 253, "deaths": 6, "denies": 2, "item_2_name": "Eul's Scepter of Divinity", "item_1_name": "Null Talisman"}, {"item_2": 55, "assists": 10, "leaver_status": 0, "item_1": 46, "item_0": 63, "item_0_name": "Power Treads", "leaver_status_description": "finished match, no abandon", "level": 21, "player_slot": 1, "leaver_status_name": "NONE", "hero_id": 93, "last_hits": 179, "kills": 16, "account_id": 96196828, "item_3_name": "Eye of Skadi", "item_4": 1, "item_3": 160, "item_4_name": "Blink Dagger", "item_5": 143, "xp_per_min": 701, "item_5_name": "Skull Basher", "hero_name": "Slark", "gold_per_min": 633, "deaths": 2, "denies": 25, "item_2_name": "Hyperstone", "item_1_name": "Town Portal Scroll"}, {"item_2": 46, "assists": 14, "leaver_status": 0, "item_1": 98, "item_0": 24, "item_0_name": "Ultimate Orb", "leaver_status_description": "finished match, no abandon", "level": 18, "player_slot": 2, "leaver_status_name": "NONE", "hero_id": 17, "last_hits": 138, "kills": 7, "account_id": 87586992, "item_3_name": "Bottle", "item_4": 116, "item_3": 41, "item_4_name": "Black King Bar", "item_5": 63, "xp_per_min": 539, "item_5_name": "Power Treads", "hero_name": "Storm Spirit", "gold_per_min": 441, "deaths": 4, "denies": 7, "item_2_name": "Town Portal Scroll", "item_1_name": "Orchid Malevolence"}, {"item_2": 46, "assists": 16, "leaver_status": 0, "item_1": 36, "item_0": 1, "item_0_name": "Blink Dagger", "leaver_status_description": "finished match, no abandon", "level": 16, "player_slot": 3, "leaver_status_name": "NONE", "hero_id": 29, "last_hits": 96, "kills": 2, "account_id": 53178236, "item_3_name": "Hood of Defiance", "item_4": 0, "item_3": 131, "item_5": 180, "xp_per_min": 428, "item_5_name": "Arcane Boots", "hero_name": "Tidehunter", "gold_per_min": 328, "deaths": 5, "denies": 2, "item_2_name": "Town Portal Scroll", "item_1_name": "Magic Wand"}, {"item_2": 16, "assists": 3, "leaver_status": 0, "item_1": 34, "item_0": 46, "item_0_name": "Town Portal Scroll", "leaver_status_description": "finished match, no abandon", "level": 15, "player_slot": 4, "leaver_status_name": "NONE", "hero_id": 57, "last_hits": 23, "kills": 0, "account_id": 76600360, "item_3_name": "Blink Dagger", "item_4": 178, "item_3": 1, "item_4_name": "Soul Ring", "item_5": 180, "xp_per_min": 359, "item_5_name": "Arcane Boots", "hero_name": "Omniknight", "gold_per_min": 215, "deaths": 3, "denies": 1, "item_2_name": "Iron Branch", "item_1_name": "Magic Stick"}, {"item_2": 0, "assists": 6, "leaver_status": 0, "item_1": 36, "item_0": 63, "item_0_name": "Power Treads", "leaver_status_description": "finished match, no abandon", "level": 16, "player_slot": 128, "leaver_status_name": "NONE", "hero_id": 48, "last_hits": 148, "kills": 6, "account_id": 87285329, "item_3_name": "Black King Bar", "item_4": 185, "item_3": 116, "item_4_name": "Drum of Endurance", "item_5": 212, "xp_per_min": 436, "item_5_name": "Ring of Aquila", "hero_name": "Luna", "gold_per_min": 424, "deaths": 7, "denies": 15, "item_1_name": "Magic Wand"}, {"item_2": 46, "assists": 7, "leaver_status": 0, "item_1": 63, "item_0": 21, "item_0_name": "Ogre Club", "leaver_status_description": "finished match, no abandon", "level": 13, "player_slot": 129, "leaver_status_name": "NONE", "hero_id": 52, "last_hits": 69, "kills": 4, "account_id": 3916428, "item_3_name": "Magic Stick", "item_4": 92, "item_3": 34, "item_4_name": "Urn of Shadows", "item_5": 100, "xp_per_min": 287, "item_5_name": "Eul's Scepter of Divinity", "hero_name": "Leshrac", "gold_per_min": 266, "deaths": 8, "denies": 4, "item_2_name": "Town Portal Scroll", "item_1_name": "Power Treads"}, {"item_2": 0, "assists": 4, "leaver_status": 0, "item_1": 180, "item_0": 1, "item_0_name": "Blink Dagger", "leaver_status_description": "finished match, no abandon", "level": 16, "player_slot": 130, "leaver_status_name": "NONE", "hero_id": 78, "last_hits": 103, "kills": 2, "account_id": 19757254, "item_3_name": "Magic Stick", "item_4": 0, "item_3": 34, "item_5": 21, "xp_per_min": 404, "item_5_name": "Ogre Club", "hero_name": "Brewmaster", "gold_per_min": 304, "deaths": 7, "denies": 1, "item_1_name": "Arcane Boots"}, {"item_2": 43, "assists": 9, "leaver_status": 0, "item_1": 214, "item_0": 178, "item_0_name": "Soul Ring", "leaver_status_description": "finished match, no abandon", "level": 11, "player_slot": 131, "leaver_status_name": "NONE", "hero_id": 84, "last_hits": 10, "kills": 0, "account_id": 30237211, "item_3_name": "Town Portal Scroll", "item_4": 0, "item_3": 46, "item_5": 188, "xp_per_min": 205, "item_5_name": "Smoke of Deceit", "hero_name": "Ogre Magi", "gold_per_min": 161, "deaths": 5, "denies": 0, "item_2_name": "Sentry Ward", "item_1_name": "Tranquil Boots"}, {"item_2": 63, "assists": 3, "leaver_status": 3, "item_1": 36, "item_0": 98, "item_0_name": "Orchid Malevolence", "leaver_status_description": "player dc, clicked leave, abandon", "level": 19, "player_slot": 132, "leaver_status_name": "ABANDONED", "hero_id": 39, "last_hits": 218, "kills": 7, "account_id": 86738694, "item_3_name": "Black King Bar", "item_4": 24, "item_3": 116, "item_4_name": "Ultimate Orb", "item_5": 0, "xp_per_min": 584, "hero_name": "Queen of Pain", "gold_per_min": 505, "deaths": 5, "denies": 8, "item_2_name": "Power Treads", "item_1_name": "Magic Wand"}], "dire_team_id": 1820360, "picks_bans": [{"order": 0, "is_pick": false, "hero_id": 43, "team": 1}, {"order": 1, "is_pick": false, "hero_id": 103, "team": 0}, {"order": 2, "is_pick": false, "hero_id": 20, "team": 1}, {"order": 3, "is_pick": false, "hero_id": 13, "team": 0}, {"order": 4, "is_pick": true, "hero_id": 78, "team": 1}, {"order": 5, "is_pick": true, "hero_id": 101, "team": 0}, {"order": 6, "is_pick": true, "hero_id": 29, "team": 0}, {"order": 7, "is_pick": true, "hero_id": 84, "team": 1}, {"order": 8, "is_pick": false, "hero_id": 47, "team": 1}, {"order": 9, "is_pick": false, "hero_id": 104, "team": 0}, {"order": 10, "is_pick": false, "hero_id": 7, "team": 1}, {"order": 11, "is_pick": false, "hero_id": 41, "team": 0}, {"order": 12, "is_pick": true, "hero_id": 93, "team": 0}, {"order": 13, "is_pick": true, "hero_id": 48, "team": 1}, {"order": 14, "is_pick": true, "hero_id": 17, "team": 0}, {"order": 15, "is_pick": true, "hero_id": 52, "team": 1}, {"order": 16, "is_pick": false, "hero_id": 53, "team": 0}, {"order": 17, "is_pick": false, "hero_id": 16, "team": 1}, {"order": 18, "is_pick": true, "hero_id": 57, "team": 0}, {"order": 19, "is_pick": true, "hero_id": 39, "team": 1}], "dire_name": "TEAMERINO TINKERINO", "negative_votes": 7}