{"dire_captain": 86845752, "tower_status_radiant": 1972, "flags": 0, "lobby_type": 1, "cluster": 135, "game_mode_name": "Captains Mode", "dire_logo": 0, "engine": 0, "barracks_status_dire": 63, "barracks_status_radiant": 63, "cluster_name": "Europe West", "radiant_score": 0, "match_id": 1054126637, "lobby_name": "Practice", "dire_score": 0, "first_blood_time": 0, "human_players": 10, "pre_game_duration": 0, "radiant_captain": 141308387, "players": [{"item_2": 145, "assists": 8, "leaver_status": 0, "item_1": 147, "item_0": 63, "item_0_name": "Power Treads", "leaver_status_description": "finished match, no abandon", "level": 21, "player_slot": 0, "leaver_status_name": "NONE", "hero_id": 1, "last_hits": 283, "kills": 6, "account_id": 141308387, "item_3_name": "Vladmir's Offering", "item_4": 114, "item_3": 81, "item_4_name": "Heart of Tarrasque", "item_5": 46, "xp_per_min": 752, "item_5_name": "Town Portal Scroll", "hero_name": "Anti-Mage", "gold_per_min": 678, "deaths": 1, "denies": 15, "item_2_name": "Battle Fury", "item_1_name": "Manta Style"}, {"item_2": 116, "assists": 8, "leaver_status": 0, "item_1": 121, "item_0": 36, "item_0_name": "Magic Wand", "leaver_status_description": "finished match, no abandon", "level": 21, "player_slot": 1, "leaver_status_name": "NONE", "hero_id": 98, "last_hits": 225, "kills": 11, "account_id": 32335598, "item_3_name": "Boots of Travel", "item_4": 108, "item_3": 48, "item_4_name": "Aghanim's Scepter", "item_5": 0, "xp_per_min": 771, "hero_name": "Timbersaw", "gold_per_min": 596, "deaths": 5, "denies": 13, "item_2_name": "Black King Bar", "item_1_name": "Bloodstone"}, {"item_2": 168, "assists": 5, "leaver_status": 0, "item_1": 116, "item_0": 46, "item_0_name": "Town Portal Scroll", "leaver_status_description": "finished match, no abandon", "level": 19, "player_slot": 2, "leaver_status_name": "NONE", "hero_id": 46, "last_hits": 169, "kills": 9, "account_id": 90209651, "item_3_name": "Drum of Endurance", "item_4": 50, "item_3": 185, "item_4_name": "Phase Boots", "item_5": 170, "xp_per_min": 643, "item_5_name": "Yasha", "hero_name": "Templar Assassin", "gold_per_min": 526, "deaths": 1, "denies": 13, "item_2_name": "Desolator", "item_1_name": "Black King Bar"}, {"item_2": 188, "assists": 4, "leaver_status": 0, "item_1": 102, "item_0": 180, "item_0_name": "Arcane Boots", "leaver_status_description": "finished match, no abandon", "level": 11, "player_slot": 3, "leaver_status_name": "NONE", "hero_id": 84, "last_hits": 43, "kills": 1, "account_id": 93252442, "item_3_name": "Magic Wand", "item_4": 46, "item_3": 36, "item_4_name": "Town Portal Scroll", "item_5": 43, "xp_per_min": 214, "item_5_name": "Sentry Ward", "hero_name": "Ogre Magi", "gold_per_min": 211, "deaths": 4, "denies": 3, "item_2_name": "Smoke of Deceit", "item_1_name": "Force Staff"}, {"item_2": 214, "assists": 13, "leaver_status": 0, "item_1": 34, "item_0": 60, "item_0_name": "Point Booster", "leaver_status_description": "finished match, no abandon", "level": 11, "player_slot": 4, "leaver_status_name": "NONE", "hero_id": 68, "last_hits": 40, "kills": 0, "account_id": 166861247, "item_4": 65, "item_3": 0, "item_4_name": "Hand of Midas", "item_5": 0, "xp_per_min": 256, "hero_name": "Ancient Apparition", "gold_per_min": 232, "deaths": 4, "denies": 3, "item_2_name": "Tranquil Boots", "item_1_name": "Magic Stick"}, {"item_2": 46, "assists": 4, "leaver_status": 0, "item_1": 0, "item_0": 116, "item_0_name": "Black King Bar", "leaver_status_description": "finished match, no abandon", "level": 16, "player_slot": 128, "leaver_status_name": "NONE", "hero_id": 72, "last_hits": 160, "kills": 0, "account_id": 86845752, "item_3_name": "Phase Boots", "item_4": 164, "item_3": 50, "item_4_name": "Helm of the Dominator", "item_5": 212, "xp_per_min": 448, "item_5_name": "Ring of Aquila", "hero_name": "Gyrocopter", "gold_per_min": 386, "deaths": 6, "denies": 6, "item_2_name": "Town Portal Scroll"}, {"item_2": 100, "assists": 6, "leaver_status": 0, "item_1": 116, "item_0": 41, "item_0_name": "Bottle", "leaver_status_description": "finished match, no abandon", "level": 16, "player_slot": 129, "leaver_status_name": "NONE", "hero_id": 43, "last_hits": 116, "kills": 4, "account_id": 91741318, "item_3_name": "Phase Boots", "item_4": 46, "item_3": 50, "item_4_name": "Town Portal Scroll", "item_5": 185, "xp_per_min": 466, "item_5_name": "Drum of Endurance", "hero_name": "Death Prophet", "gold_per_min": 413, "deaths": 3, "denies": 11, "item_2_name": "Eul's Scepter of Divinity", "item_1_name": "Black King Bar"}, {"item_2": 79, "assists": 8, "leaver_status": 0, "item_1": 178, "item_0": 1, "item_0_name": "Blink Dagger", "leaver_status_description": "finished match, no abandon", "level": 15, "player_slot": 130, "leaver_status_name": "NONE", "hero_id": 33, "last_hits": 117, "kills": 2, "account_id": 97650749, "item_3_name": "Boots of Speed", "item_4": 24, "item_3": 29, "item_4_name": "Ultimate Orb", "item_5": 0, "xp_per_min": 396, "hero_name": "Enigma", "gold_per_min": 369, "deaths": 6, "denies": 5, "item_2_name": "Mekansm", "item_1_name": "Soul Ring"}, {"item_2": 24, "assists": 4, "leaver_status": 0, "item_1": 178, "item_0": 1, "item_0_name": "Blink Dagger", "leaver_status_description": "finished match, no abandon", "level": 13, "player_slot": 131, "leaver_status_name": "NONE", "hero_id": 55, "last_hits": 96, "kills": 5, "account_id": 86887653, "item_3_name": "Town Portal Scroll", "item_4": 29, "item_3": 46, "item_4_name": "Boots of Speed", "item_5": 131, "xp_per_min": 313, "item_5_name": "Hood of Defiance", "hero_name": "Dark Seer", "gold_per_min": 345, "deaths": 6, "denies": 1, "item_2_name": "Ultimate Orb", "item_1_name": "Soul Ring"}, {"item_2": 99, "assists": 5, "leaver_status": 0, "item_1": 0, "item_0": 0, "leaver_status_description": "finished match, no abandon", "level": 11, "player_slot": 132, "leaver_status_name": "NONE", "hero_id": 64, "last_hits": 21, "kills": 1, "account_id": 54211014, "item_3_name": "Sage's Mask", "item_4": 23, "item_3": 28, "item_4_name": "Staff of Wizardry", "item_5": 214, "xp_per_min": 249, "item_5_name": "Tranquil Boots", "hero_name": "Jakiro", "gold_per_min": 208, "deaths": 6, "denies": 3, "item_2_name": "Recipe: Eul's Scepter of Divinity"}], "tower_status_dire": 1796, "match_seq_num": 943991924, "dire_team_id": 1876303, "dire_team_complete": 0, "start_time": 1417115784, "picks_bans": [{"order": 0, "is_pick": false, "hero_id": 78, "team": 0}, {"order": 1, "is_pick": false, "hero_id": 77, "team": 1}, {"order": 2, "is_pick": false, "hero_id": 53, "team": 0}, {"order": 3, "is_pick": false, "hero_id": 47, "team": 1}, {"order": 4, "is_pick": true, "hero_id": 84, "team": 0}, {"order": 5, "is_pick": true, "hero_id": 64, "team": 1}, {"order": 6, "is_pick": true, "hero_id": 43, "team": 1}, {"order": 7, "is_pick": true, "hero_id": 68, "team": 0}, {"order": 8, "is_pick": false, "hero_id": 41, "team": 0}, {"order": 9, "is_pick": false, "hero_id": 69, "team": 1}, {"order": 10, "is_pick": false, "hero_id": 93, "team": 0}, {"order": 11, "is_pick": false, "hero_id": 29, "team": 1}, {"order": 12, "is_pick": true, "hero_id": 33, "team": 1}, {"order": 13, "is_pick": true, "hero_id": 46, "team": 0}, {"order": 14, "is_pick": true, "hero_id": 55, "team": 1}, {"order": 15, "is_pick": true, "hero_id": 98, "team": 0}, {"order": 16, "is_pick": false, "hero_id": 44, "team": 1}, {"order": 17, "is_pick": false, "hero_id": 94, "team": 0}, {"order": 18, "is_pick": true, "hero_id": 72, "team": 1}, {"order": 19, "is_pick": true, "hero_id": 1, "team": 0}], "radiant_win": true, "positive_votes": 0, "leagueid": 1273, "game_mode": 2, "dire_name": "AdrenalineRush-", "duration": 1907, "negative_votes": 0}