{"dire_captain": 43276219, "tower_status_radiant": 1975, "flags": 0, "radiant_team_complete": 1, "game_mode": 2, "radiant_score": 0, "match_id": 1059176753, "lobby_name": "Practice", "dire_logo": 613916634234800981, "pre_game_duration": 0, "radiant_captain": 86727555, "radiant_name": "Evil Geniuses", "match_seq_num": 948598761, "dire_team_complete": 1, "start_time": 1417294811, "radiant_win": true, "positive_votes": 115, "leagueid": 2190, "duration": 2524, "dire_score": 0, "lobby_type": 1, "cluster": 182, "engine": 0, "barracks_status_dire": 48, "barracks_status_radiant": 63, "cluster_name": "Russia", "first_blood_time": 172, "radiant_team_id": 39, "radiant_logo": 631980045785959337, "human_players": 10, "game_mode_name": "Captains Mode", "tower_status_dire": 1920, "players": [{"item_2": 108, "assists": 10, "leaver_status": 0, "item_1": 31, "item_0": 63, "item_0_name": "Power Treads", "leaver_status_description": "finished match, no abandon", "level": 16, "player_slot": 0, "leaver_status_name": "NONE", "hero_id": 30, "last_hits": 87, "kills": 2, "account_id": 86727555, "item_3_name": "Ogre Club", "item_4": 46, "item_3": 21, "item_4_name": "Town Portal Scroll", "item_5": 36, "xp_per_min": 330, "item_5_name": "Magic Wand", "hero_name": "Witch Doctor", "gold_per_min": 264, "deaths": 0, "denies": 4, "item_2_name": "Aghanim's Scepter", "item_1_name": "Cloak"}, {"item_2": 100, "assists": 11, "leaver_status": 0, "item_1": 63, "item_0": 123, "item_0_name": "Linken's Sphere", "leaver_status_description": "finished match, no abandon", "level": 18, "player_slot": 1, "leaver_status_name": "NONE", "hero_id": 13, "last_hits": 184, "kills": 2, "account_id": 87177591, "item_3_name": "Blink Dagger", "item_4": 46, "item_3": 1, "item_4_name": "Town Portal Scroll", "item_5": 0, "xp_per_min": 416, "hero_name": "Puck", "gold_per_min": 381, "deaths": 3, "denies": 15, "item_2_name": "Eul's Scepter of Divinity", "item_1_name": "Power Treads"}, {"item_2": 102, "assists": 11, "leaver_status": 0, "item_1": 214, "item_0": 90, "item_0_name": "Pipe of Insight", "leaver_status_description": "finished match, no abandon", "level": 17, "player_slot": 2, "leaver_status_name": "NONE", "hero_id": 103, "last_hits": 115, "kills": 7, "account_id": 87276347, "item_3_name": "Mekansm", "item_4": 178, "item_3": 79, "item_4_name": "Soul Ring", "item_5": 100, "xp_per_min": 363, "item_5_name": "Eul's Scepter of Divinity", "hero_name": "Elder Titan", "gold_per_min": 334, "deaths": 1, "denies": 5, "item_2_name": "Force Staff", "item_1_name": "Tranquil Boots"}, {"item_2": 185, "assists": 12, "leaver_status": 0, "item_1": 180, "item_0": 147, "item_0_name": "Manta Style", "leaver_status_description": "finished match, no abandon", "level": 18, "player_slot": 3, "leaver_status_name": "NONE", "hero_id": 89, "last_hits": 233, "kills": 7, "account_id": 73562326, "item_3_name": "Radiance", "item_4": 212, "item_3": 137, "item_4_name": "Ring of Aquila", "item_5": 174, "xp_per_min": 409, "item_5_name": "Diffusal Blade", "hero_name": "Naga Siren", "gold_per_min": 469, "deaths": 1, "denies": 0, "item_2_name": "Drum of Endurance", "item_1_name": "Arcane Boots"}, {"item_2": 98, "assists": 8, "leaver_status": 0, "item_1": 63, "item_0": 24, "item_0_name": "Ultimate Orb", "leaver_status_description": "finished match, no abandon", "level": 21, "player_slot": 4, "leaver_status_name": "NONE", "hero_id": 17, "last_hits": 273, "kills": 8, "account_id": 86745912, "item_3_name": "Scythe of Vyse", "item_4": 121, "item_3": 96, "item_4_name": "Bloodstone", "item_5": 46, "xp_per_min": 597, "item_5_name": "Town Portal Scroll", "hero_name": "Storm Spirit", "gold_per_min": 538, "deaths": 3, "denies": 1, "item_2_name": "Orchid Malevolence", "item_1_name": "Power Treads"}, {"item_2": 50, "assists": 7, "leaver_status": 0, "item_1": 71, "item_0": 147, "item_0_name": "Manta Style", "leaver_status_description": "finished match, no abandon", "level": 18, "player_slot": 128, "leaver_status_name": "NONE", "hero_id": 67, "last_hits": 248, "kills": 0, "account_id": 43276219, "item_3_name": "Bottle", "item_4": 137, "item_3": 41, "item_4_name": "Radiance", "item_5": 46, "xp_per_min": 428, "item_5_name": "Town Portal Scroll", "hero_name": "Spectre", "gold_per_min": 396, "deaths": 7, "denies": 4, "item_2_name": "Phase Boots", "item_1_name": "Poor Man's Shield"}, {"item_2": 63, "assists": 2, "leaver_status": 3, "item_1": 55, "item_0": 1, "item_0_name": "Blink Dagger", "leaver_status_description": "player dc, clicked leave, abandon", "level": 18, "player_slot": 129, "leaver_status_name": "ABANDONED", "hero_id": 78, "last_hits": 228, "kills": 3, "account_id": 86799300, "item_3_name": "Black King Bar", "item_4": 81, "item_3": 116, "item_4_name": "Vladmir's Offering", "item_5": 46, "xp_per_min": 428, "item_5_name": "Town Portal Scroll", "hero_name": "Brewmaster", "gold_per_min": 399, "deaths": 4, "denies": 2, "item_2_name": "Power Treads", "item_1_name": "Hyperstone"}, {"item_2": 46, "assists": 3, "leaver_status": 0, "item_1": 214, "item_0": 1, "item_0_name": "Blink Dagger", "leaver_status_description": "finished match, no abandon", "level": 11, "player_slot": 130, "leaver_status_name": "NONE", "hero_id": 26, "last_hits": 30, "kills": 0, "account_id": 6922000, "item_3_name": "Magic Stick", "item_4": 42, "item_3": 34, "item_4_name": "Observer Ward", "item_5": 0, "xp_per_min": 158, "hero_name": "Lion", "gold_per_min": 157, "deaths": 4, "denies": 2, "item_2_name": "Town Portal Scroll", "item_1_name": "Tranquil Boots"}, {"item_2": 178, "assists": 4, "leaver_status": 0, "item_1": 0, "item_0": 214, "item_0_name": "Tranquil Boots", "leaver_status_description": "finished match, no abandon", "level": 14, "player_slot": 131, "leaver_status_name": "NONE", "hero_id": 22, "last_hits": 64, "kills": 3, "account_id": 40547474, "item_3_name": "Magic Stick", "item_4": 1, "item_3": 34, "item_4_name": "Blink Dagger", "item_5": 100, "xp_per_min": 257, "item_5_name": "Eul's Scepter of Divinity", "hero_name": "Zeus", "gold_per_min": 223, "deaths": 5, "denies": 1, "item_2_name": "Soul Ring"}, {"item_2": 116, "assists": 3, "leaver_status": 3, "item_1": 11, "item_0": 1, "item_0_name": "Blink Dagger", "leaver_status_description": "player dc, clicked leave, abandon", "level": 15, "player_slot": 132, "leaver_status_name": "ABANDONED", "hero_id": 104, "last_hits": 124, "kills": 1, "account_id": 88719902, "item_3_name": "Power Treads", "item_4": 46, "item_3": 63, "item_4_name": "Town Portal Scroll", "item_5": 127, "xp_per_min": 286, "item_5_name": "Blade Mail", "hero_name": "Legion Commander", "gold_per_min": 270, "deaths": 6, "denies": 12, "item_2_name": "Black King Bar", "item_1_name": "Quelling Blade"}], "dire_team_id": 1333179, "picks_bans": [{"order": 0, "is_pick": false, "hero_id": 84, "team": 1}, {"order": 1, "is_pick": false, "hero_id": 20, "team": 0}, {"order": 2, "is_pick": false, "hero_id": 77, "team": 1}, {"order": 3, "is_pick": false, "hero_id": 109, "team": 0}, {"order": 4, "is_pick": true, "hero_id": 78, "team": 1}, {"order": 5, "is_pick": true, "hero_id": 103, "team": 0}, {"order": 6, "is_pick": true, "hero_id": 89, "team": 0}, {"order": 7, "is_pick": true, "hero_id": 22, "team": 1}, {"order": 8, "is_pick": false, "hero_id": 33, "team": 1}, {"order": 9, "is_pick": false, "hero_id": 65, "team": 0}, {"order": 10, "is_pick": false, "hero_id": 64, "team": 1}, {"order": 11, "is_pick": false, "hero_id": 93, "team": 0}, {"order": 12, "is_pick": true, "hero_id": 13, "team": 0}, {"order": 13, "is_pick": true, "hero_id": 104, "team": 1}, {"order": 14, "is_pick": true, "hero_id": 30, "team": 0}, {"order": 15, "is_pick": true, "hero_id": 26, "team": 1}, {"order": 16, "is_pick": false, "hero_id": 1, "team": 0}, {"order": 17, "is_pick": false, "hero_id": 29, "team": 1}, {"order": 18, "is_pick": true, "hero_id": 17, "team": 0}, {"order": 19, "is_pick": true, "hero_id": 67, "team": 1}], "dire_name": "Cloud9 G2A", "negative_votes": 5}