{"dire_captain": 8591574, "tower_status_radiant": 1796, "flags": 0, "radiant_team_complete": 0, "game_mode": 2, "radiant_score": 0, "match_id": 1071887960, "lobby_name": "Practice", "dire_logo": 544150955170346257, "pre_game_duration": 0, "radiant_captain": 49317728, "radiant_name": "compLexity Gaming", "match_seq_num": 960154602, "dire_team_complete": 0, "start_time": 1417813897, "radiant_win": false, "positive_votes": 1, "leagueid": 2126, "duration": 2291, "dire_score": 0, "lobby_type": 1, "cluster": 123, "engine": 0, "barracks_status_dire": 63, "barracks_status_radiant": 63, "cluster_name": "US East", "first_blood_time": 308, "radiant_team_id": 3, "radiant_logo": 494645350098604346, "human_players": 10, "game_mode_name": "Captains Mode", "tower_status_dire": 1844, "players": [{"item_2": 172, "assists": 0, "leaver_status": 1, "item_1": 63, "item_0": 212, "item_0_name": "Ring of Aquila", "leaver_status_description": "player DC, no abandon", "level": 18, "player_slot": 0, "leaver_status_name": "DISCONNECTED", "hero_id": 6, "last_hits": 235, "kills": 1, "account_id": 49317728, "item_4": 75, "item_3": 0, "item_4_name": "Wraith Band", "item_5": 154, "xp_per_min": 467, "item_5_name": "Sange and Yasha", "hero_name": "Drow Ranger", "gold_per_min": 441, "deaths": 10, "denies": 10, "item_2_name": "Mask of Madness", "item_1_name": "Power Treads"}, {"item_2": 100, "assists": 6, "leaver_status": 0, "item_1": 102, "item_0": 41, "item_0_name": "Bottle", "leaver_status_description": "finished match, no abandon", "level": 15, "player_slot": 1, "leaver_status_name": "NONE", "hero_id": 103, "last_hits": 120, "kills": 2, "account_id": 12231202, "item_4": 65, "item_3": 0, "item_4_name": "Hand of Midas", "item_5": 29, "xp_per_min": 327, "item_5_name": "Boots of Speed", "hero_name": "Elder Titan", "gold_per_min": 317, "deaths": 7, "denies": 5, "item_2_name": "Eul's Scepter of Divinity", "item_1_name": "Force Staff"}, {"item_2": 24, "assists": 6, "leaver_status": 0, "item_1": 63, "item_0": 1, "item_0_name": "Blink Dagger", "leaver_status_description": "finished match, no abandon", "level": 21, "player_slot": 2, "leaver_status_name": "NONE", "hero_id": 13, "last_hits": 208, "kills": 7, "account_id": 86043885, "item_3_name": "Aghanim's Scepter", "item_4": 100, "item_3": 108, "item_4_name": "Eul's Scepter of Divinity", "item_5": 46, "xp_per_min": 626, "item_5_name": "Town Portal Scroll", "hero_name": "Puck", "gold_per_min": 462, "deaths": 1, "denies": 20, "item_2_name": "Ultimate Orb", "item_1_name": "Power Treads"}, {"item_2": 50, "assists": 9, "leaver_status": 0, "item_1": 174, "item_0": 77, "item_0_name": "Null Talisman", "leaver_status_description": "finished match, no abandon", "level": 16, "player_slot": 3, "leaver_status_name": "NONE", "hero_id": 53, "last_hits": 206, "kills": 1, "account_id": 50828662, "item_3_name": "Null Talisman", "item_4": 21, "item_3": 77, "item_4_name": "Ogre Club", "item_5": 98, "xp_per_min": 391, "item_5_name": "Orchid Malevolence", "hero_name": "Nature's Prophet", "gold_per_min": 375, "deaths": 6, "denies": 1, "item_2_name": "Phase Boots", "item_1_name": "Diffusal Blade"}, {"item_2": 36, "assists": 5, "leaver_status": 0, "item_1": 187, "item_0": 102, "item_0_name": "Force Staff", "leaver_status_description": "finished match, no abandon", "level": 13, "player_slot": 4, "leaver_status_name": "NONE", "hero_id": 79, "last_hits": 87, "kills": 2, "account_id": 38628747, "item_3_name": "Tranquil Boots", "item_4": 40, "item_3": 214, "item_4_name": "Dust of Appearance", "item_5": 0, "xp_per_min": 264, "hero_name": "Shadow Demon", "gold_per_min": 251, "deaths": 9, "denies": 2, "item_2_name": "Magic Wand", "item_1_name": "Medallion of Courage"}, {"item_2": 188, "assists": 10, "leaver_status": 0, "item_1": 42, "item_0": 36, "item_0_name": "Magic Wand", "leaver_status_description": "finished match, no abandon", "level": 15, "player_slot": 128, "leaver_status_name": "NONE", "hero_id": 64, "last_hits": 38, "kills": 3, "account_id": 8591574, "item_3_name": "Tranquil Boots", "item_4": 46, "item_3": 214, "item_4_name": "Town Portal Scroll", "item_5": 77, "xp_per_min": 336, "item_5_name": "Null Talisman", "hero_name": "Jakiro", "gold_per_min": 231, "deaths": 6, "denies": 2, "item_2_name": "Smoke of Deceit", "item_1_name": "Observer Ward"}, {"item_2": 1, "assists": 16, "leaver_status": 0, "item_1": 81, "item_0": 180, "item_0_name": "Arcane Boots", "leaver_status_description": "finished match, no abandon", "level": 19, "player_slot": 129, "leaver_status_name": "NONE", "hero_id": 29, "last_hits": 136, "kills": 6, "account_id": 83625397, "item_3_name": "Force Staff", "item_4": 46, "item_3": 102, "item_4_name": "Town Portal Scroll", "item_5": 110, "xp_per_min": 512, "item_5_name": "Refresher Orb", "hero_name": "Tidehunter", "gold_per_min": 406, "deaths": 3, "denies": 0, "item_2_name": "Blink Dagger", "item_1_name": "Vladmir's Offering"}, {"item_2": 48, "assists": 9, "leaver_status": 0, "item_1": 168, "item_0": 170, "item_0_name": "Yasha", "leaver_status_description": "finished match, no abandon", "level": 24, "player_slot": 130, "leaver_status_name": "NONE", "hero_id": 46, "last_hits": 316, "kills": 9, "account_id": 74040691, "item_3_name": "Blink Dagger", "item_4": 185, "item_3": 1, "item_4_name": "Drum of Endurance", "item_5": 139, "xp_per_min": 847, "item_5_name": "Butterfly", "hero_name": "Templar Assassin", "gold_per_min": 664, "deaths": 0, "denies": 24, "item_2_name": "Boots of Travel", "item_1_name": "Desolator"}, {"item_2": 50, "assists": 16, "leaver_status": 0, "item_1": 147, "item_0": 137, "item_0_name": "Radiance", "leaver_status_description": "finished match, no abandon", "level": 22, "player_slot": 131, "leaver_status_name": "NONE", "hero_id": 67, "last_hits": 253, "kills": 11, "account_id": 84105632, "item_3_name": "Urn of Shadows", "item_4": 114, "item_3": 92, "item_4_name": "Heart of Tarrasque", "item_5": 0, "xp_per_min": 708, "hero_name": "Spectre", "gold_per_min": 566, "deaths": 2, "denies": 12, "item_2_name": "Phase Boots", "item_1_name": "Manta Style"}, {"item_2": 29, "assists": 4, "leaver_status": 0, "item_1": 30, "item_0": 102, "item_0_name": "Force Staff", "leaver_status_description": "finished match, no abandon", "level": 16, "player_slot": 132, "leaver_status_name": "NONE", "hero_id": 57, "last_hits": 70, "kills": 3, "account_id": 58134384, "item_3_name": "Magic Wand", "item_4": 41, "item_3": 36, "item_4_name": "Bottle", "item_5": 108, "xp_per_min": 355, "item_5_name": "Aghanim's Scepter", "hero_name": "Omniknight", "gold_per_min": 272, "deaths": 3, "denies": 6, "item_2_name": "Boots of Speed", "item_1_name": "Gem of True Sight"}], "dire_team_id": 1905619, "picks_bans": [{"order": 0, "is_pick": false, "hero_id": 41, "team": 1}, {"order": 1, "is_pick": false, "hero_id": 78, "team": 0}, {"order": 2, "is_pick": false, "hero_id": 84, "team": 1}, {"order": 3, "is_pick": false, "hero_id": 77, "team": 0}, {"order": 4, "is_pick": true, "hero_id": 64, "team": 1}, {"order": 5, "is_pick": true, "hero_id": 103, "team": 0}, {"order": 6, "is_pick": true, "hero_id": 13, "team": 0}, {"order": 7, "is_pick": true, "hero_id": 57, "team": 1}, {"order": 8, "is_pick": false, "hero_id": 106, "team": 1}, {"order": 9, "is_pick": false, "hero_id": 44, "team": 0}, {"order": 10, "is_pick": false, "hero_id": 17, "team": 1}, {"order": 11, "is_pick": false, "hero_id": 11, "team": 0}, {"order": 12, "is_pick": true, "hero_id": 53, "team": 0}, {"order": 13, "is_pick": true, "hero_id": 29, "team": 1}, {"order": 14, "is_pick": true, "hero_id": 79, "team": 0}, {"order": 15, "is_pick": true, "hero_id": 67, "team": 1}, {"order": 16, "is_pick": false, "hero_id": 65, "team": 0}, {"order": 17, "is_pick": false, "hero_id": 52, "team": 1}, {"order": 18, "is_pick": true, "hero_id": 6, "team": 0}, {"order": 19, "is_pick": true, "hero_id": 46, "team": 1}], "dire_name": "Wheel Whreck While Whistling", "negative_votes": 0}