{"dire_captain": 31456357, "tower_status_radiant": 1847, "flags": 0, "radiant_team_complete": 1, "game_mode": 2, "radiant_score": 0, "match_id": 1074155297, "lobby_name": "Practice", "dire_logo": 53246768131873332, "pre_game_duration": 0, "radiant_captain": 99804007, "radiant_name": "Balkan Bears Corleone", "match_seq_num": 962226236, "dire_team_complete": 1, "start_time": 1417889393, "radiant_win": true, "positive_votes": 2, "leagueid": 2044, "duration": 1952, "dire_score": 0, "lobby_type": 1, "cluster": 132, "engine": 0, "barracks_status_dire": 63, "barracks_status_radiant": 63, "cluster_name": "Europe West", "first_blood_time": 229, "radiant_team_id": 1589592, "radiant_logo": 469811338474849833, "human_players": 10, "game_mode_name": "Captains Mode", "tower_status_dire": 1924, "players": [{"item_2": 139, "assists": 6, "leaver_status": 0, "item_1": 178, "item_0": 116, "item_0_name": "Black King Bar", "leaver_status_description": "finished match, no abandon", "level": 21, "player_slot": 0, "leaver_status_name": "NONE", "hero_id": 61, "last_hits": 144, "kills": 18, "account_id": 99804007, "item_3_name": "Power Treads", "item_4": 30, "item_3": 63, "item_4_name": "Gem of True Sight", "item_5": 212, "xp_per_min": 758, "item_5_name": "Ring of Aquila", "hero_name": "Broodmother", "gold_per_min": 580, "deaths": 5, "denies": 3, "item_2_name": "Butterfly", "item_1_name": "Soul Ring"}, {"item_2": 34, "assists": 9, "leaver_status": 0, "item_1": 90, "item_0": 46, "item_0_name": "Town Portal Scroll", "leaver_status_description": "finished match, no abandon", "level": 16, "player_slot": 1, "leaver_status_name": "NONE", "hero_id": 29, "last_hits": 73, "kills": 4, "account_id": 34726097, "item_3_name": "Blink Dagger", "item_4": 23, "item_3": 1, "item_4_name": "Staff of Wizardry", "item_5": 180, "xp_per_min": 436, "item_5_name": "Arcane Boots", "hero_name": "Tidehunter", "gold_per_min": 332, "deaths": 2, "denies": 0, "item_2_name": "Magic Stick", "item_1_name": "Pipe of Insight"}, {"item_2": 0, "assists": 11, "leaver_status": 0, "item_1": 127, "item_0": 46, "item_0_name": "Town Portal Scroll", "leaver_status_description": "finished match, no abandon", "level": 16, "player_slot": 2, "leaver_status_name": "NONE", "hero_id": 42, "last_hits": 73, "kills": 2, "account_id": 11473065, "item_3_name": "Magic Stick", "item_4": 1, "item_3": 34, "item_4_name": "Blink Dagger", "item_5": 63, "xp_per_min": 418, "item_5_name": "Power Treads", "hero_name": "Wraith King", "gold_per_min": 315, "deaths": 8, "denies": 1, "item_1_name": "Blade Mail"}, {"item_2": 65, "assists": 7, "leaver_status": 0, "item_1": 112, "item_0": 116, "item_0_name": "Black King Bar", "leaver_status_description": "finished match, no abandon", "level": 21, "player_slot": 3, "leaver_status_name": "NONE", "hero_id": 46, "last_hits": 247, "kills": 8, "account_id": 86700461, "item_3_name": "Power Treads", "item_4": 168, "item_3": 63, "item_4_name": "Desolator", "item_5": 170, "xp_per_min": 761, "item_5_name": "Yasha", "hero_name": "Templar Assassin", "gold_per_min": 692, "deaths": 4, "denies": 17, "item_2_name": "Hand of Midas", "item_1_name": "Assault Cuirass"}, {"item_2": 34, "assists": 20, "leaver_status": 0, "item_1": 92, "item_0": 180, "item_0_name": "Arcane Boots", "leaver_status_description": "finished match, no abandon", "level": 15, "player_slot": 4, "leaver_status_name": "NONE", "hero_id": 87, "last_hits": 36, "kills": 2, "account_id": 66988931, "item_3_name": "Smoke of Deceit", "item_4": 46, "item_3": 188, "item_4_name": "Town Portal Scroll", "item_5": 60, "xp_per_min": 394, "item_5_name": "Point Booster", "hero_name": "Disruptor", "gold_per_min": 247, "deaths": 7, "denies": 4, "item_2_name": "Magic Stick", "item_1_name": "Urn of Shadows"}, {"item_2": 0, "assists": 8, "leaver_status": 0, "item_1": 0, "item_0": 0, "leaver_status_description": "finished match, no abandon", "level": 14, "player_slot": 128, "leaver_status_name": "NONE", "hero_id": 64, "last_hits": 98, "kills": 2, "account_id": 31456357, "item_3_name": "Tranquil Boots", "item_4": 36, "item_3": 214, "item_4_name": "Magic Wand", "item_5": 100, "xp_per_min": 364, "item_5_name": "Eul's Scepter of Divinity", "hero_name": "Jakiro", "gold_per_min": 290, "deaths": 11, "denies": 5}, {"item_2": 36, "assists": 6, "leaver_status": 0, "item_1": 1, "item_0": 63, "item_0_name": "Power Treads", "leaver_status_description": "finished match, no abandon", "level": 17, "player_slot": 129, "leaver_status_name": "NONE", "hero_id": 13, "last_hits": 116, "kills": 7, "account_id": 34505203, "item_3_name": "Eul's Scepter of Divinity", "item_4": 0, "item_3": 100, "item_5": 24, "xp_per_min": 483, "item_5_name": "Ultimate Orb", "hero_name": "Puck", "gold_per_min": 386, "deaths": 3, "denies": 2, "item_2_name": "Magic Wand", "item_1_name": "Blink Dagger"}, {"item_2": 0, "assists": 10, "leaver_status": 0, "item_1": 46, "item_0": 188, "item_0_name": "Smoke of Deceit", "leaver_status_description": "finished match, no abandon", "level": 13, "player_slot": 130, "leaver_status_name": "NONE", "hero_id": 86, "last_hits": 45, "kills": 3, "account_id": 140746, "item_3_name": "Arcane Boots", "item_4": 42, "item_3": 180, "item_4_name": "Observer Ward", "item_5": 36, "xp_per_min": 283, "item_5_name": "Magic Wand", "hero_name": "Rubick", "gold_per_min": 233, "deaths": 8, "denies": 1, "item_1_name": "Town Portal Scroll"}, {"item_2": 0, "assists": 9, "leaver_status": 0, "item_1": 125, "item_0": 29, "item_0_name": "Boots of Speed", "leaver_status_description": "finished match, no abandon", "level": 20, "player_slot": 131, "leaver_status_name": "NONE", "hero_id": 98, "last_hits": 189, "kills": 8, "account_id": 31763321, "item_3_name": "Shiva's Guard", "item_4": 121, "item_3": 119, "item_4_name": "Bloodstone", "item_5": 0, "xp_per_min": 650, "hero_name": "Timbersaw", "gold_per_min": 527, "deaths": 5, "denies": 24, "item_1_name": "Vanguard"}, {"item_2": 0, "assists": 18, "leaver_status": 0, "item_1": 60, "item_0": 77, "item_0_name": "Null Talisman", "leaver_status_description": "finished match, no abandon", "level": 14, "player_slot": 132, "leaver_status_name": "NONE", "hero_id": 22, "last_hits": 40, "kills": 2, "account_id": 114672220, "item_3_name": "Town Portal Scroll", "item_4": 29, "item_3": 46, "item_4_name": "Boots of Speed", "item_5": 102, "xp_per_min": 345, "item_5_name": "Force Staff", "hero_name": "Zeus", "gold_per_min": 247, "deaths": 7, "denies": 0, "item_1_name": "Point Booster"}], "dire_team_id": 2011234, "picks_bans": [{"order": 0, "is_pick": false, "hero_id": 65, "team": 1}, {"order": 1, "is_pick": false, "hero_id": 78, "team": 0}, {"order": 2, "is_pick": false, "hero_id": 82, "team": 1}, {"order": 3, "is_pick": false, "hero_id": 2, "team": 0}, {"order": 4, "is_pick": true, "hero_id": 64, "team": 1}, {"order": 5, "is_pick": true, "hero_id": 29, "team": 0}, {"order": 6, "is_pick": true, "hero_id": 61, "team": 0}, {"order": 7, "is_pick": true, "hero_id": 22, "team": 1}, {"order": 8, "is_pick": false, "hero_id": 43, "team": 1}, {"order": 9, "is_pick": false, "hero_id": 103, "team": 0}, {"order": 10, "is_pick": false, "hero_id": 40, "team": 1}, {"order": 11, "is_pick": false, "hero_id": 68, "team": 0}, {"order": 12, "is_pick": true, "hero_id": 87, "team": 0}, {"order": 13, "is_pick": true, "hero_id": 86, "team": 1}, {"order": 14, "is_pick": true, "hero_id": 42, "team": 0}, {"order": 15, "is_pick": true, "hero_id": 98, "team": 1}, {"order": 16, "is_pick": false, "hero_id": 47, "team": 0}, {"order": 17, "is_pick": false, "hero_id": 77, "team": 1}, {"order": 18, "is_pick": true, "hero_id": 46, "team": 0}, {"order": 19, "is_pick": true, "hero_id": 13, "team": 1}], "dire_name": "Basically Unknown", "negative_votes": 0}