{"dire_captain": 88271237, "tower_status_radiant": 2047, "flags": 0, "radiant_team_complete": 1, "game_mode": 2, "radiant_score": 0, "match_id": 1075747107, "lobby_name": "Practice", "dire_logo": 579031239364038437, "pre_game_duration": 0, "radiant_captain": 36547811, "radiant_name": "Virtus.pro", "match_seq_num": 963652957, "dire_team_complete": 0, "start_time": 1417951299, "radiant_win": true, "positive_votes": 279, "leagueid": 2178, "duration": 1042, "dire_score": 0, "lobby_type": 1, "cluster": 134, "engine": 0, "barracks_status_dire": 63, "barracks_status_radiant": 63, "cluster_name": "Europe West", "first_blood_time": 40, "radiant_team_id": 1883502, "radiant_logo": 642124127283031446, "human_players": 10, "game_mode_name": "Captains Mode", "tower_status_dire": 1974, "players": [{"item_2": 92, "assists": 9, "leaver_status": 0, "item_1": 36, "item_0": 29, "item_0_name": "Boots of Speed", "leaver_status_description": "finished match, no abandon", "level": 9, "player_slot": 0, "leaver_status_name": "NONE", "hero_id": 20, "last_hits": 7, "kills": 3, "account_id": 36547811, "item_3_name": "Observer Ward", "item_4": 46, "item_3": 42, "item_4_name": "Town Portal Scroll", "item_5": 188, "xp_per_min": 270, "item_5_name": "Smoke of Deceit", "hero_name": "Vengeful Spirit", "gold_per_min": 254, "deaths": 1, "denies": 0, "item_2_name": "Urn of Shadows", "item_1_name": "Magic Wand"}, {"item_2": 81, "assists": 3, "leaver_status": 0, "item_1": 11, "item_0": 63, "item_0_name": "Power Treads", "leaver_status_description": "finished match, no abandon", "level": 11, "player_slot": 1, "leaver_status_name": "NONE", "hero_id": 77, "last_hits": 98, "kills": 2, "account_id": 96196828, "item_3_name": "Hand of Midas", "item_4": 41, "item_3": 65, "item_4_name": "Bottle", "item_5": 117, "xp_per_min": 423, "item_5_name": "Aegis of the Immortal", "hero_name": "Lycan", "gold_per_min": 457, "deaths": 2, "denies": 14, "item_2_name": "Vladmir's Offering", "item_1_name": "Quelling Blade"}, {"item_2": 0, "assists": 5, "leaver_status": 0, "item_1": 108, "item_0": 16, "item_0_name": "Iron Branch", "leaver_status_description": "finished match, no abandon", "level": 12, "player_slot": 2, "leaver_status_name": "NONE", "hero_id": 40, "last_hits": 93, "kills": 6, "account_id": 87586992, "item_3_name": "Bottle", "item_4": 212, "item_3": 41, "item_4_name": "Ring of Aquila", "item_5": 63, "xp_per_min": 478, "item_5_name": "Power Treads", "hero_name": "Venomancer", "gold_per_min": 506, "deaths": 2, "denies": 7, "item_1_name": "Aghanim's Scepter"}, {"item_2": 46, "assists": 5, "leaver_status": 0, "item_1": 36, "item_0": 1, "item_0_name": "Blink Dagger", "leaver_status_description": "finished match, no abandon", "level": 11, "player_slot": 3, "leaver_status_name": "NONE", "hero_id": 29, "last_hits": 57, "kills": 3, "account_id": 53178236, "item_4": 0, "item_3": 0, "item_5": 180, "xp_per_min": 398, "item_5_name": "Arcane Boots", "hero_name": "Tidehunter", "gold_per_min": 353, "deaths": 1, "denies": 4, "item_2_name": "Town Portal Scroll", "item_1_name": "Magic Wand"}, {"item_2": 0, "assists": 10, "leaver_status": 0, "item_1": 181, "item_0": 0, "leaver_status_description": "finished match, no abandon", "level": 10, "player_slot": 4, "leaver_status_name": "NONE", "hero_id": 84, "last_hits": 19, "kills": 2, "account_id": 76600360, "item_3_name": "Soul Ring", "item_4": 0, "item_3": 178, "item_5": 214, "xp_per_min": 319, "item_5_name": "Tranquil Boots", "hero_name": "Ogre Magi", "gold_per_min": 254, "deaths": 1, "denies": 2, "item_1_name": "Orb of Venom"}, {"item_2": 16, "assists": 3, "leaver_status": 3, "item_1": 46, "item_0": 34, "item_0_name": "Magic Stick", "leaver_status_description": "player dc, clicked leave, abandon", "level": 8, "player_slot": 128, "leaver_status_name": "ABANDONED", "hero_id": 30, "last_hits": 16, "kills": 1, "account_id": 88271237, "item_4": 214, "item_3": 0, "item_4_name": "Tranquil Boots", "item_5": 0, "xp_per_min": 195, "hero_name": "Witch Doctor", "gold_per_min": 168, "deaths": 4, "denies": 2, "item_2_name": "Iron Branch", "item_1_name": "Town Portal Scroll"}, {"item_2": 16, "assists": 0, "leaver_status": 0, "item_1": 46, "item_0": 65, "item_0_name": "Hand of Midas", "leaver_status_description": "finished match, no abandon", "level": 11, "player_slot": 129, "leaver_status_name": "NONE", "hero_id": 69, "last_hits": 53, "kills": 2, "account_id": 29337472, "item_3_name": "Tranquil Boots", "item_4": 41, "item_3": 214, "item_4_name": "Bottle", "item_5": 12, "xp_per_min": 358, "item_5_name": "Ring of Protection", "hero_name": "Doom", "gold_per_min": 434, "deaths": 3, "denies": 5, "item_2_name": "Iron Branch", "item_1_name": "Town Portal Scroll"}, {"item_2": 34, "assists": 1, "leaver_status": 3, "item_1": 46, "item_0": 63, "item_0_name": "Power Treads", "leaver_status_description": "player dc, clicked leave, abandon", "level": 11, "player_slot": 130, "leaver_status_name": "ABANDONED", "hero_id": 10, "last_hits": 89, "kills": 3, "account_id": 40013910, "item_3_name": "Yasha", "item_4": 212, "item_3": 170, "item_4_name": "Ring of Aquila", "item_5": 0, "xp_per_min": 362, "hero_name": "Morphling", "gold_per_min": 404, "deaths": 3, "denies": 11, "item_2_name": "Magic Stick", "item_1_name": "Town Portal Scroll"}, {"item_2": 34, "assists": 1, "leaver_status": 3, "item_1": 46, "item_0": 88, "item_0_name": "Ring of Basilius", "leaver_status_description": "player dc, clicked leave, abandon", "level": 9, "player_slot": 131, "leaver_status_name": "ABANDONED", "hero_id": 15, "last_hits": 76, "kills": 0, "account_id": 86793739, "item_3_name": "Bracer", "item_4": 63, "item_3": 73, "item_4_name": "Power Treads", "item_5": 21, "xp_per_min": 301, "item_5_name": "Ogre Club", "hero_name": "Razor", "gold_per_min": 306, "deaths": 3, "denies": 18, "item_2_name": "Magic Stick", "item_1_name": "Town Portal Scroll"}, {"item_2": 34, "assists": 4, "leaver_status": 3, "item_1": 12, "item_0": 0, "leaver_status_description": "player dc, clicked leave, abandon", "level": 7, "player_slot": 132, "leaver_status_name": "ABANDONED", "hero_id": 91, "last_hits": 8, "kills": 0, "account_id": 99845008, "item_4": 0, "item_3": 0, "item_5": 41, "xp_per_min": 163, "item_5_name": "Bottle", "hero_name": "Io", "gold_per_min": 208, "deaths": 3, "denies": 2, "item_2_name": "Magic Stick", "item_1_name": "Ring of Protection"}], "dire_team_id": 1829282, "picks_bans": [{"order": 0, "is_pick": false, "hero_id": 61, "team": 1}, {"order": 1, "is_pick": false, "hero_id": 13, "team": 0}, {"order": 2, "is_pick": false, "hero_id": 47, "team": 1}, {"order": 3, "is_pick": false, "hero_id": 78, "team": 0}, {"order": 4, "is_pick": true, "hero_id": 91, "team": 1}, {"order": 5, "is_pick": true, "hero_id": 20, "team": 0}, {"order": 6, "is_pick": true, "hero_id": 29, "team": 0}, {"order": 7, "is_pick": true, "hero_id": 69, "team": 1}, {"order": 8, "is_pick": false, "hero_id": 103, "team": 1}, {"order": 9, "is_pick": false, "hero_id": 38, "team": 0}, {"order": 10, "is_pick": false, "hero_id": 6, "team": 1}, {"order": 11, "is_pick": false, "hero_id": 44, "team": 0}, {"order": 12, "is_pick": true, "hero_id": 84, "team": 0}, {"order": 13, "is_pick": true, "hero_id": 15, "team": 1}, {"order": 14, "is_pick": true, "hero_id": 40, "team": 0}, {"order": 15, "is_pick": true, "hero_id": 10, "team": 1}, {"order": 16, "is_pick": false, "hero_id": 68, "team": 0}, {"order": 17, "is_pick": false, "hero_id": 109, "team": 1}, {"order": 18, "is_pick": true, "hero_id": 77, "team": 0}, {"order": 19, "is_pick": true, "hero_id": 30, "team": 1}], "dire_name": "Denial Esports|", "negative_votes": 40}