{"dire_captain": 105599955, "tower_status_radiant": 1798, "flags": 0, "radiant_team_complete": 1, "dire_guild_logo": 703980765977979958, "game_mode": 2, "radiant_score": 0, "match_id": 1083778331, "lobby_name": "Practice", "radiant_team_id": 254140, "dire_logo": 486682620712187742, "pre_game_duration": 0, "radiant_captain": 91369376, "radiant_name": "First Departure", "match_seq_num": 970930463, "dire_team_complete": 1, "start_time": 1418297560, "radiant_win": false, "positive_votes": 33, "leagueid": 2158, "duration": 1014, "dire_score": 0, "lobby_type": 1, "cluster": 152, "engine": 0, "barracks_status_dire": 63, "barracks_status_radiant": 55, "cluster_name": "Southeast Asia", "first_blood_time": 0, "dire_guild_id": 153294, "radiant_logo": 530670774648871873, "human_players": 10, "game_mode_name": "Captains Mode", "dire_guild_name": "Most Valuable Player[KOR]", "tower_status_dire": 2046, "players": [{"item_2": 71, "assists": 1, "leaver_status": 0, "item_1": 63, "item_0": 185, "item_0_name": "Drum of Endurance", "leaver_status_description": "finished match, no abandon", "level": 11, "player_slot": 0, "leaver_status_name": "NONE", "hero_id": 109, "last_hits": 82, "kills": 3, "account_id": 91369376, "item_3_name": "Ring of Aquila", "item_4": 11, "item_3": 212, "item_4_name": "Quelling Blade", "item_5": 21, "xp_per_min": 381, "item_5_name": "Ogre Club", "hero_name": "Terrorblade", "gold_per_min": 432, "deaths": 4, "denies": 22, "item_2_name": "Poor Man's Shield", "item_1_name": "Power Treads"}, {"item_2": 46, "assists": 4, "leaver_status": 0, "item_1": 188, "item_0": 0, "leaver_status_description": "finished match, no abandon", "level": 9, "player_slot": 1, "leaver_status_name": "NONE", "hero_id": 37, "last_hits": 19, "kills": 3, "account_id": 92127891, "item_3_name": "Power Treads", "item_4": 60, "item_3": 63, "item_4_name": "Point Booster", "item_5": 16, "xp_per_min": 286, "item_5_name": "Iron Branch", "hero_name": "Warlock", "gold_per_min": 256, "deaths": 4, "denies": 3, "item_2_name": "Town Portal Scroll", "item_1_name": "Smoke of Deceit"}, {"item_2": 36, "assists": 7, "leaver_status": 1, "item_1": 46, "item_0": 73, "item_0_name": "Bracer", "leaver_status_description": "player DC, no abandon", "level": 9, "player_slot": 2, "leaver_status_name": "DISCONNECTED", "hero_id": 43, "last_hits": 46, "kills": 1, "account_id": 76904792, "item_3_name": "Sentry Ward", "item_4": 0, "item_3": 43, "item_5": 214, "xp_per_min": 277, "item_5_name": "Tranquil Boots", "hero_name": "Death Prophet", "gold_per_min": 265, "deaths": 9, "denies": 5, "item_2_name": "Magic Wand", "item_1_name": "Town Portal Scroll"}, {"item_2": 0, "assists": 6, "leaver_status": 0, "item_1": 36, "item_0": 214, "item_0_name": "Tranquil Boots", "leaver_status_description": "finished match, no abandon", "level": 9, "player_slot": 3, "leaver_status_name": "NONE", "hero_id": 87, "last_hits": 6, "kills": 2, "account_id": 86741690, "item_3_name": "Clarity", "item_4": 46, "item_3": 38, "item_4_name": "Town Portal Scroll", "item_5": 0, "xp_per_min": 263, "hero_name": "Disruptor", "gold_per_min": 216, "deaths": 7, "denies": 0, "item_1_name": "Magic Wand"}, {"item_2": 63, "assists": 3, "leaver_status": 0, "item_1": 172, "item_0": 46, "item_0_name": "Town Portal Scroll", "leaver_status_description": "finished match, no abandon", "level": 11, "player_slot": 4, "leaver_status_name": "NONE", "hero_id": 41, "last_hits": 56, "kills": 3, "account_id": 75390186, "item_3_name": "Stout Shield", "item_4": 11, "item_3": 182, "item_4_name": "Quelling Blade", "item_5": 21, "xp_per_min": 380, "item_5_name": "Ogre Club", "hero_name": "Faceless Void", "gold_per_min": 348, "deaths": 4, "denies": 4, "item_2_name": "Power Treads", "item_1_name": "Mask of Madness"}, {"item_2": 92, "assists": 13, "leaver_status": 0, "item_1": 0, "item_0": 187, "item_0_name": "Medallion of Courage", "leaver_status_description": "finished match, no abandon", "level": 11, "player_slot": 128, "leaver_status_name": "NONE", "hero_id": 20, "last_hits": 8, "kills": 11, "account_id": 105599955, "item_3_name": "Power Treads", "item_4": 34, "item_3": 63, "item_4_name": "Magic Stick", "item_5": 38, "xp_per_min": 373, "item_5_name": "Clarity", "hero_name": "Vengeful Spirit", "gold_per_min": 442, "deaths": 4, "denies": 3, "item_2_name": "Urn of Shadows"}, {"item_2": 9, "assists": 10, "leaver_status": 0, "item_1": 50, "item_0": 41, "item_0_name": "Bottle", "leaver_status_description": "finished match, no abandon", "level": 11, "player_slot": 129, "leaver_status_name": "NONE", "hero_id": 69, "last_hits": 61, "kills": 3, "account_id": 3940262, "item_3_name": "Hand of Midas", "item_4": 182, "item_3": 65, "item_4_name": "Stout Shield", "item_5": 46, "xp_per_min": 476, "item_5_name": "Town Portal Scroll", "hero_name": "Doom", "gold_per_min": 517, "deaths": 2, "denies": 4, "item_2_name": "Platemail", "item_1_name": "Phase Boots"}, {"item_2": 46, "assists": 2, "leaver_status": 0, "item_1": 81, "item_0": 63, "item_0_name": "Power Treads", "leaver_status_description": "finished match, no abandon", "level": 14, "player_slot": 130, "leaver_status_name": "NONE", "hero_id": 1, "last_hits": 132, "kills": 5, "account_id": 93119769, "item_3_name": "Battle Fury", "item_4": 11, "item_3": 145, "item_4_name": "Quelling Blade", "item_5": 117, "xp_per_min": 692, "item_5_name": "Aegis of the Immortal", "hero_name": "Anti-Mage", "gold_per_min": 677, "deaths": 0, "denies": 12, "item_2_name": "Town Portal Scroll", "item_1_name": "Vladmir's Offering"}, {"item_2": 34, "assists": 12, "leaver_status": 0, "item_1": 188, "item_0": 178, "item_0_name": "Soul Ring", "leaver_status_description": "finished match, no abandon", "level": 11, "player_slot": 131, "leaver_status_name": "NONE", "hero_id": 84, "last_hits": 14, "kills": 1, "account_id": 102525542, "item_3_name": "Tranquil Boots", "item_4": 46, "item_3": 214, "item_4_name": "Town Portal Scroll", "item_5": 60, "xp_per_min": 362, "item_5_name": "Point Booster", "hero_name": "Ogre Magi", "gold_per_min": 293, "deaths": 2, "denies": 1, "item_2_name": "Magic Stick", "item_1_name": "Smoke of Deceit"}, {"item_2": 0, "assists": 13, "leaver_status": 0, "item_1": 34, "item_0": 100, "item_0_name": "Eul's Scepter of Divinity", "leaver_status_description": "finished match, no abandon", "level": 11, "player_slot": 132, "leaver_status_name": "NONE", "hero_id": 64, "last_hits": 53, "kills": 8, "account_id": 88933594, "item_3_name": "Mekansm", "item_4": 0, "item_3": 79, "item_5": 214, "xp_per_min": 459, "item_5_name": "Tranquil Boots", "hero_name": "Jakiro", "gold_per_min": 524, "deaths": 5, "denies": 2, "item_1_name": "Magic Stick"}], "dire_team_id": 1148284, "picks_bans": [{"order": 0, "is_pick": false, "hero_id": 89, "team": 1}, {"order": 1, "is_pick": false, "hero_id": 78, "team": 0}, {"order": 2, "is_pick": false, "hero_id": 6, "team": 1}, {"order": 3, "is_pick": false, "hero_id": 65, "team": 0}, {"order": 4, "is_pick": true, "hero_id": 84, "team": 1}, {"order": 5, "is_pick": true, "hero_id": 41, "team": 0}, {"order": 6, "is_pick": true, "hero_id": 43, "team": 0}, {"order": 7, "is_pick": true, "hero_id": 20, "team": 1}, {"order": 8, "is_pick": false, "hero_id": 68, "team": 1}, {"order": 9, "is_pick": false, "hero_id": 44, "team": 0}, {"order": 10, "is_pick": false, "hero_id": 30, "team": 1}, {"order": 11, "is_pick": false, "hero_id": 106, "team": 0}, {"order": 12, "is_pick": true, "hero_id": 87, "team": 0}, {"order": 13, "is_pick": true, "hero_id": 69, "team": 1}, {"order": 14, "is_pick": true, "hero_id": 109, "team": 0}, {"order": 15, "is_pick": true, "hero_id": 64, "team": 1}, {"order": 16, "is_pick": false, "hero_id": 82, "team": 0}, {"order": 17, "is_pick": false, "hero_id": 33, "team": 1}, {"order": 18, "is_pick": true, "hero_id": 37, "team": 0}, {"order": 19, "is_pick": true, "hero_id": 1, "team": 1}], "dire_name": "MVP Phoenix", "negative_votes": 5}