{"dire_captain": 82327674, "tower_status_radiant": 1956, "flags": 0, "radiant_team_complete": 1, "game_mode": 2, "radiant_score": 0, "match_id": 1087966730, "lobby_name": "Practice", "dire_logo": 630787216938014761, "pre_game_duration": 0, "radiant_captain": 101695162, "radiant_name": "Vici Gaming", "match_seq_num": 974749578, "dire_team_complete": 1, "start_time": 1418465337, "radiant_win": true, "positive_votes": 137, "leagueid": 2158, "duration": 1454, "dire_score": 0, "lobby_type": 1, "cluster": 224, "engine": 0, "barracks_status_dire": 63, "barracks_status_radiant": 63, "cluster_name": "China", "first_blood_time": 129, "radiant_team_id": 726228, "radiant_logo": 35248220277958798, "human_players": 10, "game_mode_name": "Captains Mode", "tower_status_dire": 1846, "players": [{"item_2": 36, "assists": 11, "leaver_status": 0, "item_1": 92, "item_0": 1, "item_0_name": "Blink Dagger", "leaver_status_description": "finished match, no abandon", "level": 13, "player_slot": 0, "leaver_status_name": "NONE", "hero_id": 16, "last_hits": 65, "kills": 2, "account_id": 101695162, "item_3_name": "Staff of Wizardry", "item_4": 180, "item_3": 23, "item_4_name": "Arcane Boots", "item_5": 42, "xp_per_min": 396, "item_5_name": "Observer Ward", "hero_name": "Sand King", "gold_per_min": 309, "deaths": 1, "denies": 2, "item_2_name": "Magic Wand", "item_1_name": "Urn of Shadows"}, {"item_2": 46, "assists": 10, "leaver_status": 1, "item_1": 79, "item_0": 63, "item_0_name": "Power Treads", "leaver_status_description": "player DC, no abandon", "level": 13, "player_slot": 1, "leaver_status_name": "DISCONNECTED", "hero_id": 47, "last_hits": 100, "kills": 7, "account_id": 90882159, "item_3_name": "Magic Wand", "item_4": 212, "item_3": 36, "item_4_name": "Ring of Aquila", "item_5": 108, "xp_per_min": 412, "item_5_name": "Aghanim's Scepter", "hero_name": "Viper", "gold_per_min": 438, "deaths": 5, "denies": 16, "item_2_name": "Town Portal Scroll", "item_1_name": "Mekansm"}, {"item_2": 0, "assists": 12, "leaver_status": 0, "item_1": 0, "item_0": 63, "item_0_name": "Power Treads", "leaver_status_description": "finished match, no abandon", "level": 11, "player_slot": 2, "leaver_status_name": "NONE", "hero_id": 101, "last_hits": 9, "kills": 4, "account_id": 113800818, "item_3_name": "Force Staff", "item_4": 36, "item_3": 102, "item_4_name": "Magic Wand", "item_5": 77, "xp_per_min": 304, "item_5_name": "Null Talisman", "hero_name": "Skywrath Mage", "gold_per_min": 249, "deaths": 1, "denies": 0}, {"item_2": 46, "assists": 5, "leaver_status": 0, "item_1": 117, "item_0": 212, "item_0_name": "Ring of Aquila", "leaver_status_description": "finished match, no abandon", "level": 15, "player_slot": 3, "leaver_status_name": "NONE", "hero_id": 109, "last_hits": 188, "kills": 7, "account_id": 84772440, "item_3_name": "Power Treads", "item_4": 147, "item_3": 63, "item_4_name": "Manta Style", "item_5": 24, "xp_per_min": 529, "item_5_name": "Ultimate Orb", "hero_name": "Terrorblade", "gold_per_min": 570, "deaths": 2, "denies": 13, "item_2_name": "Town Portal Scroll", "item_1_name": "Aegis of the Immortal"}, {"item_2": 46, "assists": 10, "leaver_status": 0, "item_1": 170, "item_0": 71, "item_0_name": "Poor Man's Shield", "leaver_status_description": "finished match, no abandon", "level": 15, "player_slot": 4, "leaver_status_name": "NONE", "hero_id": 41, "last_hits": 113, "kills": 1, "account_id": 21289303, "item_3_name": "Diffusal Blade", "item_4": 63, "item_3": 174, "item_4_name": "Power Treads", "item_5": 11, "xp_per_min": 492, "item_5_name": "Quelling Blade", "hero_name": "Faceless Void", "gold_per_min": 384, "deaths": 1, "denies": 20, "item_2_name": "Town Portal Scroll", "item_1_name": "Yasha"}, {"item_2": 50, "assists": 4, "leaver_status": 0, "item_1": 41, "item_0": 46, "item_0_name": "Town Portal Scroll", "leaver_status_description": "finished match, no abandon", "level": 11, "player_slot": 128, "leaver_status_name": "NONE", "hero_id": 106, "last_hits": 76, "kills": 2, "account_id": 98878010, "item_3_name": "Magic Wand", "item_4": 185, "item_3": 36, "item_4_name": "Drum of Endurance", "item_5": 71, "xp_per_min": 305, "item_5_name": "Poor Man's Shield", "hero_name": "Ember Spirit", "gold_per_min": 320, "deaths": 4, "denies": 6, "item_2_name": "Phase Boots", "item_1_name": "Bottle"}, {"item_2": 16, "assists": 3, "leaver_status": 0, "item_1": 16, "item_0": 180, "item_0_name": "Arcane Boots", "leaver_status_description": "finished match, no abandon", "level": 9, "player_slot": 129, "leaver_status_name": "NONE", "hero_id": 57, "last_hits": 20, "kills": 2, "account_id": 82327674, "item_4": 0, "item_3": 0, "item_5": 178, "xp_per_min": 204, "item_5_name": "Soul Ring", "hero_name": "Omniknight", "gold_per_min": 203, "deaths": 5, "denies": 4, "item_2_name": "Iron Branch", "item_1_name": "Iron Branch"}, {"item_2": 23, "assists": 4, "leaver_status": 0, "item_1": 100, "item_0": 46, "item_0_name": "Town Portal Scroll", "leaver_status_description": "finished match, no abandon", "level": 11, "player_slot": 130, "leaver_status_name": "NONE", "hero_id": 64, "last_hits": 83, "kills": 1, "account_id": 111291593, "item_3_name": "Mekansm", "item_4": 214, "item_3": 79, "item_4_name": "Tranquil Boots", "item_5": 0, "xp_per_min": 256, "hero_name": "Jakiro", "gold_per_min": 342, "deaths": 4, "denies": 2, "item_2_name": "Staff of Wizardry", "item_1_name": "Eul's Scepter of Divinity"}, {"item_2": 36, "assists": 2, "leaver_status": 0, "item_1": 214, "item_0": 185, "item_0_name": "Drum of Endurance", "leaver_status_description": "finished match, no abandon", "level": 12, "player_slot": 131, "leaver_status_name": "NONE", "hero_id": 69, "last_hits": 94, "kills": 2, "account_id": 108382060, "item_3_name": "Town Portal Scroll", "item_4": 182, "item_3": 46, "item_4_name": "Stout Shield", "item_5": 108, "xp_per_min": 349, "item_5_name": "Aghanim's Scepter", "hero_name": "Doom", "gold_per_min": 411, "deaths": 5, "denies": 7, "item_2_name": "Magic Wand", "item_1_name": "Tranquil Boots"}, {"item_2": 214, "assists": 4, "leaver_status": 0, "item_1": 36, "item_0": 0, "leaver_status_description": "finished match, no abandon", "level": 8, "player_slot": 132, "leaver_status_name": "NONE", "hero_id": 20, "last_hits": 9, "kills": 2, "account_id": 89407113, "item_3_name": "Town Portal Scroll", "item_4": 0, "item_3": 46, "item_5": 92, "xp_per_min": 142, "item_5_name": "Urn of Shadows", "hero_name": "Vengeful Spirit", "gold_per_min": 183, "deaths": 3, "denies": 0, "item_2_name": "Tranquil Boots", "item_1_name": "Magic Wand"}], "dire_team_id": 15, "picks_bans": [{"order": 0, "is_pick": false, "hero_id": 103, "team": 1}, {"order": 1, "is_pick": false, "hero_id": 65, "team": 0}, {"order": 2, "is_pick": false, "hero_id": 29, "team": 1}, {"order": 3, "is_pick": false, "hero_id": 84, "team": 0}, {"order": 4, "is_pick": true, "hero_id": 106, "team": 1}, {"order": 5, "is_pick": true, "hero_id": 101, "team": 0}, {"order": 6, "is_pick": true, "hero_id": 47, "team": 0}, {"order": 7, "is_pick": true, "hero_id": 69, "team": 1}, {"order": 8, "is_pick": false, "hero_id": 6, "team": 1}, {"order": 9, "is_pick": false, "hero_id": 100, "team": 0}, {"order": 10, "is_pick": false, "hero_id": 43, "team": 1}, {"order": 11, "is_pick": false, "hero_id": 68, "team": 0}, {"order": 12, "is_pick": true, "hero_id": 41, "team": 0}, {"order": 13, "is_pick": true, "hero_id": 20, "team": 1}, {"order": 14, "is_pick": true, "hero_id": 109, "team": 0}, {"order": 15, "is_pick": true, "hero_id": 57, "team": 1}, {"order": 16, "is_pick": false, "hero_id": 10, "team": 0}, {"order": 17, "is_pick": false, "hero_id": 86, "team": 1}, {"order": 18, "is_pick": true, "hero_id": 16, "team": 0}, {"order": 19, "is_pick": true, "hero_id": 64, "team": 1}], "dire_name": "LGD-GAMING", "negative_votes": 11}