{"dire_captain": 43276219, "tower_status_radiant": 1974, "flags": 0, "radiant_team_complete": 1, "game_mode": 2, "radiant_score": 0, "match_id": 1093395219, "lobby_name": "Practice", "dire_logo": 613916634234800981, "pre_game_duration": 0, "radiant_captain": 94049589, "radiant_name": "Virtus.pro", "match_seq_num": 979720247, "dire_team_complete": 1, "start_time": 1418662009, "radiant_win": true, "positive_votes": 29, "leagueid": 1942, "duration": 2216, "dire_score": 0, "lobby_type": 1, "cluster": 131, "engine": 0, "barracks_status_dire": 12, "barracks_status_radiant": 63, "cluster_name": "Europe West", "first_blood_time": 45, "radiant_team_id": 1883502, "radiant_logo": 642124127283031446, "human_players": 10, "game_mode_name": "Captains Mode", "tower_status_dire": 1568, "players": [{"item_2": 116, "assists": 16, "leaver_status": 0, "item_1": 92, "item_0": 29, "item_0_name": "Boots of Speed", "leaver_status_description": "finished match, no abandon", "level": 14, "player_slot": 0, "leaver_status_name": "NONE", "hero_id": 30, "last_hits": 41, "kills": 5, "account_id": 94049589, "item_3_name": "Magic Wand", "item_4": 0, "item_3": 36, "item_5": 0, "xp_per_min": 304, "hero_name": "Witch Doctor", "gold_per_min": 273, "deaths": 6, "denies": 4, "item_2_name": "Black King Bar", "item_1_name": "Urn of Shadows"}, {"item_2": 135, "assists": 8, "leaver_status": 0, "item_1": 152, "item_0": 160, "item_0_name": "Eye of Skadi", "leaver_status_description": "finished match, no abandon", "level": 23, "player_slot": 1, "leaver_status_name": "NONE", "hero_id": 93, "last_hits": 213, "kills": 17, "account_id": 26316691, "item_3_name": "Aegis of the Immortal", "item_4": 143, "item_3": 117, "item_4_name": "Skull Basher", "item_5": 63, "xp_per_min": 748, "item_5_name": "Power Treads", "hero_name": "Slark", "gold_per_min": 709, "deaths": 3, "denies": 13, "item_2_name": "Monkey King Bar", "item_1_name": "Shadow Blade"}, {"item_2": 114, "assists": 16, "leaver_status": 0, "item_1": 119, "item_0": 41, "item_0_name": "Bottle", "leaver_status_description": "finished match, no abandon", "level": 20, "player_slot": 2, "leaver_status_name": "NONE", "hero_id": 43, "last_hits": 198, "kills": 7, "account_id": 86802844, "item_3_name": "Phase Boots", "item_4": 100, "item_3": 50, "item_4_name": "Eul's Scepter of Divinity", "item_5": 46, "xp_per_min": 577, "item_5_name": "Town Portal Scroll", "hero_name": "Death Prophet", "gold_per_min": 501, "deaths": 5, "denies": 8, "item_2_name": "Heart of Tarrasque", "item_1_name": "Shiva's Guard"}, {"item_2": 185, "assists": 18, "leaver_status": 0, "item_1": 46, "item_0": 81, "item_0_name": "Vladmir's Offering", "leaver_status_description": "finished match, no abandon", "level": 19, "player_slot": 3, "leaver_status_name": "NONE", "hero_id": 71, "last_hits": 109, "kills": 7, "account_id": 94338967, "item_3_name": "Black King Bar", "item_4": 63, "item_3": 116, "item_4_name": "Power Treads", "item_5": 55, "xp_per_min": 562, "item_5_name": "Hyperstone", "hero_name": "Spirit Breaker", "gold_per_min": 396, "deaths": 4, "denies": 1, "item_2_name": "Drum of Endurance", "item_1_name": "Town Portal Scroll"}, {"item_2": 34, "assists": 11, "leaver_status": 0, "item_1": 34, "item_0": 34, "item_0_name": "Magic Stick", "leaver_status_description": "finished match, no abandon", "level": 15, "player_slot": 4, "leaver_status_name": "NONE", "hero_id": 101, "last_hits": 35, "kills": 7, "account_id": 106809101, "item_3_name": "Magic Stick", "item_4": 34, "item_3": 34, "item_4_name": "Magic Stick", "item_5": 0, "xp_per_min": 330, "hero_name": "Skywrath Mage", "gold_per_min": 277, "deaths": 8, "denies": 5, "item_2_name": "Magic Stick", "item_1_name": "Magic Stick"}, {"item_2": 63, "assists": 13, "leaver_status": 0, "item_1": 170, "item_0": 116, "item_0_name": "Black King Bar", "leaver_status_description": "finished match, no abandon", "level": 17, "player_slot": 128, "leaver_status_name": "NONE", "hero_id": 44, "last_hits": 150, "kills": 5, "account_id": 43276219, "item_3_name": "Helm of the Dominator", "item_4": 11, "item_3": 164, "item_4_name": "Quelling Blade", "item_5": 46, "xp_per_min": 438, "item_5_name": "Town Portal Scroll", "hero_name": "Phantom Assassin", "gold_per_min": 419, "deaths": 8, "denies": 1, "item_2_name": "Power Treads", "item_1_name": "Yasha"}, {"item_2": 201, "assists": 10, "leaver_status": 3, "item_1": 100, "item_0": 1, "item_0_name": "Blink Dagger", "leaver_status_description": "player dc, clicked leave, abandon", "level": 20, "player_slot": 129, "leaver_status_name": "ABANDONED", "hero_id": 13, "last_hits": 191, "kills": 6, "account_id": 86799300, "item_3_name": "Power Treads", "item_4": 41, "item_3": 63, "item_4_name": "Bottle", "item_5": 46, "xp_per_min": 585, "item_5_name": "Town Portal Scroll", "hero_name": "Puck", "gold_per_min": 442, "deaths": 5, "denies": 29, "item_2_name": "Dagon", "item_1_name": "Eul's Scepter of Divinity"}, {"item_2": 41, "assists": 9, "leaver_status": 0, "item_1": 0, "item_0": 214, "item_0_name": "Tranquil Boots", "leaver_status_description": "finished match, no abandon", "level": 14, "player_slot": 130, "leaver_status_name": "NONE", "hero_id": 91, "last_hits": 40, "kills": 3, "account_id": 6922000, "item_3_name": "Magic Stick", "item_4": 79, "item_3": 34, "item_4_name": "Mekansm", "item_5": 0, "xp_per_min": 307, "hero_name": "Io", "gold_per_min": 254, "deaths": 14, "denies": 3, "item_2_name": "Bottle"}, {"item_2": 36, "assists": 7, "leaver_status": 0, "item_1": 43, "item_0": 29, "item_0_name": "Boots of Speed", "leaver_status_description": "finished match, no abandon", "level": 15, "player_slot": 131, "leaver_status_name": "NONE", "hero_id": 3, "last_hits": 23, "kills": 6, "account_id": 40547474, "item_3_name": "Smoke of Deceit", "item_4": 116, "item_3": 188, "item_4_name": "Black King Bar", "item_5": 23, "xp_per_min": 332, "item_5_name": "Staff of Wizardry", "hero_name": "Bane", "gold_per_min": 300, "deaths": 8, "denies": 2, "item_2_name": "Magic Wand", "item_1_name": "Sentry Ward"}, {"item_2": 29, "assists": 7, "leaver_status": 3, "item_1": 96, "item_0": 1, "item_0_name": "Blink Dagger", "leaver_status_description": "player dc, clicked leave, abandon", "level": 18, "player_slot": 132, "leaver_status_name": "ABANDONED", "hero_id": 55, "last_hits": 187, "kills": 6, "account_id": 88719902, "item_3_name": "Magic Stick", "item_4": 46, "item_3": 34, "item_4_name": "Town Portal Scroll", "item_5": 116, "xp_per_min": 502, "item_5_name": "Black King Bar", "hero_name": "Dark Seer", "gold_per_min": 476, "deaths": 9, "denies": 1, "item_2_name": "Boots of Speed", "item_1_name": "Scythe of Vyse"}], "dire_team_id": 1333179, "picks_bans": [{"order": 0, "is_pick": false, "hero_id": 78, "team": 0}, {"order": 1, "is_pick": false, "hero_id": 20, "team": 1}, {"order": 2, "is_pick": false, "hero_id": 29, "team": 0}, {"order": 3, "is_pick": false, "hero_id": 84, "team": 1}, {"order": 4, "is_pick": true, "hero_id": 101, "team": 0}, {"order": 5, "is_pick": true, "hero_id": 13, "team": 1}, {"order": 6, "is_pick": true, "hero_id": 3, "team": 1}, {"order": 7, "is_pick": true, "hero_id": 93, "team": 0}, {"order": 8, "is_pick": false, "hero_id": 41, "team": 0}, {"order": 9, "is_pick": false, "hero_id": 22, "team": 1}, {"order": 10, "is_pick": false, "hero_id": 6, "team": 0}, {"order": 11, "is_pick": false, "hero_id": 97, "team": 1}, {"order": 12, "is_pick": true, "hero_id": 91, "team": 1}, {"order": 13, "is_pick": true, "hero_id": 43, "team": 0}, {"order": 14, "is_pick": true, "hero_id": 44, "team": 1}, {"order": 15, "is_pick": true, "hero_id": 71, "team": 0}, {"order": 16, "is_pick": false, "hero_id": 57, "team": 1}, {"order": 17, "is_pick": false, "hero_id": 9, "team": 0}, {"order": 18, "is_pick": true, "hero_id": 55, "team": 1}, {"order": 19, "is_pick": true, "hero_id": 30, "team": 0}], "dire_name": "Cloud9 G2A", "negative_votes": 4}