{"dire_captain": 86741304, "tower_status_radiant": 1972, "flags": 0, "radiant_team_complete": 1, "game_mode": 2, "radiant_score": 0, "match_id": 1094792304, "lobby_name": "Practice", "radiant_team_id": 1148284, "dire_logo": 566645789804876252, "pre_game_duration": 0, "radiant_captain": 105599955, "radiant_name": "MVP Phoenix", "match_seq_num": 980985306, "dire_team_complete": 1, "start_time": 1418731048, "radiant_guild_logo": 703980765977979958, "radiant_win": true, "positive_votes": 76, "leagueid": 2158, "duration": 2096, "dire_score": 0, "lobby_type": 1, "cluster": 152, "radiant_guild_id": 153294, "engine": 0, "barracks_status_dire": 3, "barracks_status_radiant": 63, "cluster_name": "Southeast Asia", "first_blood_time": 102, "radiant_guild_name": "Most Valuable Player[KOR]", "radiant_logo": 486682620712187742, "human_players": 10, "game_mode_name": "Captains Mode", "tower_status_dire": 4, "players": [{"item_2": 185, "assists": 13, "leaver_status": 0, "item_1": 34, "item_0": 187, "item_0_name": "Medallion of Courage", "leaver_status_description": "finished match, no abandon", "level": 13, "player_slot": 0, "leaver_status_name": "NONE", "hero_id": 20, "last_hits": 23, "kills": 2, "account_id": 105599955, "item_3_name": "Tranquil Boots", "item_4": 42, "item_3": 214, "item_4_name": "Observer Ward", "item_5": 188, "xp_per_min": 260, "item_5_name": "Smoke of Deceit", "hero_name": "Vengeful Spirit", "gold_per_min": 242, "deaths": 9, "denies": 2, "item_2_name": "Drum of Endurance", "item_1_name": "Magic Stick"}, {"item_2": 119, "assists": 24, "leaver_status": 0, "item_1": 110, "item_0": 1, "item_0_name": "Blink Dagger", "leaver_status_description": "finished match, no abandon", "level": 22, "player_slot": 1, "leaver_status_name": "NONE", "hero_id": 29, "last_hits": 136, "kills": 4, "account_id": 3940262, "item_3_name": "Arcane Boots", "item_4": 36, "item_3": 180, "item_4_name": "Magic Wand", "item_5": 0, "xp_per_min": 746, "hero_name": "Tidehunter", "gold_per_min": 486, "deaths": 2, "denies": 3, "item_2_name": "Shiva's Guard", "item_1_name": "Refresher Orb"}, {"item_2": 116, "assists": 14, "leaver_status": 0, "item_1": 0, "item_0": 63, "item_0_name": "Power Treads", "leaver_status_description": "finished match, no abandon", "level": 24, "player_slot": 2, "leaver_status_name": "NONE", "hero_id": 44, "last_hits": 187, "kills": 23, "account_id": 93119769, "item_3_name": "Battle Fury", "item_4": 156, "item_3": 145, "item_4_name": "Satanic", "item_5": 143, "xp_per_min": 887, "item_5_name": "Skull Basher", "hero_name": "Phantom Assassin", "gold_per_min": 764, "deaths": 2, "denies": 8, "item_2_name": "Black King Bar"}, {"item_2": 108, "assists": 17, "leaver_status": 0, "item_1": 1, "item_0": 36, "item_0_name": "Magic Wand", "leaver_status_description": "finished match, no abandon", "level": 18, "player_slot": 3, "leaver_status_name": "NONE", "hero_id": 8, "last_hits": 53, "kills": 8, "account_id": 102525542, "item_3_name": "Phase Boots", "item_4": 46, "item_3": 50, "item_4_name": "Town Portal Scroll", "item_5": 24, "xp_per_min": 501, "item_5_name": "Ultimate Orb", "hero_name": "Juggernaut", "gold_per_min": 368, "deaths": 4, "denies": 3, "item_2_name": "Aghanim's Scepter", "item_1_name": "Blink Dagger"}, {"item_2": 1, "assists": 20, "leaver_status": 0, "item_1": 204, "item_0": 100, "item_0_name": "Eul's Scepter of Divinity", "leaver_status_description": "finished match, no abandon", "level": 19, "player_slot": 4, "leaver_status_name": "NONE", "hero_id": 64, "last_hits": 126, "kills": 9, "account_id": 88933594, "item_3_name": "Town Portal Scroll", "item_4": 36, "item_3": 46, "item_4_name": "Magic Wand", "item_5": 214, "xp_per_min": 585, "item_5_name": "Tranquil Boots", "hero_name": "Jakiro", "gold_per_min": 479, "deaths": 5, "denies": 7, "item_2_name": "Blink Dagger", "item_1_name": "Dagon"}, {"item_2": 21, "assists": 10, "leaver_status": 0, "item_1": 36, "item_0": 214, "item_0_name": "Tranquil Boots", "leaver_status_description": "finished match, no abandon", "level": 14, "player_slot": 128, "leaver_status_name": "NONE", "hero_id": 84, "last_hits": 18, "kills": 5, "account_id": 86741304, "item_3_name": "Point Booster", "item_4": 188, "item_3": 60, "item_4_name": "Smoke of Deceit", "item_5": 178, "xp_per_min": 315, "item_5_name": "Soul Ring", "hero_name": "Ogre Magi", "gold_per_min": 241, "deaths": 9, "denies": 2, "item_2_name": "Ogre Club", "item_1_name": "Magic Wand"}, {"item_2": 0, "assists": 11, "leaver_status": 1, "item_1": 212, "item_0": 116, "item_0_name": "Black King Bar", "leaver_status_description": "player DC, no abandon", "level": 20, "player_slot": 129, "leaver_status_name": "DISCONNECTED", "hero_id": 94, "last_hits": 288, "kills": 4, "account_id": 92551671, "item_3_name": "Power Treads", "item_4": 123, "item_3": 63, "item_4_name": "Linken's Sphere", "item_5": 139, "xp_per_min": 605, "item_5_name": "Butterfly", "hero_name": "Medusa", "gold_per_min": 605, "deaths": 7, "denies": 39, "item_1_name": "Ring of Aquila"}, {"item_2": 0, "assists": 5, "leaver_status": 0, "item_1": 63, "item_0": 92, "item_0_name": "Urn of Shadows", "leaver_status_description": "finished match, no abandon", "level": 11, "player_slot": 130, "leaver_status_name": "NONE", "hero_id": 30, "last_hits": 22, "kills": 2, "account_id": 94121743, "item_3_name": "Magic Wand", "item_4": 42, "item_3": 36, "item_4_name": "Observer Ward", "item_5": 46, "xp_per_min": 205, "item_5_name": "Town Portal Scroll", "hero_name": "Witch Doctor", "gold_per_min": 192, "deaths": 10, "denies": 4, "item_1_name": "Power Treads"}, {"item_2": 0, "assists": 7, "leaver_status": 0, "item_1": 41, "item_0": 180, "item_0_name": "Arcane Boots", "leaver_status_description": "finished match, no abandon", "level": 15, "player_slot": 131, "leaver_status_name": "NONE", "hero_id": 97, "last_hits": 101, "kills": 4, "account_id": 96708830, "item_3_name": "Town Portal Scroll", "item_4": 1, "item_3": 46, "item_4_name": "Blink Dagger", "item_5": 21, "xp_per_min": 375, "item_5_name": "Ogre Club", "hero_name": "Magnus", "gold_per_min": 333, "deaths": 10, "denies": 1, "item_1_name": "Bottle"}, {"item_2": 36, "assists": 9, "leaver_status": 0, "item_1": 37, "item_0": 1, "item_0_name": "Blink Dagger", "leaver_status_description": "finished match, no abandon", "level": 17, "player_slot": 132, "leaver_status_name": "NONE", "hero_id": 65, "last_hits": 81, "kills": 4, "account_id": 189502087, "item_3_name": "Force Staff", "item_4": 214, "item_3": 102, "item_4_name": "Tranquil Boots", "item_5": 46, "xp_per_min": 439, "item_5_name": "Town Portal Scroll", "hero_name": "Batrider", "gold_per_min": 328, "deaths": 10, "denies": 1, "item_2_name": "Magic Wand", "item_1_name": "Ghost Scepter"}], "dire_team_id": 248456, "picks_bans": [{"order": 0, "is_pick": false, "hero_id": 91, "team": 1}, {"order": 1, "is_pick": false, "hero_id": 43, "team": 0}, {"order": 2, "is_pick": false, "hero_id": 41, "team": 1}, {"order": 3, "is_pick": false, "hero_id": 78, "team": 0}, {"order": 4, "is_pick": true, "hero_id": 84, "team": 1}, {"order": 5, "is_pick": true, "hero_id": 20, "team": 0}, {"order": 6, "is_pick": true, "hero_id": 64, "team": 0}, {"order": 7, "is_pick": true, "hero_id": 65, "team": 1}, {"order": 8, "is_pick": false, "hero_id": 109, "team": 1}, {"order": 9, "is_pick": false, "hero_id": 1, "team": 0}, {"order": 10, "is_pick": false, "hero_id": 93, "team": 1}, {"order": 11, "is_pick": false, "hero_id": 101, "team": 0}, {"order": 12, "is_pick": true, "hero_id": 29, "team": 0}, {"order": 13, "is_pick": true, "hero_id": 30, "team": 1}, {"order": 14, "is_pick": true, "hero_id": 44, "team": 0}, {"order": 15, "is_pick": true, "hero_id": 94, "team": 1}, {"order": 16, "is_pick": false, "hero_id": 47, "team": 0}, {"order": 17, "is_pick": false, "hero_id": 15, "team": 1}, {"order": 18, "is_pick": true, "hero_id": 8, "team": 0}, {"order": 19, "is_pick": true, "hero_id": 97, "team": 1}], "dire_name": "Invasion eSports", "negative_votes": 12}