{"dire_captain": 84671288, "tower_status_radiant": 2038, "flags": 0, "lobby_type": 1, "cluster": 123, "game_mode_name": "Captains Mode", "dire_logo": 45376357722113646, "engine": 0, "barracks_status_dire": 63, "barracks_status_radiant": 63, "cluster_name": "US East", "radiant_score": 0, "match_id": 1095998903, "lobby_name": "Practice", "dire_score": 0, "first_blood_time": 8, "human_players": 10, "pre_game_duration": 0, "radiant_captain": 86761836, "players": [{"item_2": 13, "assists": 3, "leaver_status": 0, "item_1": 34, "item_0": 41, "item_0_name": "Bottle", "leaver_status_description": "finished match, no abandon", "level": 6, "player_slot": 0, "leaver_status_name": "NONE", "hero_id": 91, "last_hits": 10, "kills": 0, "account_id": 86761836, "item_3_name": "Gauntlets of Strength", "item_4": 0, "item_3": 13, "item_5": 29, "xp_per_min": 160, "item_5_name": "Boots of Speed", "hero_name": "Io", "gold_per_min": 131, "deaths": 6, "denies": 1, "item_2_name": "Gauntlets of Strength", "item_1_name": "Magic Stick"}, {"item_2": 182, "assists": 0, "leaver_status": 0, "item_1": 185, "item_0": 41, "item_0_name": "Bottle", "leaver_status_description": "finished match, no abandon", "level": 11, "player_slot": 1, "leaver_status_name": "NONE", "hero_id": 106, "last_hits": 55, "kills": 4, "account_id": 118073569, "item_3_name": "Magic Wand", "item_4": 46, "item_3": 36, "item_4_name": "Town Portal Scroll", "item_5": 50, "xp_per_min": 503, "item_5_name": "Phase Boots", "hero_name": "Ember Spirit", "gold_per_min": 397, "deaths": 8, "denies": 2, "item_2_name": "Stout Shield", "item_1_name": "Drum of Endurance"}, {"item_2": 41, "assists": 0, "leaver_status": 0, "item_1": 182, "item_0": 46, "item_0_name": "Town Portal Scroll", "leaver_status_description": "finished match, no abandon", "level": 9, "player_slot": 2, "leaver_status_name": "NONE", "hero_id": 104, "last_hits": 53, "kills": 0, "account_id": 86785102, "item_3_name": "Boots of Speed", "item_4": 0, "item_3": 29, "item_5": 0, "xp_per_min": 307, "hero_name": "Legion Commander", "gold_per_min": 244, "deaths": 3, "denies": 10, "item_2_name": "Bottle", "item_1_name": "Stout Shield"}, {"item_2": 188, "assists": 2, "leaver_status": 0, "item_1": 0, "item_0": 42, "item_0_name": "Observer Ward", "leaver_status_description": "finished match, no abandon", "level": 5, "player_slot": 3, "leaver_status_name": "NONE", "hero_id": 9, "last_hits": 5, "kills": 0, "account_id": 94923783, "item_3_name": "Boots of Speed", "item_4": 0, "item_3": 29, "item_5": 46, "xp_per_min": 94, "item_5_name": "Town Portal Scroll", "hero_name": "Mirana", "gold_per_min": 113, "deaths": 3, "denies": 1, "item_2_name": "Smoke of Deceit"}, {"item_2": 125, "assists": 1, "leaver_status": 0, "item_1": 4, "item_0": 63, "item_0_name": "Power Treads", "leaver_status_description": "finished match, no abandon", "level": 8, "player_slot": 4, "leaver_status_name": "NONE", "hero_id": 99, "last_hits": 60, "kills": 3, "account_id": 86724433, "item_4": 27, "item_3": 0, "item_4_name": "Ring of Regen", "item_5": 36, "xp_per_min": 259, "item_5_name": "Magic Wand", "hero_name": "Bristleback", "gold_per_min": 363, "deaths": 6, "denies": 3, "item_2_name": "Vanguard", "item_1_name": "Chainmail"}, {"item_2": 178, "assists": 11, "leaver_status": 0, "item_1": 43, "item_0": 34, "item_0_name": "Magic Stick", "leaver_status_description": "finished match, no abandon", "level": 9, "player_slot": 128, "leaver_status_name": "NONE", "hero_id": 103, "last_hits": 12, "kills": 5, "account_id": 84671288, "item_3_name": "Town Portal Scroll", "item_4": 23, "item_3": 46, "item_4_name": "Staff of Wizardry", "item_5": 214, "xp_per_min": 314, "item_5_name": "Tranquil Boots", "hero_name": "Elder Titan", "gold_per_min": 289, "deaths": 2, "denies": 0, "item_2_name": "Soul Ring", "item_1_name": "Sentry Ward"}, {"item_2": 36, "assists": 9, "leaver_status": 0, "item_1": 41, "item_0": 63, "item_0_name": "Power Treads", "leaver_status_description": "finished match, no abandon", "level": 14, "player_slot": 129, "leaver_status_name": "NONE", "hero_id": 17, "last_hits": 72, "kills": 9, "account_id": 111620041, "item_3_name": "Orchid Malevolence", "item_4": 46, "item_3": 98, "item_4_name": "Town Portal Scroll", "item_5": 117, "xp_per_min": 675, "item_5_name": "Aegis of the Immortal", "hero_name": "Storm Spirit", "gold_per_min": 579, "deaths": 1, "denies": 9, "item_2_name": "Magic Wand", "item_1_name": "Bottle"}, {"item_2": 36, "assists": 4, "leaver_status": 0, "item_1": 65, "item_0": 41, "item_0_name": "Bottle", "leaver_status_description": "finished match, no abandon", "level": 11, "player_slot": 130, "leaver_status_name": "NONE", "hero_id": 10, "last_hits": 82, "kills": 4, "account_id": 108452107, "item_3_name": "Town Portal Scroll", "item_4": 212, "item_3": 46, "item_4_name": "Ring of Aquila", "item_5": 29, "xp_per_min": 499, "item_5_name": "Boots of Speed", "hero_name": "Morphling", "gold_per_min": 482, "deaths": 1, "denies": 9, "item_2_name": "Magic Wand", "item_1_name": "Hand of Midas"}, {"item_2": 0, "assists": 3, "leaver_status": 0, "item_1": 79, "item_0": 178, "item_0_name": "Soul Ring", "leaver_status_description": "finished match, no abandon", "level": 11, "player_slot": 131, "leaver_status_name": "NONE", "hero_id": 57, "last_hits": 64, "kills": 3, "account_id": 34752860, "item_3_name": "Town Portal Scroll", "item_4": 180, "item_3": 46, "item_4_name": "Arcane Boots", "item_5": 36, "xp_per_min": 405, "item_5_name": "Magic Wand", "hero_name": "Omniknight", "gold_per_min": 381, "deaths": 1, "denies": 4, "item_1_name": "Mekansm"}, {"item_2": 36, "assists": 8, "leaver_status": 0, "item_1": 29, "item_0": 187, "item_0_name": "Medallion of Courage", "leaver_status_description": "finished match, no abandon", "level": 10, "player_slot": 132, "leaver_status_name": "NONE", "hero_id": 20, "last_hits": 13, "kills": 4, "account_id": 956503, "item_3_name": "Town Portal Scroll", "item_4": 17, "item_3": 46, "item_4_name": "Belt of Strength", "item_5": 0, "xp_per_min": 366, "hero_name": "Vengeful Spirit", "gold_per_min": 277, "deaths": 2, "denies": 3, "item_2_name": "Magic Wand", "item_1_name": "Boots of Speed"}], "tower_status_dire": 2047, "match_seq_num": 982053040, "dire_team_id": 1718551, "dire_team_complete": 0, "start_time": 1418777630, "picks_bans": [{"order": 0, "is_pick": false, "hero_id": 78, "team": 1}, {"order": 1, "is_pick": false, "hero_id": 84, "team": 0}, {"order": 2, "is_pick": false, "hero_id": 101, "team": 1}, {"order": 3, "is_pick": false, "hero_id": 29, "team": 0}, {"order": 4, "is_pick": true, "hero_id": 20, "team": 1}, {"order": 5, "is_pick": true, "hero_id": 106, "team": 0}, {"order": 6, "is_pick": true, "hero_id": 91, "team": 0}, {"order": 7, "is_pick": true, "hero_id": 17, "team": 1}, {"order": 8, "is_pick": false, "hero_id": 69, "team": 1}, {"order": 9, "is_pick": false, "hero_id": 41, "team": 0}, {"order": 10, "is_pick": false, "hero_id": 19, "team": 1}, {"order": 11, "is_pick": false, "hero_id": 33, "team": 0}, {"order": 12, "is_pick": true, "hero_id": 9, "team": 0}, {"order": 13, "is_pick": true, "hero_id": 103, "team": 1}, {"order": 14, "is_pick": true, "hero_id": 104, "team": 0}, {"order": 15, "is_pick": true, "hero_id": 57, "team": 1}, {"order": 16, "is_pick": false, "hero_id": 6, "team": 0}, {"order": 17, "is_pick": false, "hero_id": 89, "team": 1}, {"order": 18, "is_pick": true, "hero_id": 99, "team": 0}, {"order": 19, "is_pick": true, "hero_id": 10, "team": 1}], "radiant_win": false, "positive_votes": 21, "leagueid": 2158, "game_mode": 2, "dire_name": "ROOT-gaming.com", "duration": 949, "negative_votes": 3}