{"dire_captain": 94049589, "tower_status_radiant": 1974, "flags": 0, "lobby_type": 1, "cluster": 135, "game_mode_name": "Captains Mode", "dire_logo": 642124127283031446, "engine": 0, "barracks_status_dire": 63, "barracks_status_radiant": 63, "cluster_name": "Europe West", "radiant_score": 0, "match_id": 1095762877, "lobby_name": "Practice", "dire_score": 0, "first_blood_time": 5, "human_players": 10, "pre_game_duration": 0, "radiant_captain": 18180970, "players": [{"item_2": 46, "assists": 4, "leaver_status": 0, "item_1": 63, "item_0": 187, "item_0_name": "Medallion of Courage", "leaver_status_description": "finished match, no abandon", "level": 13, "player_slot": 0, "leaver_status_name": "NONE", "hero_id": 92, "last_hits": 46, "kills": 8, "account_id": 18180970, "item_3_name": "Magic Wand", "item_4": 0, "item_3": 36, "item_5": 108, "xp_per_min": 292, "item_5_name": "Aghanim's Scepter", "hero_name": "Visage", "gold_per_min": 317, "deaths": 9, "denies": 7, "item_2_name": "Town Portal Scroll", "item_1_name": "Power Treads"}, {"item_2": 79, "assists": 8, "leaver_status": 0, "item_1": 46, "item_0": 41, "item_0_name": "Bottle", "leaver_status_description": "finished match, no abandon", "level": 13, "player_slot": 1, "leaver_status_name": "NONE", "hero_id": 15, "last_hits": 107, "kills": 4, "account_id": 43720230, "item_3_name": "Ogre Club", "item_4": 63, "item_3": 21, "item_4_name": "Power Treads", "item_5": 36, "xp_per_min": 332, "item_5_name": "Magic Wand", "hero_name": "Razor", "gold_per_min": 338, "deaths": 11, "denies": 13, "item_2_name": "Mekansm", "item_1_name": "Town Portal Scroll"}, {"item_2": 75, "assists": 8, "leaver_status": 0, "item_1": 75, "item_0": 63, "item_0_name": "Power Treads", "leaver_status_description": "finished match, no abandon", "level": 14, "player_slot": 2, "leaver_status_name": "NONE", "hero_id": 6, "last_hits": 115, "kills": 0, "account_id": 100317750, "item_3_name": "Black King Bar", "item_4": 46, "item_3": 116, "item_4_name": "Town Portal Scroll", "item_5": 212, "xp_per_min": 348, "item_5_name": "Ring of Aquila", "hero_name": "Drow Ranger", "gold_per_min": 334, "deaths": 9, "denies": 23, "item_2_name": "Wraith Band", "item_1_name": "Wraith Band"}, {"item_2": 63, "assists": 12, "leaver_status": 0, "item_1": 0, "item_0": 36, "item_0_name": "Magic Wand", "leaver_status_description": "finished match, no abandon", "level": 11, "player_slot": 3, "leaver_status_name": "NONE", "hero_id": 20, "last_hits": 14, "kills": 1, "account_id": 71286125, "item_3_name": "Observer Ward", "item_4": 0, "item_3": 42, "item_5": 0, "xp_per_min": 262, "hero_name": "Vengeful Spirit", "gold_per_min": 194, "deaths": 9, "denies": 5, "item_2_name": "Power Treads"}, {"item_2": 36, "assists": 6, "leaver_status": 0, "item_1": 46, "item_0": 41, "item_0_name": "Bottle", "leaver_status_description": "finished match, no abandon", "level": 16, "player_slot": 4, "leaver_status_name": "NONE", "hero_id": 98, "last_hits": 93, "kills": 6, "account_id": 40209325, "item_3_name": "Bloodstone", "item_4": 31, "item_3": 121, "item_4_name": "Cloak", "item_5": 29, "xp_per_min": 458, "item_5_name": "Boots of Speed", "hero_name": "Timbersaw", "gold_per_min": 352, "deaths": 8, "denies": 1, "item_2_name": "Magic Wand", "item_1_name": "Town Portal Scroll"}, {"item_2": 29, "assists": 16, "leaver_status": 0, "item_1": 100, "item_0": 60, "item_0_name": "Point Booster", "leaver_status_description": "finished match, no abandon", "level": 16, "player_slot": 128, "leaver_status_name": "NONE", "hero_id": 84, "last_hits": 47, "kills": 10, "account_id": 94049589, "item_3_name": "Magic Wand", "item_4": 92, "item_3": 36, "item_4_name": "Urn of Shadows", "item_5": 0, "xp_per_min": 434, "hero_name": "Ogre Magi", "gold_per_min": 322, "deaths": 4, "denies": 6, "item_2_name": "Boots of Speed", "item_1_name": "Eul's Scepter of Divinity"}, {"item_2": 116, "assists": 22, "leaver_status": 0, "item_1": 1, "item_0": 160, "item_0_name": "Eye of Skadi", "leaver_status_description": "finished match, no abandon", "level": 20, "player_slot": 129, "leaver_status_name": "NONE", "hero_id": 93, "last_hits": 143, "kills": 13, "account_id": 26316691, "item_3_name": "Hand of Midas", "item_4": 63, "item_3": 65, "item_4_name": "Power Treads", "item_5": 0, "xp_per_min": 692, "hero_name": "Slark", "gold_per_min": 566, "deaths": 4, "denies": 6, "item_2_name": "Black King Bar", "item_1_name": "Blink Dagger"}, {"item_2": 188, "assists": 17, "leaver_status": 0, "item_1": 214, "item_0": 1, "item_0_name": "Blink Dagger", "leaver_status_description": "finished match, no abandon", "level": 17, "player_slot": 130, "leaver_status_name": "NONE", "hero_id": 96, "last_hits": 112, "kills": 8, "account_id": 86802844, "item_3_name": "Black King Bar", "item_4": 242, "item_3": 116, "item_4_name": "Crimson Guard", "item_5": 46, "xp_per_min": 527, "item_5_name": "Town Portal Scroll", "hero_name": "Centaur Warrunner", "gold_per_min": 406, "deaths": 4, "denies": 15, "item_2_name": "Smoke of Deceit", "item_1_name": "Tranquil Boots"}, {"item_2": 100, "assists": 23, "leaver_status": 0, "item_1": 67, "item_0": 1, "item_0_name": "Blink Dagger", "leaver_status_description": "finished match, no abandon", "level": 18, "player_slot": 131, "leaver_status_name": "NONE", "hero_id": 22, "last_hits": 154, "kills": 9, "account_id": 94338967, "item_3_name": "Town Portal Scroll", "item_4": 180, "item_3": 46, "item_4_name": "Arcane Boots", "item_5": 108, "xp_per_min": 580, "item_5_name": "Aghanim's Scepter", "hero_name": "Zeus", "gold_per_min": 457, "deaths": 2, "denies": 12, "item_2_name": "Eul's Scepter of Divinity", "item_1_name": "Oblivion Staff"}, {"item_2": 0, "kills": 5, "leaver_status": 0, "account_id": 106809101, "item_1": 0, "item_4": 0, "item_0": 0, "item_3": 0, "denies": 5, "leaver_status_description": "finished match, no abandon", "xp_per_min": 443, "last_hits": 24, "hero_name": "Io", "level": 16, "player_slot": 132, "gold_per_min": 263, "deaths": 6, "leaver_status_name": "NONE", "hero_id": 91, "assists": 26, "item_5": 0}], "tower_status_dire": 1958, "match_seq_num": 981844210, "dire_team_id": 1883502, "dire_team_complete": 1, "start_time": 1418761879, "picks_bans": [{"order": 0, "is_pick": false, "hero_id": 101, "team": 0}, {"order": 1, "is_pick": false, "hero_id": 78, "team": 1}, {"order": 2, "is_pick": false, "hero_id": 103, "team": 0}, {"order": 3, "is_pick": false, "hero_id": 77, "team": 1}, {"order": 4, "is_pick": true, "hero_id": 20, "team": 0}, {"order": 5, "is_pick": true, "hero_id": 84, "team": 1}, {"order": 6, "is_pick": true, "hero_id": 93, "team": 1}, {"order": 7, "is_pick": true, "hero_id": 15, "team": 0}, {"order": 8, "is_pick": false, "hero_id": 13, "team": 0}, {"order": 9, "is_pick": false, "hero_id": 41, "team": 1}, {"order": 10, "is_pick": false, "hero_id": 64, "team": 0}, {"order": 11, "is_pick": false, "hero_id": 1, "team": 1}, {"order": 12, "is_pick": true, "hero_id": 22, "team": 1}, {"order": 13, "is_pick": true, "hero_id": 92, "team": 0}, {"order": 14, "is_pick": true, "hero_id": 91, "team": 1}, {"order": 15, "is_pick": true, "hero_id": 6, "team": 0}, {"order": 16, "is_pick": false, "hero_id": 63, "team": 1}, {"order": 17, "is_pick": false, "hero_id": 61, "team": 0}, {"order": 18, "is_pick": true, "hero_id": 96, "team": 1}, {"order": 19, "is_pick": true, "hero_id": 98, "team": 0}], "radiant_win": false, "positive_votes": 2, "leagueid": 2125, "game_mode": 2, "dire_name": "Virtus.pro", "duration": 1870, "negative_votes": 1}