{"tower_status_radiant": 1983, "flags": 0, "lobby_type": 1, "cluster": 123, "game_mode_name": "Captains Mode", "dire_logo": 450657989665524606, "engine": 0, "barracks_status_dire": 63, "barracks_status_radiant": 63, "cluster_name": "US East", "radiant_score": 0, "match_id": 1104920007, "lobby_name": "Practice", "dire_score": 0, "first_blood_time": 0, "radiant_team_id": 1718551, "radiant_logo": 45376357722113646, "human_players": 10, "pre_game_duration": 0, "radiant_team_complete": 0, "tower_status_dire": 1796, "players": [{"item_2": 187, "assists": 7, "leaver_status": 0, "item_1": 42, "item_0": 40, "item_0_name": "Dust of Appearance", "leaver_status_description": "finished match, no abandon", "level": 12, "player_slot": 0, "leaver_status_name": "NONE", "hero_id": 20, "last_hits": 19, "kills": 0, "account_id": 84671288, "item_3_name": "Town Portal Scroll", "item_4": 29, "item_3": 46, "item_4_name": "Boots of Speed", "item_5": 43, "xp_per_min": 95, "item_5_name": "Sentry Ward", "hero_name": "Vengeful Spirit", "gold_per_min": 78, "deaths": 4, "denies": 0, "item_2_name": "Medallion of Courage", "item_1_name": "Observer Ward"}, {"item_2": 63, "assists": 5, "leaver_status": 0, "item_1": 100, "item_0": 119, "item_0_name": "Shiva's Guard", "leaver_status_description": "finished match, no abandon", "level": 20, "player_slot": 1, "leaver_status_name": "NONE", "hero_id": 13, "last_hits": 326, "kills": 7, "account_id": 111620041, "item_3_name": "Blink Dagger", "item_4": 96, "item_3": 1, "item_4_name": "Scythe of Vyse", "item_5": 46, "xp_per_min": 290, "item_5_name": "Town Portal Scroll", "hero_name": "Puck", "gold_per_min": 251, "deaths": 1, "denies": 16, "item_2_name": "Power Treads", "item_1_name": "Eul's Scepter of Divinity"}, {"item_2": 36, "assists": 7, "leaver_status": 0, "item_1": 46, "item_0": 214, "item_0_name": "Tranquil Boots", "leaver_status_description": "finished match, no abandon", "level": 15, "player_slot": 2, "leaver_status_name": "NONE", "hero_id": 102, "last_hits": 71, "kills": 0, "account_id": 86828698, "item_3_name": "Bottle", "item_4": 100, "item_3": 41, "item_4_name": "Eul's Scepter of Divinity", "item_5": 0, "xp_per_min": 201, "hero_name": "Abaddon", "gold_per_min": 135, "deaths": 0, "denies": 8, "item_2_name": "Magic Wand", "item_1_name": "Town Portal Scroll"}, {"item_2": 65, "assists": 4, "leaver_status": 0, "item_1": 63, "item_0": 176, "item_0_name": "Ethereal Blade", "leaver_status_description": "finished match, no abandon", "level": 22, "player_slot": 3, "leaver_status_name": "NONE", "hero_id": 10, "last_hits": 353, "kills": 8, "account_id": 108452107, "item_3_name": "Manta Style", "item_4": 123, "item_3": 147, "item_4_name": "Linken's Sphere", "item_5": 174, "xp_per_min": 354, "item_5_name": "Diffusal Blade", "hero_name": "Morphling", "gold_per_min": 325, "deaths": 1, "denies": 18, "item_2_name": "Hand of Midas", "item_1_name": "Power Treads"}, {"item_2": 36, "assists": 7, "leaver_status": 0, "item_1": 63, "item_0": 79, "item_0_name": "Mekansm", "leaver_status_description": "finished match, no abandon", "level": 14, "player_slot": 4, "leaver_status_name": "NONE", "hero_id": 40, "last_hits": 109, "kills": 3, "account_id": 956503, "item_3_name": "Town Portal Scroll", "item_4": 88, "item_3": 46, "item_4_name": "Ring of Basilius", "item_5": 108, "xp_per_min": 131, "item_5_name": "Aghanim's Scepter", "hero_name": "Venomancer", "gold_per_min": 119, "deaths": 3, "denies": 11, "item_2_name": "Magic Wand", "item_1_name": "Power Treads"}, {"item_2": 1, "assists": 1, "leaver_status": 0, "item_1": 41, "item_0": 63, "item_0_name": "Power Treads", "leaver_status_description": "finished match, no abandon", "level": 16, "player_slot": 128, "leaver_status_name": "NONE", "hero_id": 104, "last_hits": 188, "kills": 2, "account_id": 116434499, "item_3_name": "Black King Bar", "item_4": 9, "item_3": 116, "item_4_name": "Platemail", "item_5": 46, "xp_per_min": 148, "item_5_name": "Town Portal Scroll", "hero_name": "Legion Commander", "gold_per_min": 125, "deaths": 5, "denies": 5, "item_2_name": "Blink Dagger", "item_1_name": "Bottle"}, {"item_2": 36, "assists": 4, "leaver_status": 0, "item_1": 178, "item_0": 43, "item_0_name": "Sentry Ward", "leaver_status_description": "finished match, no abandon", "level": 13, "player_slot": 129, "leaver_status_name": "NONE", "hero_id": 57, "last_hits": 52, "kills": 0, "account_id": 109778511, "item_3_name": "Town Portal Scroll", "item_4": 180, "item_3": 46, "item_4_name": "Arcane Boots", "item_5": 60, "xp_per_min": 93, "item_5_name": "Point Booster", "hero_name": "Omniknight", "gold_per_min": 67, "deaths": 3, "denies": 0, "item_2_name": "Magic Wand", "item_1_name": "Soul Ring"}, {"item_2": 46, "assists": 2, "leaver_status": 0, "item_1": 185, "item_0": 108, "item_0_name": "Aghanim's Scepter", "leaver_status_description": "finished match, no abandon", "level": 17, "player_slot": 130, "leaver_status_name": "NONE", "hero_id": 15, "last_hits": 236, "kills": 3, "account_id": 97548862, "item_3_name": "Power Treads", "item_4": 31, "item_3": 63, "item_4_name": "Cloak", "item_5": 116, "xp_per_min": 204, "item_5_name": "Black King Bar", "hero_name": "Razor", "gold_per_min": 143, "deaths": 1, "denies": 36, "item_2_name": "Town Portal Scroll", "item_1_name": "Drum of Endurance"}, {"item_2": 188, "assists": 2, "leaver_status": 0, "item_1": 29, "item_0": 60, "item_0_name": "Point Booster", "leaver_status_description": "finished match, no abandon", "level": 11, "player_slot": 131, "leaver_status_name": "NONE", "hero_id": 30, "last_hits": 41, "kills": 2, "account_id": 87591974, "item_3_name": "Sentry Ward", "item_4": 23, "item_3": 43, "item_4_name": "Staff of Wizardry", "item_5": 21, "xp_per_min": 82, "item_5_name": "Ogre Club", "hero_name": "Witch Doctor", "gold_per_min": 58, "deaths": 6, "denies": 3, "item_2_name": "Smoke of Deceit", "item_1_name": "Boots of Speed"}, {"item_2": 63, "assists": 2, "leaver_status": 0, "item_1": 116, "item_0": 98, "item_0_name": "Orchid Malevolence", "leaver_status_description": "finished match, no abandon", "level": 18, "player_slot": 132, "leaver_status_name": "NONE", "hero_id": 61, "last_hits": 226, "kills": 2, "account_id": 102823997, "item_3_name": "Soul Ring", "item_4": 65, "item_3": 178, "item_4_name": "Hand of Midas", "item_5": 0, "xp_per_min": 172, "hero_name": "Broodmother", "gold_per_min": 171, "deaths": 3, "denies": 11, "item_2_name": "Power Treads", "item_1_name": "Black King Bar"}], "radiant_name": "ROOT-gaming.com", "match_seq_num": 989821889, "dire_team_id": 1252040, "dire_team_complete": 0, "start_time": 1419107797, "radiant_win": true, "positive_votes": 8, "leagueid": 2158, "game_mode": 2, "dire_name": "Team_eHug", "duration": 2187, "negative_votes": 0}