{"dire_captain": 101571387, "tower_status_radiant": 1846, "flags": 0, "radiant_team_complete": 0, "game_mode": 2, "radiant_score": 0, "match_id": 1105986247, "lobby_name": "Practice", "dire_logo": 3317207128557948183, "pre_game_duration": 0, "radiant_captain": 145335241, "radiant_name": "Garuda Stedium o2F", "match_seq_num": 990864831, "dire_team_complete": 0, "start_time": 1419154059, "radiant_win": true, "positive_votes": 1, "leagueid": 2167, "duration": 2595, "dire_score": 0, "lobby_type": 1, "cluster": 152, "engine": 0, "barracks_status_dire": 51, "barracks_status_radiant": 63, "cluster_name": "Southeast Asia", "first_blood_time": 48, "radiant_team_id": 1870602, "radiant_logo": 535130758229782789, "human_players": 10, "game_mode_name": "Captains Mode", "tower_status_dire": 1926, "players": [{"item_2": 36, "assists": 11, "leaver_status": 0, "item_1": 108, "item_0": 63, "item_0_name": "Power Treads", "leaver_status_description": "finished match, no abandon", "level": 21, "player_slot": 0, "leaver_status_name": "NONE", "hero_id": 75, "last_hits": 185, "kills": 9, "account_id": 145335241, "item_3_name": "Force Staff", "item_4": 46, "item_3": 102, "item_4_name": "Town Portal Scroll", "item_5": 110, "xp_per_min": 567, "item_5_name": "Refresher Orb", "hero_name": "Silencer", "gold_per_min": 435, "deaths": 5, "denies": 6, "item_2_name": "Magic Wand", "item_1_name": "Aghanim's Scepter"}, {"item_2": 214, "assists": 18, "leaver_status": 0, "item_1": 46, "item_0": 187, "item_0_name": "Medallion of Courage", "leaver_status_description": "finished match, no abandon", "level": 14, "player_slot": 1, "leaver_status_name": "NONE", "hero_id": 20, "last_hits": 17, "kills": 2, "account_id": 100858909, "item_3_name": "Magic Wand", "item_4": 0, "item_3": 36, "item_5": 0, "xp_per_min": 268, "hero_name": "Vengeful Spirit", "gold_per_min": 193, "deaths": 8, "denies": 7, "item_2_name": "Tranquil Boots", "item_1_name": "Town Portal Scroll"}, {"item_2": 36, "assists": 12, "leaver_status": 0, "item_1": 98, "item_0": 96, "item_0_name": "Scythe of Vyse", "leaver_status_description": "finished match, no abandon", "level": 23, "player_slot": 2, "leaver_status_name": "NONE", "hero_id": 39, "last_hits": 223, "kills": 11, "account_id": 105042597, "item_3_name": "Bottle", "item_4": 63, "item_3": 41, "item_4_name": "Power Treads", "item_5": 0, "xp_per_min": 646, "hero_name": "Queen of Pain", "gold_per_min": 498, "deaths": 8, "denies": 23, "item_2_name": "Magic Wand", "item_1_name": "Orchid Malevolence"}, {"item_2": 23, "assists": 16, "leaver_status": 0, "item_1": 108, "item_0": 214, "item_0_name": "Tranquil Boots", "leaver_status_description": "finished match, no abandon", "level": 17, "player_slot": 3, "leaver_status_name": "NONE", "hero_id": 84, "last_hits": 45, "kills": 6, "account_id": 101609459, "item_3_name": "Soul Ring", "item_4": 46, "item_3": 178, "item_4_name": "Town Portal Scroll", "item_5": 188, "xp_per_min": 381, "item_5_name": "Smoke of Deceit", "hero_name": "Ogre Magi", "gold_per_min": 266, "deaths": 7, "denies": 11, "item_2_name": "Staff of Wizardry", "item_1_name": "Aghanim's Scepter"}, {"item_2": 210, "assists": 12, "leaver_status": 0, "item_1": 143, "item_0": 151, "item_0_name": "Armlet of Mordiggian", "leaver_status_description": "finished match, no abandon", "level": 23, "player_slot": 4, "leaver_status_name": "NONE", "hero_id": 42, "last_hits": 178, "kills": 12, "account_id": 173816614, "item_3_name": "Power Treads", "item_4": 55, "item_3": 63, "item_4_name": "Hyperstone", "item_5": 1, "xp_per_min": 670, "item_5_name": "Blink Dagger", "hero_name": "Wraith King", "gold_per_min": 493, "deaths": 9, "denies": 25, "item_2_name": "Heaven's Halberd", "item_1_name": "Skull Basher"}, {"item_2": 46, "assists": 15, "leaver_status": 0, "item_1": 166, "item_0": 116, "item_0_name": "Black King Bar", "leaver_status_description": "finished match, no abandon", "level": 23, "player_slot": 128, "leaver_status_name": "NONE", "hero_id": 41, "last_hits": 170, "kills": 8, "account_id": 101571387, "item_3_name": "Mask of Madness", "item_4": 63, "item_3": 172, "item_4_name": "Power Treads", "item_5": 110, "xp_per_min": 656, "item_5_name": "Refresher Orb", "hero_name": "Faceless Void", "gold_per_min": 433, "deaths": 5, "denies": 2, "item_2_name": "Town Portal Scroll", "item_1_name": "Maelstrom"}, {"item_2": 46, "assists": 17, "leaver_status": 0, "item_1": 36, "item_0": 92, "item_0_name": "Urn of Shadows", "leaver_status_description": "finished match, no abandon", "level": 14, "player_slot": 129, "leaver_status_name": "NONE", "hero_id": 30, "last_hits": 24, "kills": 5, "account_id": 111034589, "item_3_name": "Power Treads", "item_4": 60, "item_3": 63, "item_4_name": "Point Booster", "item_5": 21, "xp_per_min": 244, "item_5_name": "Ogre Club", "hero_name": "Witch Doctor", "gold_per_min": 211, "deaths": 8, "denies": 0, "item_2_name": "Town Portal Scroll", "item_1_name": "Magic Wand"}, {"item_2": 116, "assists": 14, "leaver_status": 0, "item_1": 102, "item_0": 1, "item_0_name": "Blink Dagger", "leaver_status_description": "finished match, no abandon", "level": 21, "player_slot": 130, "leaver_status_name": "NONE", "hero_id": 65, "last_hits": 219, "kills": 9, "account_id": 113457795, "item_3_name": "Refresher Orb", "item_4": 0, "item_3": 110, "item_5": 48, "xp_per_min": 563, "item_5_name": "Boots of Travel", "hero_name": "Batrider", "gold_per_min": 469, "deaths": 8, "denies": 4, "item_2_name": "Black King Bar", "item_1_name": "Force Staff"}, {"item_2": 100, "assists": 19, "leaver_status": 0, "item_1": 178, "item_0": 214, "item_0_name": "Tranquil Boots", "leaver_status_description": "finished match, no abandon", "level": 17, "player_slot": 131, "leaver_status_name": "NONE", "hero_id": 103, "last_hits": 68, "kills": 9, "account_id": 111010729, "item_3_name": "Platemail", "item_4": 0, "item_3": 9, "item_5": 46, "xp_per_min": 389, "item_5_name": "Town Portal Scroll", "hero_name": "Elder Titan", "gold_per_min": 294, "deaths": 7, "denies": 1, "item_2_name": "Eul's Scepter of Divinity", "item_1_name": "Soul Ring"}, {"item_2": 41, "assists": 11, "leaver_status": 0, "item_1": 100, "item_0": 121, "item_0_name": "Bloodstone", "leaver_status_description": "finished match, no abandon", "level": 19, "player_slot": 132, "leaver_status_name": "NONE", "hero_id": 98, "last_hits": 145, "kills": 5, "account_id": 101453405, "item_4": 60, "item_3": 0, "item_4_name": "Point Booster", "item_5": 29, "xp_per_min": 466, "item_5_name": "Boots of Speed", "hero_name": "Timbersaw", "gold_per_min": 350, "deaths": 12, "denies": 2, "item_2_name": "Bottle", "item_1_name": "Eul's Scepter of Divinity"}], "dire_team_id": 1053907, "picks_bans": [{"order": 0, "is_pick": false, "hero_id": 78, "team": 1}, {"order": 1, "is_pick": false, "hero_id": 29, "team": 0}, {"order": 2, "is_pick": false, "hero_id": 43, "team": 1}, {"order": 3, "is_pick": false, "hero_id": 74, "team": 0}, {"order": 4, "is_pick": true, "hero_id": 41, "team": 1}, {"order": 5, "is_pick": true, "hero_id": 20, "team": 0}, {"order": 6, "is_pick": true, "hero_id": 84, "team": 0}, {"order": 7, "is_pick": true, "hero_id": 98, "team": 1}, {"order": 8, "is_pick": false, "hero_id": 36, "team": 1}, {"order": 9, "is_pick": false, "hero_id": 101, "team": 0}, {"order": 10, "is_pick": false, "hero_id": 15, "team": 1}, {"order": 11, "is_pick": false, "hero_id": 64, "team": 0}, {"order": 12, "is_pick": true, "hero_id": 75, "team": 0}, {"order": 13, "is_pick": true, "hero_id": 103, "team": 1}, {"order": 14, "is_pick": true, "hero_id": 39, "team": 0}, {"order": 15, "is_pick": true, "hero_id": 30, "team": 1}, {"order": 16, "is_pick": false, "hero_id": 46, "team": 0}, {"order": 17, "is_pick": false, "hero_id": 6, "team": 1}, {"order": 18, "is_pick": true, "hero_id": 42, "team": 0}, {"order": 19, "is_pick": true, "hero_id": 65, "team": 1}], "dire_name": "Genysis", "negative_votes": 0}