{"tower_status_radiant": 2046, "flags": 0, "lobby_type": 1, "cluster": 123, "game_mode_name": "All Pick", "dire_logo": 547516193259918115, "engine": 0, "barracks_status_dire": 51, "barracks_status_radiant": 63, "cluster_name": "US East", "radiant_score": 0, "match_id": 1109852069, "lobby_name": "Practice", "dire_score": 0, "first_blood_time": 144, "human_players": 10, "pre_game_duration": 0, "tower_status_dire": 1926, "players": [{"item_2": 212, "assists": 7, "leaver_status": 0, "item_1": 63, "item_0": 108, "item_0_name": "Aghanim's Scepter", "leaver_status_description": "finished match, no abandon", "level": 15, "player_slot": 0, "leaver_status_name": "NONE", "hero_id": 47, "last_hits": 123, "kills": 5, "account_id": 86912142, "item_3_name": "Mekansm", "item_4": 46, "item_3": 79, "item_4_name": "Town Portal Scroll", "item_5": 61, "xp_per_min": 472, "item_5_name": "Vitality Booster", "hero_name": "Viper", "gold_per_min": 422, "deaths": 4, "denies": 18, "item_2_name": "Ring of Aquila", "item_1_name": "Power Treads"}, {"item_2": 127, "assists": 11, "leaver_status": 0, "item_1": 63, "item_0": 41, "item_0_name": "Bottle", "leaver_status_description": "finished match, no abandon", "level": 18, "player_slot": 1, "leaver_status_name": "NONE", "hero_id": 99, "last_hits": 188, "kills": 8, "account_id": 87177591, "item_3_name": "Vanguard", "item_4": 114, "item_3": 125, "item_4_name": "Heart of Tarrasque", "item_5": 36, "xp_per_min": 601, "item_5_name": "Magic Wand", "hero_name": "Bristleback", "gold_per_min": 615, "deaths": 2, "denies": 6, "item_2_name": "Blade Mail", "item_1_name": "Power Treads"}, {"item_2": 92, "assists": 12, "leaver_status": 0, "item_1": 100, "item_0": 214, "item_0_name": "Tranquil Boots", "leaver_status_description": "finished match, no abandon", "level": 16, "player_slot": 2, "leaver_status_name": "NONE", "hero_id": 102, "last_hits": 37, "kills": 6, "account_id": 86727555, "item_3_name": "Soul Ring", "item_4": 0, "item_3": 178, "item_5": 36, "xp_per_min": 489, "item_5_name": "Magic Wand", "hero_name": "Abaddon", "gold_per_min": 310, "deaths": 1, "denies": 8, "item_2_name": "Urn of Shadows", "item_1_name": "Eul's Scepter of Divinity"}, {"item_2": 73, "assists": 8, "leaver_status": 1, "item_1": 36, "item_0": 214, "item_0_name": "Tranquil Boots", "leaver_status_description": "player DC, no abandon", "level": 11, "player_slot": 3, "leaver_status_name": "DISCONNECTED", "hero_id": 87, "last_hits": 23, "kills": 3, "account_id": 84210817, "item_4": 57, "item_3": 0, "item_4_name": "Void Stone", "item_5": 73, "xp_per_min": 261, "item_5_name": "Bracer", "hero_name": "Disruptor", "gold_per_min": 236, "deaths": 4, "denies": 1, "item_2_name": "Bracer", "item_1_name": "Magic Wand"}, {"item_2": 102, "assists": 14, "leaver_status": 1, "item_1": 34, "item_0": 0, "leaver_status_description": "player DC, no abandon", "level": 13, "player_slot": 4, "leaver_status_name": "DISCONNECTED", "hero_id": 97, "last_hits": 60, "kills": 5, "account_id": 87276347, "item_3_name": "Blink Dagger", "item_4": 41, "item_3": 1, "item_4_name": "Bottle", "item_5": 63, "xp_per_min": 362, "item_5_name": "Power Treads", "hero_name": "Magnus", "gold_per_min": 332, "deaths": 4, "denies": 1, "item_2_name": "Force Staff", "item_1_name": "Magic Stick"}, {"item_2": 34, "assists": 4, "leaver_status": 1, "item_1": 102, "item_0": 24, "item_0_name": "Ultimate Orb", "leaver_status_description": "player DC, no abandon", "level": 14, "player_slot": 128, "leaver_status_name": "DISCONNECTED", "hero_id": 21, "last_hits": 62, "kills": 7, "account_id": 108452107, "item_3_name": "Phase Boots", "item_4": 46, "item_3": 50, "item_4_name": "Town Portal Scroll", "item_5": 88, "xp_per_min": 390, "item_5_name": "Ring of Basilius", "hero_name": "Windranger", "gold_per_min": 420, "deaths": 6, "denies": 6, "item_2_name": "Magic Stick", "item_1_name": "Force Staff"}, {"item_2": 41, "assists": 8, "leaver_status": 3, "item_1": 0, "item_0": 63, "item_0_name": "Power Treads", "leaver_status_description": "player dc, clicked leave, abandon", "level": 13, "player_slot": 129, "leaver_status_name": "ABANDONED", "hero_id": 40, "last_hits": 89, "kills": 0, "account_id": 84176344, "item_3_name": "Ring of Aquila", "item_4": 86, "item_3": 212, "item_4_name": "Buckler", "item_5": 0, "xp_per_min": 335, "hero_name": "Venomancer", "gold_per_min": 290, "deaths": 9, "denies": 13, "item_2_name": "Bottle"}, {"item_2": 36, "assists": 8, "leaver_status": 3, "item_1": 127, "item_0": 63, "item_0_name": "Power Treads", "leaver_status_description": "player dc, clicked leave, abandon", "level": 11, "player_slot": 130, "leaver_status_name": "ABANDONED", "hero_id": 51, "last_hits": 38, "kills": 3, "account_id": 111620041, "item_3_name": "Town Portal Scroll", "item_4": 188, "item_3": 46, "item_4_name": "Smoke of Deceit", "item_5": 0, "xp_per_min": 248, "hero_name": "Clockwerk", "gold_per_min": 262, "deaths": 8, "denies": 2, "item_2_name": "Magic Wand", "item_1_name": "Blade Mail"}, {"item_2": 34, "assists": 3, "leaver_status": 3, "item_1": 0, "item_0": 172, "item_0_name": "Mask of Madness", "leaver_status_description": "player dc, clicked leave, abandon", "level": 16, "player_slot": 131, "leaver_status_name": "ABANDONED", "hero_id": 41, "last_hits": 141, "kills": 4, "account_id": 86700461, "item_3_name": "Power Treads", "item_4": 166, "item_3": 63, "item_4_name": "Maelstrom", "item_5": 116, "xp_per_min": 482, "item_5_name": "Black King Bar", "hero_name": "Faceless Void", "gold_per_min": 449, "deaths": 4, "denies": 23, "item_2_name": "Magic Stick"}, {"item_2": 0, "assists": 4, "leaver_status": 3, "item_1": 46, "item_0": 21, "item_0_name": "Ogre Club", "leaver_status_description": "player dc, clicked leave, abandon", "level": 11, "player_slot": 132, "leaver_status_name": "ABANDONED", "hero_id": 68, "last_hits": 48, "kills": 1, "account_id": 86828698, "item_3_name": "Tranquil Boots", "item_4": 60, "item_3": 214, "item_4_name": "Point Booster", "item_5": 16, "xp_per_min": 240, "item_5_name": "Iron Branch", "hero_name": "Ancient Apparition", "gold_per_min": 215, "deaths": 2, "denies": 4, "item_1_name": "Town Portal Scroll"}], "match_seq_num": 994272877, "dire_team_id": 2041520, "dire_team_complete": 0, "start_time": 1419298164, "radiant_win": true, "positive_votes": 0, "leagueid": 2363, "game_mode": 1, "dire_name": "Guess Jeans", "duration": 1713, "negative_votes": 0}