{"dire_captain": 139876032, "tower_status_radiant": 1975, "flags": 0, "radiant_team_complete": 0, "game_mode": 2, "radiant_score": 0, "match_id": 1117272038, "lobby_name": "Practice", "dire_logo": 3281181583551777655, "pre_game_duration": 0, "radiant_captain": 89246836, "radiant_name": "Invictus Gaming", "match_seq_num": 1000855273, "dire_team_complete": 0, "start_time": 1419594851, "radiant_win": true, "positive_votes": 967, "leagueid": 2178, "duration": 1408, "dire_score": 0, "lobby_type": 1, "cluster": 225, "engine": 0, "barracks_status_dire": 60, "barracks_status_radiant": 63, "cluster_name": "China", "first_blood_time": 132, "radiant_team_id": 5, "radiant_logo": 528418381437908533, "human_players": 10, "game_mode_name": "Captains Mode", "tower_status_dire": 1824, "players": [{"item_2": 0, "assists": 6, "leaver_status": 0, "item_1": 69, "item_0": 36, "item_0_name": "Magic Wand", "leaver_status_description": "finished match, no abandon", "level": 11, "player_slot": 0, "leaver_status_name": "NONE", "hero_id": 29, "last_hits": 36, "kills": 4, "account_id": 89246836, "item_3_name": "Arcane Boots", "item_4": 1, "item_3": 180, "item_4_name": "Blink Dagger", "item_5": 0, "xp_per_min": 307, "hero_name": "Tidehunter", "gold_per_min": 319, "deaths": 0, "denies": 2, "item_1_name": "Perseverance"}, {"item_2": 117, "assists": 4, "leaver_status": 0, "item_1": 36, "item_0": 50, "item_0_name": "Phase Boots", "leaver_status_description": "finished match, no abandon", "level": 13, "player_slot": 1, "leaver_status_name": "NONE", "hero_id": 95, "last_hits": 115, "kills": 5, "account_id": 138885864, "item_3_name": "Mekansm", "item_4": 154, "item_3": 79, "item_4_name": "Sange and Yasha", "item_5": 166, "xp_per_min": 418, "item_5_name": "Maelstrom", "hero_name": "Troll Warlord", "gold_per_min": 498, "deaths": 1, "denies": 22, "item_2_name": "Aegis of the Immortal", "item_1_name": "Magic Wand"}, {"item_2": 41, "assists": 8, "leaver_status": 0, "item_1": 46, "item_0": 32, "item_0_name": "Talisman of Evasion", "leaver_status_description": "finished match, no abandon", "level": 14, "player_slot": 2, "leaver_status_name": "NONE", "hero_id": 8, "last_hits": 112, "kills": 2, "account_id": 88585077, "item_3_name": "Phase Boots", "item_4": 170, "item_3": 50, "item_4_name": "Yasha", "item_5": 185, "xp_per_min": 458, "item_5_name": "Drum of Endurance", "hero_name": "Juggernaut", "gold_per_min": 475, "deaths": 2, "denies": 23, "item_2_name": "Bottle", "item_1_name": "Town Portal Scroll"}, {"item_2": 194, "assists": 7, "leaver_status": 0, "item_1": 180, "item_0": 0, "leaver_status_description": "finished match, no abandon", "level": 11, "player_slot": 3, "leaver_status_name": "NONE", "hero_id": 38, "last_hits": 70, "kills": 2, "account_id": 90031225, "item_3_name": "Stout Shield", "item_4": 0, "item_3": 182, "item_5": 0, "xp_per_min": 338, "hero_name": "Beastmaster", "gold_per_min": 367, "deaths": 2, "denies": 7, "item_2_name": "Necronomicon", "item_1_name": "Arcane Boots"}, {"item_2": 29, "assists": 6, "leaver_status": 0, "item_1": 34, "item_0": 187, "item_0_name": "Medallion of Courage", "leaver_status_description": "finished match, no abandon", "level": 10, "player_slot": 4, "leaver_status_name": "NONE", "hero_id": 50, "last_hits": 22, "kills": 2, "account_id": 88553213, "item_3_name": "Smoke of Deceit", "item_4": 60, "item_3": 188, "item_4_name": "Point Booster", "item_5": 92, "xp_per_min": 253, "item_5_name": "Urn of Shadows", "hero_name": "Dazzle", "gold_per_min": 264, "deaths": 0, "denies": 10, "item_2_name": "Boots of Speed", "item_1_name": "Magic Stick"}, {"item_2": 36, "assists": 2, "leaver_status": 0, "item_1": 178, "item_0": 1, "item_0_name": "Blink Dagger", "leaver_status_description": "finished match, no abandon", "level": 11, "player_slot": 128, "leaver_status_name": "NONE", "hero_id": 55, "last_hits": 80, "kills": 2, "account_id": 99460568, "item_3_name": "Town Portal Scroll", "item_4": 79, "item_3": 46, "item_4_name": "Mekansm", "item_5": 29, "xp_per_min": 317, "item_5_name": "Boots of Speed", "hero_name": "Dark Seer", "gold_per_min": 287, "deaths": 2, "denies": 1, "item_2_name": "Magic Wand", "item_1_name": "Soul Ring"}, {"item_2": 8, "assists": 4, "leaver_status": 0, "item_1": 63, "item_0": 36, "item_0_name": "Magic Wand", "leaver_status_description": "finished match, no abandon", "level": 11, "player_slot": 129, "leaver_status_name": "NONE", "hero_id": 60, "last_hits": 83, "kills": 1, "account_id": 117082604, "item_3_name": "Bottle", "item_4": 21, "item_3": 41, "item_4_name": "Ogre Club", "item_5": 92, "xp_per_min": 309, "item_5_name": "Urn of Shadows", "hero_name": "Night Stalker", "gold_per_min": 299, "deaths": 2, "denies": 3, "item_2_name": "Mithril Hammer", "item_1_name": "Power Treads"}, {"item_2": 46, "assists": 5, "leaver_status": 0, "item_1": 0, "item_0": 214, "item_0_name": "Tranquil Boots", "leaver_status_description": "finished match, no abandon", "level": 8, "player_slot": 130, "leaver_status_name": "NONE", "hero_id": 101, "last_hits": 18, "kills": 0, "account_id": 89166519, "item_4": 36, "item_3": 0, "item_4_name": "Magic Wand", "item_5": 0, "xp_per_min": 150, "hero_name": "Skywrath Mage", "gold_per_min": 156, "deaths": 4, "denies": 2, "item_2_name": "Town Portal Scroll"}, {"item_2": 46, "assists": 3, "leaver_status": 0, "item_1": 73, "item_0": 1, "item_0_name": "Blink Dagger", "leaver_status_description": "finished match, no abandon", "level": 11, "player_slot": 131, "leaver_status_name": "NONE", "hero_id": 2, "last_hits": 93, "kills": 2, "account_id": 139876032, "item_3_name": "Stout Shield", "item_4": 34, "item_3": 182, "item_4_name": "Magic Stick", "item_5": 214, "xp_per_min": 307, "item_5_name": "Tranquil Boots", "hero_name": "Axe", "gold_per_min": 307, "deaths": 6, "denies": 0, "item_2_name": "Town Portal Scroll", "item_1_name": "Bracer"}, {"item_2": 71, "assists": 3, "leaver_status": 0, "item_1": 63, "item_0": 21, "item_0_name": "Ogre Club", "leaver_status_description": "finished match, no abandon", "level": 11, "player_slot": 132, "leaver_status_name": "NONE", "hero_id": 41, "last_hits": 78, "kills": 0, "account_id": 113705693, "item_3_name": "Mask of Madness", "item_4": 11, "item_3": 172, "item_4_name": "Quelling Blade", "item_5": 46, "xp_per_min": 293, "item_5_name": "Town Portal Scroll", "hero_name": "Faceless Void", "gold_per_min": 255, "deaths": 2, "denies": 11, "item_2_name": "Poor Man's Shield", "item_1_name": "Power Treads"}], "dire_team_id": 484909, "picks_bans": [{"order": 0, "is_pick": false, "hero_id": 61, "team": 1}, {"order": 1, "is_pick": false, "hero_id": 65, "team": 0}, {"order": 2, "is_pick": false, "hero_id": 106, "team": 1}, {"order": 3, "is_pick": false, "hero_id": 78, "team": 0}, {"order": 4, "is_pick": true, "hero_id": 41, "team": 1}, {"order": 5, "is_pick": true, "hero_id": 95, "team": 0}, {"order": 6, "is_pick": true, "hero_id": 8, "team": 0}, {"order": 7, "is_pick": true, "hero_id": 101, "team": 1}, {"order": 8, "is_pick": false, "hero_id": 20, "team": 1}, {"order": 9, "is_pick": false, "hero_id": 51, "team": 0}, {"order": 10, "is_pick": false, "hero_id": 66, "team": 1}, {"order": 11, "is_pick": false, "hero_id": 15, "team": 0}, {"order": 12, "is_pick": true, "hero_id": 50, "team": 0}, {"order": 13, "is_pick": true, "hero_id": 55, "team": 1}, {"order": 14, "is_pick": true, "hero_id": 29, "team": 0}, {"order": 15, "is_pick": true, "hero_id": 60, "team": 1}, {"order": 16, "is_pick": false, "hero_id": 68, "team": 0}, {"order": 17, "is_pick": false, "hero_id": 86, "team": 1}, {"order": 18, "is_pick": true, "hero_id": 38, "team": 0}, {"order": 19, "is_pick": true, "hero_id": 2, "team": 1}], "dire_name": "Hyper Glory Team", "negative_votes": 137}