{"dire_captain": 89269794, "tower_status_radiant": 1792, "flags": 0, "lobby_type": 1, "cluster": 133, "game_mode_name": "Captains Mode", "dire_logo": 541924293718462159, "engine": 0, "barracks_status_dire": 63, "barracks_status_radiant": 48, "cluster_name": "Europe West", "radiant_score": 0, "match_id": 1118288943, "lobby_name": "Practice", "dire_score": 0, "first_blood_time": 196, "human_players": 10, "pre_game_duration": 0, "radiant_captain": 18180970, "players": [{"item_2": 46, "assists": 8, "leaver_status": 0, "item_1": 29, "item_0": 92, "item_0_name": "Urn of Shadows", "leaver_status_description": "finished match, no abandon", "level": 11, "player_slot": 0, "leaver_status_name": "NONE", "hero_id": 68, "last_hits": 24, "kills": 2, "account_id": 18180970, "item_3_name": "Magic Wand", "item_4": 0, "item_3": 36, "item_5": 0, "xp_per_min": 218, "hero_name": "Ancient Apparition", "gold_per_min": 198, "deaths": 11, "denies": 8, "item_2_name": "Town Portal Scroll", "item_1_name": "Boots of Speed"}, {"item_2": 1, "assists": 5, "leaver_status": 0, "item_1": 46, "item_0": 41, "item_0_name": "Bottle", "leaver_status_description": "finished match, no abandon", "level": 17, "player_slot": 1, "leaver_status_name": "NONE", "hero_id": 78, "last_hits": 71, "kills": 3, "account_id": 43720230, "item_3_name": "Ogre Club", "item_4": 63, "item_3": 21, "item_4_name": "Power Treads", "item_5": 36, "xp_per_min": 513, "item_5_name": "Magic Wand", "hero_name": "Brewmaster", "gold_per_min": 342, "deaths": 9, "denies": 2, "item_2_name": "Blink Dagger", "item_1_name": "Town Portal Scroll"}, {"item_2": 65, "assists": 6, "leaver_status": 0, "item_1": 154, "item_0": 63, "item_0_name": "Power Treads", "leaver_status_description": "finished match, no abandon", "level": 17, "player_slot": 2, "leaver_status_name": "NONE", "hero_id": 93, "last_hits": 161, "kills": 4, "account_id": 100317750, "item_3_name": "Black King Bar", "item_4": 24, "item_3": 116, "item_4_name": "Ultimate Orb", "item_5": 34, "xp_per_min": 546, "item_5_name": "Magic Stick", "hero_name": "Slark", "gold_per_min": 514, "deaths": 4, "denies": 19, "item_2_name": "Hand of Midas", "item_1_name": "Sange and Yasha"}, {"item_2": 63, "assists": 7, "leaver_status": 0, "item_1": 21, "item_0": 36, "item_0_name": "Magic Wand", "leaver_status_description": "finished match, no abandon", "level": 12, "player_slot": 3, "leaver_status_name": "NONE", "hero_id": 30, "last_hits": 13, "kills": 4, "account_id": 71286125, "item_3_name": "Sentry Ward", "item_4": 46, "item_3": 43, "item_4_name": "Town Portal Scroll", "item_5": 42, "xp_per_min": 266, "item_5_name": "Observer Ward", "hero_name": "Witch Doctor", "gold_per_min": 245, "deaths": 9, "denies": 4, "item_2_name": "Power Treads", "item_1_name": "Ogre Club"}, {"item_2": 65, "assists": 7, "leaver_status": 0, "item_1": 88, "item_0": 63, "item_0_name": "Power Treads", "leaver_status_description": "finished match, no abandon", "level": 15, "player_slot": 4, "leaver_status_name": "NONE", "hero_id": 53, "last_hits": 122, "kills": 1, "account_id": 40209325, "item_4": 166, "item_3": 0, "item_4_name": "Maelstrom", "item_5": 46, "xp_per_min": 405, "item_5_name": "Town Portal Scroll", "hero_name": "Nature's Prophet", "gold_per_min": 386, "deaths": 12, "denies": 1, "item_2_name": "Hand of Midas", "item_1_name": "Ring of Basilius"}, {"item_2": 100, "assists": 10, "leaver_status": 0, "item_1": 102, "item_0": 1, "item_0_name": "Blink Dagger", "leaver_status_description": "finished match, no abandon", "level": 17, "player_slot": 128, "leaver_status_name": "NONE", "hero_id": 29, "last_hits": 100, "kills": 3, "account_id": 112250781, "item_3_name": "Arcane Boots", "item_4": 188, "item_3": 180, "item_4_name": "Smoke of Deceit", "item_5": 36, "xp_per_min": 503, "item_5_name": "Magic Wand", "hero_name": "Tidehunter", "gold_per_min": 394, "deaths": 4, "denies": 0, "item_2_name": "Eul's Scepter of Divinity", "item_1_name": "Force Staff"}, {"item_2": 102, "assists": 11, "leaver_status": 0, "item_1": 63, "item_0": 185, "item_0_name": "Drum of Endurance", "leaver_status_description": "finished match, no abandon", "level": 14, "player_slot": 129, "leaver_status_name": "NONE", "hero_id": 75, "last_hits": 56, "kills": 2, "account_id": 91064780, "item_3_name": "Magic Stick", "item_4": 46, "item_3": 34, "item_4_name": "Town Portal Scroll", "item_5": 0, "xp_per_min": 344, "hero_name": "Silencer", "gold_per_min": 289, "deaths": 4, "denies": 5, "item_2_name": "Force Staff", "item_1_name": "Power Treads"}, {"item_2": 108, "assists": 15, "leaver_status": 0, "item_1": 141, "item_0": 147, "item_0_name": "Manta Style", "leaver_status_description": "finished match, no abandon", "level": 23, "player_slot": 130, "leaver_status_name": "NONE", "hero_id": 19, "last_hits": 299, "kills": 19, "account_id": 86725175, "item_3_name": "Power Treads", "item_4": 185, "item_3": 63, "item_4_name": "Drum of Endurance", "item_5": 112, "xp_per_min": 906, "item_5_name": "Assault Cuirass", "hero_name": "Tiny", "gold_per_min": 902, "deaths": 1, "denies": 22, "item_2_name": "Aghanim's Scepter", "item_1_name": "Daedalus"}, {"item_2": 206, "assists": 18, "leaver_status": 0, "item_1": 41, "item_0": 92, "item_0_name": "Urn of Shadows", "leaver_status_description": "finished match, no abandon", "level": 17, "player_slot": 131, "leaver_status_name": "NONE", "hero_id": 91, "last_hits": 22, "kills": 10, "account_id": 123051238, "item_3_name": "Mekansm", "item_4": 63, "item_3": 79, "item_4_name": "Power Treads", "item_5": 1, "xp_per_min": 541, "item_5_name": "Blink Dagger", "hero_name": "Io", "gold_per_min": 394, "deaths": 3, "denies": 2, "item_2_name": "Rod of Atos", "item_1_name": "Bottle"}, {"item_2": 21, "assists": 12, "leaver_status": 0, "item_1": 119, "item_0": 1, "item_0_name": "Blink Dagger", "leaver_status_description": "finished match, no abandon", "level": 19, "player_slot": 132, "leaver_status_name": "NONE", "hero_id": 96, "last_hits": 142, "kills": 10, "account_id": 89269794, "item_3_name": "Crimson Guard", "item_4": 8, "item_3": 242, "item_4_name": "Mithril Hammer", "item_5": 214, "xp_per_min": 635, "item_5_name": "Tranquil Boots", "hero_name": "Centaur Warrunner", "gold_per_min": 520, "deaths": 4, "denies": 11, "item_2_name": "Ogre Club", "item_1_name": "Shiva's Guard"}], "tower_status_dire": 2036, "match_seq_num": 1001763839, "dire_team_id": 46, "dire_team_complete": 1, "start_time": 1419620393, "picks_bans": [{"order": 0, "is_pick": false, "hero_id": 77, "team": 0}, {"order": 1, "is_pick": false, "hero_id": 47, "team": 1}, {"order": 2, "is_pick": false, "hero_id": 84, "team": 0}, {"order": 3, "is_pick": false, "hero_id": 87, "team": 1}, {"order": 4, "is_pick": true, "hero_id": 78, "team": 0}, {"order": 5, "is_pick": true, "hero_id": 91, "team": 1}, {"order": 6, "is_pick": true, "hero_id": 29, "team": 1}, {"order": 7, "is_pick": true, "hero_id": 68, "team": 0}, {"order": 8, "is_pick": false, "hero_id": 20, "team": 0}, {"order": 9, "is_pick": false, "hero_id": 61, "team": 1}, {"order": 10, "is_pick": false, "hero_id": 17, "team": 0}, {"order": 11, "is_pick": false, "hero_id": 2, "team": 1}, {"order": 12, "is_pick": true, "hero_id": 19, "team": 1}, {"order": 13, "is_pick": true, "hero_id": 30, "team": 0}, {"order": 14, "is_pick": true, "hero_id": 75, "team": 1}, {"order": 15, "is_pick": true, "hero_id": 93, "team": 0}, {"order": 16, "is_pick": false, "hero_id": 69, "team": 1}, {"order": 17, "is_pick": false, "hero_id": 3, "team": 0}, {"order": 18, "is_pick": true, "hero_id": 96, "team": 1}, {"order": 19, "is_pick": true, "hero_id": 53, "team": 0}], "radiant_win": false, "positive_votes": 113, "leagueid": 2158, "game_mode": 2, "dire_name": "Team Empire", "duration": 1859, "negative_votes": 14}