{"dire_captain": 111620041, "tower_status_radiant": 1975, "flags": 0, "lobby_type": 1, "cluster": 122, "game_mode_name": "Captains Mode", "dire_logo": 612755607724864454, "engine": 0, "barracks_status_dire": 63, "barracks_status_radiant": 63, "cluster_name": "US East", "radiant_score": 0, "match_id": 1118694697, "lobby_name": "Practice", "dire_score": 0, "first_blood_time": 99, "human_players": 10, "pre_game_duration": 0, "radiant_captain": 86727555, "players": [{"item_2": 0, "assists": 16, "leaver_status": 0, "item_1": 23, "item_0": 63, "item_0_name": "Power Treads", "leaver_status_description": "finished match, no abandon", "level": 11, "player_slot": 0, "leaver_status_name": "NONE", "hero_id": 20, "last_hits": 7, "kills": 8, "account_id": 86727555, "item_3_name": "Smoke of Deceit", "item_4": 73, "item_3": 188, "item_4_name": "Bracer", "item_5": 36, "xp_per_min": 354, "item_5_name": "Magic Wand", "hero_name": "Vengeful Spirit", "gold_per_min": 318, "deaths": 3, "denies": 0, "item_1_name": "Staff of Wizardry"}, {"item_2": 0, "assists": 16, "leaver_status": 0, "item_1": 36, "item_0": 0, "leaver_status_description": "finished match, no abandon", "level": 10, "player_slot": 1, "leaver_status_name": "NONE", "hero_id": 50, "last_hits": 8, "kills": 1, "account_id": 115209239, "item_3_name": "Smoke of Deceit", "item_4": 180, "item_3": 188, "item_4_name": "Arcane Boots", "item_5": 0, "xp_per_min": 302, "hero_name": "Dazzle", "gold_per_min": 199, "deaths": 5, "denies": 5, "item_1_name": "Magic Wand"}, {"item_2": 41, "assists": 8, "leaver_status": 0, "item_1": 36, "item_0": 152, "item_0_name": "Shadow Blade", "leaver_status_description": "finished match, no abandon", "level": 14, "player_slot": 2, "leaver_status_name": "NONE", "hero_id": 49, "last_hits": 68, "kills": 8, "account_id": 89672163, "item_3_name": "Power Treads", "item_4": 46, "item_3": 63, "item_4_name": "Town Portal Scroll", "item_5": 21, "xp_per_min": 553, "item_5_name": "Ogre Club", "hero_name": "Dragon Knight", "gold_per_min": 474, "deaths": 2, "denies": 3, "item_2_name": "Bottle", "item_1_name": "Magic Wand"}, {"item_2": 212, "assists": 12, "leaver_status": 0, "item_1": 185, "item_0": 36, "item_0_name": "Magic Wand", "leaver_status_description": "finished match, no abandon", "level": 12, "player_slot": 3, "leaver_status_name": "NONE", "hero_id": 15, "last_hits": 59, "kills": 7, "account_id": 90811817, "item_3_name": "Power Treads", "item_4": 46, "item_3": 63, "item_4_name": "Town Portal Scroll", "item_5": 0, "xp_per_min": 471, "hero_name": "Razor", "gold_per_min": 414, "deaths": 2, "denies": 8, "item_2_name": "Ring of Aquila", "item_1_name": "Drum of Endurance"}, {"item_2": 36, "assists": 13, "leaver_status": 0, "item_1": 214, "item_0": 46, "item_0_name": "Town Portal Scroll", "leaver_status_description": "finished match, no abandon", "level": 13, "player_slot": 4, "leaver_status_name": "NONE", "hero_id": 2, "last_hits": 90, "kills": 7, "account_id": 87276347, "item_3_name": "Blink Dagger", "item_4": 21, "item_3": 1, "item_4_name": "Ogre Club", "item_5": 125, "xp_per_min": 522, "item_5_name": "Vanguard", "hero_name": "Axe", "gold_per_min": 503, "deaths": 3, "denies": 0, "item_2_name": "Magic Wand", "item_1_name": "Tranquil Boots"}, {"item_2": 185, "assists": 4, "leaver_status": 0, "item_1": 41, "item_0": 63, "item_0_name": "Power Treads", "leaver_status_description": "finished match, no abandon", "level": 12, "player_slot": 128, "leaver_status_name": "NONE", "hero_id": 44, "last_hits": 40, "kills": 7, "account_id": 111620041, "item_3_name": "Town Portal Scroll", "item_4": 172, "item_3": 46, "item_4_name": "Mask of Madness", "item_5": 71, "xp_per_min": 445, "item_5_name": "Poor Man's Shield", "hero_name": "Phantom Assassin", "gold_per_min": 399, "deaths": 6, "denies": 8, "item_2_name": "Drum of Endurance", "item_1_name": "Bottle"}, {"item_2": 9, "assists": 5, "leaver_status": 0, "item_1": 0, "item_0": 36, "item_0_name": "Magic Wand", "leaver_status_description": "finished match, no abandon", "level": 9, "player_slot": 129, "leaver_status_name": "NONE", "hero_id": 110, "last_hits": 36, "kills": 3, "account_id": 84176344, "item_3_name": "Tranquil Boots", "item_4": 0, "item_3": 214, "item_5": 0, "xp_per_min": 265, "hero_name": "Phoenix", "gold_per_min": 268, "deaths": 7, "denies": 3, "item_2_name": "Platemail"}, {"item_2": 0, "assists": 6, "leaver_status": 0, "item_1": 36, "item_0": 46, "item_0_name": "Town Portal Scroll", "leaver_status_description": "finished match, no abandon", "level": 7, "player_slot": 130, "leaver_status_name": "NONE", "hero_id": 7, "last_hits": 5, "kills": 0, "account_id": 87256141, "item_3_name": "Boots of Speed", "item_4": 73, "item_3": 29, "item_4_name": "Bracer", "item_5": 0, "xp_per_min": 161, "hero_name": "Earthshaker", "gold_per_min": 168, "deaths": 6, "denies": 0, "item_1_name": "Magic Wand"}, {"item_2": 79, "assists": 3, "leaver_status": 3, "item_1": 63, "item_0": 41, "item_0_name": "Bottle", "leaver_status_description": "player dc, clicked leave, abandon", "level": 11, "player_slot": 131, "leaver_status_name": "ABANDONED", "hero_id": 36, "last_hits": 78, "kills": 4, "account_id": 108452107, "item_3_name": "Sentry Ward", "item_4": 0, "item_3": 43, "item_5": 77, "xp_per_min": 428, "item_5_name": "Null Talisman", "hero_name": "Necrophos", "gold_per_min": 426, "deaths": 6, "denies": 4, "item_2_name": "Mekansm", "item_1_name": "Power Treads"}, {"item_2": 34, "assists": 4, "leaver_status": 0, "item_1": 0, "item_0": 27, "item_0_name": "Ring of Regen", "leaver_status_description": "finished match, no abandon", "level": 8, "player_slot": 132, "leaver_status_name": "NONE", "hero_id": 57, "last_hits": 15, "kills": 1, "account_id": 58951540, "item_3_name": "Observer Ward", "item_4": 180, "item_3": 42, "item_4_name": "Arcane Boots", "item_5": 43, "xp_per_min": 217, "item_5_name": "Sentry Ward", "hero_name": "Omniknight", "gold_per_min": 214, "deaths": 6, "denies": 4, "item_2_name": "Magic Stick"}], "tower_status_dire": 2022, "match_seq_num": 1002106705, "dire_team_id": 250855, "dire_team_complete": 0, "start_time": 1419638304, "picks_bans": [{"order": 0, "is_pick": false, "hero_id": 29, "team": 1}, {"order": 1, "is_pick": false, "hero_id": 78, "team": 0}, {"order": 2, "is_pick": false, "hero_id": 103, "team": 1}, {"order": 3, "is_pick": false, "hero_id": 68, "team": 0}, {"order": 4, "is_pick": true, "hero_id": 57, "team": 1}, {"order": 5, "is_pick": true, "hero_id": 20, "team": 0}, {"order": 6, "is_pick": true, "hero_id": 15, "team": 0}, {"order": 7, "is_pick": true, "hero_id": 44, "team": 1}, {"order": 8, "is_pick": false, "hero_id": 41, "team": 1}, {"order": 9, "is_pick": false, "hero_id": 40, "team": 0}, {"order": 10, "is_pick": false, "hero_id": 42, "team": 1}, {"order": 11, "is_pick": false, "hero_id": 65, "team": 0}, {"order": 12, "is_pick": true, "hero_id": 50, "team": 0}, {"order": 13, "is_pick": true, "hero_id": 110, "team": 1}, {"order": 14, "is_pick": true, "hero_id": 2, "team": 0}, {"order": 15, "is_pick": true, "hero_id": 7, "team": 1}, {"order": 16, "is_pick": false, "hero_id": 39, "team": 0}, {"order": 17, "is_pick": false, "hero_id": 75, "team": 1}, {"order": 18, "is_pick": true, "hero_id": 49, "team": 0}, {"order": 19, "is_pick": true, "hero_id": 36, "team": 1}], "radiant_win": true, "positive_votes": 0, "leagueid": 2363, "game_mode": 2, "dire_name": "DarkFalco Stack", "duration": 1127, "negative_votes": 0}