{"dire_captain": 87090735, "tower_status_radiant": 1983, "flags": 0, "radiant_team_complete": 0, "game_mode": 2, "radiant_score": 0, "match_id": 1123883172, "lobby_name": "Practice", "dire_logo": 282971566651469585, "pre_game_duration": 0, "radiant_captain": 69256187, "radiant_name": "Farming All Day Every Day.", "match_seq_num": 1006726411, "dire_team_complete": 0, "start_time": 1419811231, "radiant_win": true, "positive_votes": 0, "leagueid": 2363, "duration": 2360, "dire_score": 0, "lobby_type": 1, "cluster": 122, "engine": 0, "barracks_status_dire": 48, "barracks_status_radiant": 63, "cluster_name": "US East", "first_blood_time": 1, "radiant_team_id": 506573, "radiant_logo": 542956332943543604, "human_players": 10, "game_mode_name": "Captains Mode", "tower_status_dire": 384, "players": [{"item_2": 55, "assists": 19, "leaver_status": 0, "item_1": 102, "item_0": 1, "item_0_name": "Blink Dagger", "leaver_status_description": "finished match, no abandon", "level": 24, "player_slot": 0, "leaver_status_name": "NONE", "hero_id": 7, "last_hits": 92, "kills": 24, "account_id": 20321748, "item_3_name": "Shadow Blade", "item_4": 149, "item_3": 152, "item_4_name": "Crystalys", "item_5": 50, "xp_per_min": 794, "item_5_name": "Phase Boots", "hero_name": "Earthshaker", "gold_per_min": 566, "deaths": 11, "denies": 8, "item_2_name": "Hyperstone", "item_1_name": "Force Staff"}, {"item_2": 129, "assists": 18, "leaver_status": 0, "item_1": 29, "item_0": 34, "item_0_name": "Magic Stick", "leaver_status_description": "finished match, no abandon", "level": 14, "player_slot": 1, "leaver_status_name": "NONE", "hero_id": 9, "last_hits": 33, "kills": 3, "account_id": 93115341, "item_3_name": "Ring of Basilius", "item_4": 0, "item_3": 88, "item_5": 0, "xp_per_min": 264, "hero_name": "Mirana", "gold_per_min": 252, "deaths": 11, "denies": 2, "item_2_name": "Soul Booster", "item_1_name": "Boots of Speed"}, {"item_2": 108, "assists": 22, "leaver_status": 0, "item_1": 65, "item_0": 48, "item_0_name": "Boots of Travel", "leaver_status_description": "finished match, no abandon", "level": 23, "player_slot": 2, "leaver_status_name": "NONE", "hero_id": 69, "last_hits": 138, "kills": 14, "account_id": 69256187, "item_3_name": "Black King Bar", "item_4": 1, "item_3": 116, "item_4_name": "Blink Dagger", "item_5": 185, "xp_per_min": 748, "item_5_name": "Drum of Endurance", "hero_name": "Doom", "gold_per_min": 593, "deaths": 10, "denies": 1, "item_2_name": "Aghanim's Scepter", "item_1_name": "Hand of Midas"}, {"item_2": 116, "assists": 14, "leaver_status": 0, "item_1": 1, "item_0": 50, "item_0_name": "Phase Boots", "leaver_status_description": "finished match, no abandon", "level": 24, "player_slot": 3, "leaver_status_name": "NONE", "hero_id": 95, "last_hits": 222, "kills": 17, "account_id": 32940748, "item_3_name": "Sange and Yasha", "item_4": 156, "item_3": 154, "item_4_name": "Satanic", "item_5": 212, "xp_per_min": 793, "item_5_name": "Ring of Aquila", "hero_name": "Troll Warlord", "gold_per_min": 640, "deaths": 3, "denies": 20, "item_2_name": "Black King Bar", "item_1_name": "Blink Dagger"}, {"item_2": 180, "assists": 22, "leaver_status": 0, "item_1": 0, "item_0": 102, "item_0_name": "Force Staff", "leaver_status_description": "finished match, no abandon", "level": 19, "player_slot": 4, "leaver_status_name": "NONE", "hero_id": 3, "last_hits": 34, "kills": 3, "account_id": 157237227, "item_3_name": "Iron Branch", "item_4": 21, "item_3": 16, "item_4_name": "Ogre Club", "item_5": 0, "xp_per_min": 488, "hero_name": "Bane", "gold_per_min": 277, "deaths": 11, "denies": 4, "item_2_name": "Arcane Boots"}, {"item_2": 185, "assists": 17, "leaver_status": 3, "item_1": 143, "item_0": 147, "item_0_name": "Manta Style", "leaver_status_description": "player dc, clicked leave, abandon", "level": 21, "player_slot": 128, "leaver_status_name": "ABANDONED", "hero_id": 67, "last_hits": 111, "kills": 17, "account_id": 87090735, "item_3_name": "Phase Boots", "item_4": 212, "item_3": 50, "item_4_name": "Ring of Aquila", "item_5": 46, "xp_per_min": 609, "item_5_name": "Town Portal Scroll", "hero_name": "Spectre", "gold_per_min": 489, "deaths": 10, "denies": 18, "item_2_name": "Drum of Endurance", "item_1_name": "Skull Basher"}, {"item_2": 102, "assists": 14, "leaver_status": 0, "item_1": 46, "item_0": 180, "item_0_name": "Arcane Boots", "leaver_status_description": "finished match, no abandon", "level": 21, "player_slot": 129, "leaver_status_name": "NONE", "hero_id": 29, "last_hits": 95, "kills": 10, "account_id": 108548063, "item_3_name": "Magic Wand", "item_4": 1, "item_3": 36, "item_4_name": "Blink Dagger", "item_5": 110, "xp_per_min": 635, "item_5_name": "Refresher Orb", "hero_name": "Tidehunter", "gold_per_min": 417, "deaths": 10, "denies": 3, "item_2_name": "Force Staff", "item_1_name": "Town Portal Scroll"}, {"item_2": 102, "assists": 21, "leaver_status": 0, "item_1": 1, "item_0": 36, "item_0_name": "Magic Wand", "leaver_status_description": "finished match, no abandon", "level": 18, "player_slot": 130, "leaver_status_name": "NONE", "hero_id": 20, "last_hits": 25, "kills": 4, "account_id": 17710656, "item_3_name": "Dust of Appearance", "item_4": 46, "item_3": 40, "item_4_name": "Town Portal Scroll", "item_5": 29, "xp_per_min": 475, "item_5_name": "Boots of Speed", "hero_name": "Vengeful Spirit", "gold_per_min": 282, "deaths": 9, "denies": 1, "item_2_name": "Force Staff", "item_1_name": "Blink Dagger"}, {"item_2": 23, "assists": 18, "leaver_status": 0, "item_1": 42, "item_0": 63, "item_0_name": "Power Treads", "leaver_status_description": "finished match, no abandon", "level": 16, "player_slot": 131, "leaver_status_name": "NONE", "hero_id": 101, "last_hits": 40, "kills": 9, "account_id": 208970075, "item_3_name": "Sentry Ward", "item_4": 77, "item_3": 43, "item_4_name": "Null Talisman", "item_5": 0, "xp_per_min": 359, "hero_name": "Skywrath Mage", "gold_per_min": 316, "deaths": 19, "denies": 2, "item_2_name": "Staff of Wizardry", "item_1_name": "Observer Ward"}, {"item_2": 4, "assists": 11, "leaver_status": 0, "item_1": 46, "item_0": 36, "item_0_name": "Magic Wand", "leaver_status_description": "finished match, no abandon", "level": 17, "player_slot": 132, "leaver_status_name": "NONE", "hero_id": 104, "last_hits": 111, "kills": 1, "account_id": 125265041, "item_3_name": "Black King Bar", "item_4": 9, "item_3": 116, "item_4_name": "Platemail", "item_5": 63, "xp_per_min": 407, "item_5_name": "Power Treads", "hero_name": "Legion Commander", "gold_per_min": 328, "deaths": 15, "denies": 2, "item_2_name": "Chainmail", "item_1_name": "Town Portal Scroll"}], "dire_team_id": 1017760, "picks_bans": [{"order": 0, "is_pick": false, "hero_id": 47, "team": 0}, {"order": 1, "is_pick": false, "hero_id": 93, "team": 1}, {"order": 2, "is_pick": false, "hero_id": 64, "team": 0}, {"order": 3, "is_pick": false, "hero_id": 78, "team": 1}, {"order": 4, "is_pick": true, "hero_id": 7, "team": 0}, {"order": 5, "is_pick": true, "hero_id": 29, "team": 1}, {"order": 6, "is_pick": true, "hero_id": 101, "team": 1}, {"order": 7, "is_pick": true, "hero_id": 69, "team": 0}, {"order": 8, "is_pick": false, "hero_id": 41, "team": 0}, {"order": 9, "is_pick": false, "hero_id": 8, "team": 1}, {"order": 10, "is_pick": false, "hero_id": 33, "team": 0}, {"order": 11, "is_pick": false, "hero_id": 109, "team": 1}, {"order": 12, "is_pick": true, "hero_id": 20, "team": 1}, {"order": 13, "is_pick": true, "hero_id": 9, "team": 0}, {"order": 14, "is_pick": true, "hero_id": 67, "team": 1}, {"order": 15, "is_pick": true, "hero_id": 95, "team": 0}, {"order": 16, "is_pick": false, "hero_id": 6, "team": 1}, {"order": 17, "is_pick": false, "hero_id": 15, "team": 0}, {"order": 18, "is_pick": true, "hero_id": 104, "team": 1}, {"order": 19, "is_pick": true, "hero_id": 3, "team": 0}], "dire_name": "Save The OG Pandas", "negative_votes": 0}