{"dire_captain": 86727555, "tower_status_radiant": 260, "flags": 0, "lobby_type": 1, "cluster": 123, "game_mode_name": "Captains Mode", "engine": 0, "barracks_status_dire": 63, "barracks_status_radiant": 51, "cluster_name": "US East", "radiant_score": 0, "match_id": 1133656562, "lobby_name": "Practice", "dire_score": 0, "first_blood_time": 151, "radiant_team_id": 1275790, "radiant_logo": 3424161197357692078, "human_players": 10, "pre_game_duration": 0, "radiant_team_complete": 0, "radiant_captain": 59752811, "players": [{"item_2": 187, "assists": 11, "leaver_status": 0, "item_1": 36, "item_0": 214, "item_0_name": "Tranquil Boots", "leaver_status_description": "finished match, no abandon", "level": 18, "player_slot": 0, "leaver_status_name": "NONE", "hero_id": 23, "last_hits": 115, "kills": 4, "account_id": 59752811, "item_3_name": "Force Staff", "item_4": 149, "item_3": 102, "item_4_name": "Crystalys", "item_5": 81, "xp_per_min": 369, "item_5_name": "Vladmir's Offering", "hero_name": "Kunkka", "gold_per_min": 267, "deaths": 7, "denies": 2, "item_2_name": "Medallion of Courage", "item_1_name": "Magic Wand"}, {"item_2": 92, "assists": 18, "leaver_status": 0, "item_1": 36, "item_0": 42, "item_0_name": "Observer Ward", "leaver_status_description": "finished match, no abandon", "level": 17, "player_slot": 1, "leaver_status_name": "NONE", "hero_id": 68, "last_hits": 74, "kills": 5, "account_id": 84176344, "item_3_name": "Aghanim's Scepter", "item_4": 63, "item_3": 108, "item_4_name": "Power Treads", "item_5": 0, "xp_per_min": 312, "hero_name": "Ancient Apparition", "gold_per_min": 239, "deaths": 9, "denies": 7, "item_2_name": "Urn of Shadows", "item_1_name": "Magic Wand"}, {"item_2": 119, "assists": 24, "leaver_status": 0, "item_1": 203, "item_0": 1, "item_0_name": "Blink Dagger", "leaver_status_description": "finished match, no abandon", "level": 24, "player_slot": 2, "leaver_status_name": "NONE", "hero_id": 34, "last_hits": 307, "kills": 10, "account_id": 108452107, "item_3_name": "Eul's Scepter of Divinity", "item_4": 37, "item_3": 100, "item_4_name": "Ghost Scepter", "item_5": 48, "xp_per_min": 605, "item_5_name": "Boots of Travel", "hero_name": "Tinker", "gold_per_min": 503, "deaths": 10, "denies": 3, "item_2_name": "Shiva's Guard", "item_1_name": "Dagon"}, {"item_2": 112, "assists": 16, "leaver_status": 0, "item_1": 188, "item_0": 1, "item_0_name": "Blink Dagger", "leaver_status_description": "finished match, no abandon", "level": 25, "player_slot": 3, "leaver_status_name": "NONE", "hero_id": 2, "last_hits": 257, "kills": 14, "account_id": 73562326, "item_3_name": "Blade Mail", "item_4": 48, "item_3": 127, "item_4_name": "Boots of Travel", "item_5": 108, "xp_per_min": 645, "item_5_name": "Aghanim's Scepter", "hero_name": "Axe", "gold_per_min": 550, "deaths": 12, "denies": 2, "item_2_name": "Assault Cuirass", "item_1_name": "Smoke of Deceit"}, {"item_2": 1, "assists": 18, "leaver_status": 0, "item_1": 63, "item_0": 100, "item_0_name": "Eul's Scepter of Divinity", "leaver_status_description": "finished match, no abandon", "level": 23, "player_slot": 4, "leaver_status_name": "NONE", "hero_id": 4, "last_hits": 141, "kills": 14, "account_id": 86745912, "item_3_name": "Ghost Scepter", "item_4": 204, "item_3": 37, "item_4_name": "Dagon", "item_5": 0, "xp_per_min": 591, "hero_name": "Bloodseeker", "gold_per_min": 407, "deaths": 11, "denies": 6, "item_2_name": "Blink Dagger", "item_1_name": "Power Treads"}, {"item_2": 92, "assists": 13, "leaver_status": 0, "item_1": 90, "item_0": 180, "item_0_name": "Arcane Boots", "leaver_status_description": "finished match, no abandon", "level": 18, "player_slot": 128, "leaver_status_name": "NONE", "hero_id": 50, "last_hits": 20, "kills": 8, "account_id": 86727555, "item_4": 42, "item_3": 0, "item_4_name": "Observer Ward", "item_5": 36, "xp_per_min": 368, "item_5_name": "Magic Wand", "hero_name": "Dazzle", "gold_per_min": 272, "deaths": 9, "denies": 2, "item_2_name": "Urn of Shadows", "item_1_name": "Pipe of Insight"}, {"item_2": 127, "assists": 19, "leaver_status": 0, "item_1": 63, "item_0": 143, "item_0_name": "Skull Basher", "leaver_status_description": "finished match, no abandon", "level": 25, "player_slot": 129, "leaver_status_name": "NONE", "hero_id": 99, "last_hits": 288, "kills": 16, "account_id": 87177591, "item_3_name": "Heart of Tarrasque", "item_4": 154, "item_3": 114, "item_4_name": "Sange and Yasha", "item_5": 119, "xp_per_min": 649, "item_5_name": "Shiva's Guard", "hero_name": "Bristleback", "gold_per_min": 649, "deaths": 9, "denies": 4, "item_2_name": "Blade Mail", "item_1_name": "Power Treads"}, {"item_2": 1, "assists": 15, "leaver_status": 0, "item_1": 117, "item_0": 127, "item_0_name": "Blade Mail", "leaver_status_description": "finished match, no abandon", "level": 25, "player_slot": 130, "leaver_status_name": "NONE", "hero_id": 96, "last_hits": 197, "kills": 13, "account_id": 102823997, "item_3_name": "Boots of Travel", "item_4": 81, "item_3": 48, "item_4_name": "Vladmir's Offering", "item_5": 114, "xp_per_min": 645, "item_5_name": "Heart of Tarrasque", "hero_name": "Centaur Warrunner", "gold_per_min": 514, "deaths": 10, "denies": 7, "item_2_name": "Blink Dagger", "item_1_name": "Aegis of the Immortal"}, {"item_2": 31, "assists": 13, "leaver_status": 0, "item_1": 46, "item_0": 214, "item_0_name": "Tranquil Boots", "additional_units": [{"item_2": 181, "item_1": 50, "item_4": 137, "item_0": 143, "item_3": 33, "item_5": 112, "unitname": "spirit_bear"}], "leaver_status_description": "finished match, no abandon", "level": 24, "player_slot": 131, "leaver_status_name": "NONE", "hero_id": 80, "last_hits": 296, "kills": 4, "account_id": 69256187, "item_3_name": "Iron Branch", "item_4": 16, "item_3": 16, "item_4_name": "Iron Branch", "item_5": 0, "xp_per_min": 601, "hero_name": "Lone Druid", "gold_per_min": 499, "deaths": 8, "denies": 6, "item_2_name": "Cloak", "item_1_name": "Town Portal Scroll"}, {"item_2": 187, "assists": 16, "leaver_status": 0, "item_1": 0, "item_0": 1, "item_0_name": "Blink Dagger", "leaver_status_description": "finished match, no abandon", "level": 19, "player_slot": 132, "leaver_status_name": "NONE", "hero_id": 20, "last_hits": 30, "kills": 7, "account_id": 25907144, "item_3_name": "Eul's Scepter of Divinity", "item_4": 102, "item_3": 100, "item_4_name": "Force Staff", "item_5": 214, "xp_per_min": 389, "item_5_name": "Tranquil Boots", "hero_name": "Vengeful Spirit", "gold_per_min": 282, "deaths": 12, "denies": 1, "item_2_name": "Medallion of Courage"}], "radiant_name": "Fury 5", "tower_status_dire": 1828, "match_seq_num": 1015380301, "start_time": 1420161688, "picks_bans": [{"order": 0, "is_pick": false, "hero_id": 91, "team": 0}, {"order": 1, "is_pick": false, "hero_id": 104, "team": 1}, {"order": 2, "is_pick": false, "hero_id": 57, "team": 0}, {"order": 3, "is_pick": false, "hero_id": 78, "team": 1}, {"order": 4, "is_pick": true, "hero_id": 23, "team": 0}, {"order": 5, "is_pick": true, "hero_id": 20, "team": 1}, {"order": 6, "is_pick": true, "hero_id": 50, "team": 1}, {"order": 7, "is_pick": true, "hero_id": 2, "team": 0}, {"order": 8, "is_pick": false, "hero_id": 40, "team": 0}, {"order": 9, "is_pick": false, "hero_id": 61, "team": 1}, {"order": 10, "is_pick": false, "hero_id": 13, "team": 0}, {"order": 11, "is_pick": false, "hero_id": 30, "team": 1}, {"order": 12, "is_pick": true, "hero_id": 96, "team": 1}, {"order": 13, "is_pick": true, "hero_id": 4, "team": 0}, {"order": 14, "is_pick": true, "hero_id": 99, "team": 1}, {"order": 15, "is_pick": true, "hero_id": 68, "team": 0}, {"order": 16, "is_pick": false, "hero_id": 22, "team": 1}, {"order": 17, "is_pick": false, "hero_id": 17, "team": 0}, {"order": 18, "is_pick": true, "hero_id": 80, "team": 1}, {"order": 19, "is_pick": true, "hero_id": 34, "team": 0}], "radiant_win": false, "positive_votes": 2, "leagueid": 2363, "game_mode": 2, "duration": 3014, "negative_votes": 0}