{"duration": 2080, "radiant_logo": 884113875135844504, "leagueid": 21, "game_mode": 2, "radiant_score": 0, "positive_votes": 439, "lobby_type": 1, "lobby_name": "Practice", "radiant_win": false, "engine": 0, "pre_game_duration": 0, "match_id": 113517765, "dire_team_complete": 1, "dire_team_id": 36, "flags": 0, "dire_logo": 46499322609643214, "cluster": 122, "negative_votes": 17, "players": [{"item_5_name": "Bracer", "item_2": 180, "assists": 14, "item_4": 73, "item_4_name": "Bracer", "leaver_status": 0, "leaver_status_description": "finished match, no abandon", "item_1": 36, "kills": 1, "hero_name": "Rubick", "hero_id": 86, "level": 14, "item_0": 1, "gold_per_min": 262, "leaver_status_name": "NONE", "denies": 2, "player_slot": 0, "deaths": 6, "account_id": 86761836, "item_5": 73, "item_3": 21, "item_0_name": "Blink Dagger", "item_3_name": "Ogre Club", "item_2_name": "Arcane Boots", "last_hits": 63, "item_1_name": "Magic Wand", "xp_per_min": 338}, {"item_5_name": "Arcane Boots", "item_2": 21, "assists": 12, "item_4": 23, "item_4_name": "Staff of Wizardry", "leaver_status": 0, "leaver_status_description": "finished match, no abandon", "item_1": 46, "kills": 4, "hero_name": "Brewmaster", "hero_id": 78, "level": 16, "item_0": 41, "gold_per_min": 313, "leaver_status_name": "NONE", "denies": 5, "player_slot": 1, "deaths": 5, "account_id": 118073569, "item_5": 180, "item_3": 1, "item_0_name": "Bottle", "item_3_name": "Blink Dagger", "item_2_name": "Ogre Club", "last_hits": 98, "item_1_name": "Town Portal Scroll", "xp_per_min": 400}, {"item_5_name": "Point Booster", "item_2": 0, "assists": 15, "item_4": 90, "item_4_name": "Pipe of Insight", "leaver_status": 0, "leaver_status_description": "finished match, no abandon", "item_1": 178, "kills": 7, "hero_name": "Dark Seer", "hero_id": 55, "level": 17, "item_0": 79, "gold_per_min": 360, "leaver_status_name": "NONE", "denies": 0, "player_slot": 2, "deaths": 8, "account_id": 86785102, "item_5": 60, "item_3": 29, "item_0_name": "Mekansm", "item_3_name": "Boots of Speed", "last_hits": 82, "item_1_name": "Soul Ring", "xp_per_min": 480}, {"item_2": 36, "assists": 11, "item_4": 21, "item_4_name": "Ogre Club", "leaver_status": 0, "leaver_status_description": "finished match, no abandon", "item_1": 73, "kills": 5, "hero_name": "Leshrac", "hero_id": 52, "level": 13, "item_0": 46, "gold_per_min": 238, "leaver_status_name": "NONE", "denies": 4, "player_slot": 3, "deaths": 7, "account_id": 94923783, "item_5": 0, "item_3": 180, "item_0_name": "Town Portal Scroll", "item_3_name": "Arcane Boots", "item_2_name": "Magic Wand", "last_hits": 34, "item_1_name": "Bracer", "xp_per_min": 260}, {"item_5_name": "Power Treads", "item_2": 65, "assists": 8, "item_4": 46, "item_4_name": "Town Portal Scroll", "leaver_status": 0, "leaver_status_description": "finished match, no abandon", "item_1": 116, "kills": 14, "hero_name": "Luna", "hero_id": 48, "level": 20, "item_0": 147, "gold_per_min": 631, "leaver_status_name": "NONE", "denies": 11, "player_slot": 4, "deaths": 6, "account_id": 86724433, "item_5": 63, "item_3": 139, "item_0_name": "Manta Style", "item_3_name": "Butterfly", "item_2_name": "Hand of Midas", "last_hits": 175, "item_1_name": "Black King Bar", "xp_per_min": 625}, {"item_5_name": "Soul Ring", "item_2": 79, "assists": 10, "item_4": 0, "leaver_status": 0, "leaver_status_description": "finished match, no abandon", "item_1": 214, "kills": 0, "hero_name": "Io", "hero_id": 91, "level": 17, "item_0": 36, "gold_per_min": 271, "leaver_status_name": "NONE", "denies": 3, "player_slot": 128, "deaths": 6, "account_id": 87278757, "item_5": 178, "item_3": 92, "item_0_name": "Magic Wand", "item_3_name": "Urn of Shadows", "item_2_name": "Mekansm", "last_hits": 21, "item_1_name": "Tranquil Boots", "xp_per_min": 456}, {"item_5_name": "Aghanim's Scepter", "item_2": 147, "assists": 12, "item_4": 112, "item_4_name": "Assault Cuirass", "leaver_status": 0, "leaver_status_description": "finished match, no abandon", "item_1": 135, "kills": 15, "hero_name": "Tiny", "hero_id": 19, "level": 23, "item_0": 63, "gold_per_min": 868, "leaver_status_name": "NONE", "denies": 4, "player_slot": 129, "deaths": 6, "account_id": 89625472, "item_5": 108, "item_3": 117, "item_0_name": "Power Treads", "item_3_name": "Aegis of the Immortal", "item_2_name": "Manta Style", "last_hits": 317, "item_1_name": "Monkey King Bar", "xp_per_min": 828}, {"item_5_name": "Power Treads", "item_2": 36, "assists": 16, "item_4": 46, "item_4_name": "Town Portal Scroll", "leaver_status": 0, "leaver_status_description": "finished match, no abandon", "item_1": 152, "kills": 10, "hero_name": "Gyrocopter", "hero_id": 72, "level": 18, "item_0": 51, "gold_per_min": 509, "leaver_status_name": "NONE", "denies": 11, "player_slot": 130, "deaths": 8, "account_id": 70388657, "item_5": 63, "item_3": 116, "item_0_name": "Demon Edge", "item_3_name": "Black King Bar", "item_2_name": "Magic Wand", "last_hits": 153, "item_1_name": "Shadow Blade", "xp_per_min": 544}, {"item_5_name": "Town Portal Scroll", "item_2": 180, "assists": 14, "item_4": 69, "item_4_name": "Perseverance", "leaver_status": 0, "leaver_status_description": "finished match, no abandon", "item_1": 34, "kills": 1, "hero_name": "Magnus", "hero_id": 97, "level": 14, "item_0": 16, "gold_per_min": 260, "leaver_status_name": "NONE", "denies": 1, "player_slot": 131, "deaths": 7, "account_id": 89326318, "item_5": 46, "item_3": 1, "item_0_name": "Iron Branch", "item_3_name": "Blink Dagger", "item_2_name": "Arcane Boots", "last_hits": 58, "item_1_name": "Magic Stick", "xp_per_min": 325}, {"item_5_name": "Observer Ward", "item_2": 63, "assists": 6, "item_4": 43, "item_4_name": "Sentry Ward", "leaver_status": 0, "leaver_status_description": "finished match, no abandon", "item_1": 34, "kills": 6, "hero_name": "Bane", "hero_id": 3, "level": 17, "item_0": 46, "gold_per_min": 335, "leaver_status_name": "NONE", "denies": 1, "player_slot": 132, "deaths": 5, "account_id": 107644273, "item_5": 42, "item_3": 108, "item_0_name": "Town Portal Scroll", "item_3_name": "Aghanim's Scepter", "item_2_name": "Power Treads", "last_hits": 60, "item_1_name": "Magic Stick", "xp_per_min": 473}], "tower_status_radiant": 4, "radiant_team_id": 23284, "dire_score": 0, "human_players": 10, "match_seq_num": 104381358, "radiant_name": "BGENetwork", "cluster_name": "US East", "radiant_team_complete": 1, "barracks_status_dire": 50, "start_time": 1359662383, "dire_name": "Natus Vincere", "first_blood_time": 157, "tower_status_dire": 1920, "barracks_status_radiant": 3, "game_mode_name": "Captains Mode"}