{"dire_captain": 31818853, "tower_status_radiant": 1974, "flags": 0, "lobby_type": 1, "cluster": 124, "game_mode_name": "Captains Mode", "engine": 0, "barracks_status_dire": 63, "barracks_status_radiant": 63, "cluster_name": "US East", "radiant_score": 0, "match_id": 1141884391, "lobby_name": "Practice", "dire_score": 0, "first_blood_time": 83, "radiant_team_id": 1366506, "radiant_logo": 594777447471926711, "human_players": 10, "pre_game_duration": 0, "radiant_team_complete": 0, "radiant_captain": 108452107, "players": [{"item_2": 29, "assists": 2, "leaver_status": 0, "item_1": 46, "item_0": 1, "item_0_name": "Blink Dagger", "leaver_status_description": "finished match, no abandon", "level": 13, "player_slot": 0, "leaver_status_name": "NONE", "hero_id": 11, "last_hits": 106, "kills": 7, "account_id": 108452107, "item_3_name": "Eul's Scepter of Divinity", "item_4": 41, "item_3": 100, "item_4_name": "Bottle", "item_5": 65, "xp_per_min": 609, "item_5_name": "Hand of Midas", "hero_name": "Shadow Fiend", "gold_per_min": 575, "deaths": 4, "denies": 13, "item_2_name": "Boots of Speed", "item_1_name": "Town Portal Scroll"}, {"item_2": 88, "assists": 3, "leaver_status": 0, "item_1": 36, "item_0": 188, "item_0_name": "Smoke of Deceit", "leaver_status_description": "finished match, no abandon", "level": 8, "player_slot": 1, "leaver_status_name": "NONE", "hero_id": 20, "last_hits": 7, "kills": 2, "account_id": 86395310, "item_3_name": "Boots of Speed", "item_4": 42, "item_3": 29, "item_4_name": "Observer Ward", "item_5": 46, "xp_per_min": 216, "item_5_name": "Town Portal Scroll", "hero_name": "Vengeful Spirit", "gold_per_min": 182, "deaths": 6, "denies": 2, "item_2_name": "Ring of Basilius", "item_1_name": "Magic Wand"}, {"item_2": 0, "assists": 3, "leaver_status": 0, "item_1": 36, "item_0": 50, "item_0_name": "Phase Boots", "leaver_status_description": "finished match, no abandon", "level": 10, "player_slot": 2, "leaver_status_name": "NONE", "hero_id": 44, "last_hits": 54, "kills": 0, "account_id": 59752811, "item_3_name": "Bracer", "item_4": 0, "item_3": 73, "item_5": 71, "xp_per_min": 321, "item_5_name": "Poor Man's Shield", "hero_name": "Phantom Assassin", "gold_per_min": 265, "deaths": 6, "denies": 3, "item_1_name": "Magic Wand"}, {"item_2": 46, "assists": 0, "leaver_status": 0, "item_1": 214, "item_0": 178, "item_0_name": "Soul Ring", "leaver_status_description": "finished match, no abandon", "level": 8, "player_slot": 3, "leaver_status_name": "NONE", "hero_id": 105, "last_hits": 12, "kills": 4, "account_id": 7910302, "item_3_name": "Sage's Mask", "item_4": 0, "item_3": 28, "item_5": 0, "xp_per_min": 191, "hero_name": "Techies", "gold_per_min": 215, "deaths": 3, "denies": 0, "item_2_name": "Town Portal Scroll", "item_1_name": "Tranquil Boots"}, {"item_2": 0, "assists": 0, "leaver_status": 0, "item_1": 50, "item_0": 181, "item_0_name": "Orb of Venom", "leaver_status_description": "finished match, no abandon", "level": 10, "player_slot": 4, "leaver_status_name": "NONE", "hero_id": 57, "last_hits": 50, "kills": 4, "account_id": 106497354, "item_3_name": "Soul Ring", "item_4": 27, "item_3": 178, "item_4_name": "Ring of Regen", "item_5": 23, "xp_per_min": 320, "item_5_name": "Staff of Wizardry", "hero_name": "Omniknight", "gold_per_min": 318, "deaths": 4, "denies": 2, "item_1_name": "Phase Boots"}, {"item_2": 180, "assists": 4, "leaver_status": 0, "item_1": 34, "item_0": 1, "item_0_name": "Blink Dagger", "leaver_status_description": "finished match, no abandon", "level": 11, "player_slot": 128, "leaver_status_name": "NONE", "hero_id": 29, "last_hits": 79, "kills": 4, "account_id": 31818853, "item_3_name": "Town Portal Scroll", "item_4": 0, "item_3": 46, "item_5": 0, "xp_per_min": 433, "hero_name": "Tidehunter", "gold_per_min": 445, "deaths": 4, "denies": 3, "item_2_name": "Arcane Boots", "item_1_name": "Magic Stick"}, {"item_2": 60, "assists": 9, "leaver_status": 0, "item_1": 41, "item_0": 214, "item_0_name": "Tranquil Boots", "leaver_status_description": "finished match, no abandon", "level": 11, "player_slot": 129, "leaver_status_name": "NONE", "hero_id": 69, "last_hits": 49, "kills": 4, "account_id": 100166910, "item_3_name": "Magic Stick", "item_4": 65, "item_3": 34, "item_4_name": "Hand of Midas", "item_5": 46, "xp_per_min": 459, "item_5_name": "Town Portal Scroll", "hero_name": "Doom", "gold_per_min": 449, "deaths": 3, "denies": 1, "item_2_name": "Point Booster", "item_1_name": "Bottle"}, {"item_2": 36, "assists": 2, "leaver_status": 0, "item_1": 0, "item_0": 79, "item_0_name": "Mekansm", "leaver_status_description": "finished match, no abandon", "level": 12, "player_slot": 130, "leaver_status_name": "NONE", "hero_id": 15, "last_hits": 64, "kills": 4, "account_id": 89117858, "item_3_name": "Bracer", "item_4": 41, "item_3": 73, "item_4_name": "Bottle", "item_5": 63, "xp_per_min": 482, "item_5_name": "Power Treads", "hero_name": "Razor", "gold_per_min": 423, "deaths": 4, "denies": 2, "item_2_name": "Magic Wand"}, {"item_2": 92, "assists": 4, "leaver_status": 0, "item_1": 178, "item_0": 36, "item_0_name": "Magic Wand", "leaver_status_description": "finished match, no abandon", "level": 11, "player_slot": 131, "leaver_status_name": "NONE", "hero_id": 14, "last_hits": 32, "kills": 5, "account_id": 128632932, "item_4": 23, "item_3": 0, "item_4_name": "Staff of Wizardry", "item_5": 214, "xp_per_min": 447, "item_5_name": "Tranquil Boots", "hero_name": "Pudge", "gold_per_min": 355, "deaths": 6, "denies": 5, "item_2_name": "Urn of Shadows", "item_1_name": "Soul Ring"}, {"item_2": 1, "assists": 7, "leaver_status": 0, "item_1": 42, "item_0": 180, "item_0_name": "Arcane Boots", "leaver_status_description": "finished match, no abandon", "level": 11, "player_slot": 132, "leaver_status_name": "NONE", "hero_id": 16, "last_hits": 69, "kills": 2, "account_id": 86745912, "item_3_name": "Smoke of Deceit", "item_4": 23, "item_3": 188, "item_4_name": "Staff of Wizardry", "item_5": 46, "xp_per_min": 469, "item_5_name": "Town Portal Scroll", "hero_name": "Sand King", "gold_per_min": 356, "deaths": 2, "denies": 1, "item_2_name": "Blink Dagger", "item_1_name": "Observer Ward"}], "radiant_name": "Black Sheep!", "tower_status_dire": 2039, "match_seq_num": 1022645989, "start_time": 1420452772, "picks_bans": [{"order": 0, "is_pick": false, "hero_id": 9, "team": 0}, {"order": 1, "is_pick": false, "hero_id": 93, "team": 1}, {"order": 2, "is_pick": false, "hero_id": 78, "team": 0}, {"order": 3, "is_pick": false, "hero_id": 81, "team": 1}, {"order": 4, "is_pick": true, "hero_id": 20, "team": 0}, {"order": 5, "is_pick": true, "hero_id": 29, "team": 1}, {"order": 6, "is_pick": true, "hero_id": 69, "team": 1}, {"order": 7, "is_pick": true, "hero_id": 57, "team": 0}, {"order": 8, "is_pick": false, "hero_id": 1, "team": 0}, {"order": 9, "is_pick": false, "hero_id": 41, "team": 1}, {"order": 10, "is_pick": false, "hero_id": 13, "team": 0}, {"order": 11, "is_pick": false, "hero_id": 17, "team": 1}, {"order": 12, "is_pick": true, "hero_id": 14, "team": 1}, {"order": 13, "is_pick": true, "hero_id": 44, "team": 0}, {"order": 14, "is_pick": true, "hero_id": 16, "team": 1}, {"order": 15, "is_pick": true, "hero_id": 11, "team": 0}, {"order": 16, "is_pick": false, "hero_id": 97, "team": 1}, {"order": 17, "is_pick": false, "hero_id": 87, "team": 0}, {"order": 18, "is_pick": true, "hero_id": 15, "team": 1}, {"order": 19, "is_pick": true, "hero_id": 105, "team": 0}], "radiant_win": false, "positive_votes": 0, "leagueid": 2363, "game_mode": 2, "duration": 1023, "negative_votes": 0}