{"dire_captain": 86745912, "tower_status_radiant": 1796, "flags": 0, "lobby_type": 1, "cluster": 124, "game_mode_name": "Captains Mode", "engine": 0, "barracks_status_dire": 51, "barracks_status_radiant": 63, "cluster_name": "US East", "radiant_score": 0, "match_id": 1141940988, "lobby_name": "Practice", "dire_score": 0, "first_blood_time": 43, "human_players": 10, "pre_game_duration": 0, "radiant_captain": 31818853, "players": [{"item_2": 43, "assists": 34, "leaver_status": 0, "item_1": 116, "item_0": 1, "item_0_name": "Blink Dagger", "leaver_status_description": "finished match, no abandon", "level": 25, "player_slot": 0, "leaver_status_name": "NONE", "hero_id": 97, "last_hits": 174, "kills": 17, "account_id": 31818853, "item_3_name": "Boots of Travel", "item_4": 110, "item_3": 48, "item_4_name": "Refresher Orb", "item_5": 102, "xp_per_min": 646, "item_5_name": "Force Staff", "hero_name": "Magnus", "gold_per_min": 521, "deaths": 6, "denies": 5, "item_2_name": "Sentry Ward", "item_1_name": "Black King Bar"}, {"item_2": 143, "assists": 9, "leaver_status": 0, "item_1": 63, "item_0": 139, "item_0_name": "Butterfly", "leaver_status_description": "finished match, no abandon", "level": 25, "player_slot": 1, "leaver_status_name": "NONE", "hero_id": 1, "last_hits": 327, "kills": 25, "account_id": 108452107, "item_3_name": "Manta Style", "item_4": 116, "item_3": 147, "item_4_name": "Black King Bar", "item_5": 145, "xp_per_min": 629, "item_5_name": "Battle Fury", "hero_name": "Anti-Mage", "gold_per_min": 677, "deaths": 8, "denies": 3, "item_2_name": "Skull Basher", "item_1_name": "Power Treads"}, {"item_2": 92, "assists": 29, "leaver_status": 0, "item_1": 102, "item_0": 1, "item_0_name": "Blink Dagger", "leaver_status_description": "finished match, no abandon", "level": 25, "player_slot": 2, "leaver_status_name": "NONE", "hero_id": 14, "last_hits": 43, "kills": 15, "account_id": 128632932, "item_3_name": "Ogre Club", "item_4": 46, "item_3": 21, "item_4_name": "Town Portal Scroll", "item_5": 214, "xp_per_min": 632, "item_5_name": "Tranquil Boots", "hero_name": "Pudge", "gold_per_min": 365, "deaths": 17, "denies": 2, "item_2_name": "Urn of Shadows", "item_1_name": "Force Staff"}, {"item_2": 108, "assists": 25, "leaver_status": 0, "item_1": 102, "item_0": 42, "item_0_name": "Observer Ward", "leaver_status_description": "finished match, no abandon", "level": 21, "player_slot": 3, "leaver_status_name": "NONE", "hero_id": 87, "last_hits": 28, "kills": 6, "account_id": 20405591, "item_4": 214, "item_3": 0, "item_4_name": "Tranquil Boots", "item_5": 46, "xp_per_min": 465, "item_5_name": "Town Portal Scroll", "hero_name": "Disruptor", "gold_per_min": 278, "deaths": 14, "denies": 1, "item_2_name": "Aghanim's Scepter", "item_1_name": "Force Staff"}, {"item_2": 46, "assists": 11, "leaver_status": 0, "item_1": 214, "item_0": 178, "item_0_name": "Soul Ring", "leaver_status_description": "finished match, no abandon", "level": 16, "player_slot": 4, "leaver_status_name": "NONE", "hero_id": 105, "last_hits": 62, "kills": 7, "account_id": 7910302, "item_3_name": "Eul's Scepter of Divinity", "item_4": 23, "item_3": 100, "item_4_name": "Staff of Wizardry", "item_5": 21, "xp_per_min": 262, "item_5_name": "Ogre Club", "hero_name": "Techies", "gold_per_min": 263, "deaths": 14, "denies": 0, "item_2_name": "Town Portal Scroll", "item_1_name": "Tranquil Boots"}, {"item_2": 1, "assists": 15, "leaver_status": 1, "item_1": 214, "item_0": 188, "item_0_name": "Smoke of Deceit", "leaver_status_description": "player DC, no abandon", "level": 15, "player_slot": 128, "leaver_status_name": "DISCONNECTED", "hero_id": 3, "last_hits": 30, "kills": 2, "account_id": 86745912, "item_3_name": "Magic Stick", "item_4": 181, "item_3": 34, "item_4_name": "Orb of Venom", "item_5": 46, "xp_per_min": 247, "item_5_name": "Town Portal Scroll", "hero_name": "Bane", "gold_per_min": 202, "deaths": 27, "denies": 0, "item_2_name": "Blink Dagger", "item_1_name": "Tranquil Boots"}, {"item_2": 19, "assists": 6, "leaver_status": 0, "item_1": 92, "item_0": 29, "item_0_name": "Boots of Speed", "leaver_status_description": "finished match, no abandon", "level": 19, "player_slot": 129, "leaver_status_name": "NONE", "hero_id": 68, "last_hits": 89, "kills": 6, "account_id": 100166910, "item_3_name": "Aghanim's Scepter", "item_4": 34, "item_3": 108, "item_4_name": "Magic Stick", "item_5": 0, "xp_per_min": 385, "hero_name": "Ancient Apparition", "gold_per_min": 283, "deaths": 16, "denies": 2, "item_2_name": "Robe of the Magi", "item_1_name": "Urn of Shadows"}, {"item_2": 37, "assists": 22, "leaver_status": 0, "item_1": 1, "item_0": 48, "item_0_name": "Boots of Travel", "leaver_status_description": "finished match, no abandon", "level": 25, "player_slot": 130, "leaver_status_name": "NONE", "hero_id": 22, "last_hits": 191, "kills": 13, "account_id": 59752811, "item_3_name": "Bottle", "item_4": 110, "item_3": 41, "item_4_name": "Refresher Orb", "item_5": 108, "xp_per_min": 635, "item_5_name": "Aghanim's Scepter", "hero_name": "Zeus", "gold_per_min": 443, "deaths": 9, "denies": 2, "item_2_name": "Ghost Scepter", "item_1_name": "Blink Dagger"}, {"item_2": 81, "assists": 7, "leaver_status": 0, "item_1": 196, "item_0": 116, "item_0_name": "Black King Bar", "leaver_status_description": "finished match, no abandon", "level": 25, "player_slot": 131, "leaver_status_name": "NONE", "hero_id": 32, "last_hits": 220, "kills": 19, "account_id": 89117858, "item_3_name": "Skull Basher", "item_4": 154, "item_3": 143, "item_4_name": "Sange and Yasha", "item_5": 63, "xp_per_min": 629, "item_5_name": "Power Treads", "hero_name": "Riki", "gold_per_min": 553, "deaths": 10, "denies": 14, "item_2_name": "Vladmir's Offering", "item_1_name": "Diffusal Blade"}, {"item_2": 0, "kills": 11, "leaver_status": 0, "account_id": 106497354, "item_1": 0, "item_4": 0, "item_0": 0, "item_3": 0, "denies": 10, "leaver_status_description": "finished match, no abandon", "xp_per_min": 629, "last_hits": 203, "hero_name": "Tidehunter", "level": 25, "player_slot": 132, "gold_per_min": 445, "deaths": 11, "leaver_status_name": "NONE", "hero_id": 29, "assists": 18, "item_5": 0}], "tower_status_dire": 388, "match_seq_num": 1022754141, "start_time": 1420454623, "picks_bans": [{"order": 0, "is_pick": false, "hero_id": 57, "team": 0}, {"order": 1, "is_pick": false, "hero_id": 71, "team": 1}, {"order": 2, "is_pick": false, "hero_id": 20, "team": 0}, {"order": 3, "is_pick": false, "hero_id": 8, "team": 1}, {"order": 4, "is_pick": true, "hero_id": 87, "team": 0}, {"order": 5, "is_pick": true, "hero_id": 68, "team": 1}, {"order": 6, "is_pick": true, "hero_id": 3, "team": 1}, {"order": 7, "is_pick": true, "hero_id": 14, "team": 0}, {"order": 8, "is_pick": false, "hero_id": 41, "team": 0}, {"order": 9, "is_pick": false, "hero_id": 78, "team": 1}, {"order": 10, "is_pick": false, "hero_id": 44, "team": 0}, {"order": 11, "is_pick": false, "hero_id": 106, "team": 1}, {"order": 12, "is_pick": true, "hero_id": 29, "team": 1}, {"order": 13, "is_pick": true, "hero_id": 105, "team": 0}, {"order": 14, "is_pick": true, "hero_id": 22, "team": 1}, {"order": 15, "is_pick": true, "hero_id": 1, "team": 0}, {"order": 16, "is_pick": false, "hero_id": 69, "team": 1}, {"order": 17, "is_pick": false, "hero_id": 17, "team": 0}, {"order": 18, "is_pick": true, "hero_id": 32, "team": 1}, {"order": 19, "is_pick": true, "hero_id": 97, "team": 0}], "radiant_win": true, "positive_votes": 2, "leagueid": 2363, "game_mode": 2, "duration": 3090, "negative_votes": 0}