{"dire_captain": 94049589, "tower_status_radiant": 1536, "flags": 0, "radiant_team_complete": 1, "game_mode": 2, "radiant_score": 0, "match_id": 1143041555, "lobby_name": "Practice", "radiant_team_id": 1520578, "dire_logo": 642124127283031446, "pre_game_duration": 0, "radiant_captain": 140153524, "radiant_name": "CDEC Gaming", "match_seq_num": 1023729172, "dire_team_complete": 0, "start_time": 1420490625, "radiant_guild_logo": 22841757815921733, "radiant_win": false, "positive_votes": 76, "leagueid": 2096, "duration": 3841, "dire_score": 0, "lobby_type": 1, "cluster": 111, "radiant_guild_id": 271414, "engine": 0, "barracks_status_dire": 63, "barracks_status_radiant": 3, "cluster_name": "US West", "first_blood_time": 0, "radiant_guild_name": "CDEC.Fans.Family", "radiant_logo": 438325350317236404, "human_players": 10, "game_mode_name": "Captains Mode", "tower_status_dire": 1830, "players": [{"item_2": 180, "assists": 11, "leaver_status": 0, "item_1": 43, "item_0": 36, "item_0_name": "Magic Wand", "leaver_status_description": "finished match, no abandon", "level": 15, "player_slot": 0, "leaver_status_name": "NONE", "hero_id": 101, "last_hits": 18, "kills": 3, "account_id": 140153524, "item_3_name": "Town Portal Scroll", "item_4": 0, "item_3": 46, "item_5": 42, "xp_per_min": 205, "item_5_name": "Observer Ward", "hero_name": "Skywrath Mage", "gold_per_min": 183, "deaths": 16, "denies": 2, "item_2_name": "Arcane Boots", "item_1_name": "Sentry Ward"}, {"item_2": 9, "assists": 8, "leaver_status": 0, "item_1": 116, "item_0": 1, "item_0_name": "Blink Dagger", "leaver_status_description": "finished match, no abandon", "level": 17, "player_slot": 1, "leaver_status_name": "NONE", "hero_id": 2, "last_hits": 150, "kills": 6, "account_id": 125576983, "item_3_name": "Tranquil Boots", "item_4": 46, "item_3": 214, "item_4_name": "Town Portal Scroll", "item_5": 60, "xp_per_min": 264, "item_5_name": "Point Booster", "hero_name": "Axe", "gold_per_min": 269, "deaths": 15, "denies": 2, "item_2_name": "Platemail", "item_1_name": "Black King Bar"}, {"item_2": 102, "assists": 12, "leaver_status": 0, "item_1": 92, "item_0": 37, "item_0_name": "Ghost Scepter", "leaver_status_description": "finished match, no abandon", "level": 18, "player_slot": 2, "leaver_status_name": "NONE", "hero_id": 87, "last_hits": 41, "kills": 3, "account_id": 142750189, "item_3_name": "Magic Stick", "item_4": 0, "item_3": 34, "item_5": 214, "xp_per_min": 291, "item_5_name": "Tranquil Boots", "hero_name": "Disruptor", "gold_per_min": 201, "deaths": 10, "denies": 1, "item_2_name": "Force Staff", "item_1_name": "Urn of Shadows"}, {"item_2": 147, "assists": 8, "leaver_status": 0, "item_1": 166, "item_0": 1, "item_0_name": "Blink Dagger", "leaver_status_description": "finished match, no abandon", "level": 25, "player_slot": 3, "leaver_status_name": "NONE", "hero_id": 8, "last_hits": 357, "kills": 11, "account_id": 130416036, "item_3_name": "Black King Bar", "item_4": 208, "item_3": 116, "item_4_name": "Abyssal Blade", "item_5": 50, "xp_per_min": 506, "item_5_name": "Phase Boots", "hero_name": "Juggernaut", "gold_per_min": 495, "deaths": 8, "denies": 28, "item_2_name": "Manta Style", "item_1_name": "Maelstrom"}, {"item_2": 145, "assists": 15, "leaver_status": 0, "item_1": 141, "item_0": 141, "item_0_name": "Daedalus", "leaver_status_description": "finished match, no abandon", "level": 25, "player_slot": 4, "leaver_status_name": "NONE", "hero_id": 106, "last_hits": 537, "kills": 6, "account_id": 106863163, "item_3_name": "Manta Style", "item_4": 0, "item_3": 147, "item_5": 50, "xp_per_min": 506, "item_5_name": "Phase Boots", "hero_name": "Ember Spirit", "gold_per_min": 569, "deaths": 6, "denies": 8, "item_2_name": "Battle Fury", "item_1_name": "Daedalus"}, {"item_2": 1, "assists": 17, "leaver_status": 0, "item_1": 176, "item_0": 102, "item_0_name": "Force Staff", "leaver_status_description": "finished match, no abandon", "level": 21, "player_slot": 128, "leaver_status_name": "NONE", "hero_id": 26, "last_hits": 84, "kills": 11, "account_id": 94049589, "item_3_name": "Gem of True Sight", "item_4": 214, "item_3": 30, "item_4_name": "Tranquil Boots", "item_5": 46, "xp_per_min": 381, "item_5_name": "Town Portal Scroll", "hero_name": "Lion", "gold_per_min": 298, "deaths": 6, "denies": 6, "item_2_name": "Blink Dagger", "item_1_name": "Ethereal Blade"}, {"item_2": 116, "assists": 15, "leaver_status": 0, "item_1": 139, "item_0": 208, "item_0_name": "Abyssal Blade", "leaver_status_description": "finished match, no abandon", "level": 25, "player_slot": 129, "leaver_status_name": "NONE", "hero_id": 93, "last_hits": 430, "kills": 19, "account_id": 26316691, "item_3_name": "Refresher Orb", "item_4": 63, "item_3": 110, "item_4_name": "Power Treads", "item_5": 160, "xp_per_min": 506, "item_5_name": "Eye of Skadi", "hero_name": "Slark", "gold_per_min": 661, "deaths": 5, "denies": 12, "item_2_name": "Black King Bar", "item_1_name": "Butterfly"}, {"item_2": 81, "assists": 20, "leaver_status": 0, "item_1": 63, "item_0": 133, "item_0_name": "Divine Rapier", "leaver_status_description": "finished match, no abandon", "level": 25, "player_slot": 130, "leaver_status_name": "NONE", "hero_id": 71, "last_hits": 192, "kills": 10, "account_id": 86802844, "item_3_name": "Black King Bar", "item_4": 114, "item_3": 116, "item_4_name": "Heart of Tarrasque", "item_5": 112, "xp_per_min": 506, "item_5_name": "Assault Cuirass", "hero_name": "Spirit Breaker", "gold_per_min": 388, "deaths": 6, "denies": 2, "item_2_name": "Vladmir's Offering", "item_1_name": "Power Treads"}, {"item_2": 100, "assists": 22, "leaver_status": 0, "item_1": 96, "item_0": 1, "item_0_name": "Blink Dagger", "leaver_status_description": "finished match, no abandon", "level": 25, "player_slot": 131, "leaver_status_name": "NONE", "hero_id": 13, "last_hits": 371, "kills": 8, "account_id": 94338967, "item_3_name": "Shiva's Guard", "item_4": 63, "item_3": 119, "item_4_name": "Power Treads", "item_5": 67, "xp_per_min": 506, "item_5_name": "Oblivion Staff", "hero_name": "Puck", "gold_per_min": 490, "deaths": 7, "denies": 14, "item_2_name": "Eul's Scepter of Divinity", "item_1_name": "Scythe of Vyse"}, {"item_2": 108, "assists": 25, "leaver_status": 0, "item_1": 176, "item_0": 102, "item_0_name": "Force Staff", "leaver_status_description": "finished match, no abandon", "level": 20, "player_slot": 132, "leaver_status_name": "NONE", "hero_id": 68, "last_hits": 86, "kills": 7, "account_id": 85805514, "item_3_name": "Tranquil Boots", "item_4": 0, "item_3": 214, "item_5": 46, "xp_per_min": 343, "item_5_name": "Town Portal Scroll", "hero_name": "Ancient Apparition", "gold_per_min": 263, "deaths": 5, "denies": 2, "item_2_name": "Aghanim's Scepter", "item_1_name": "Ethereal Blade"}], "dire_team_id": 1883502, "picks_bans": [{"order": 0, "is_pick": false, "hero_id": 20, "team": 0}, {"order": 1, "is_pick": false, "hero_id": 78, "team": 1}, {"order": 2, "is_pick": false, "hero_id": 40, "team": 0}, {"order": 3, "is_pick": false, "hero_id": 69, "team": 1}, {"order": 4, "is_pick": true, "hero_id": 8, "team": 0}, {"order": 5, "is_pick": true, "hero_id": 13, "team": 1}, {"order": 6, "is_pick": true, "hero_id": 68, "team": 1}, {"order": 7, "is_pick": true, "hero_id": 101, "team": 0}, {"order": 8, "is_pick": false, "hero_id": 91, "team": 0}, {"order": 9, "is_pick": false, "hero_id": 41, "team": 1}, {"order": 10, "is_pick": false, "hero_id": 77, "team": 0}, {"order": 11, "is_pick": false, "hero_id": 61, "team": 1}, {"order": 12, "is_pick": true, "hero_id": 93, "team": 1}, {"order": 13, "is_pick": true, "hero_id": 106, "team": 0}, {"order": 14, "is_pick": true, "hero_id": 71, "team": 1}, {"order": 15, "is_pick": true, "hero_id": 87, "team": 0}, {"order": 16, "is_pick": false, "hero_id": 89, "team": 1}, {"order": 17, "is_pick": false, "hero_id": 30, "team": 0}, {"order": 18, "is_pick": true, "hero_id": 26, "team": 1}, {"order": 19, "is_pick": true, "hero_id": 2, "team": 0}], "dire_name": "Virtus.pro", "negative_votes": 6}