{"dire_captain": 67601693, "tower_status_radiant": 2047, "flags": 0, "radiant_team_complete": 0, "game_mode": 2, "radiant_score": 0, "match_id": 1143519062, "lobby_name": "Practice", "dire_logo": 53246768086095075, "pre_game_duration": 0, "radiant_captain": 43276219, "radiant_name": "Cloud9 G2A", "match_seq_num": 1024097033, "dire_team_complete": 1, "start_time": 1420518134, "radiant_win": true, "positive_votes": 3342, "leagueid": 2339, "duration": 830, "dire_score": 0, "lobby_type": 1, "cluster": 124, "engine": 0, "barracks_status_dire": 63, "barracks_status_radiant": 63, "cluster_name": "US East", "first_blood_time": 104, "radiant_team_id": 1333179, "radiant_logo": 613916634234800981, "human_players": 10, "game_mode_name": "Captains Mode", "tower_status_dire": 2038, "players": [{"item_2": 63, "assists": 7, "leaver_status": 0, "item_1": 182, "item_0": 152, "item_0_name": "Shadow Blade", "leaver_status_description": "finished match, no abandon", "level": 11, "player_slot": 0, "leaver_status_name": "NONE", "hero_id": 19, "last_hits": 58, "kills": 8, "account_id": 43276219, "item_3_name": "Quelling Blade", "item_4": 34, "item_3": 11, "item_4_name": "Magic Stick", "item_5": 0, "xp_per_min": 575, "hero_name": "Tiny", "gold_per_min": 554, "deaths": 1, "denies": 5, "item_2_name": "Power Treads", "item_1_name": "Stout Shield"}, {"item_2": 46, "assists": 10, "leaver_status": 0, "item_1": 29, "item_0": 41, "item_0_name": "Bottle", "leaver_status_description": "finished match, no abandon", "level": 10, "player_slot": 1, "leaver_status_name": "NONE", "hero_id": 91, "last_hits": 13, "kills": 6, "account_id": 19672354, "item_3_name": "Magic Stick", "item_4": 92, "item_3": 34, "item_4_name": "Urn of Shadows", "item_5": 88, "xp_per_min": 400, "item_5_name": "Ring of Basilius", "hero_name": "Io", "gold_per_min": 352, "deaths": 4, "denies": 0, "item_2_name": "Town Portal Scroll", "item_1_name": "Boots of Speed"}, {"item_2": 71, "assists": 5, "leaver_status": 0, "item_1": 41, "item_0": 50, "item_0_name": "Phase Boots", "leaver_status_description": "finished match, no abandon", "level": 11, "player_slot": 2, "leaver_status_name": "NONE", "hero_id": 8, "last_hits": 78, "kills": 2, "account_id": 86799300, "item_3_name": "Shadow Blade", "item_4": 11, "item_3": 152, "item_4_name": "Quelling Blade", "item_5": 46, "xp_per_min": 483, "item_5_name": "Town Portal Scroll", "hero_name": "Juggernaut", "gold_per_min": 435, "deaths": 2, "denies": 6, "item_2_name": "Poor Man's Shield", "item_1_name": "Bottle"}, {"item_2": 0, "assists": 7, "leaver_status": 0, "item_1": 0, "item_0": 43, "item_0_name": "Sentry Ward", "leaver_status_description": "finished match, no abandon", "level": 8, "player_slot": 3, "leaver_status_name": "NONE", "hero_id": 26, "last_hits": 10, "kills": 5, "account_id": 87382579, "item_3_name": "Bracer", "item_4": 214, "item_3": 73, "item_4_name": "Tranquil Boots", "item_5": 36, "xp_per_min": 284, "item_5_name": "Magic Wand", "hero_name": "Lion", "gold_per_min": 282, "deaths": 0, "denies": 1}, {"item_2": 100, "assists": 6, "leaver_status": 0, "item_1": 214, "item_0": 181, "item_0_name": "Orb of Venom", "leaver_status_description": "finished match, no abandon", "level": 10, "player_slot": 4, "leaver_status_name": "NONE", "hero_id": 85, "last_hits": 57, "kills": 5, "account_id": 88719902, "item_3_name": "Stout Shield", "item_4": 46, "item_3": 182, "item_4_name": "Town Portal Scroll", "item_5": 34, "xp_per_min": 405, "item_5_name": "Magic Stick", "hero_name": "Undying", "gold_per_min": 440, "deaths": 0, "denies": 4, "item_2_name": "Eul's Scepter of Divinity", "item_1_name": "Tranquil Boots"}, {"item_2": 77, "assists": 2, "leaver_status": 0, "item_1": 41, "item_0": 16, "item_0_name": "Iron Branch", "leaver_status_description": "finished match, no abandon", "level": 9, "player_slot": 128, "leaver_status_name": "NONE", "hero_id": 13, "last_hits": 59, "kills": 1, "account_id": 67601693, "item_3_name": "Iron Branch", "item_4": 63, "item_3": 16, "item_4_name": "Power Treads", "item_5": 46, "xp_per_min": 336, "item_5_name": "Town Portal Scroll", "hero_name": "Puck", "gold_per_min": 325, "deaths": 4, "denies": 12, "item_2_name": "Null Talisman", "item_1_name": "Bottle"}, {"item_2": 0, "assists": 2, "leaver_status": 0, "item_1": 46, "item_0": 180, "item_0_name": "Arcane Boots", "leaver_status_description": "finished match, no abandon", "level": 7, "player_slot": 129, "leaver_status_name": "NONE", "hero_id": 101, "last_hits": 7, "kills": 1, "account_id": 41470731, "item_4": 0, "item_3": 0, "item_5": 0, "xp_per_min": 195, "hero_name": "Skywrath Mage", "gold_per_min": 176, "deaths": 4, "denies": 0, "item_1_name": "Town Portal Scroll"}, {"item_2": 41, "assists": 2, "leaver_status": 0, "item_1": 46, "item_0": 40, "item_0_name": "Dust of Appearance", "leaver_status_description": "finished match, no abandon", "level": 8, "player_slot": 130, "leaver_status_name": "NONE", "hero_id": 51, "last_hits": 34, "kills": 1, "account_id": 86715129, "item_3_name": "Chainmail", "item_4": 29, "item_3": 4, "item_4_name": "Boots of Speed", "item_5": 34, "xp_per_min": 241, "item_5_name": "Magic Stick", "hero_name": "Clockwerk", "gold_per_min": 257, "deaths": 7, "denies": 3, "item_2_name": "Bottle", "item_1_name": "Town Portal Scroll"}, {"item_2": 0, "assists": 0, "leaver_status": 0, "item_1": 16, "item_0": 36, "item_0_name": "Magic Wand", "leaver_status_description": "finished match, no abandon", "level": 6, "player_slot": 131, "leaver_status_name": "NONE", "hero_id": 20, "last_hits": 6, "kills": 2, "account_id": 5448108, "item_3_name": "Boots of Speed", "item_4": 41, "item_3": 29, "item_4_name": "Bottle", "item_5": 46, "xp_per_min": 160, "item_5_name": "Town Portal Scroll", "hero_name": "Vengeful Spirit", "gold_per_min": 175, "deaths": 7, "denies": 0, "item_1_name": "Iron Branch"}, {"item_2": 88, "assists": 1, "leaver_status": 0, "item_1": 0, "item_0": 11, "item_0_name": "Quelling Blade", "leaver_status_description": "finished match, no abandon", "level": 8, "player_slot": 132, "leaver_status_name": "NONE", "hero_id": 89, "last_hits": 50, "kills": 2, "account_id": 115975133, "item_4": 34, "item_3": 0, "item_4_name": "Magic Stick", "item_5": 29, "xp_per_min": 303, "item_5_name": "Boots of Speed", "hero_name": "Naga Siren", "gold_per_min": 309, "deaths": 5, "denies": 0, "item_2_name": "Ring of Basilius"}], "dire_team_id": 2059672, "picks_bans": [{"order": 0, "is_pick": false, "hero_id": 9, "team": 0}, {"order": 1, "is_pick": false, "hero_id": 78, "team": 1}, {"order": 2, "is_pick": false, "hero_id": 16, "team": 0}, {"order": 3, "is_pick": false, "hero_id": 40, "team": 1}, {"order": 4, "is_pick": true, "hero_id": 8, "team": 0}, {"order": 5, "is_pick": true, "hero_id": 20, "team": 1}, {"order": 6, "is_pick": true, "hero_id": 13, "team": 1}, {"order": 7, "is_pick": true, "hero_id": 26, "team": 0}, {"order": 8, "is_pick": false, "hero_id": 66, "team": 0}, {"order": 9, "is_pick": false, "hero_id": 22, "team": 1}, {"order": 10, "is_pick": false, "hero_id": 41, "team": 0}, {"order": 11, "is_pick": false, "hero_id": 103, "team": 1}, {"order": 12, "is_pick": true, "hero_id": 101, "team": 1}, {"order": 13, "is_pick": true, "hero_id": 91, "team": 0}, {"order": 14, "is_pick": true, "hero_id": 89, "team": 1}, {"order": 15, "is_pick": true, "hero_id": 19, "team": 0}, {"order": 16, "is_pick": false, "hero_id": 65, "team": 1}, {"order": 17, "is_pick": false, "hero_id": 71, "team": 0}, {"order": 18, "is_pick": true, "hero_id": 51, "team": 1}, {"order": 19, "is_pick": true, "hero_id": 85, "team": 0}], "dire_name": "FireDota", "negative_votes": 210}