{"duration": 3096, "dire_team_id": 16, "cluster_name": "Southeast Asia", "positive_votes": 38, "lobby_type": 1, "tower_status_radiant": 256, "flags": 0, "dire_logo": 541829240088537656, "players": [{"item_2": 0, "assists": 15, "item_4": 21, "item_4_name": "Ogre Club", "leaver_status": 0, "leaver_status_description": "finished match, no abandon", "item_1": 34, "kills": 4, "hero_name": "Earthshaker", "hero_id": 7, "level": 14, "item_0": 1, "gold_per_min": 170, "leaver_status_name": "NONE", "denies": 0, "player_slot": 0, "deaths": 7, "account_id": 93844428, "item_5": 0, "item_3": 180, "item_0_name": "Blink Dagger", "item_3_name": "Arcane Boots", "last_hits": 48, "item_1_name": "Magic Stick", "xp_per_min": 225}, {"item_5_name": "Mithril Hammer", "item_2": 63, "assists": 9, "item_4": 168, "item_4_name": "Desolator", "leaver_status": 0, "leaver_status_description": "finished match, no abandon", "item_1": 151, "kills": 9, "hero_name": "Lifestealer", "hero_id": 54, "level": 22, "item_0": 208, "gold_per_min": 385, "leaver_status_name": "NONE", "denies": 3, "player_slot": 1, "deaths": 8, "account_id": 105876113, "item_5": 8, "item_3": 46, "item_0_name": "Abyssal Blade", "item_3_name": "Town Portal Scroll", "item_2_name": "Power Treads", "last_hits": 238, "item_1_name": "Armlet of Mordiggian", "xp_per_min": 489}, {"item_5_name": "Town Portal Scroll", "item_2": 92, "assists": 12, "item_4": 73, "item_4_name": "Bracer", "leaver_status": 0, "leaver_status_description": "finished match, no abandon", "item_1": 73, "kills": 8, "hero_name": "Ancient Apparition", "hero_id": 68, "level": 15, "item_0": 36, "gold_per_min": 177, "leaver_status_name": "NONE", "denies": 1, "player_slot": 2, "deaths": 9, "account_id": 102756555, "item_5": 46, "item_3": 63, "item_0_name": "Magic Wand", "item_3_name": "Power Treads", "item_2_name": "Urn of Shadows", "last_hits": 29, "item_1_name": "Bracer", "xp_per_min": 243}, {"item_5_name": "Town Portal Scroll", "item_2": 36, "assists": 18, "item_4": 180, "item_4_name": "Arcane Boots", "leaver_status": 0, "leaver_status_description": "finished match, no abandon", "item_1": 1, "kills": 7, "hero_name": "Magnus", "hero_id": 97, "level": 21, "item_0": 116, "gold_per_min": 340, "leaver_status_name": "NONE", "denies": 3, "player_slot": 3, "deaths": 6, "account_id": 104886573, "item_5": 46, "item_3": 110, "item_0_name": "Black King Bar", "item_3_name": "Refresher Orb", "item_2_name": "Magic Wand", "last_hits": 203, "item_1_name": "Blink Dagger", "xp_per_min": 462}, {"item_2": 63, "assists": 14, "item_4": 46, "item_4_name": "Town Portal Scroll", "leaver_status": 1, "leaver_status_description": "player DC, no abandon", "item_1": 185, "kills": 4, "hero_name": "Night Stalker", "hero_id": 60, "level": 21, "item_0": 116, "gold_per_min": 318, "leaver_status_name": "DISCONNECTED", "denies": 13, "player_slot": 4, "deaths": 6, "account_id": 111069223, "item_5": 0, "item_3": 210, "item_0_name": "Black King Bar", "item_3_name": "Heaven's Halberd", "item_2_name": "Power Treads", "last_hits": 200, "item_1_name": "Drum of Endurance", "xp_per_min": 476}, {"item_5_name": "Observer Ward", "item_2": 30, "assists": 18, "item_4": 102, "item_4_name": "Force Staff", "leaver_status": 0, "leaver_status_description": "finished match, no abandon", "item_1": 79, "kills": 1, "hero_name": "Keeper of the Light", "hero_id": 90, "level": 20, "item_0": 214, "gold_per_min": 285, "leaver_status_name": "NONE", "denies": 5, "player_slot": 128, "deaths": 7, "account_id": 91162296, "item_5": 42, "item_3": 37, "item_0_name": "Tranquil Boots", "item_3_name": "Ghost Scepter", "item_2_name": "Gem of True Sight", "last_hits": 107, "item_1_name": "Mekansm", "xp_per_min": 409}, {"item_2": 37, "assists": 21, "item_4": 112, "item_4_name": "Assault Cuirass", "leaver_status": 0, "leaver_status_description": "finished match, no abandon", "item_1": 214, "kills": 3, "hero_name": "Lone Druid", "hero_id": 80, "level": 22, "item_0": 33, "gold_per_min": 477, "leaver_status_name": "NONE", "additional_units": [{"item_2": 182, "item_4": 46, "unitname": "spirit_bear", "item_5": 55, "item_0": 181, "item_3": 29, "item_1": 16}], "denies": 20, "player_slot": 129, "deaths": 6, "account_id": 111150817, "item_5": 0, "item_3": 137, "item_0_name": "Cheese", "item_3_name": "Radiance", "item_2_name": "Ghost Scepter", "last_hits": 287, "item_1_name": "Tranquil Boots", "xp_per_min": 525}, {"item_5_name": "Town Portal Scroll", "item_2": 1, "assists": 15, "item_4": 100, "item_4_name": "Eul's Scepter of Divinity", "leaver_status": 0, "leaver_status_description": "finished match, no abandon", "item_1": 96, "kills": 9, "hero_name": "Puck", "hero_id": 13, "level": 21, "item_0": 63, "gold_per_min": 401, "leaver_status_name": "NONE", "denies": 12, "player_slot": 130, "deaths": 5, "account_id": 86772934, "item_5": 46, "item_3": 104, "item_0_name": "Power Treads", "item_3_name": "Dagon", "item_2_name": "Blink Dagger", "last_hits": 197, "item_1_name": "Scythe of Vyse", "xp_per_min": 486}, {"item_2": 180, "assists": 12, "item_4": 0, "leaver_status": 0, "leaver_status_description": "finished match, no abandon", "item_1": 37, "kills": 2, "hero_name": "Bane", "hero_id": 3, "level": 15, "item_0": 36, "gold_per_min": 202, "leaver_status_name": "NONE", "denies": 2, "player_slot": 131, "deaths": 11, "account_id": 91654584, "item_5": 0, "item_3": 46, "item_0_name": "Magic Wand", "item_3_name": "Town Portal Scroll", "item_2_name": "Arcane Boots", "last_hits": 18, "item_1_name": "Ghost Scepter", "xp_per_min": 241}, {"item_5_name": "Power Treads", "item_2": 116, "assists": 7, "item_4": 0, "leaver_status": 0, "leaver_status_description": "finished match, no abandon", "item_1": 156, "kills": 18, "hero_name": "Gyrocopter", "hero_id": 72, "level": 25, "item_0": 147, "gold_per_min": 653, "leaver_status_name": "NONE", "denies": 40, "player_slot": 132, "deaths": 5, "account_id": 115102590, "item_5": 63, "item_3": 139, "item_0_name": "Manta Style", "item_3_name": "Butterfly", "item_2_name": "Black King Bar", "last_hits": 411, "item_1_name": "Satanic", "xp_per_min": 629}], "lobby_name": "Practice", "match_id": 115695396, "match_seq_num": 106405119, "radiant_team_complete": 0, "dire_name": "MSI-evoGT The-net.com", "first_blood_time": 112, "tower_status_dire": 1974, "barracks_status_radiant": 48, "picks_bans": [{"hero_id": 12, "team": 1, "is_pick": false, "order": 0}, {"hero_id": 88, "team": 0, "is_pick": false, "order": 1}, {"hero_id": 39, "team": 1, "is_pick": false, "order": 2}, {"hero_id": 65, "team": 0, "is_pick": false, "order": 3}, {"hero_id": 90, "team": 1, "is_pick": true, "order": 4}, {"hero_id": 54, "team": 0, "is_pick": true, "order": 5}, {"hero_id": 97, "team": 0, "is_pick": true, "order": 6}, {"hero_id": 72, "team": 1, "is_pick": true, "order": 7}, {"hero_id": 3, "team": 1, "is_pick": true, "order": 8}, {"hero_id": 68, "team": 0, "is_pick": true, "order": 9}, {"hero_id": 79, "team": 1, "is_pick": false, "order": 10}, {"hero_id": 46, "team": 0, "is_pick": false, "order": 11}, {"hero_id": 86, "team": 1, "is_pick": false, "order": 12}, {"hero_id": 55, "team": 0, "is_pick": false, "order": 13}, {"hero_id": 64, "team": 1, "is_pick": false, "order": 14}, {"hero_id": 78, "team": 0, "is_pick": false, "order": 15}, {"hero_id": 80, "team": 1, "is_pick": true, "order": 16}, {"hero_id": 7, "team": 0, "is_pick": true, "order": 17}, {"hero_id": 13, "team": 1, "is_pick": true, "order": 18}, {"hero_id": 60, "team": 0, "is_pick": true, "order": 19}], "game_mode_name": "Captains Mode", "radiant_logo": 882971585467086887, "game_mode": 2, "radiant_score": 0, "engine": 0, "pre_game_duration": 0, "dire_team_complete": 1, "cluster": 151, "negative_votes": 4, "radiant_win": false, "radiant_team_id": 152339, "dire_score": 0, "human_players": 10, "radiant_name": "Neolution e-Sports PH", "leagueid": 26, "barracks_status_dire": 63, "start_time": 1359890909}