{"dire_captain": 100028335, "tower_status_radiant": 1983, "flags": 0, "lobby_type": 1, "cluster": 136, "game_mode_name": "Captains Mode", "dire_logo": 27356421798305954, "engine": 0, "barracks_status_dire": 63, "barracks_status_radiant": 63, "cluster_name": "Europe West", "radiant_score": 0, "match_id": 1160976619, "lobby_name": "Practice", "dire_score": 0, "first_blood_time": 14, "human_players": 10, "pre_game_duration": 0, "radiant_captain": 1522705, "players": [{"item_2": 79, "assists": 14, "leaver_status": 0, "item_1": 41, "item_0": 46, "item_0_name": "Town Portal Scroll", "leaver_status_description": "finished match, no abandon", "level": 14, "player_slot": 0, "leaver_status_name": "NONE", "hero_id": 91, "last_hits": 51, "kills": 7, "account_id": 1522705, "item_3_name": "Magic Wand", "item_4": 92, "item_3": 36, "item_4_name": "Urn of Shadows", "item_5": 180, "xp_per_min": 537, "item_5_name": "Arcane Boots", "hero_name": "Io", "gold_per_min": 403, "deaths": 3, "denies": 0, "item_2_name": "Mekansm", "item_1_name": "Bottle"}, {"item_2": 214, "assists": 13, "leaver_status": 0, "item_1": 34, "item_0": 46, "item_0_name": "Town Portal Scroll", "leaver_status_description": "finished match, no abandon", "level": 11, "player_slot": 1, "leaver_status_name": "NONE", "hero_id": 30, "last_hits": 11, "kills": 3, "account_id": 118078153, "item_3_name": "Point Booster", "item_4": 0, "item_3": 60, "item_5": 0, "xp_per_min": 279, "hero_name": "Witch Doctor", "gold_per_min": 257, "deaths": 3, "denies": 3, "item_2_name": "Tranquil Boots", "item_1_name": "Magic Stick"}, {"item_2": 22, "assists": 3, "leaver_status": 0, "item_1": 172, "item_0": 75, "item_0_name": "Wraith Band", "leaver_status_description": "finished match, no abandon", "level": 13, "player_slot": 2, "leaver_status_name": "NONE", "hero_id": 6, "last_hits": 101, "kills": 2, "account_id": 90810663, "item_3_name": "Wraith Band", "item_4": 63, "item_3": 75, "item_4_name": "Power Treads", "item_5": 0, "xp_per_min": 443, "hero_name": "Drow Ranger", "gold_per_min": 401, "deaths": 6, "denies": 8, "item_2_name": "Blade of Alacrity", "item_1_name": "Mask of Madness"}, {"item_2": 46, "assists": 9, "leaver_status": 0, "item_1": 1, "item_0": 100, "item_0_name": "Eul's Scepter of Divinity", "leaver_status_description": "finished match, no abandon", "level": 15, "player_slot": 3, "leaver_status_name": "NONE", "hero_id": 25, "last_hits": 90, "kills": 9, "account_id": 82659961, "item_3_name": "Bottle", "item_4": 36, "item_3": 41, "item_4_name": "Magic Wand", "item_5": 63, "xp_per_min": 589, "item_5_name": "Power Treads", "hero_name": "Lina", "gold_per_min": 500, "deaths": 3, "denies": 6, "item_2_name": "Town Portal Scroll", "item_1_name": "Blink Dagger"}, {"item_2": 154, "assists": 10, "leaver_status": 0, "item_1": 212, "item_0": 46, "item_0_name": "Town Portal Scroll", "leaver_status_description": "finished match, no abandon", "level": 15, "player_slot": 4, "leaver_status_name": "NONE", "hero_id": 95, "last_hits": 85, "kills": 11, "account_id": 91741256, "item_3_name": "Phase Boots", "item_4": 164, "item_3": 50, "item_4_name": "Helm of the Dominator", "item_5": 185, "xp_per_min": 567, "item_5_name": "Drum of Endurance", "hero_name": "Troll Warlord", "gold_per_min": 577, "deaths": 1, "denies": 12, "item_2_name": "Sange and Yasha", "item_1_name": "Ring of Aquila"}, {"item_2": 0, "assists": 7, "leaver_status": 0, "item_1": 188, "item_0": 34, "item_0_name": "Magic Stick", "leaver_status_description": "finished match, no abandon", "level": 11, "player_slot": 128, "leaver_status_name": "NONE", "hero_id": 87, "last_hits": 23, "kills": 3, "account_id": 100028335, "item_3_name": "Hand of Midas", "item_4": 16, "item_3": 65, "item_4_name": "Iron Branch", "item_5": 214, "xp_per_min": 351, "item_5_name": "Tranquil Boots", "hero_name": "Disruptor", "gold_per_min": 324, "deaths": 6, "denies": 4, "item_1_name": "Smoke of Deceit"}, {"item_2": 102, "assists": 5, "leaver_status": 0, "item_1": 41, "item_0": 0, "leaver_status_description": "finished match, no abandon", "level": 11, "player_slot": 129, "leaver_status_name": "NONE", "hero_id": 51, "last_hits": 54, "kills": 5, "account_id": 92423451, "item_3_name": "Magic Wand", "item_4": 63, "item_3": 36, "item_4_name": "Power Treads", "item_5": 46, "xp_per_min": 334, "item_5_name": "Town Portal Scroll", "hero_name": "Clockwerk", "gold_per_min": 345, "deaths": 5, "denies": 3, "item_2_name": "Force Staff", "item_1_name": "Bottle"}, {"item_2": 36, "assists": 4, "leaver_status": 0, "item_1": 50, "item_0": 0, "leaver_status_description": "finished match, no abandon", "level": 13, "player_slot": 130, "leaver_status_name": "NONE", "hero_id": 21, "last_hits": 73, "kills": 3, "account_id": 106573901, "item_3_name": "Bottle", "item_4": 166, "item_3": 41, "item_4_name": "Maelstrom", "item_5": 77, "xp_per_min": 442, "item_5_name": "Null Talisman", "hero_name": "Windranger", "gold_per_min": 394, "deaths": 5, "denies": 14, "item_2_name": "Magic Wand", "item_1_name": "Phase Boots"}, {"item_2": 36, "assists": 2, "leaver_status": 0, "item_1": 23, "item_0": 21, "item_0_name": "Ogre Club", "leaver_status_description": "finished match, no abandon", "level": 11, "player_slot": 131, "leaver_status_name": "NONE", "hero_id": 47, "last_hits": 56, "kills": 1, "account_id": 91460772, "item_3_name": "Power Treads", "item_4": 20, "item_3": 63, "item_4_name": "Circlet", "item_5": 0, "xp_per_min": 320, "hero_name": "Viper", "gold_per_min": 270, "deaths": 10, "denies": 5, "item_2_name": "Magic Wand", "item_1_name": "Staff of Wizardry"}, {"item_2": 0, "assists": 4, "leaver_status": 0, "item_1": 34, "item_0": 214, "item_0_name": "Tranquil Boots", "leaver_status_description": "finished match, no abandon", "level": 9, "player_slot": 132, "leaver_status_name": "NONE", "hero_id": 20, "last_hits": 14, "kills": 1, "account_id": 113372833, "item_3_name": "Town Portal Scroll", "item_4": 16, "item_3": 46, "item_4_name": "Iron Branch", "item_5": 0, "xp_per_min": 225, "hero_name": "Vengeful Spirit", "gold_per_min": 183, "deaths": 7, "denies": 5, "item_1_name": "Magic Stick"}], "tower_status_dire": 1828, "match_seq_num": 1040000154, "dire_team_id": 2006913, "dire_team_complete": 1, "start_time": 1421168291, "picks_bans": [{"order": 0, "is_pick": false, "hero_id": 104, "team": 1}, {"order": 1, "is_pick": false, "hero_id": 8, "team": 0}, {"order": 2, "is_pick": false, "hero_id": 77, "team": 1}, {"order": 3, "is_pick": false, "hero_id": 78, "team": 0}, {"order": 4, "is_pick": true, "hero_id": 20, "team": 1}, {"order": 5, "is_pick": true, "hero_id": 91, "team": 0}, {"order": 6, "is_pick": true, "hero_id": 95, "team": 0}, {"order": 7, "is_pick": true, "hero_id": 47, "team": 1}, {"order": 8, "is_pick": false, "hero_id": 82, "team": 1}, {"order": 9, "is_pick": false, "hero_id": 29, "team": 0}, {"order": 10, "is_pick": false, "hero_id": 61, "team": 1}, {"order": 11, "is_pick": false, "hero_id": 96, "team": 0}, {"order": 12, "is_pick": true, "hero_id": 30, "team": 0}, {"order": 13, "is_pick": true, "hero_id": 87, "team": 1}, {"order": 14, "is_pick": true, "hero_id": 6, "team": 0}, {"order": 15, "is_pick": true, "hero_id": 51, "team": 1}, {"order": 16, "is_pick": false, "hero_id": 22, "team": 0}, {"order": 17, "is_pick": false, "hero_id": 13, "team": 1}, {"order": 18, "is_pick": true, "hero_id": 25, "team": 0}, {"order": 19, "is_pick": true, "hero_id": 21, "team": 1}], "radiant_win": true, "positive_votes": 0, "leagueid": 1980, "game_mode": 2, "dire_name": "Vega Squadron", "duration": 1297, "negative_votes": 0}