{"dire_captain": 86870856, "tower_status_radiant": 1840, "flags": 0, "radiant_team_complete": 1, "game_mode": 2, "radiant_score": 0, "match_id": 1166547239, "lobby_name": "Practice", "radiant_team_id": 1148284, "dire_logo": 353896369579233638, "pre_game_duration": 0, "radiant_captain": 105599955, "radiant_name": "MVP Phoenix", "match_seq_num": 1045095642, "dire_team_complete": 0, "start_time": 1421408206, "radiant_guild_logo": 703980765977979958, "radiant_win": true, "positive_votes": 80, "leagueid": 2158, "duration": 2459, "dire_score": 0, "lobby_type": 1, "cluster": 132, "radiant_guild_id": 153294, "engine": 0, "barracks_status_dire": 0, "barracks_status_radiant": 63, "cluster_name": "Europe West", "first_blood_time": 0, "radiant_guild_name": "Most Valuable Player[KOR]", "radiant_logo": 486682620712187742, "human_players": 10, "game_mode_name": "Captains Mode", "tower_status_dire": 0, "players": [{"item_2": 92, "assists": 16, "leaver_status": 0, "item_1": 108, "item_0": 34, "item_0_name": "Magic Stick", "leaver_status_description": "finished match, no abandon", "level": 15, "player_slot": 0, "leaver_status_name": "NONE", "hero_id": 30, "last_hits": 50, "kills": 3, "account_id": 105599955, "item_3_name": "Boots of Speed", "item_4": 46, "item_3": 29, "item_4_name": "Town Portal Scroll", "item_5": 42, "xp_per_min": 319, "item_5_name": "Observer Ward", "hero_name": "Witch Doctor", "gold_per_min": 296, "deaths": 6, "denies": 2, "item_2_name": "Urn of Shadows", "item_1_name": "Aghanim's Scepter"}, {"item_2": 65, "assists": 13, "leaver_status": 0, "item_1": 110, "item_0": 50, "item_0_name": "Phase Boots", "leaver_status_description": "finished match, no abandon", "level": 19, "player_slot": 1, "leaver_status_name": "NONE", "hero_id": 37, "last_hits": 200, "kills": 8, "account_id": 3940262, "item_3_name": "Aghanim's Scepter", "item_4": 46, "item_3": 108, "item_4_name": "Town Portal Scroll", "item_5": 0, "xp_per_min": 468, "hero_name": "Warlock", "gold_per_min": 544, "deaths": 5, "denies": 7, "item_2_name": "Hand of Midas", "item_1_name": "Refresher Orb"}, {"item_2": 116, "assists": 8, "leaver_status": 0, "item_1": 63, "item_0": 208, "item_0_name": "Abyssal Blade", "leaver_status_description": "finished match, no abandon", "level": 24, "player_slot": 2, "leaver_status_name": "NONE", "hero_id": 44, "last_hits": 231, "kills": 26, "account_id": 93119769, "item_3_name": "Battle Fury", "item_4": 156, "item_3": 145, "item_4_name": "Satanic", "item_5": 46, "xp_per_min": 765, "item_5_name": "Town Portal Scroll", "hero_name": "Phantom Assassin", "gold_per_min": 728, "deaths": 4, "denies": 3, "item_2_name": "Black King Bar", "item_1_name": "Power Treads"}, {"item_2": 46, "assists": 20, "leaver_status": 0, "item_1": 31, "item_0": 100, "item_0_name": "Eul's Scepter of Divinity", "leaver_status_description": "finished match, no abandon", "level": 17, "player_slot": 3, "leaver_status_name": "NONE", "hero_id": 64, "last_hits": 69, "kills": 3, "account_id": 102525542, "item_3_name": "Tranquil Boots", "item_4": 147, "item_3": 214, "item_4_name": "Manta Style", "item_5": 36, "xp_per_min": 409, "item_5_name": "Magic Wand", "hero_name": "Jakiro", "gold_per_min": 325, "deaths": 7, "denies": 3, "item_2_name": "Town Portal Scroll", "item_1_name": "Cloak"}, {"item_2": 63, "assists": 15, "leaver_status": 0, "item_1": 46, "item_0": 1, "item_0_name": "Blink Dagger", "leaver_status_description": "finished match, no abandon", "level": 17, "player_slot": 4, "leaver_status_name": "NONE", "hero_id": 78, "last_hits": 103, "kills": 4, "account_id": 88933594, "item_3_name": "Assault Cuirass", "item_4": 31, "item_3": 112, "item_4_name": "Cloak", "item_5": 81, "xp_per_min": 406, "item_5_name": "Vladmir's Offering", "hero_name": "Brewmaster", "gold_per_min": 377, "deaths": 6, "denies": 10, "item_2_name": "Power Treads", "item_1_name": "Town Portal Scroll"}, {"item_2": 46, "assists": 10, "leaver_status": 0, "item_1": 96, "item_0": 1, "item_0_name": "Blink Dagger", "leaver_status_description": "finished match, no abandon", "level": 22, "player_slot": 128, "leaver_status_name": "NONE", "hero_id": 13, "last_hits": 166, "kills": 14, "account_id": 86870856, "item_3_name": "Dagon", "item_4": 63, "item_3": 204, "item_4_name": "Power Treads", "item_5": 16, "xp_per_min": 669, "item_5_name": "Iron Branch", "hero_name": "Puck", "gold_per_min": 563, "deaths": 4, "denies": 9, "item_2_name": "Town Portal Scroll", "item_1_name": "Scythe of Vyse"}, {"item_2": 63, "assists": 10, "leaver_status": 0, "item_1": 147, "item_0": 176, "item_0_name": "Ethereal Blade", "leaver_status_description": "finished match, no abandon", "level": 20, "player_slot": 129, "leaver_status_name": "NONE", "hero_id": 10, "last_hits": 197, "kills": 7, "account_id": 169181898, "item_3_name": "Aegis of the Immortal", "item_4": 212, "item_3": 117, "item_4_name": "Ring of Aquila", "item_5": 46, "xp_per_min": 518, "item_5_name": "Town Portal Scroll", "hero_name": "Morphling", "gold_per_min": 480, "deaths": 6, "denies": 5, "item_2_name": "Power Treads", "item_1_name": "Manta Style"}, {"item_2": 92, "assists": 8, "leaver_status": 0, "item_1": 36, "item_0": 41, "item_0_name": "Bottle", "leaver_status_description": "finished match, no abandon", "level": 14, "player_slot": 130, "leaver_status_name": "NONE", "hero_id": 91, "last_hits": 69, "kills": 3, "account_id": 117421467, "item_3_name": "Power Treads", "item_4": 79, "item_3": 63, "item_4_name": "Mekansm", "item_5": 0, "xp_per_min": 265, "hero_name": "Io", "gold_per_min": 256, "deaths": 14, "denies": 3, "item_2_name": "Urn of Shadows", "item_1_name": "Magic Wand"}, {"item_2": 46, "assists": 9, "leaver_status": 0, "item_1": 36, "item_0": 187, "item_0_name": "Medallion of Courage", "leaver_status_description": "finished match, no abandon", "level": 11, "player_slot": 131, "leaver_status_name": "NONE", "hero_id": 20, "last_hits": 25, "kills": 0, "account_id": 93712171, "item_3_name": "Boots of Speed", "item_4": 188, "item_3": 29, "item_4_name": "Smoke of Deceit", "item_5": 0, "xp_per_min": 198, "hero_name": "Vengeful Spirit", "gold_per_min": 186, "deaths": 13, "denies": 1, "item_2_name": "Town Portal Scroll", "item_1_name": "Magic Wand"}, {"item_2": 121, "assists": 12, "leaver_status": 0, "item_1": 46, "item_0": 41, "item_0_name": "Bottle", "leaver_status_description": "finished match, no abandon", "level": 20, "player_slot": 132, "leaver_status_name": "NONE", "hero_id": 98, "last_hits": 174, "kills": 4, "account_id": 123787524, "item_3_name": "Scythe of Vyse", "item_4": 29, "item_3": 96, "item_4_name": "Boots of Speed", "item_5": 37, "xp_per_min": 552, "item_5_name": "Ghost Scepter", "hero_name": "Timbersaw", "gold_per_min": 431, "deaths": 8, "denies": 0, "item_2_name": "Bloodstone", "item_1_name": "Town Portal Scroll"}], "dire_team_id": 55, "picks_bans": [{"order": 0, "is_pick": false, "hero_id": 69, "team": 1}, {"order": 1, "is_pick": false, "hero_id": 50, "team": 0}, {"order": 2, "is_pick": false, "hero_id": 68, "team": 1}, {"order": 3, "is_pick": false, "hero_id": 19, "team": 0}, {"order": 4, "is_pick": true, "hero_id": 91, "team": 1}, {"order": 5, "is_pick": true, "hero_id": 78, "team": 0}, {"order": 6, "is_pick": true, "hero_id": 30, "team": 0}, {"order": 7, "is_pick": true, "hero_id": 13, "team": 1}, {"order": 8, "is_pick": false, "hero_id": 99, "team": 1}, {"order": 9, "is_pick": false, "hero_id": 2, "team": 0}, {"order": 10, "is_pick": false, "hero_id": 93, "team": 1}, {"order": 11, "is_pick": false, "hero_id": 61, "team": 0}, {"order": 12, "is_pick": true, "hero_id": 37, "team": 0}, {"order": 13, "is_pick": true, "hero_id": 20, "team": 1}, {"order": 14, "is_pick": true, "hero_id": 64, "team": 0}, {"order": 15, "is_pick": true, "hero_id": 10, "team": 1}, {"order": 16, "is_pick": false, "hero_id": 29, "team": 0}, {"order": 17, "is_pick": false, "hero_id": 77, "team": 1}, {"order": 18, "is_pick": true, "hero_id": 44, "team": 0}, {"order": 19, "is_pick": true, "hero_id": 98, "team": 1}], "dire_name": "_PowerRangers", "negative_votes": 8}