{"dire_captain": 89137399, "tower_status_radiant": 1974, "flags": 0, "radiant_team_complete": 1, "game_mode": 2, "radiant_score": 0, "match_id": 1169004283, "lobby_name": "Practice", "radiant_team_id": 1148284, "dire_logo": 46499322609643214, "pre_game_duration": 0, "radiant_captain": 105599955, "radiant_name": "MVP Phoenix", "match_seq_num": 1047340363, "dire_team_complete": 1, "start_time": 1421493055, "radiant_guild_logo": 703980765977979958, "radiant_win": true, "positive_votes": 206, "leagueid": 2158, "duration": 2624, "dire_score": 0, "lobby_type": 1, "cluster": 132, "radiant_guild_id": 153294, "engine": 0, "barracks_status_dire": 35, "barracks_status_radiant": 63, "cluster_name": "Europe West", "first_blood_time": 229, "radiant_guild_name": "Most Valuable Player[KOR]", "radiant_logo": 486682620712187742, "human_players": 10, "game_mode_name": "Captains Mode", "tower_status_dire": 512, "players": [{"item_2": 92, "assists": 20, "leaver_status": 0, "item_1": 42, "item_0": 36, "item_0_name": "Magic Wand", "leaver_status_description": "finished match, no abandon", "level": 16, "player_slot": 0, "leaver_status_name": "NONE", "hero_id": 30, "last_hits": 53, "kills": 4, "account_id": 105599955, "item_3_name": "Boots of Speed", "item_4": 46, "item_3": 29, "item_4_name": "Town Portal Scroll", "item_5": 108, "xp_per_min": 340, "item_5_name": "Aghanim's Scepter", "hero_name": "Witch Doctor", "gold_per_min": 271, "deaths": 4, "denies": 3, "item_2_name": "Urn of Shadows", "item_1_name": "Observer Ward"}, {"item_2": 108, "assists": 22, "leaver_status": 0, "item_1": 36, "item_0": 79, "item_0_name": "Mekansm", "leaver_status_description": "finished match, no abandon", "level": 21, "player_slot": 1, "leaver_status_name": "NONE", "hero_id": 47, "last_hits": 219, "kills": 10, "account_id": 3940262, "item_3_name": "Power Treads", "item_4": 112, "item_3": 63, "item_4_name": "Assault Cuirass", "item_5": 61, "xp_per_min": 553, "item_5_name": "Vitality Booster", "hero_name": "Viper", "gold_per_min": 513, "deaths": 3, "denies": 14, "item_2_name": "Aghanim's Scepter", "item_1_name": "Magic Wand"}, {"item_2": 160, "assists": 20, "leaver_status": 0, "item_1": 65, "item_0": 63, "item_0_name": "Power Treads", "leaver_status_description": "finished match, no abandon", "level": 25, "player_slot": 2, "leaver_status_name": "NONE", "hero_id": 93, "last_hits": 272, "kills": 10, "account_id": 93119769, "item_3_name": "Blink Dagger", "item_4": 208, "item_3": 1, "item_4_name": "Abyssal Blade", "item_5": 48, "xp_per_min": 741, "item_5_name": "Boots of Travel", "hero_name": "Slark", "gold_per_min": 637, "deaths": 6, "denies": 4, "item_2_name": "Eye of Skadi", "item_1_name": "Hand of Midas"}, {"item_2": 46, "assists": 17, "leaver_status": 0, "item_1": 1, "item_0": 30, "item_0_name": "Gem of True Sight", "leaver_status_description": "finished match, no abandon", "level": 18, "player_slot": 3, "leaver_status_name": "NONE", "hero_id": 26, "last_hits": 33, "kills": 4, "account_id": 102525542, "item_3_name": "Tranquil Boots", "item_4": 73, "item_3": 214, "item_4_name": "Bracer", "item_5": 108, "xp_per_min": 391, "item_5_name": "Aghanim's Scepter", "hero_name": "Lion", "gold_per_min": 281, "deaths": 4, "denies": 2, "item_2_name": "Town Portal Scroll", "item_1_name": "Blink Dagger"}, {"item_2": 108, "assists": 14, "leaver_status": 0, "item_1": 127, "item_0": 1, "item_0_name": "Blink Dagger", "leaver_status_description": "finished match, no abandon", "level": 21, "player_slot": 4, "leaver_status_name": "NONE", "hero_id": 2, "last_hits": 155, "kills": 15, "account_id": 88933594, "item_3_name": "Black King Bar", "item_4": 36, "item_3": 116, "item_4_name": "Magic Wand", "item_5": 214, "xp_per_min": 560, "item_5_name": "Tranquil Boots", "hero_name": "Axe", "gold_per_min": 486, "deaths": 9, "denies": 0, "item_2_name": "Aghanim's Scepter", "item_1_name": "Blade Mail"}, {"item_2": 42, "assists": 9, "leaver_status": 0, "item_1": 23, "item_0": 188, "item_0_name": "Smoke of Deceit", "leaver_status_description": "finished match, no abandon", "level": 13, "player_slot": 128, "leaver_status_name": "NONE", "hero_id": 101, "last_hits": 20, "kills": 1, "account_id": 89137399, "item_3_name": "Magic Wand", "item_4": 29, "item_3": 36, "item_4_name": "Boots of Speed", "item_5": 77, "xp_per_min": 236, "item_5_name": "Null Talisman", "hero_name": "Skywrath Mage", "gold_per_min": 179, "deaths": 11, "denies": 3, "item_2_name": "Observer Ward", "item_1_name": "Staff of Wizardry"}, {"item_2": 242, "assists": 8, "leaver_status": 0, "item_1": 143, "item_0": 63, "item_0_name": "Power Treads", "leaver_status_description": "finished match, no abandon", "level": 23, "player_slot": 129, "leaver_status_name": "NONE", "hero_id": 99, "last_hits": 277, "kills": 11, "account_id": 89625472, "item_3_name": "Black King Bar", "item_4": 36, "item_3": 116, "item_4_name": "Magic Wand", "item_5": 154, "xp_per_min": 648, "item_5_name": "Sange and Yasha", "hero_name": "Bristleback", "gold_per_min": 570, "deaths": 7, "denies": 10, "item_2_name": "Crimson Guard", "item_1_name": "Skull Basher"}, {"item_2": 96, "assists": 10, "leaver_status": 0, "item_1": 100, "item_0": 0, "leaver_status_description": "finished match, no abandon", "level": 22, "player_slot": 130, "leaver_status_name": "NONE", "hero_id": 13, "last_hits": 216, "kills": 6, "account_id": 70388657, "item_3_name": "Point Booster", "item_4": 1, "item_3": 60, "item_4_name": "Blink Dagger", "item_5": 63, "xp_per_min": 596, "item_5_name": "Power Treads", "hero_name": "Puck", "gold_per_min": 440, "deaths": 6, "denies": 21, "item_2_name": "Scythe of Vyse", "item_1_name": "Eul's Scepter of Divinity"}, {"item_2": 41, "assists": 10, "leaver_status": 0, "item_1": 92, "item_0": 46, "item_0_name": "Town Portal Scroll", "leaver_status_description": "finished match, no abandon", "level": 14, "player_slot": 131, "leaver_status_name": "NONE", "hero_id": 91, "last_hits": 42, "kills": 3, "account_id": 11550182, "item_3_name": "Buckler", "item_4": 63, "item_3": 86, "item_4_name": "Power Treads", "item_5": 81, "xp_per_min": 243, "item_5_name": "Vladmir's Offering", "hero_name": "Io", "gold_per_min": 198, "deaths": 12, "denies": 2, "item_2_name": "Bottle", "item_1_name": "Urn of Shadows"}, {"item_2": 8, "assists": 13, "leaver_status": 0, "item_1": 63, "item_0": 127, "item_0_name": "Blade Mail", "leaver_status_description": "finished match, no abandon", "level": 19, "player_slot": 132, "leaver_status_name": "NONE", "hero_id": 104, "last_hits": 122, "kills": 3, "account_id": 86723143, "item_3_name": "Town Portal Scroll", "item_4": 1, "item_3": 46, "item_4_name": "Blink Dagger", "item_5": 21, "xp_per_min": 460, "item_5_name": "Ogre Club", "hero_name": "Legion Commander", "gold_per_min": 311, "deaths": 7, "denies": 3, "item_2_name": "Mithril Hammer", "item_1_name": "Power Treads"}], "dire_team_id": 36, "picks_bans": [{"order": 0, "is_pick": false, "hero_id": 78, "team": 1}, {"order": 1, "is_pick": false, "hero_id": 97, "team": 0}, {"order": 2, "is_pick": false, "hero_id": 87, "team": 1}, {"order": 3, "is_pick": false, "hero_id": 95, "team": 0}, {"order": 4, "is_pick": true, "hero_id": 91, "team": 1}, {"order": 5, "is_pick": true, "hero_id": 2, "team": 0}, {"order": 6, "is_pick": true, "hero_id": 30, "team": 0}, {"order": 7, "is_pick": true, "hero_id": 104, "team": 1}, {"order": 8, "is_pick": false, "hero_id": 37, "team": 1}, {"order": 9, "is_pick": false, "hero_id": 19, "team": 0}, {"order": 10, "is_pick": false, "hero_id": 50, "team": 1}, {"order": 11, "is_pick": false, "hero_id": 11, "team": 0}, {"order": 12, "is_pick": true, "hero_id": 47, "team": 0}, {"order": 13, "is_pick": true, "hero_id": 13, "team": 1}, {"order": 14, "is_pick": true, "hero_id": 26, "team": 0}, {"order": 15, "is_pick": true, "hero_id": 101, "team": 1}, {"order": 16, "is_pick": false, "hero_id": 1, "team": 0}, {"order": 17, "is_pick": false, "hero_id": 106, "team": 1}, {"order": 18, "is_pick": true, "hero_id": 93, "team": 0}, {"order": 19, "is_pick": true, "hero_id": 99, "team": 1}], "dire_name": "Natus Vincere", "negative_votes": 30}