{"dire_captain": 88271237, "tower_status_radiant": 1846, "flags": 0, "radiant_team_complete": 0, "game_mode": 2, "radiant_score": 0, "match_id": 1176606783, "lobby_name": "Practice", "dire_logo": 53246768131873332, "pre_game_duration": 0, "radiant_captain": 72312627, "radiant_name": "STARK.gg", "match_seq_num": 1054262099, "dire_team_complete": 0, "start_time": 1421768849, "radiant_win": true, "positive_votes": 3, "leagueid": 1980, "duration": 3230, "dire_score": 0, "lobby_type": 1, "cluster": 132, "engine": 0, "barracks_status_dire": 0, "barracks_status_radiant": 63, "cluster_name": "Europe West", "first_blood_time": 284, "radiant_team_id": 1804536, "radiant_logo": 383163745913440150, "human_players": 10, "game_mode_name": "Captains Mode", "tower_status_dire": 1536, "players": [{"item_2": 160, "assists": 16, "leaver_status": 0, "item_1": 208, "item_0": 1, "item_0_name": "Blink Dagger", "leaver_status_description": "finished match, no abandon", "level": 25, "player_slot": 0, "leaver_status_name": "NONE", "hero_id": 93, "last_hits": 323, "kills": 5, "account_id": 72312627, "item_3_name": "Power Treads", "item_4": 154, "item_3": 63, "item_4_name": "Sange and Yasha", "item_5": 46, "xp_per_min": 601, "item_5_name": "Town Portal Scroll", "hero_name": "Slark", "gold_per_min": 533, "deaths": 5, "denies": 5, "item_2_name": "Eye of Skadi", "item_1_name": "Abyssal Blade"}, {"item_2": 110, "assists": 16, "leaver_status": 0, "item_1": 102, "item_0": 1, "item_0_name": "Blink Dagger", "leaver_status_description": "finished match, no abandon", "level": 25, "player_slot": 1, "leaver_status_name": "NONE", "hero_id": 29, "last_hits": 276, "kills": 8, "account_id": 24009418, "item_3_name": "Scythe of Vyse", "item_4": 119, "item_3": 96, "item_4_name": "Shiva's Guard", "item_5": 180, "xp_per_min": 601, "item_5_name": "Arcane Boots", "hero_name": "Tidehunter", "gold_per_min": 488, "deaths": 2, "denies": 3, "item_2_name": "Refresher Orb", "item_1_name": "Force Staff"}, {"item_2": 206, "assists": 11, "leaver_status": 0, "item_1": 102, "item_0": 180, "item_0_name": "Arcane Boots", "leaver_status_description": "finished match, no abandon", "level": 17, "player_slot": 2, "leaver_status_name": "NONE", "hero_id": 101, "last_hits": 48, "kills": 8, "account_id": 36864918, "item_3_name": "Town Portal Scroll", "item_4": 34, "item_3": 46, "item_4_name": "Magic Stick", "item_5": 43, "xp_per_min": 294, "item_5_name": "Sentry Ward", "hero_name": "Skywrath Mage", "gold_per_min": 265, "deaths": 8, "denies": 1, "item_2_name": "Rod of Atos", "item_1_name": "Force Staff"}, {"item_2": 108, "assists": 2, "leaver_status": 0, "item_1": 65, "item_0": 81, "item_0_name": "Vladmir's Offering", "leaver_status_description": "finished match, no abandon", "level": 19, "player_slot": 3, "leaver_status_name": "NONE", "hero_id": 83, "last_hits": 70, "kills": 3, "account_id": 8712306, "item_3_name": "Force Staff", "item_4": 46, "item_3": 102, "item_4_name": "Town Portal Scroll", "item_5": 180, "xp_per_min": 383, "item_5_name": "Arcane Boots", "hero_name": "Treant Protector", "gold_per_min": 296, "deaths": 5, "denies": 3, "item_2_name": "Aghanim's Scepter", "item_1_name": "Hand of Midas"}, {"item_2": 141, "assists": 15, "leaver_status": 0, "item_1": 141, "item_0": 48, "item_0_name": "Boots of Travel", "leaver_status_description": "finished match, no abandon", "level": 25, "player_slot": 4, "leaver_status_name": "NONE", "hero_id": 106, "last_hits": 402, "kills": 12, "account_id": 104744109, "item_3_name": "Battle Fury", "item_4": 41, "item_3": 145, "item_4_name": "Bottle", "item_5": 123, "xp_per_min": 607, "item_5_name": "Linken's Sphere", "hero_name": "Ember Spirit", "gold_per_min": 621, "deaths": 2, "denies": 10, "item_2_name": "Daedalus", "item_1_name": "Daedalus"}, {"item_2": 0, "assists": 7, "leaver_status": 0, "item_1": 102, "item_0": 1, "item_0_name": "Blink Dagger", "leaver_status_description": "finished match, no abandon", "level": 15, "player_slot": 128, "leaver_status_name": "NONE", "hero_id": 26, "last_hits": 49, "kills": 4, "account_id": 88271237, "item_4": 214, "item_3": 0, "item_4_name": "Tranquil Boots", "item_5": 21, "xp_per_min": 242, "item_5_name": "Ogre Club", "hero_name": "Lion", "gold_per_min": 213, "deaths": 9, "denies": 7, "item_1_name": "Force Staff"}, {"item_2": 21, "assists": 12, "leaver_status": 0, "item_1": 81, "item_0": 178, "item_0_name": "Soul Ring", "leaver_status_description": "finished match, no abandon", "level": 17, "player_slot": 129, "leaver_status_name": "NONE", "hero_id": 102, "last_hits": 41, "kills": 3, "account_id": 114672220, "item_4": 214, "item_3": 0, "item_4_name": "Tranquil Boots", "item_5": 92, "xp_per_min": 291, "item_5_name": "Urn of Shadows", "hero_name": "Abaddon", "gold_per_min": 202, "deaths": 5, "denies": 3, "item_2_name": "Ogre Club", "item_1_name": "Vladmir's Offering"}, {"item_2": 55, "assists": 7, "leaver_status": 0, "item_1": 210, "item_0": 1, "item_0_name": "Blink Dagger", "leaver_status_description": "finished match, no abandon", "level": 21, "player_slot": 130, "leaver_status_name": "NONE", "hero_id": 28, "last_hits": 190, "kills": 6, "account_id": 16769223, "item_3_name": "Platemail", "item_4": 116, "item_3": 9, "item_4_name": "Black King Bar", "item_5": 63, "xp_per_min": 429, "item_5_name": "Power Treads", "hero_name": "Slardar", "gold_per_min": 377, "deaths": 6, "denies": 12, "item_2_name": "Hyperstone", "item_1_name": "Heaven's Halberd"}, {"item_2": 36, "assists": 11, "leaver_status": 0, "item_1": 1, "item_0": 63, "item_0_name": "Power Treads", "leaver_status_description": "finished match, no abandon", "level": 20, "player_slot": 131, "leaver_status_name": "NONE", "hero_id": 78, "last_hits": 172, "kills": 3, "account_id": 34505203, "item_3_name": "Black King Bar", "item_4": 46, "item_3": 116, "item_4_name": "Town Portal Scroll", "item_5": 60, "xp_per_min": 390, "item_5_name": "Point Booster", "hero_name": "Brewmaster", "gold_per_min": 303, "deaths": 10, "denies": 6, "item_2_name": "Magic Wand", "item_1_name": "Blink Dagger"}, {"item_2": 108, "assists": 11, "leaver_status": 0, "item_1": 96, "item_0": 1, "item_0_name": "Blink Dagger", "leaver_status_description": "finished match, no abandon", "level": 23, "player_slot": 132, "leaver_status_name": "NONE", "hero_id": 55, "last_hits": 384, "kills": 6, "account_id": 20321748, "item_3_name": "Black King Bar", "item_4": 69, "item_3": 116, "item_4_name": "Perseverance", "item_5": 48, "xp_per_min": 540, "item_5_name": "Boots of Travel", "hero_name": "Dark Seer", "gold_per_min": 542, "deaths": 7, "denies": 5, "item_2_name": "Aghanim's Scepter", "item_1_name": "Scythe of Vyse"}], "dire_team_id": 2011234, "picks_bans": [{"order": 0, "is_pick": false, "hero_id": 8, "team": 1}, {"order": 1, "is_pick": false, "hero_id": 91, "team": 0}, {"order": 2, "is_pick": false, "hero_id": 95, "team": 1}, {"order": 3, "is_pick": false, "hero_id": 77, "team": 0}, {"order": 4, "is_pick": true, "hero_id": 78, "team": 1}, {"order": 5, "is_pick": true, "hero_id": 106, "team": 0}, {"order": 6, "is_pick": true, "hero_id": 101, "team": 0}, {"order": 7, "is_pick": true, "hero_id": 26, "team": 1}, {"order": 8, "is_pick": false, "hero_id": 16, "team": 1}, {"order": 9, "is_pick": false, "hero_id": 104, "team": 0}, {"order": 10, "is_pick": false, "hero_id": 84, "team": 1}, {"order": 11, "is_pick": false, "hero_id": 89, "team": 0}, {"order": 12, "is_pick": true, "hero_id": 83, "team": 0}, {"order": 13, "is_pick": true, "hero_id": 28, "team": 1}, {"order": 14, "is_pick": true, "hero_id": 29, "team": 0}, {"order": 15, "is_pick": true, "hero_id": 55, "team": 1}, {"order": 16, "is_pick": false, "hero_id": 50, "team": 0}, {"order": 17, "is_pick": false, "hero_id": 47, "team": 1}, {"order": 18, "is_pick": true, "hero_id": 93, "team": 0}, {"order": 19, "is_pick": true, "hero_id": 102, "team": 1}], "dire_name": "Basically Unknown", "negative_votes": 2}