{"dire_captain": 67760037, "tower_status_radiant": 0, "flags": 0, "lobby_type": 1, "cluster": 123, "game_mode_name": "Captains Mode", "engine": 0, "barracks_status_dire": 63, "barracks_status_radiant": 0, "cluster_name": "US East", "radiant_score": 0, "match_id": 1179367701, "lobby_name": "Practice", "dire_score": 0, "first_blood_time": 103, "radiant_team_id": 2041520, "radiant_logo": 547516193259918115, "human_players": 10, "pre_game_duration": 0, "radiant_team_complete": 0, "radiant_captain": 86828698, "players": [{"item_2": 100, "assists": 20, "leaver_status": 0, "item_1": 48, "item_0": 119, "item_0_name": "Shiva's Guard", "leaver_status_description": "finished match, no abandon", "level": 25, "player_slot": 0, "leaver_status_name": "NONE", "hero_id": 52, "last_hits": 389, "kills": 20, "account_id": 86828698, "item_3_name": "Black King Bar", "item_4": 121, "item_3": 116, "item_4_name": "Bloodstone", "item_5": 108, "xp_per_min": 621, "item_5_name": "Aghanim's Scepter", "hero_name": "Leshrac", "gold_per_min": 723, "deaths": 8, "denies": 12, "item_2_name": "Eul's Scepter of Divinity", "item_1_name": "Boots of Travel"}, {"item_2": 147, "assists": 11, "leaver_status": 0, "item_1": 174, "item_0": 63, "item_0_name": "Power Treads", "leaver_status_description": "finished match, no abandon", "level": 21, "player_slot": 1, "leaver_status_name": "NONE", "hero_id": 32, "last_hits": 122, "kills": 8, "account_id": 84176344, "item_3_name": "Orb of Venom", "item_4": 36, "item_3": 181, "item_4_name": "Magic Wand", "item_5": 46, "xp_per_min": 472, "item_5_name": "Town Portal Scroll", "hero_name": "Riki", "gold_per_min": 345, "deaths": 10, "denies": 13, "item_2_name": "Manta Style", "item_1_name": "Diffusal Blade"}, {"item_2": 194, "assists": 12, "leaver_status": 0, "item_1": 63, "item_0": 41, "item_0_name": "Bottle", "leaver_status_description": "finished match, no abandon", "level": 19, "player_slot": 2, "leaver_status_name": "NONE", "hero_id": 77, "last_hits": 197, "kills": 4, "account_id": 108452107, "item_3_name": "Medallion of Courage", "item_4": 21, "item_3": 187, "item_4_name": "Ogre Club", "item_5": 81, "xp_per_min": 379, "item_5_name": "Vladmir's Offering", "hero_name": "Lycan", "gold_per_min": 358, "deaths": 12, "denies": 8, "item_2_name": "Necronomicon", "item_1_name": "Power Treads"}, {"item_2": 46, "assists": 20, "leaver_status": 0, "item_1": 21, "item_0": 29, "item_0_name": "Boots of Speed", "leaver_status_description": "finished match, no abandon", "level": 19, "player_slot": 3, "leaver_status_name": "NONE", "hero_id": 30, "last_hits": 53, "kills": 2, "account_id": 55300424, "item_3_name": "Aghanim's Scepter", "item_4": 36, "item_3": 108, "item_4_name": "Magic Wand", "item_5": 42, "xp_per_min": 369, "item_5_name": "Observer Ward", "hero_name": "Witch Doctor", "gold_per_min": 237, "deaths": 9, "denies": 0, "item_2_name": "Town Portal Scroll", "item_1_name": "Ogre Club"}, {"item_2": 92, "assists": 17, "leaver_status": 0, "item_1": 102, "item_0": 1, "item_0_name": "Blink Dagger", "leaver_status_description": "finished match, no abandon", "level": 22, "player_slot": 4, "leaver_status_name": "NONE", "hero_id": 14, "last_hits": 104, "kills": 13, "account_id": 128632932, "item_3_name": "Tranquil Boots", "item_4": 100, "item_3": 214, "item_4_name": "Eul's Scepter of Divinity", "item_5": 116, "xp_per_min": 522, "item_5_name": "Black King Bar", "hero_name": "Pudge", "gold_per_min": 373, "deaths": 10, "denies": 1, "item_2_name": "Urn of Shadows", "item_1_name": "Force Staff"}, {"item_2": 139, "assists": 20, "leaver_status": 0, "item_1": 160, "item_0": 114, "item_0_name": "Heart of Tarrasque", "leaver_status_description": "finished match, no abandon", "level": 25, "player_slot": 128, "leaver_status_name": "NONE", "hero_id": 89, "last_hits": 648, "kills": 9, "account_id": 67760037, "item_3_name": "Manta Style", "item_4": 48, "item_3": 147, "item_4_name": "Boots of Travel", "item_5": 137, "xp_per_min": 619, "item_5_name": "Radiance", "hero_name": "Naga Siren", "gold_per_min": 871, "deaths": 1, "denies": 9, "item_2_name": "Butterfly", "item_1_name": "Eye of Skadi"}, {"item_2": 116, "assists": 14, "leaver_status": 0, "item_1": 210, "item_0": 92, "item_0_name": "Urn of Shadows", "leaver_status_description": "finished match, no abandon", "level": 17, "player_slot": 129, "leaver_status_name": "NONE", "hero_id": 71, "last_hits": 54, "kills": 4, "account_id": 101286409, "item_3_name": "Dust of Appearance", "item_4": 46, "item_3": 40, "item_4_name": "Town Portal Scroll", "item_5": 63, "xp_per_min": 319, "item_5_name": "Power Treads", "hero_name": "Spirit Breaker", "gold_per_min": 267, "deaths": 12, "denies": 8, "item_2_name": "Black King Bar", "item_1_name": "Heaven's Halberd"}, {"item_2": 116, "assists": 11, "leaver_status": 0, "item_1": 48, "item_0": 147, "item_0_name": "Manta Style", "leaver_status_description": "finished match, no abandon", "level": 25, "player_slot": 130, "leaver_status_name": "NONE", "hero_id": 11, "last_hits": 359, "kills": 23, "account_id": 69256187, "item_3_name": "Satanic", "item_4": 1, "item_3": 156, "item_4_name": "Blink Dagger", "item_5": 141, "xp_per_min": 618, "item_5_name": "Daedalus", "hero_name": "Shadow Fiend", "gold_per_min": 706, "deaths": 10, "denies": 2, "item_2_name": "Black King Bar", "item_1_name": "Boots of Travel"}, {"item_2": 23, "assists": 12, "leaver_status": 0, "item_1": 102, "item_0": 108, "item_0_name": "Aghanim's Scepter", "leaver_status_description": "finished match, no abandon", "level": 20, "player_slot": 131, "leaver_status_name": "NONE", "hero_id": 31, "last_hits": 98, "kills": 5, "account_id": 67601693, "item_3_name": "Hand of Midas", "item_4": 214, "item_3": 65, "item_4_name": "Tranquil Boots", "item_5": 46, "xp_per_min": 401, "item_5_name": "Town Portal Scroll", "hero_name": "Lich", "gold_per_min": 340, "deaths": 9, "denies": 1, "item_2_name": "Staff of Wizardry", "item_1_name": "Force Staff"}, {"item_2": 0, "assists": 15, "leaver_status": 0, "item_1": 108, "item_0": 178, "item_0_name": "Soul Ring", "leaver_status_description": "finished match, no abandon", "level": 18, "player_slot": 132, "leaver_status_name": "NONE", "hero_id": 84, "last_hits": 83, "kills": 4, "account_id": 87090735, "item_3_name": "Tranquil Boots", "item_4": 36, "item_3": 214, "item_4_name": "Magic Wand", "item_5": 48, "xp_per_min": 353, "item_5_name": "Boots of Travel", "hero_name": "Ogre Magi", "gold_per_min": 287, "deaths": 15, "denies": 5, "item_1_name": "Aghanim's Scepter"}], "radiant_name": "Guess Jeans", "tower_status_dire": 1828, "match_seq_num": 1056731315, "start_time": 1421883567, "picks_bans": [{"order": 0, "is_pick": false, "hero_id": 8, "team": 1}, {"order": 1, "is_pick": false, "hero_id": 4, "team": 0}, {"order": 2, "is_pick": false, "hero_id": 95, "team": 1}, {"order": 3, "is_pick": false, "hero_id": 2, "team": 0}, {"order": 4, "is_pick": true, "hero_id": 71, "team": 1}, {"order": 5, "is_pick": true, "hero_id": 30, "team": 0}, {"order": 6, "is_pick": true, "hero_id": 14, "team": 0}, {"order": 7, "is_pick": true, "hero_id": 31, "team": 1}, {"order": 8, "is_pick": false, "hero_id": 41, "team": 1}, {"order": 9, "is_pick": false, "hero_id": 46, "team": 0}, {"order": 10, "is_pick": false, "hero_id": 57, "team": 1}, {"order": 11, "is_pick": false, "hero_id": 93, "team": 0}, {"order": 12, "is_pick": true, "hero_id": 52, "team": 0}, {"order": 13, "is_pick": true, "hero_id": 84, "team": 1}, {"order": 14, "is_pick": true, "hero_id": 77, "team": 0}, {"order": 15, "is_pick": true, "hero_id": 11, "team": 1}, {"order": 16, "is_pick": false, "hero_id": 56, "team": 0}, {"order": 17, "is_pick": false, "hero_id": 61, "team": 1}, {"order": 18, "is_pick": true, "hero_id": 32, "team": 0}, {"order": 19, "is_pick": true, "hero_id": 89, "team": 1}], "radiant_win": false, "positive_votes": 1, "leagueid": 2363, "game_mode": 2, "duration": 3145, "negative_votes": 0}