{"dire_captain": 86828698, "tower_status_radiant": 0, "flags": 0, "lobby_type": 1, "cluster": 124, "game_mode_name": "Captains Mode", "engine": 0, "barracks_status_dire": 63, "barracks_status_radiant": 0, "cluster_name": "US East", "radiant_score": 0, "match_id": 1186737582, "lobby_name": "Practice", "dire_score": 0, "first_blood_time": 104, "human_players": 10, "pre_game_duration": 0, "radiant_captain": 67760037, "players": [{"item_2": 1, "assists": 2, "leaver_status": 0, "item_1": 214, "item_0": 178, "item_0_name": "Soul Ring", "leaver_status_description": "finished match, no abandon", "level": 17, "player_slot": 0, "leaver_status_name": "NONE", "hero_id": 57, "last_hits": 56, "kills": 0, "account_id": 67760037, "item_4": 0, "item_3": 0, "item_5": 188, "xp_per_min": 269, "item_5_name": "Smoke of Deceit", "hero_name": "Omniknight", "gold_per_min": 182, "deaths": 10, "denies": 2, "item_2_name": "Blink Dagger", "item_1_name": "Tranquil Boots"}, {"item_2": 65, "assists": 4, "leaver_status": 0, "item_1": 1, "item_0": 172, "item_0_name": "Mask of Madness", "leaver_status_description": "finished match, no abandon", "level": 24, "player_slot": 1, "leaver_status_name": "NONE", "hero_id": 93, "last_hits": 247, "kills": 6, "account_id": 89117858, "item_3_name": "Skull Basher", "item_4": 166, "item_3": 143, "item_4_name": "Maelstrom", "item_5": 63, "xp_per_min": 511, "item_5_name": "Power Treads", "hero_name": "Slark", "gold_per_min": 416, "deaths": 14, "denies": 5, "item_2_name": "Hand of Midas", "item_1_name": "Blink Dagger"}, {"item_2": 37, "assists": 10, "leaver_status": 0, "item_1": 102, "item_0": 1, "item_0_name": "Blink Dagger", "leaver_status_description": "finished match, no abandon", "level": 19, "player_slot": 2, "leaver_status_name": "NONE", "hero_id": 14, "last_hits": 57, "kills": 6, "account_id": 128632932, "item_4": 92, "item_3": 0, "item_4_name": "Urn of Shadows", "item_5": 214, "xp_per_min": 349, "item_5_name": "Tranquil Boots", "hero_name": "Pudge", "gold_per_min": 245, "deaths": 13, "denies": 0, "item_2_name": "Ghost Scepter", "item_1_name": "Force Staff"}, {"item_2": 54, "assists": 10, "leaver_status": 0, "item_1": 139, "item_0": 147, "item_0_name": "Manta Style", "leaver_status_description": "finished match, no abandon", "level": 25, "player_slot": 3, "leaver_status_name": "NONE", "hero_id": 94, "last_hits": 653, "kills": 4, "account_id": 102823997, "item_3_name": "Linken's Sphere", "item_4": 135, "item_3": 123, "item_4_name": "Monkey King Bar", "item_5": 48, "xp_per_min": 552, "item_5_name": "Boots of Travel", "hero_name": "Medusa", "gold_per_min": 648, "deaths": 7, "denies": 5, "item_2_name": "Sacred Relic", "item_1_name": "Butterfly"}, {"item_2": 108, "assists": 6, "leaver_status": 0, "item_1": 204, "item_0": 121, "item_0_name": "Bloodstone", "leaver_status_description": "finished match, no abandon", "level": 25, "player_slot": 4, "leaver_status_name": "NONE", "hero_id": 36, "last_hits": 346, "kills": 10, "account_id": 67601693, "item_3_name": "Blink Dagger", "item_4": 63, "item_3": 1, "item_4_name": "Power Treads", "item_5": 46, "xp_per_min": 552, "item_5_name": "Town Portal Scroll", "hero_name": "Necrophos", "gold_per_min": 545, "deaths": 9, "denies": 13, "item_2_name": "Aghanim's Scepter", "item_1_name": "Dagon"}, {"item_2": 1, "assists": 22, "leaver_status": 0, "item_1": 48, "item_0": 73, "item_0_name": "Bracer", "leaver_status_description": "finished match, no abandon", "level": 25, "player_slot": 128, "leaver_status_name": "NONE", "hero_id": 31, "last_hits": 116, "kills": 14, "account_id": 86828698, "item_3_name": "Linken's Sphere", "item_4": 100, "item_3": 123, "item_4_name": "Eul's Scepter of Divinity", "item_5": 108, "xp_per_min": 555, "item_5_name": "Aghanim's Scepter", "hero_name": "Lich", "gold_per_min": 408, "deaths": 0, "denies": 8, "item_2_name": "Blink Dagger", "item_1_name": "Boots of Travel"}, {"item_2": 190, "assists": 16, "leaver_status": 0, "item_1": 1, "item_0": 108, "item_0_name": "Aghanim's Scepter", "leaver_status_description": "finished match, no abandon", "level": 19, "player_slot": 129, "leaver_status_name": "NONE", "hero_id": 40, "last_hits": 124, "kills": 3, "account_id": 84176344, "item_3_name": "Tranquil Boots", "item_4": 46, "item_3": 214, "item_4_name": "Town Portal Scroll", "item_5": 81, "xp_per_min": 346, "item_5_name": "Vladmir's Offering", "hero_name": "Venomancer", "gold_per_min": 315, "deaths": 10, "denies": 4, "item_2_name": "Veil of Discord", "item_1_name": "Blink Dagger"}, {"item_2": 1, "assists": 20, "leaver_status": 0, "item_1": 48, "item_0": 112, "item_0_name": "Assault Cuirass", "leaver_status_description": "finished match, no abandon", "level": 25, "player_slot": 130, "leaver_status_name": "NONE", "hero_id": 78, "last_hits": 332, "kills": 9, "account_id": 100624065, "item_3_name": "Monkey King Bar", "item_4": 116, "item_3": 135, "item_4_name": "Black King Bar", "item_5": 208, "xp_per_min": 555, "item_5_name": "Abyssal Blade", "hero_name": "Brewmaster", "gold_per_min": 602, "deaths": 5, "denies": 5, "item_2_name": "Blink Dagger", "item_1_name": "Boots of Travel"}, {"item_2": 172, "assists": 19, "leaver_status": 0, "item_1": 116, "item_0": 158, "item_0_name": "Mjollnir", "leaver_status_description": "finished match, no abandon", "level": 25, "player_slot": 131, "leaver_status_name": "NONE", "hero_id": 41, "last_hits": 283, "kills": 12, "account_id": 101280509, "item_3_name": "Power Treads", "item_4": 135, "item_3": 63, "item_4_name": "Monkey King Bar", "item_5": 46, "xp_per_min": 552, "item_5_name": "Town Portal Scroll", "hero_name": "Faceless Void", "gold_per_min": 498, "deaths": 7, "denies": 1, "item_2_name": "Mask of Madness", "item_1_name": "Black King Bar"}, {"item_2": 185, "assists": 19, "leaver_status": 0, "item_1": 135, "item_0": 48, "item_0_name": "Boots of Travel", "leaver_status_description": "finished match, no abandon", "level": 25, "player_slot": 132, "leaver_status_name": "NONE", "hero_id": 9, "last_hits": 237, "kills": 13, "account_id": 68824062, "item_3_name": "Diffusal Blade", "item_4": 139, "item_3": 196, "item_4_name": "Butterfly", "item_5": 147, "xp_per_min": 555, "item_5_name": "Manta Style", "hero_name": "Mirana", "gold_per_min": 501, "deaths": 4, "denies": 11, "item_2_name": "Drum of Endurance", "item_1_name": "Monkey King Bar"}], "tower_status_dire": 1828, "match_seq_num": 1063472559, "start_time": 1422157733, "picks_bans": [{"order": 0, "is_pick": false, "hero_id": 2, "team": 1}, {"order": 1, "is_pick": false, "hero_id": 8, "team": 0}, {"order": 2, "is_pick": false, "hero_id": 61, "team": 1}, {"order": 3, "is_pick": false, "hero_id": 95, "team": 0}, {"order": 4, "is_pick": true, "hero_id": 9, "team": 1}, {"order": 5, "is_pick": true, "hero_id": 14, "team": 0}, {"order": 6, "is_pick": true, "hero_id": 93, "team": 0}, {"order": 7, "is_pick": true, "hero_id": 40, "team": 1}, {"order": 8, "is_pick": false, "hero_id": 86, "team": 1}, {"order": 9, "is_pick": false, "hero_id": 68, "team": 0}, {"order": 10, "is_pick": false, "hero_id": 35, "team": 1}, {"order": 11, "is_pick": false, "hero_id": 71, "team": 0}, {"order": 12, "is_pick": true, "hero_id": 57, "team": 0}, {"order": 13, "is_pick": true, "hero_id": 41, "team": 1}, {"order": 14, "is_pick": true, "hero_id": 36, "team": 0}, {"order": 15, "is_pick": true, "hero_id": 78, "team": 1}, {"order": 16, "is_pick": false, "hero_id": 88, "team": 0}, {"order": 17, "is_pick": false, "hero_id": 101, "team": 1}, {"order": 18, "is_pick": true, "hero_id": 94, "team": 0}, {"order": 19, "is_pick": true, "hero_id": 31, "team": 1}], "radiant_win": false, "positive_votes": 2, "leagueid": 2363, "game_mode": 2, "duration": 3517, "negative_votes": 0}