{"dire_captain": 86747757, "tower_status_radiant": 1982, "flags": 0, "radiant_team_complete": 1, "game_mode": 2, "radiant_score": 0, "match_id": 1188450903, "lobby_name": "Practice", "dire_logo": 594785681587718235, "pre_game_duration": 0, "radiant_captain": 99804007, "radiant_name": "Balkan Bears Corleone", "match_seq_num": 1065028977, "dire_team_complete": 0, "start_time": 1422205610, "radiant_win": true, "positive_votes": 81, "leagueid": 2388, "duration": 2294, "dire_score": 0, "lobby_type": 1, "cluster": 182, "engine": 0, "barracks_status_dire": 51, "barracks_status_radiant": 63, "cluster_name": "Russia", "first_blood_time": 0, "radiant_team_id": 1589592, "radiant_logo": 469811338474849833, "human_players": 10, "game_mode_name": "Captains Mode", "tower_status_dire": 1796, "players": [{"item_2": 65, "assists": 7, "leaver_status": 0, "item_1": 152, "item_0": 208, "item_0_name": "Abyssal Blade", "leaver_status_description": "finished match, no abandon", "level": 23, "player_slot": 0, "leaver_status_name": "NONE", "hero_id": 93, "last_hits": 291, "kills": 6, "account_id": 99804007, "item_3_name": "Power Treads", "item_4": 123, "item_3": 63, "item_4_name": "Linken's Sphere", "item_5": 185, "xp_per_min": 758, "item_5_name": "Drum of Endurance", "hero_name": "Slark", "gold_per_min": 637, "deaths": 4, "denies": 18, "item_2_name": "Hand of Midas", "item_1_name": "Shadow Blade"}, {"item_2": 63, "assists": 9, "leaver_status": 0, "item_1": 172, "item_0": 1, "item_0_name": "Blink Dagger", "leaver_status_description": "finished match, no abandon", "level": 21, "player_slot": 1, "leaver_status_name": "NONE", "hero_id": 41, "last_hits": 175, "kills": 11, "account_id": 32335598, "item_3_name": "Town Portal Scroll", "item_4": 141, "item_3": 46, "item_4_name": "Daedalus", "item_5": 166, "xp_per_min": 634, "item_5_name": "Maelstrom", "hero_name": "Faceless Void", "gold_per_min": 495, "deaths": 4, "denies": 16, "item_2_name": "Power Treads", "item_1_name": "Mask of Madness"}, {"item_2": 123, "assists": 13, "leaver_status": 0, "item_1": 100, "item_0": 36, "item_0_name": "Magic Wand", "leaver_status_description": "finished match, no abandon", "level": 20, "player_slot": 2, "leaver_status_name": "NONE", "hero_id": 21, "last_hits": 210, "kills": 9, "account_id": 105248644, "item_3_name": "Maelstrom", "item_4": 50, "item_3": 166, "item_4_name": "Phase Boots", "item_5": 108, "xp_per_min": 589, "item_5_name": "Aghanim's Scepter", "hero_name": "Windranger", "gold_per_min": 518, "deaths": 6, "denies": 31, "item_2_name": "Linken's Sphere", "item_1_name": "Eul's Scepter of Divinity"}, {"item_2": 46, "assists": 14, "leaver_status": 0, "item_1": 1, "item_0": 176, "item_0_name": "Ethereal Blade", "leaver_status_description": "finished match, no abandon", "level": 21, "player_slot": 3, "leaver_status_name": "NONE", "hero_id": 26, "last_hits": 64, "kills": 8, "account_id": 89117038, "item_3_name": "Gem of True Sight", "item_4": 60, "item_3": 30, "item_4_name": "Point Booster", "item_5": 214, "xp_per_min": 622, "item_5_name": "Tranquil Boots", "hero_name": "Lion", "gold_per_min": 345, "deaths": 2, "denies": 1, "item_2_name": "Town Portal Scroll", "item_1_name": "Blink Dagger"}, {"item_2": 1, "assists": 10, "leaver_status": 0, "item_1": 65, "item_0": 214, "item_0_name": "Tranquil Boots", "leaver_status_description": "finished match, no abandon", "level": 17, "player_slot": 4, "leaver_status_name": "NONE", "hero_id": 5, "last_hits": 127, "kills": 2, "account_id": 66988931, "item_3_name": "Urn of Shadows", "item_4": 108, "item_3": 92, "item_4_name": "Aghanim's Scepter", "item_5": 42, "xp_per_min": 439, "item_5_name": "Observer Ward", "hero_name": "Crystal Maiden", "gold_per_min": 393, "deaths": 6, "denies": 1, "item_2_name": "Blink Dagger", "item_1_name": "Hand of Midas"}, {"item_2": 46, "assists": 7, "leaver_status": 0, "item_1": 1, "item_0": 104, "item_0_name": "Dagon", "leaver_status_description": "finished match, no abandon", "level": 19, "player_slot": 128, "leaver_status_name": "NONE", "hero_id": 13, "last_hits": 131, "kills": 7, "account_id": 86747757, "item_3_name": "Magic Wand", "item_4": 29, "item_3": 36, "item_4_name": "Boots of Speed", "item_5": 65, "xp_per_min": 514, "item_5_name": "Hand of Midas", "hero_name": "Puck", "gold_per_min": 406, "deaths": 11, "denies": 6, "item_2_name": "Town Portal Scroll", "item_1_name": "Blink Dagger"}, {"item_2": 50, "assists": 4, "leaver_status": 0, "item_1": 46, "item_0": 143, "item_0_name": "Skull Basher", "leaver_status_description": "finished match, no abandon", "level": 19, "player_slot": 129, "leaver_status_name": "NONE", "hero_id": 8, "last_hits": 253, "kills": 7, "account_id": 69325073, "item_3_name": "Manta Style", "item_4": 172, "item_3": 147, "item_4_name": "Mask of Madness", "item_5": 116, "xp_per_min": 503, "item_5_name": "Black King Bar", "hero_name": "Juggernaut", "gold_per_min": 492, "deaths": 6, "denies": 16, "item_2_name": "Phase Boots", "item_1_name": "Town Portal Scroll"}, {"item_2": 108, "assists": 5, "leaver_status": 3, "item_1": 65, "item_0": 1, "item_0_name": "Blink Dagger", "leaver_status_description": "player dc, clicked leave, abandon", "level": 17, "player_slot": 130, "leaver_status_name": "ABANDONED", "hero_id": 69, "last_hits": 114, "kills": 1, "account_id": 90423751, "item_3_name": "Platemail", "item_4": 214, "item_3": 9, "item_4_name": "Tranquil Boots", "item_5": 46, "xp_per_min": 428, "item_5_name": "Town Portal Scroll", "hero_name": "Doom", "gold_per_min": 410, "deaths": 4, "denies": 8, "item_2_name": "Aghanim's Scepter", "item_1_name": "Hand of Midas"}, {"item_2": 0, "assists": 11, "leaver_status": 0, "item_1": 187, "item_0": 214, "item_0_name": "Tranquil Boots", "leaver_status_description": "finished match, no abandon", "level": 15, "player_slot": 131, "leaver_status_name": "NONE", "hero_id": 20, "last_hits": 38, "kills": 1, "account_id": 89742217, "item_3_name": "Ogre Club", "item_4": 73, "item_3": 21, "item_4_name": "Bracer", "item_5": 34, "xp_per_min": 352, "item_5_name": "Magic Stick", "hero_name": "Vengeful Spirit", "gold_per_min": 207, "deaths": 9, "denies": 5, "item_1_name": "Medallion of Courage"}, {"item_2": 37, "assists": 6, "leaver_status": 0, "item_1": 92, "item_0": 102, "item_0_name": "Force Staff", "leaver_status_description": "finished match, no abandon", "level": 15, "player_slot": 132, "leaver_status_name": "NONE", "hero_id": 86, "last_hits": 65, "kills": 4, "account_id": 147725971, "item_3_name": "Magic Wand", "item_4": 0, "item_3": 36, "item_5": 180, "xp_per_min": 349, "item_5_name": "Arcane Boots", "hero_name": "Rubick", "gold_per_min": 263, "deaths": 6, "denies": 6, "item_2_name": "Ghost Scepter", "item_1_name": "Urn of Shadows"}], "dire_team_id": 1161668, "picks_bans": [{"order": 0, "is_pick": false, "hero_id": 61, "team": 1}, {"order": 1, "is_pick": false, "hero_id": 91, "team": 0}, {"order": 2, "is_pick": false, "hero_id": 95, "team": 1}, {"order": 3, "is_pick": false, "hero_id": 2, "team": 0}, {"order": 4, "is_pick": true, "hero_id": 8, "team": 1}, {"order": 5, "is_pick": true, "hero_id": 26, "team": 0}, {"order": 6, "is_pick": true, "hero_id": 41, "team": 0}, {"order": 7, "is_pick": true, "hero_id": 20, "team": 1}, {"order": 8, "is_pick": false, "hero_id": 98, "team": 1}, {"order": 9, "is_pick": false, "hero_id": 22, "team": 0}, {"order": 10, "is_pick": false, "hero_id": 29, "team": 1}, {"order": 11, "is_pick": false, "hero_id": 68, "team": 0}, {"order": 12, "is_pick": true, "hero_id": 5, "team": 0}, {"order": 13, "is_pick": true, "hero_id": 13, "team": 1}, {"order": 14, "is_pick": true, "hero_id": 21, "team": 0}, {"order": 15, "is_pick": true, "hero_id": 86, "team": 1}, {"order": 16, "is_pick": false, "hero_id": 47, "team": 0}, {"order": 17, "is_pick": false, "hero_id": 106, "team": 1}, {"order": 18, "is_pick": true, "hero_id": 93, "team": 0}, {"order": 19, "is_pick": true, "hero_id": 69, "team": 1}], "dire_name": "xGame.kz", "negative_votes": 19}