{"dire_captain": 49317728, "tower_status_radiant": 1536, "flags": 0, "radiant_team_complete": 0, "game_mode": 2, "radiant_score": 0, "match_id": 1199976937, "lobby_name": "Practice", "dire_logo": 494645350098604346, "pre_game_duration": 0, "radiant_captain": 115975133, "radiant_name": "FireDota", "match_seq_num": 1075565664, "dire_team_complete": 0, "start_time": 1422646079, "radiant_win": true, "positive_votes": 7, "leagueid": 1244, "duration": 3257, "dire_score": 0, "lobby_type": 1, "cluster": 123, "engine": 0, "barracks_status_dire": 3, "barracks_status_radiant": 48, "cluster_name": "US East", "first_blood_time": 134, "radiant_team_id": 2059672, "radiant_logo": 53246768086095075, "human_players": 10, "game_mode_name": "Captains Mode", "tower_status_dire": 0, "players": [{"item_2": 147, "assists": 8, "leaver_status": 0, "item_1": 133, "item_0": 116, "item_0_name": "Black King Bar", "leaver_status_description": "finished match, no abandon", "level": 25, "player_slot": 0, "leaver_status_name": "NONE", "hero_id": 48, "last_hits": 442, "kills": 11, "account_id": 115975133, "item_3_name": "Butterfly", "item_4": 156, "item_3": 139, "item_4_name": "Satanic", "item_5": 48, "xp_per_min": 601, "item_5_name": "Boots of Travel", "hero_name": "Luna", "gold_per_min": 721, "deaths": 7, "denies": 17, "item_2_name": "Manta Style", "item_1_name": "Divine Rapier"}, {"item_2": 108, "assists": 7, "leaver_status": 0, "item_1": 79, "item_0": 180, "item_0_name": "Arcane Boots", "leaver_status_description": "finished match, no abandon", "level": 19, "player_slot": 1, "leaver_status_name": "NONE", "hero_id": 66, "last_hits": 149, "kills": 2, "account_id": 41470731, "item_3_name": "Perseverance", "item_4": 24, "item_3": 69, "item_4_name": "Ultimate Orb", "item_5": 0, "xp_per_min": 353, "hero_name": "Chen", "gold_per_min": 326, "deaths": 7, "denies": 0, "item_2_name": "Aghanim's Scepter", "item_1_name": "Mekansm"}, {"item_2": 21, "assists": 13, "leaver_status": 0, "item_1": 36, "item_0": 0, "leaver_status_description": "finished match, no abandon", "level": 21, "player_slot": 2, "leaver_status_name": "NONE", "hero_id": 20, "last_hits": 66, "kills": 3, "account_id": 5448108, "item_3_name": "Phase Boots", "item_4": 187, "item_3": 50, "item_4_name": "Medallion of Courage", "item_5": 90, "xp_per_min": 425, "item_5_name": "Pipe of Insight", "hero_name": "Vengeful Spirit", "gold_per_min": 276, "deaths": 10, "denies": 3, "item_2_name": "Ogre Club", "item_1_name": "Magic Wand"}, {"item_2": 160, "assists": 13, "leaver_status": 0, "item_1": 81, "item_0": 1, "item_0_name": "Blink Dagger", "leaver_status_description": "finished match, no abandon", "level": 24, "player_slot": 3, "leaver_status_name": "NONE", "hero_id": 95, "last_hits": 315, "kills": 0, "account_id": 31818853, "item_3_name": "Power Treads", "item_4": 116, "item_3": 63, "item_4_name": "Black King Bar", "item_5": 46, "xp_per_min": 566, "item_5_name": "Town Portal Scroll", "hero_name": "Troll Warlord", "gold_per_min": 463, "deaths": 8, "denies": 14, "item_2_name": "Eye of Skadi", "item_1_name": "Vladmir's Offering"}, {"item_2": 102, "assists": 9, "leaver_status": 0, "item_1": 116, "item_0": 1, "item_0_name": "Blink Dagger", "leaver_status_description": "finished match, no abandon", "level": 22, "player_slot": 4, "leaver_status_name": "NONE", "hero_id": 65, "last_hits": 188, "kills": 6, "account_id": 86715129, "item_3_name": "Tranquil Boots", "item_4": 172, "item_3": 214, "item_4_name": "Mask of Madness", "item_5": 100, "xp_per_min": 477, "item_5_name": "Eul's Scepter of Divinity", "hero_name": "Batrider", "gold_per_min": 391, "deaths": 7, "denies": 0, "item_2_name": "Force Staff", "item_1_name": "Black King Bar"}, {"item_2": 96, "assists": 16, "leaver_status": 0, "item_1": 48, "item_0": 100, "item_0_name": "Eul's Scepter of Divinity", "leaver_status_description": "finished match, no abandon", "level": 25, "player_slot": 128, "leaver_status_name": "NONE", "hero_id": 25, "last_hits": 318, "kills": 20, "account_id": 49317728, "item_3_name": "Black King Bar", "item_4": 108, "item_3": 116, "item_4_name": "Aghanim's Scepter", "item_5": 33, "xp_per_min": 603, "item_5_name": "Cheese", "hero_name": "Lina", "gold_per_min": 569, "deaths": 6, "denies": 11, "item_2_name": "Scythe of Vyse", "item_1_name": "Boots of Travel"}, {"item_2": 79, "assists": 16, "leaver_status": 0, "item_1": 116, "item_0": 139, "item_0_name": "Butterfly", "leaver_status_description": "finished match, no abandon", "level": 25, "player_slot": 129, "leaver_status_name": "NONE", "hero_id": 11, "last_hits": 382, "kills": 7, "account_id": 12231202, "item_3_name": "Demon Edge", "item_4": 48, "item_3": 51, "item_4_name": "Boots of Travel", "item_5": 141, "xp_per_min": 596, "item_5_name": "Daedalus", "hero_name": "Shadow Fiend", "gold_per_min": 573, "deaths": 5, "denies": 11, "item_2_name": "Mekansm", "item_1_name": "Black King Bar"}, {"item_2": 102, "assists": 19, "leaver_status": 0, "item_1": 1, "item_0": 119, "item_0_name": "Shiva's Guard", "leaver_status_description": "finished match, no abandon", "level": 25, "player_slot": 130, "leaver_status_name": "NONE", "hero_id": 16, "last_hits": 319, "kills": 6, "account_id": 61284613, "item_3_name": "Boots of Travel", "item_4": 123, "item_3": 48, "item_4_name": "Linken's Sphere", "item_5": 112, "xp_per_min": 602, "item_5_name": "Assault Cuirass", "hero_name": "Sand King", "gold_per_min": 497, "deaths": 0, "denies": 2, "item_2_name": "Force Staff", "item_1_name": "Blink Dagger"}, {"item_2": 48, "assists": 21, "leaver_status": 0, "item_1": 194, "item_0": 42, "item_0_name": "Observer Ward", "leaver_status_description": "finished match, no abandon", "level": 22, "player_slot": 131, "leaver_status_name": "NONE", "hero_id": 38, "last_hits": 182, "kills": 4, "account_id": 50828662, "item_3_name": "Aghanim's Scepter", "item_4": 37, "item_3": 108, "item_4_name": "Ghost Scepter", "item_5": 0, "xp_per_min": 499, "hero_name": "Beastmaster", "gold_per_min": 354, "deaths": 6, "denies": 3, "item_2_name": "Boots of Travel", "item_1_name": "Necronomicon"}, {"item_2": 0, "assists": 11, "leaver_status": 0, "item_1": 81, "item_0": 0, "leaver_status_description": "finished match, no abandon", "level": 20, "player_slot": 132, "leaver_status_name": "NONE", "hero_id": 50, "last_hits": 84, "kills": 2, "account_id": 38515149, "item_3_name": "Arcane Boots", "item_4": 102, "item_3": 180, "item_4_name": "Force Staff", "item_5": 92, "xp_per_min": 387, "item_5_name": "Urn of Shadows", "hero_name": "Dazzle", "gold_per_min": 256, "deaths": 6, "denies": 0, "item_1_name": "Vladmir's Offering"}], "dire_team_id": 3, "picks_bans": [{"order": 0, "is_pick": false, "hero_id": 78, "team": 0}, {"order": 1, "is_pick": false, "hero_id": 8, "team": 1}, {"order": 2, "is_pick": false, "hero_id": 91, "team": 0}, {"order": 3, "is_pick": false, "hero_id": 2, "team": 1}, {"order": 4, "is_pick": true, "hero_id": 20, "team": 0}, {"order": 5, "is_pick": true, "hero_id": 11, "team": 1}, {"order": 6, "is_pick": true, "hero_id": 50, "team": 1}, {"order": 7, "is_pick": true, "hero_id": 66, "team": 0}, {"order": 8, "is_pick": false, "hero_id": 57, "team": 0}, {"order": 9, "is_pick": false, "hero_id": 13, "team": 1}, {"order": 10, "is_pick": false, "hero_id": 40, "team": 0}, {"order": 11, "is_pick": false, "hero_id": 6, "team": 1}, {"order": 12, "is_pick": true, "hero_id": 38, "team": 1}, {"order": 13, "is_pick": true, "hero_id": 95, "team": 0}, {"order": 14, "is_pick": true, "hero_id": 16, "team": 1}, {"order": 15, "is_pick": true, "hero_id": 48, "team": 0}, {"order": 16, "is_pick": false, "hero_id": 53, "team": 1}, {"order": 17, "is_pick": false, "hero_id": 42, "team": 0}, {"order": 18, "is_pick": true, "hero_id": 25, "team": 1}, {"order": 19, "is_pick": true, "hero_id": 65, "team": 0}], "dire_name": "compLexity Gaming", "negative_votes": 2}