{"dire_captain": 89137399, "tower_status_radiant": 1568, "flags": 0, "radiant_team_complete": 1, "game_mode": 2, "radiant_score": 0, "match_id": 1199574097, "lobby_name": "Practice", "dire_logo": 46499322609643214, "pre_game_duration": 0, "radiant_captain": 139876032, "radiant_name": "Hyper Glory Team", "match_seq_num": 1075172021, "dire_team_complete": 1, "start_time": 1422634715, "radiant_win": false, "positive_votes": 6664, "leagueid": 2339, "duration": 1463, "dire_score": 0, "lobby_type": 1, "cluster": 223, "engine": 0, "barracks_status_dire": 63, "barracks_status_radiant": 63, "cluster_name": "China", "first_blood_time": 189, "radiant_team_id": 484909, "radiant_logo": 3281181583551777655, "human_players": 10, "game_mode_name": "Captains Mode", "tower_status_dire": 2046, "players": [{"item_2": 212, "assists": 1, "leaver_status": 0, "item_1": 63, "item_0": 36, "item_0_name": "Magic Wand", "leaver_status_description": "finished match, no abandon", "level": 11, "player_slot": 0, "leaver_status_name": "NONE", "hero_id": 11, "last_hits": 135, "kills": 0, "account_id": 113055496, "item_3_name": "Bottle", "item_4": 79, "item_3": 41, "item_4_name": "Mekansm", "item_5": 0, "xp_per_min": 322, "hero_name": "Shadow Fiend", "gold_per_min": 347, "deaths": 5, "denies": 7, "item_2_name": "Ring of Aquila", "item_1_name": "Power Treads"}, {"item_2": 42, "assists": 2, "leaver_status": 0, "item_1": 43, "item_0": 50, "item_0_name": "Phase Boots", "leaver_status_description": "finished match, no abandon", "level": 7, "player_slot": 1, "leaver_status_name": "NONE", "hero_id": 20, "last_hits": 14, "kills": 1, "account_id": 89166519, "item_3_name": "Iron Branch", "item_4": 0, "item_3": 16, "item_5": 0, "xp_per_min": 115, "hero_name": "Vengeful Spirit", "gold_per_min": 145, "deaths": 3, "denies": 2, "item_2_name": "Observer Ward", "item_1_name": "Sentry Ward"}, {"item_2": 13, "assists": 1, "leaver_status": 0, "item_1": 13, "item_0": 36, "item_0_name": "Magic Wand", "leaver_status_description": "finished match, no abandon", "level": 8, "player_slot": 2, "leaver_status_name": "NONE", "hero_id": 102, "last_hits": 20, "kills": 0, "account_id": 139876032, "item_3_name": "Town Portal Scroll", "item_4": 20, "item_3": 46, "item_4_name": "Circlet", "item_5": 29, "xp_per_min": 145, "item_5_name": "Boots of Speed", "hero_name": "Abaddon", "gold_per_min": 146, "deaths": 5, "denies": 3, "item_2_name": "Gauntlets of Strength", "item_1_name": "Gauntlets of Strength"}, {"item_2": 0, "assists": 1, "leaver_status": 0, "item_1": 63, "item_0": 36, "item_0_name": "Magic Wand", "leaver_status_description": "finished match, no abandon", "level": 12, "player_slot": 3, "leaver_status_name": "NONE", "hero_id": 99, "last_hits": 114, "kills": 1, "account_id": 113705693, "item_3_name": "Bottle", "item_4": 242, "item_3": 41, "item_4_name": "Crimson Guard", "item_5": 17, "xp_per_min": 348, "item_5_name": "Belt of Strength", "hero_name": "Bristleback", "gold_per_min": 334, "deaths": 1, "denies": 13, "item_1_name": "Power Treads"}, {"item_2": 180, "assists": 0, "leaver_status": 0, "item_1": 27, "item_0": 1, "item_0_name": "Blink Dagger", "leaver_status_description": "finished match, no abandon", "level": 11, "player_slot": 4, "leaver_status_name": "NONE", "hero_id": 29, "last_hits": 89, "kills": 0, "account_id": 99460568, "item_3_name": "Town Portal Scroll", "item_4": 16, "item_3": 46, "item_4_name": "Iron Branch", "item_5": 0, "xp_per_min": 305, "hero_name": "Tidehunter", "gold_per_min": 289, "deaths": 3, "denies": 1, "item_2_name": "Arcane Boots", "item_1_name": "Ring of Regen"}, {"item_2": 81, "assists": 5, "leaver_status": 0, "item_1": 180, "item_0": 79, "item_0_name": "Mekansm", "leaver_status_description": "finished match, no abandon", "level": 11, "player_slot": 128, "leaver_status_name": "NONE", "hero_id": 66, "last_hits": 74, "kills": 1, "account_id": 89137399, "item_3_name": "Point Booster", "item_4": 0, "item_3": 60, "item_5": 0, "xp_per_min": 311, "hero_name": "Chen", "gold_per_min": 351, "deaths": 1, "denies": 2, "item_2_name": "Vladmir's Offering", "item_1_name": "Arcane Boots"}, {"item_2": 172, "assists": 5, "leaver_status": 0, "item_1": 147, "item_0": 50, "item_0_name": "Phase Boots", "leaver_status_description": "finished match, no abandon", "level": 15, "player_slot": 129, "leaver_status_name": "NONE", "hero_id": 8, "last_hits": 138, "kills": 5, "account_id": 89625472, "item_3_name": "Town Portal Scroll", "item_4": 0, "item_3": 46, "item_5": 212, "xp_per_min": 495, "item_5_name": "Ring of Aquila", "hero_name": "Juggernaut", "gold_per_min": 544, "deaths": 2, "denies": 9, "item_2_name": "Mask of Madness", "item_1_name": "Manta Style"}, {"item_2": 170, "assists": 4, "leaver_status": 0, "item_1": 117, "item_0": 185, "item_0_name": "Drum of Endurance", "leaver_status_description": "finished match, no abandon", "level": 14, "player_slot": 130, "leaver_status_name": "NONE", "hero_id": 46, "last_hits": 104, "kills": 5, "account_id": 70388657, "item_3_name": "Magic Wand", "item_4": 168, "item_3": 36, "item_4_name": "Desolator", "item_5": 50, "xp_per_min": 451, "item_5_name": "Phase Boots", "hero_name": "Templar Assassin", "gold_per_min": 492, "deaths": 0, "denies": 30, "item_2_name": "Yasha", "item_1_name": "Aegis of the Immortal"}, {"item_2": 1, "assists": 11, "leaver_status": 0, "item_1": 36, "item_0": 92, "item_0_name": "Urn of Shadows", "leaver_status_description": "finished match, no abandon", "level": 11, "player_slot": 131, "leaver_status_name": "NONE", "hero_id": 86, "last_hits": 23, "kills": 1, "account_id": 11550182, "item_3_name": "Tranquil Boots", "item_4": 41, "item_3": 214, "item_4_name": "Bottle", "item_5": 46, "xp_per_min": 296, "item_5_name": "Town Portal Scroll", "hero_name": "Rubick", "gold_per_min": 257, "deaths": 0, "denies": 3, "item_2_name": "Blink Dagger", "item_1_name": "Magic Wand"}, {"item_2": 108, "assists": 6, "leaver_status": 0, "item_1": 65, "item_0": 88, "item_0_name": "Ring of Basilius", "leaver_status_description": "finished match, no abandon", "level": 14, "player_slot": 132, "leaver_status_name": "NONE", "hero_id": 37, "last_hits": 116, "kills": 3, "account_id": 86723143, "item_3_name": "Town Portal Scroll", "item_4": 69, "item_3": 46, "item_4_name": "Perseverance", "item_5": 29, "xp_per_min": 472, "item_5_name": "Boots of Speed", "hero_name": "Warlock", "gold_per_min": 507, "deaths": 0, "denies": 22, "item_2_name": "Aghanim's Scepter", "item_1_name": "Hand of Midas"}], "dire_team_id": 36, "picks_bans": [{"order": 0, "is_pick": false, "hero_id": 95, "team": 0}, {"order": 1, "is_pick": false, "hero_id": 91, "team": 1}, {"order": 2, "is_pick": false, "hero_id": 2, "team": 0}, {"order": 3, "is_pick": false, "hero_id": 106, "team": 1}, {"order": 4, "is_pick": true, "hero_id": 20, "team": 0}, {"order": 5, "is_pick": true, "hero_id": 8, "team": 1}, {"order": 6, "is_pick": true, "hero_id": 86, "team": 1}, {"order": 7, "is_pick": true, "hero_id": 11, "team": 0}, {"order": 8, "is_pick": false, "hero_id": 13, "team": 0}, {"order": 9, "is_pick": false, "hero_id": 65, "team": 1}, {"order": 10, "is_pick": false, "hero_id": 39, "team": 0}, {"order": 11, "is_pick": false, "hero_id": 61, "team": 1}, {"order": 12, "is_pick": true, "hero_id": 66, "team": 1}, {"order": 13, "is_pick": true, "hero_id": 99, "team": 0}, {"order": 14, "is_pick": true, "hero_id": 46, "team": 1}, {"order": 15, "is_pick": true, "hero_id": 29, "team": 0}, {"order": 16, "is_pick": false, "hero_id": 68, "team": 1}, {"order": 17, "is_pick": false, "hero_id": 69, "team": 0}, {"order": 18, "is_pick": true, "hero_id": 37, "team": 1}, {"order": 19, "is_pick": true, "hero_id": 102, "team": 0}], "dire_name": "Natus Vincere", "negative_votes": 473}