{"dire_captain": 139876032, "tower_status_radiant": 1828, "flags": 0, "radiant_team_complete": 1, "game_mode": 2, "radiant_score": 0, "match_id": 1203582481, "lobby_name": "Practice", "dire_logo": 3281181583551777655, "pre_game_duration": 0, "radiant_captain": 86727555, "radiant_name": "Evil Geniuses", "match_seq_num": 1078845658, "dire_team_complete": 1, "start_time": 1422769863, "radiant_win": true, "positive_votes": 1510, "leagueid": 2339, "duration": 2398, "dire_score": 0, "lobby_type": 1, "cluster": 223, "engine": 0, "barracks_status_dire": 11, "barracks_status_radiant": 63, "cluster_name": "China", "first_blood_time": 203, "radiant_team_id": 39, "radiant_logo": 631980045785959337, "human_players": 10, "game_mode_name": "Captains Mode", "tower_status_dire": 1540, "players": [{"item_2": 102, "assists": 6, "leaver_status": 0, "item_1": 187, "item_0": 29, "item_0_name": "Boots of Speed", "leaver_status_description": "finished match, no abandon", "level": 14, "player_slot": 0, "leaver_status_name": "NONE", "hero_id": 50, "last_hits": 49, "kills": 2, "account_id": 86727555, "item_3_name": "Gem of True Sight", "item_4": 0, "item_3": 30, "item_5": 36, "xp_per_min": 283, "item_5_name": "Magic Wand", "hero_name": "Dazzle", "gold_per_min": 243, "deaths": 2, "denies": 2, "item_2_name": "Force Staff", "item_1_name": "Medallion of Courage"}, {"item_2": 98, "assists": 8, "leaver_status": 0, "item_1": 63, "item_0": 46, "item_0_name": "Town Portal Scroll", "leaver_status_description": "finished match, no abandon", "level": 22, "player_slot": 1, "leaver_status_name": "NONE", "hero_id": 17, "last_hits": 325, "kills": 10, "account_id": 111620041, "item_3_name": "Shiva's Guard", "item_4": 123, "item_3": 119, "item_4_name": "Linken's Sphere", "item_5": 121, "xp_per_min": 685, "item_5_name": "Bloodstone", "hero_name": "Storm Spirit", "gold_per_min": 621, "deaths": 2, "denies": 11, "item_2_name": "Orchid Malevolence", "item_1_name": "Power Treads"}, {"item_2": 102, "assists": 8, "leaver_status": 0, "item_1": 214, "item_0": 46, "item_0_name": "Town Portal Scroll", "leaver_status_description": "finished match, no abandon", "level": 16, "player_slot": 2, "leaver_status_name": "NONE", "hero_id": 51, "last_hits": 138, "kills": 2, "account_id": 87276347, "item_3_name": "Ghost Scepter", "item_4": 127, "item_3": 37, "item_4_name": "Blade Mail", "item_5": 60, "xp_per_min": 341, "item_5_name": "Point Booster", "hero_name": "Clockwerk", "gold_per_min": 332, "deaths": 4, "denies": 4, "item_2_name": "Force Staff", "item_1_name": "Tranquil Boots"}, {"item_2": 34, "assists": 5, "leaver_status": 0, "item_1": 108, "item_0": 29, "item_0_name": "Boots of Speed", "leaver_status_description": "finished match, no abandon", "level": 16, "player_slot": 3, "leaver_status_name": "NONE", "hero_id": 84, "last_hits": 90, "kills": 3, "account_id": 40547474, "item_3_name": "Gem of True Sight", "item_4": 102, "item_3": 30, "item_4_name": "Force Staff", "item_5": 92, "xp_per_min": 351, "item_5_name": "Urn of Shadows", "hero_name": "Ogre Magi", "gold_per_min": 299, "deaths": 0, "denies": 2, "item_2_name": "Magic Stick", "item_1_name": "Aghanim's Scepter"}, {"item_2": 147, "assists": 5, "leaver_status": 0, "item_1": 50, "item_0": 172, "item_0_name": "Mask of Madness", "leaver_status_description": "finished match, no abandon", "level": 21, "player_slot": 4, "leaver_status_name": "NONE", "hero_id": 8, "last_hits": 375, "kills": 4, "account_id": 87177591, "item_3_name": "Battle Fury", "item_4": 160, "item_3": 145, "item_4_name": "Eye of Skadi", "item_5": 11, "xp_per_min": 623, "item_5_name": "Quelling Blade", "hero_name": "Juggernaut", "gold_per_min": 602, "deaths": 1, "denies": 4, "item_2_name": "Manta Style", "item_1_name": "Phase Boots"}, {"item_2": 34, "assists": 2, "leaver_status": 0, "item_1": 50, "item_0": 208, "item_0_name": "Abyssal Blade", "leaver_status_description": "finished match, no abandon", "level": 16, "player_slot": 128, "leaver_status_name": "NONE", "hero_id": 54, "last_hits": 188, "kills": 3, "account_id": 113705693, "item_3_name": "Armlet of Mordiggian", "item_4": 185, "item_3": 151, "item_4_name": "Drum of Endurance", "item_5": 46, "xp_per_min": 352, "item_5_name": "Town Portal Scroll", "hero_name": "Lifestealer", "gold_per_min": 397, "deaths": 2, "denies": 14, "item_2_name": "Magic Stick", "item_1_name": "Phase Boots"}, {"item_2": 63, "assists": 4, "leaver_status": 0, "item_1": 242, "item_0": 34, "item_0_name": "Magic Stick", "leaver_status_description": "finished match, no abandon", "level": 18, "player_slot": 129, "leaver_status_name": "NONE", "hero_id": 99, "last_hits": 252, "kills": 0, "account_id": 99460568, "item_3_name": "Shiva's Guard", "item_4": 210, "item_3": 119, "item_4_name": "Heaven's Halberd", "item_5": 46, "xp_per_min": 432, "item_5_name": "Town Portal Scroll", "hero_name": "Bristleback", "gold_per_min": 446, "deaths": 4, "denies": 13, "item_2_name": "Power Treads", "item_1_name": "Crimson Guard"}, {"item_2": 36, "assists": 6, "leaver_status": 0, "item_1": 180, "item_0": 1, "item_0_name": "Blink Dagger", "leaver_status_description": "finished match, no abandon", "level": 12, "player_slot": 130, "leaver_status_name": "NONE", "hero_id": 27, "last_hits": 50, "kills": 0, "account_id": 89166519, "item_3_name": "Ghost Scepter", "item_4": 0, "item_3": 37, "item_5": 0, "xp_per_min": 211, "hero_name": "Shadow Shaman", "gold_per_min": 205, "deaths": 5, "denies": 2, "item_2_name": "Magic Wand", "item_1_name": "Arcane Boots"}, {"item_2": 92, "assists": 3, "leaver_status": 0, "item_1": 214, "item_0": 41, "item_0_name": "Bottle", "leaver_status_description": "finished match, no abandon", "level": 11, "player_slot": 131, "leaver_status_name": "NONE", "hero_id": 91, "last_hits": 22, "kills": 2, "account_id": 139876032, "item_3_name": "Magic Wand", "item_4": 46, "item_3": 36, "item_4_name": "Town Portal Scroll", "item_5": 37, "xp_per_min": 179, "item_5_name": "Ghost Scepter", "hero_name": "Io", "gold_per_min": 182, "deaths": 7, "denies": 0, "item_2_name": "Urn of Shadows", "item_1_name": "Tranquil Boots"}, {"item_2": 46, "assists": 1, "leaver_status": 0, "item_1": 63, "item_0": 114, "item_0_name": "Heart of Tarrasque", "leaver_status_description": "finished match, no abandon", "level": 17, "player_slot": 132, "leaver_status_name": "NONE", "hero_id": 47, "last_hits": 152, "kills": 3, "account_id": 113055496, "item_4": 79, "item_3": 0, "item_4_name": "Mekansm", "item_5": 65, "xp_per_min": 397, "item_5_name": "Hand of Midas", "hero_name": "Viper", "gold_per_min": 379, "deaths": 3, "denies": 39, "item_2_name": "Town Portal Scroll", "item_1_name": "Power Treads"}], "dire_team_id": 484909, "picks_bans": [{"order": 0, "is_pick": false, "hero_id": 26, "team": 1}, {"order": 1, "is_pick": false, "hero_id": 2, "team": 0}, {"order": 2, "is_pick": false, "hero_id": 11, "team": 1}, {"order": 3, "is_pick": false, "hero_id": 20, "team": 0}, {"order": 4, "is_pick": true, "hero_id": 91, "team": 1}, {"order": 5, "is_pick": true, "hero_id": 8, "team": 0}, {"order": 6, "is_pick": true, "hero_id": 51, "team": 0}, {"order": 7, "is_pick": true, "hero_id": 99, "team": 1}, {"order": 8, "is_pick": false, "hero_id": 68, "team": 1}, {"order": 9, "is_pick": false, "hero_id": 95, "team": 0}, {"order": 10, "is_pick": false, "hero_id": 30, "team": 1}, {"order": 11, "is_pick": false, "hero_id": 19, "team": 0}, {"order": 12, "is_pick": true, "hero_id": 50, "team": 0}, {"order": 13, "is_pick": true, "hero_id": 47, "team": 1}, {"order": 14, "is_pick": true, "hero_id": 17, "team": 0}, {"order": 15, "is_pick": true, "hero_id": 27, "team": 1}, {"order": 16, "is_pick": false, "hero_id": 93, "team": 0}, {"order": 17, "is_pick": false, "hero_id": 87, "team": 1}, {"order": 18, "is_pick": true, "hero_id": 84, "team": 0}, {"order": 19, "is_pick": true, "hero_id": 54, "team": 1}], "dire_name": "Hyper Glory Team", "negative_votes": 252}