{"dire_captain": 86715129, "tower_status_radiant": 1824, "flags": 0, "lobby_type": 1, "cluster": 122, "game_mode_name": "Captains Mode", "dire_logo": 0, "engine": 0, "barracks_status_dire": 51, "barracks_status_radiant": 63, "cluster_name": "US East", "radiant_score": 0, "match_id": 1220470416, "lobby_name": "Practice", "dire_score": 0, "first_blood_time": 185, "human_players": 10, "pre_game_duration": 0, "radiant_captain": 3916428, "players": [{"item_2": 139, "assists": 8, "leaver_status": 0, "item_1": 1, "item_0": 50, "item_0_name": "Phase Boots", "leaver_status_description": "finished match, no abandon", "level": 25, "player_slot": 0, "leaver_status_name": "NONE", "hero_id": 95, "last_hits": 388, "kills": 12, "account_id": 99803639, "item_3_name": "Eye of Skadi", "item_4": 156, "item_3": 160, "item_4_name": "Satanic", "item_5": 154, "xp_per_min": 597, "item_5_name": "Sange and Yasha", "hero_name": "Troll Warlord", "gold_per_min": 634, "deaths": 4, "denies": 20, "item_2_name": "Butterfly", "item_1_name": "Blink Dagger"}, {"item_2": 0, "assists": 13, "leaver_status": 0, "item_1": 214, "item_0": 41, "item_0_name": "Bottle", "leaver_status_description": "finished match, no abandon", "level": 17, "player_slot": 1, "leaver_status_name": "NONE", "hero_id": 91, "last_hits": 33, "kills": 3, "account_id": 3916428, "item_3_name": "Magic Wand", "item_4": 92, "item_3": 36, "item_4_name": "Urn of Shadows", "item_5": 79, "xp_per_min": 280, "item_5_name": "Mekansm", "hero_name": "Io", "gold_per_min": 226, "deaths": 11, "denies": 0, "item_1_name": "Tranquil Boots"}, {"item_2": 214, "assists": 18, "leaver_status": 0, "item_1": 9, "item_0": 108, "item_0_name": "Aghanim's Scepter", "leaver_status_description": "finished match, no abandon", "level": 25, "player_slot": 2, "leaver_status_name": "NONE", "hero_id": 14, "last_hits": 207, "kills": 9, "account_id": 101495620, "item_3_name": "Blink Dagger", "item_4": 114, "item_3": 1, "item_4_name": "Heart of Tarrasque", "item_5": 116, "xp_per_min": 604, "item_5_name": "Black King Bar", "hero_name": "Pudge", "gold_per_min": 496, "deaths": 3, "denies": 8, "item_2_name": "Tranquil Boots", "item_1_name": "Platemail"}, {"item_2": 42, "assists": 10, "leaver_status": 0, "item_1": 63, "item_0": 36, "item_0_name": "Magic Wand", "leaver_status_description": "finished match, no abandon", "level": 17, "player_slot": 3, "leaver_status_name": "NONE", "hero_id": 20, "last_hits": 49, "kills": 2, "account_id": 66917142, "item_3_name": "Force Staff", "item_4": 30, "item_3": 102, "item_4_name": "Gem of True Sight", "item_5": 30, "xp_per_min": 304, "item_5_name": "Gem of True Sight", "hero_name": "Vengeful Spirit", "gold_per_min": 237, "deaths": 14, "denies": 6, "item_2_name": "Observer Ward", "item_1_name": "Power Treads"}, {"item_2": 185, "assists": 7, "leaver_status": 0, "item_1": 50, "item_0": 96, "item_0_name": "Scythe of Vyse", "leaver_status_description": "finished match, no abandon", "level": 18, "player_slot": 4, "leaver_status_name": "NONE", "hero_id": 62, "last_hits": 52, "kills": 1, "account_id": 2860105, "item_4": 0, "item_3": 0, "item_5": 81, "xp_per_min": 335, "item_5_name": "Vladmir's Offering", "hero_name": "Bounty Hunter", "gold_per_min": 291, "deaths": 11, "denies": 0, "item_2_name": "Drum of Endurance", "item_1_name": "Phase Boots"}, {"item_2": 102, "assists": 26, "leaver_status": 0, "item_1": 100, "item_0": 1, "item_0_name": "Blink Dagger", "leaver_status_description": "finished match, no abandon", "level": 22, "player_slot": 128, "leaver_status_name": "NONE", "hero_id": 65, "last_hits": 214, "kills": 9, "account_id": 86715129, "item_4": 172, "item_3": 0, "item_4_name": "Mask of Madness", "item_5": 48, "xp_per_min": 477, "item_5_name": "Boots of Travel", "hero_name": "Batrider", "gold_per_min": 405, "deaths": 6, "denies": 3, "item_2_name": "Force Staff", "item_1_name": "Eul's Scepter of Divinity"}, {"item_2": 63, "assists": 15, "leaver_status": 0, "item_1": 112, "item_0": 92, "item_0_name": "Urn of Shadows", "leaver_status_description": "finished match, no abandon", "level": 17, "player_slot": 129, "leaver_status_name": "NONE", "hero_id": 71, "last_hits": 82, "kills": 8, "account_id": 117607245, "item_3_name": "Blade Mail", "item_4": 36, "item_3": 127, "item_4_name": "Magic Wand", "item_5": 185, "xp_per_min": 309, "item_5_name": "Drum of Endurance", "hero_name": "Spirit Breaker", "gold_per_min": 285, "deaths": 9, "denies": 2, "item_2_name": "Power Treads", "item_1_name": "Assault Cuirass"}, {"item_2": 1, "assists": 21, "leaver_status": 0, "item_1": 36, "item_0": 0, "leaver_status_description": "finished match, no abandon", "level": 16, "player_slot": 130, "leaver_status_name": "NONE", "hero_id": 3, "last_hits": 14, "kills": 0, "account_id": 74059196, "item_3_name": "Arcane Boots", "item_4": 60, "item_3": 180, "item_4_name": "Point Booster", "item_5": 0, "xp_per_min": 275, "hero_name": "Bane", "gold_per_min": 186, "deaths": 5, "denies": 2, "item_2_name": "Blink Dagger", "item_1_name": "Magic Wand"}, {"item_2": 114, "assists": 17, "leaver_status": 0, "item_1": 139, "item_0": 0, "leaver_status_description": "finished match, no abandon", "level": 25, "player_slot": 131, "leaver_status_name": "NONE", "hero_id": 47, "last_hits": 355, "kills": 13, "account_id": 177648913, "item_3_name": "Boots of Travel", "item_4": 135, "item_3": 48, "item_4_name": "Monkey King Bar", "item_5": 149, "xp_per_min": 598, "item_5_name": "Crystalys", "hero_name": "Viper", "gold_per_min": 577, "deaths": 2, "denies": 34, "item_2_name": "Heart of Tarrasque", "item_1_name": "Butterfly"}, {"item_2": 102, "assists": 23, "leaver_status": 0, "item_1": 158, "item_0": 147, "item_0_name": "Manta Style", "leaver_status_description": "finished match, no abandon", "level": 22, "player_slot": 132, "leaver_status_name": "NONE", "hero_id": 35, "last_hits": 300, "kills": 12, "account_id": 33548802, "item_3_name": "Phase Boots", "item_4": 33, "item_3": 50, "item_4_name": "Cheese", "item_5": 135, "xp_per_min": 491, "item_5_name": "Monkey King Bar", "hero_name": "Sniper", "gold_per_min": 460, "deaths": 6, "denies": 14, "item_2_name": "Force Staff", "item_1_name": "Mjollnir"}], "tower_status_dire": 390, "match_seq_num": 1094043427, "dire_team_id": 2098801, "dire_team_complete": 0, "start_time": 1423356909, "picks_bans": [{"order": 0, "is_pick": false, "hero_id": 57, "team": 1}, {"order": 1, "is_pick": false, "hero_id": 2, "team": 0}, {"order": 2, "is_pick": false, "hero_id": 37, "team": 1}, {"order": 3, "is_pick": false, "hero_id": 29, "team": 0}, {"order": 4, "is_pick": true, "hero_id": 71, "team": 1}, {"order": 5, "is_pick": true, "hero_id": 91, "team": 0}, {"order": 6, "is_pick": true, "hero_id": 95, "team": 0}, {"order": 7, "is_pick": true, "hero_id": 35, "team": 1}, {"order": 8, "is_pick": false, "hero_id": 51, "team": 1}, {"order": 9, "is_pick": false, "hero_id": 50, "team": 0}, {"order": 10, "is_pick": false, "hero_id": 96, "team": 1}, {"order": 11, "is_pick": false, "hero_id": 68, "team": 0}, {"order": 12, "is_pick": true, "hero_id": 20, "team": 0}, {"order": 13, "is_pick": true, "hero_id": 65, "team": 1}, {"order": 14, "is_pick": true, "hero_id": 62, "team": 0}, {"order": 15, "is_pick": true, "hero_id": 3, "team": 1}, {"order": 16, "is_pick": false, "hero_id": 9, "team": 0}, {"order": 17, "is_pick": false, "hero_id": 44, "team": 1}, {"order": 18, "is_pick": true, "hero_id": 14, "team": 0}, {"order": 19, "is_pick": true, "hero_id": 47, "team": 1}], "radiant_win": true, "positive_votes": 1, "leagueid": 2484, "game_mode": 2, "dire_name": "HUPHOLLANDHUP", "duration": 3284, "negative_votes": 0}