{"duration": 1242, "radiant_logo": 541924293718462159, "leagueid": 27, "game_mode": 2, "radiant_score": 0, "positive_votes": 1783, "lobby_type": 1, "lobby_name": "Practice", "pre_game_duration": 0, "match_id": 122230089, "tower_status_radiant": 2047, "flags": 0, "engine": 0, "cluster": 131, "negative_votes": 146, "players": [{"item_2": 0, "assists": 17, "item_4": 0, "leaver_status": 0, "leaver_status_description": "finished match, no abandon", "item_1": 180, "kills": 1, "hero_name": "Undying", "hero_id": 85, "level": 12, "item_0": 79, "gold_per_min": 346, "leaver_status_name": "NONE", "denies": 5, "player_slot": 0, "deaths": 1, "account_id": 89137399, "item_5": 0, "item_3": 36, "item_0_name": "Mekansm", "item_3_name": "Magic Wand", "last_hits": 25, "item_1_name": "Arcane Boots", "xp_per_min": 399}, {"item_5_name": "Tranquil Boots", "item_2": 92, "assists": 13, "item_4": 61, "item_4_name": "Vitality Booster", "leaver_status": 0, "leaver_status_description": "finished match, no abandon", "item_1": 36, "kills": 2, "hero_name": "Keeper of the Light", "hero_id": 90, "level": 10, "item_0": 37, "gold_per_min": 310, "leaver_status_name": "NONE", "denies": 3, "player_slot": 1, "deaths": 2, "account_id": 89269794, "item_5": 214, "item_3": 0, "item_0_name": "Ghost Scepter", "item_2_name": "Urn of Shadows", "last_hits": 28, "item_1_name": "Magic Wand", "xp_per_min": 307}, {"item_5_name": "Bottle", "item_2": 1, "assists": 4, "item_4": 46, "item_4_name": "Town Portal Scroll", "leaver_status": 0, "leaver_status_description": "finished match, no abandon", "item_1": 36, "kills": 11, "hero_name": "Templar Assassin", "hero_id": 46, "level": 16, "item_0": 50, "gold_per_min": 585, "leaver_status_name": "NONE", "denies": 25, "player_slot": 2, "deaths": 2, "account_id": 86750262, "item_5": 41, "item_3": 168, "item_0_name": "Phase Boots", "item_3_name": "Desolator", "item_2_name": "Blink Dagger", "last_hits": 74, "item_1_name": "Magic Wand", "xp_per_min": 696}, {"item_5_name": "Ghost Scepter", "item_2": 170, "assists": 11, "item_4": 36, "item_4_name": "Magic Wand", "leaver_status": 0, "leaver_status_description": "finished match, no abandon", "item_1": 135, "kills": 12, "hero_name": "Gyrocopter", "hero_id": 72, "level": 17, "item_0": 185, "gold_per_min": 719, "leaver_status_name": "NONE", "denies": 18, "player_slot": 3, "deaths": 2, "account_id": 87201671, "item_5": 37, "item_3": 214, "item_0_name": "Drum of Endurance", "item_3_name": "Tranquil Boots", "item_2_name": "Yasha", "last_hits": 113, "item_1_name": "Monkey King Bar", "xp_per_min": 795}, {"item_5_name": "Town Portal Scroll", "item_2": 194, "assists": 11, "item_4": 29, "item_4_name": "Boots of Speed", "leaver_status": 0, "leaver_status_description": "finished match, no abandon", "item_1": 81, "kills": 5, "hero_name": "Nature's Prophet", "hero_id": 53, "level": 13, "item_0": 65, "gold_per_min": 625, "leaver_status_name": "NONE", "denies": 15, "player_slot": 4, "deaths": 4, "account_id": 86723143, "item_5": 46, "item_3": 36, "item_0_name": "Hand of Midas", "item_3_name": "Magic Wand", "item_2_name": "Necronomicon", "last_hits": 104, "item_1_name": "Vladmir's Offering", "xp_per_min": 459}, {"item_5_name": "Iron Branch", "item_2": 29, "assists": 7, "item_4": 0, "leaver_status": 0, "leaver_status_description": "finished match, no abandon", "item_1": 16, "kills": 0, "hero_name": "Lina", "hero_id": 25, "level": 8, "item_0": 73, "gold_per_min": 143, "leaver_status_name": "NONE", "denies": 0, "player_slot": 128, "deaths": 8, "account_id": 85783343, "item_5": 16, "item_3": 0, "item_0_name": "Bracer", "item_2_name": "Boots of Speed", "last_hits": 23, "item_1_name": "Iron Branch", "xp_per_min": 161}, {"item_2": 34, "assists": 3, "item_4": 0, "leaver_status": 0, "leaver_status_description": "finished match, no abandon", "item_1": 41, "kills": 1, "hero_name": "Magnus", "hero_id": 97, "level": 11, "item_0": 63, "gold_per_min": 199, "leaver_status_name": "NONE", "denies": 2, "player_slot": 129, "deaths": 5, "account_id": 74432222, "item_5": 0, "item_3": 46, "item_0_name": "Power Treads", "item_3_name": "Town Portal Scroll", "item_2_name": "Magic Stick", "last_hits": 43, "item_1_name": "Bottle", "xp_per_min": 324}, {"item_5_name": "Iron Branch", "item_2": 42, "assists": 4, "item_4": 16, "item_4_name": "Iron Branch", "leaver_status": 0, "leaver_status_description": "finished match, no abandon", "item_1": 34, "kills": 1, "hero_name": "Shadow Demon", "hero_id": 79, "level": 7, "item_0": 29, "gold_per_min": 142, "leaver_status_name": "NONE", "denies": 0, "player_slot": 130, "deaths": 7, "account_id": 26682464, "item_5": 16, "item_3": 0, "item_0_name": "Boots of Speed", "item_2_name": "Observer Ward", "last_hits": 14, "item_1_name": "Magic Stick", "xp_per_min": 152}, {"item_2": 86, "assists": 3, "item_4": 29, "item_4_name": "Boots of Speed", "leaver_status": 0, "leaver_status_description": "finished match, no abandon", "item_1": 178, "kills": 2, "hero_name": "Dark Seer", "hero_id": 55, "level": 11, "item_0": 41, "gold_per_min": 257, "leaver_status_name": "NONE", "denies": 0, "player_slot": 131, "deaths": 7, "account_id": 91988610, "item_5": 0, "item_3": 94, "item_0_name": "Bottle", "item_3_name": "Headdress", "item_2_name": "Buckler", "last_hits": 70, "item_1_name": "Soul Ring", "xp_per_min": 347}, {"item_5_name": "Tranquil Boots", "item_2": 71, "assists": 4, "item_4": 0, "leaver_status": 0, "leaver_status_description": "finished match, no abandon", "item_1": 16, "kills": 6, "hero_name": "Anti-Mage", "hero_id": 1, "level": 13, "item_0": 145, "gold_per_min": 336, "leaver_status_name": "NONE", "denies": 7, "player_slot": 132, "deaths": 4, "account_id": 65623472, "item_5": 214, "item_3": 11, "item_0_name": "Battle Fury", "item_3_name": "Quelling Blade", "item_2_name": "Poor Man's Shield", "last_hits": 75, "item_1_name": "Iron Branch", "xp_per_min": 471}], "radiant_win": true, "radiant_team_id": 46, "dire_score": 0, "human_players": 10, "match_seq_num": 112356200, "radiant_name": "Team Empire", "cluster_name": "Europe West", "radiant_team_complete": 1, "barracks_status_dire": 3, "start_time": 1360531671, "first_blood_time": 74, "tower_status_dire": 6, "barracks_status_radiant": 63, "picks_bans": [{"hero_id": 88, "team": 0, "is_pick": false, "order": 0}, {"hero_id": 65, "team": 1, "is_pick": false, "order": 1}, {"hero_id": 80, "team": 0, "is_pick": false, "order": 2}, {"hero_id": 91, "team": 1, "is_pick": false, "order": 3}, {"hero_id": 90, "team": 0, "is_pick": true, "order": 4}, {"hero_id": 97, "team": 1, "is_pick": true, "order": 5}, {"hero_id": 55, "team": 1, "is_pick": true, "order": 6}, {"hero_id": 85, "team": 0, "is_pick": true, "order": 7}, {"hero_id": 72, "team": 0, "is_pick": true, "order": 8}, {"hero_id": 79, "team": 1, "is_pick": true, "order": 9}, {"hero_id": 61, "team": 0, "is_pick": false, "order": 10}, {"hero_id": 56, "team": 1, "is_pick": false, "order": 11}, {"hero_id": 18, "team": 0, "is_pick": false, "order": 12}, {"hero_id": 13, "team": 1, "is_pick": false, "order": 13}, {"hero_id": 54, "team": 0, "is_pick": false, "order": 14}, {"hero_id": 39, "team": 1, "is_pick": false, "order": 15}, {"hero_id": 53, "team": 0, "is_pick": true, "order": 16}, {"hero_id": 25, "team": 1, "is_pick": true, "order": 17}, {"hero_id": 46, "team": 0, "is_pick": true, "order": 18}, {"hero_id": 1, "team": 1, "is_pick": true, "order": 19}], "game_mode_name": "Captains Mode"}