{"dire_captain": 156155016, "tower_status_radiant": 2047, "flags": 0, "radiant_team_complete": 0, "game_mode": 2, "radiant_score": 0, "match_id": 1223456823, "lobby_name": "Practice", "dire_logo": 523876825129589556, "pre_game_duration": 0, "radiant_captain": 86715129, "radiant_name": "carson+ 4 ixdl o retards", "match_seq_num": 1096733110, "dire_team_complete": 0, "start_time": 1423459177, "radiant_win": true, "positive_votes": 0, "leagueid": 2484, "duration": 971, "dire_score": 0, "lobby_type": 1, "cluster": 122, "engine": 0, "barracks_status_dire": 63, "barracks_status_radiant": 63, "cluster_name": "US East", "first_blood_time": 127, "radiant_team_id": 1190591, "radiant_logo": 0, "human_players": 10, "game_mode_name": "Captains Mode", "tower_status_dire": 1975, "players": [{"item_2": 41, "assists": 3, "leaver_status": 0, "item_1": 182, "item_0": 127, "item_0_name": "Blade Mail", "leaver_status_description": "finished match, no abandon", "level": 11, "player_slot": 0, "leaver_status_name": "NONE", "hero_id": 51, "last_hits": 38, "kills": 5, "account_id": 86715129, "item_3_name": "Tranquil Boots", "item_4": 46, "item_3": 214, "item_4_name": "Town Portal Scroll", "item_5": 36, "xp_per_min": 401, "item_5_name": "Magic Wand", "hero_name": "Clockwerk", "gold_per_min": 345, "deaths": 2, "denies": 3, "item_2_name": "Bottle", "item_1_name": "Stout Shield"}, {"item_2": 185, "assists": 3, "leaver_status": 0, "item_1": 36, "item_0": 50, "item_0_name": "Phase Boots", "leaver_status_description": "finished match, no abandon", "level": 14, "player_slot": 1, "leaver_status_name": "NONE", "hero_id": 8, "last_hits": 84, "kills": 11, "account_id": 96738880, "item_3_name": "Mask of Madness", "item_4": 41, "item_3": 172, "item_4_name": "Bottle", "item_5": 170, "xp_per_min": 681, "item_5_name": "Yasha", "hero_name": "Juggernaut", "gold_per_min": 600, "deaths": 1, "denies": 4, "item_2_name": "Drum of Endurance", "item_1_name": "Magic Wand"}, {"item_2": 43, "assists": 4, "leaver_status": 0, "item_1": 188, "item_0": 42, "item_0_name": "Observer Ward", "leaver_status_description": "finished match, no abandon", "level": 6, "player_slot": 2, "leaver_status_name": "NONE", "hero_id": 83, "last_hits": 3, "kills": 0, "account_id": 101280509, "item_3_name": "Boots of Speed", "item_4": 182, "item_3": 29, "item_4_name": "Stout Shield", "item_5": 46, "xp_per_min": 127, "item_5_name": "Town Portal Scroll", "hero_name": "Treant Protector", "gold_per_min": 142, "deaths": 3, "denies": 0, "item_2_name": "Sentry Ward", "item_1_name": "Smoke of Deceit"}, {"item_2": 46, "assists": 4, "leaver_status": 0, "item_1": 0, "item_0": 0, "leaver_status_description": "finished match, no abandon", "level": 8, "player_slot": 3, "leaver_status_name": "NONE", "hero_id": 26, "last_hits": 20, "kills": 0, "account_id": 213606647, "item_4": 29, "item_3": 0, "item_4_name": "Boots of Speed", "item_5": 0, "xp_per_min": 234, "hero_name": "Lion", "gold_per_min": 189, "deaths": 2, "denies": 2, "item_2_name": "Town Portal Scroll"}, {"item_2": 11, "assists": 2, "leaver_status": 0, "item_1": 63, "item_0": 65, "item_0_name": "Hand of Midas", "leaver_status_description": "finished match, no abandon", "level": 11, "player_slot": 4, "leaver_status_name": "NONE", "hero_id": 42, "last_hits": 86, "kills": 2, "account_id": 49317728, "item_3_name": "Town Portal Scroll", "item_4": 182, "item_3": 46, "item_4_name": "Stout Shield", "item_5": 38, "xp_per_min": 406, "item_5_name": "Clarity", "hero_name": "Wraith King", "gold_per_min": 429, "deaths": 3, "denies": 6, "item_2_name": "Quelling Blade", "item_1_name": "Power Treads"}, {"item_2": 0, "assists": 2, "leaver_status": 0, "item_1": 36, "item_0": 50, "item_0_name": "Phase Boots", "leaver_status_description": "finished match, no abandon", "level": 8, "player_slot": 128, "leaver_status_name": "NONE", "hero_id": 9, "last_hits": 47, "kills": 2, "account_id": 156155016, "item_3_name": "Bottle", "item_4": 42, "item_3": 41, "item_4_name": "Observer Ward", "item_5": 212, "xp_per_min": 231, "item_5_name": "Ring of Aquila", "hero_name": "Mirana", "gold_per_min": 283, "deaths": 4, "denies": 6, "item_1_name": "Magic Wand"}, {"item_2": 0, "assists": 6, "leaver_status": 0, "item_1": 0, "item_0": 0, "leaver_status_description": "finished match, no abandon", "level": 8, "player_slot": 129, "leaver_status_name": "NONE", "hero_id": 7, "last_hits": 36, "kills": 2, "account_id": 10235120, "item_3_name": "Arcane Boots", "item_4": 36, "item_3": 180, "item_4_name": "Magic Wand", "item_5": 0, "xp_per_min": 212, "hero_name": "Earthshaker", "gold_per_min": 247, "deaths": 5, "denies": 0}, {"item_2": 46, "assists": 3, "leaver_status": 0, "item_1": 60, "item_0": 77, "item_0_name": "Null Talisman", "leaver_status_description": "finished match, no abandon", "level": 8, "player_slot": 130, "leaver_status_name": "NONE", "hero_id": 39, "last_hits": 22, "kills": 3, "account_id": 29343677, "item_3_name": "Iron Branch", "item_4": 63, "item_3": 16, "item_4_name": "Power Treads", "item_5": 0, "xp_per_min": 260, "hero_name": "Queen of Pain", "gold_per_min": 236, "deaths": 3, "denies": 1, "item_2_name": "Town Portal Scroll", "item_1_name": "Point Booster"}, {"item_2": 0, "assists": 1, "leaver_status": 0, "item_1": 0, "item_0": 0, "leaver_status_description": "finished match, no abandon", "level": 6, "player_slot": 131, "leaver_status_name": "NONE", "hero_id": 68, "last_hits": 8, "kills": 0, "account_id": 94364925, "item_3_name": "Magic Stick", "item_4": 0, "item_3": 34, "item_5": 29, "xp_per_min": 146, "item_5_name": "Boots of Speed", "hero_name": "Ancient Apparition", "gold_per_min": 129, "deaths": 1, "denies": 1}, {"item_2": 73, "assists": 6, "leaver_status": 0, "item_1": 214, "item_0": 178, "item_0_name": "Soul Ring", "leaver_status_description": "finished match, no abandon", "level": 9, "player_slot": 132, "leaver_status_name": "NONE", "hero_id": 22, "last_hits": 27, "kills": 3, "account_id": 53575999, "item_3_name": "Town Portal Scroll", "item_4": 0, "item_3": 46, "item_5": 41, "xp_per_min": 327, "item_5_name": "Bottle", "hero_name": "Zeus", "gold_per_min": 283, "deaths": 5, "denies": 0, "item_2_name": "Bracer", "item_1_name": "Tranquil Boots"}], "dire_team_id": 2152769, "picks_bans": [{"order": 0, "is_pick": false, "hero_id": 57, "team": 0}, {"order": 1, "is_pick": false, "hero_id": 65, "team": 1}, {"order": 2, "is_pick": false, "hero_id": 35, "team": 0}, {"order": 3, "is_pick": false, "hero_id": 2, "team": 1}, {"order": 4, "is_pick": true, "hero_id": 8, "team": 0}, {"order": 5, "is_pick": true, "hero_id": 7, "team": 1}, {"order": 6, "is_pick": true, "hero_id": 68, "team": 1}, {"order": 7, "is_pick": true, "hero_id": 51, "team": 0}, {"order": 8, "is_pick": false, "hero_id": 93, "team": 0}, {"order": 9, "is_pick": false, "hero_id": 95, "team": 1}, {"order": 10, "is_pick": false, "hero_id": 17, "team": 0}, {"order": 11, "is_pick": false, "hero_id": 47, "team": 1}, {"order": 12, "is_pick": true, "hero_id": 22, "team": 1}, {"order": 13, "is_pick": true, "hero_id": 26, "team": 0}, {"order": 14, "is_pick": true, "hero_id": 39, "team": 1}, {"order": 15, "is_pick": true, "hero_id": 83, "team": 0}, {"order": 16, "is_pick": false, "hero_id": 94, "team": 1}, {"order": 17, "is_pick": false, "hero_id": 10, "team": 0}, {"order": 18, "is_pick": true, "hero_id": 9, "team": 1}, {"order": 19, "is_pick": true, "hero_id": 42, "team": 0}], "dire_name": "Pandemic v3", "negative_votes": 0}