{"dire_captain": 7910302, "tower_status_radiant": 260, "flags": 0, "lobby_type": 1, "cluster": 122, "game_mode_name": "Captains Mode", "dire_logo": 596998708813645225, "engine": 0, "barracks_status_dire": 61, "barracks_status_radiant": 63, "cluster_name": "US East", "radiant_score": 0, "match_id": 1225485543, "lobby_name": "Practice", "dire_score": 0, "first_blood_time": 73, "human_players": 10, "pre_game_duration": 0, "radiant_captain": 86828698, "players": [{"item_2": 1, "assists": 4, "leaver_status": 0, "item_1": 46, "item_0": 77, "item_0_name": "Null Talisman", "leaver_status_description": "finished match, no abandon", "level": 13, "player_slot": 0, "leaver_status_name": "NONE", "hero_id": 7, "last_hits": 36, "kills": 2, "account_id": 86828698, "item_3_name": "Power Treads", "item_4": 0, "item_3": 63, "item_5": 0, "xp_per_min": 287, "hero_name": "Earthshaker", "gold_per_min": 278, "deaths": 9, "denies": 3, "item_2_name": "Blink Dagger", "item_1_name": "Town Portal Scroll"}, {"item_2": 194, "assists": 5, "leaver_status": 0, "item_1": 178, "item_0": 1, "item_0_name": "Blink Dagger", "leaver_status_description": "finished match, no abandon", "level": 17, "player_slot": 1, "leaver_status_name": "NONE", "hero_id": 38, "last_hits": 171, "kills": 3, "account_id": 31818853, "item_4": 0, "item_3": 0, "item_5": 48, "xp_per_min": 453, "item_5_name": "Boots of Travel", "hero_name": "Beastmaster", "gold_per_min": 435, "deaths": 5, "denies": 10, "item_2_name": "Necronomicon", "item_1_name": "Soul Ring"}, {"item_2": 0, "assists": 2, "leaver_status": 3, "item_1": 0, "item_0": 0, "leaver_status_description": "player dc, clicked leave, abandon", "level": 9, "player_slot": 2, "hero_id": 50, "leaver_status_name": "ABANDONED", "last_hits": 34, "kills": 2, "account_id": 38515149, "item_3_name": "Boots of Speed", "item_4": 0, "item_3": 29, "item_5": 0, "xp_per_min": 133, "hero_name": "Dazzle", "gold_per_min": 199, "deaths": 13, "denies": 2}, {"item_2": 149, "assists": 2, "leaver_status": 0, "item_1": 147, "item_0": 46, "item_0_name": "Town Portal Scroll", "leaver_status_description": "finished match, no abandon", "level": 19, "player_slot": 3, "leaver_status_name": "NONE", "hero_id": 94, "last_hits": 275, "kills": 1, "account_id": 108452107, "item_3_name": "Phase Boots", "item_4": 160, "item_3": 50, "item_4_name": "Eye of Skadi", "item_5": 212, "xp_per_min": 580, "item_5_name": "Ring of Aquila", "hero_name": "Medusa", "gold_per_min": 550, "deaths": 5, "denies": 20, "item_2_name": "Crystalys", "item_1_name": "Manta Style"}, {"item_2": 50, "assists": 6, "leaver_status": 0, "item_1": 193, "item_0": 81, "item_0_name": "Vladmir's Offering", "leaver_status_description": "finished match, no abandon", "level": 16, "player_slot": 4, "leaver_status_name": "NONE", "hero_id": 3, "last_hits": 78, "kills": 6, "account_id": 102823997, "item_3_name": "Bottle", "item_4": 46, "item_3": 41, "item_4_name": "Town Portal Scroll", "item_5": 11, "xp_per_min": 387, "item_5_name": "Quelling Blade", "hero_name": "Bane", "gold_per_min": 384, "deaths": 10, "denies": 7, "item_2_name": "Phase Boots", "item_1_name": "Necronomicon"}, {"item_2": 34, "assists": 10, "leaver_status": 0, "item_1": 214, "item_0": 0, "leaver_status_description": "finished match, no abandon", "level": 16, "player_slot": 128, "leaver_status_name": "NONE", "hero_id": 26, "last_hits": 50, "kills": 3, "account_id": 7910302, "item_3_name": "Blink Dagger", "item_4": 102, "item_3": 1, "item_4_name": "Force Staff", "item_5": 41, "xp_per_min": 379, "item_5_name": "Bottle", "hero_name": "Lion", "gold_per_min": 286, "deaths": 3, "denies": 2, "item_2_name": "Magic Stick", "item_1_name": "Tranquil Boots"}, {"item_2": 102, "assists": 14, "leaver_status": 0, "item_1": 1, "item_0": 180, "item_0_name": "Arcane Boots", "leaver_status_description": "finished match, no abandon", "level": 19, "player_slot": 129, "leaver_status_name": "NONE", "hero_id": 97, "last_hits": 140, "kills": 4, "account_id": 86726887, "item_3_name": "Oblivion Staff", "item_4": 65, "item_3": 67, "item_4_name": "Hand of Midas", "item_5": 46, "xp_per_min": 532, "item_5_name": "Town Portal Scroll", "hero_name": "Magnus", "gold_per_min": 430, "deaths": 2, "denies": 5, "item_2_name": "Force Staff", "item_1_name": "Blink Dagger"}, {"item_2": 123, "assists": 4, "leaver_status": 0, "item_1": 117, "item_0": 172, "item_0_name": "Mask of Madness", "leaver_status_description": "finished match, no abandon", "level": 21, "player_slot": 130, "leaver_status_name": "NONE", "hero_id": 41, "last_hits": 200, "kills": 10, "account_id": 67601693, "item_3_name": "Manta Style", "item_4": 63, "item_3": 147, "item_4_name": "Power Treads", "item_5": 196, "xp_per_min": 670, "item_5_name": "Diffusal Blade", "hero_name": "Faceless Void", "gold_per_min": 575, "deaths": 2, "denies": 12, "item_2_name": "Linken's Sphere", "item_1_name": "Aegis of the Immortal"}, {"item_2": 147, "assists": 1, "leaver_status": 0, "item_1": 50, "item_0": 172, "item_0_name": "Mask of Madness", "leaver_status_description": "finished match, no abandon", "level": 22, "player_slot": 131, "leaver_status_name": "NONE", "hero_id": 8, "last_hits": 200, "kills": 12, "account_id": 83000208, "item_3_name": "Diffusal Blade", "item_4": 46, "item_3": 196, "item_4_name": "Town Portal Scroll", "item_5": 143, "xp_per_min": 715, "item_5_name": "Skull Basher", "hero_name": "Juggernaut", "gold_per_min": 588, "deaths": 5, "denies": 22, "item_2_name": "Manta Style", "item_1_name": "Phase Boots"}, {"item_2": 108, "assists": 11, "leaver_status": 0, "item_1": 100, "item_0": 29, "item_0_name": "Boots of Speed", "leaver_status_description": "finished match, no abandon", "level": 15, "player_slot": 132, "leaver_status_name": "NONE", "hero_id": 105, "last_hits": 42, "kills": 12, "account_id": 25907144, "item_3_name": "Gem of True Sight", "item_4": 178, "item_3": 30, "item_4_name": "Soul Ring", "item_5": 0, "xp_per_min": 342, "hero_name": "Techies", "gold_per_min": 331, "deaths": 5, "denies": 0, "item_2_name": "Aghanim's Scepter", "item_1_name": "Eul's Scepter of Divinity"}], "tower_status_dire": 1456, "match_seq_num": 1098603719, "dire_team_id": 480271, "dire_team_complete": 0, "start_time": 1423527630, "picks_bans": [{"order": 0, "is_pick": false, "hero_id": 66, "team": 1}, {"order": 1, "is_pick": false, "hero_id": 35, "team": 0}, {"order": 2, "is_pick": false, "hero_id": 2, "team": 1}, {"order": 3, "is_pick": false, "hero_id": 95, "team": 0}, {"order": 4, "is_pick": true, "hero_id": 8, "team": 1}, {"order": 5, "is_pick": true, "hero_id": 94, "team": 0}, {"order": 6, "is_pick": true, "hero_id": 50, "team": 0}, {"order": 7, "is_pick": true, "hero_id": 26, "team": 1}, {"order": 8, "is_pick": false, "hero_id": 20, "team": 1}, {"order": 9, "is_pick": false, "hero_id": 68, "team": 0}, {"order": 10, "is_pick": false, "hero_id": 99, "team": 1}, {"order": 11, "is_pick": false, "hero_id": 17, "team": 0}, {"order": 12, "is_pick": true, "hero_id": 7, "team": 0}, {"order": 13, "is_pick": true, "hero_id": 97, "team": 1}, {"order": 14, "is_pick": true, "hero_id": 38, "team": 0}, {"order": 15, "is_pick": true, "hero_id": 105, "team": 1}, {"order": 16, "is_pick": false, "hero_id": 14, "team": 0}, {"order": 17, "is_pick": false, "hero_id": 77, "team": 1}, {"order": 18, "is_pick": true, "hero_id": 3, "team": 0}, {"order": 19, "is_pick": true, "hero_id": 41, "team": 1}], "radiant_win": false, "positive_votes": 1, "leagueid": 2484, "game_mode": 2, "dire_name": "Cutie Bees", "duration": 2159, "negative_votes": 0}