{"duration": 1885, "dire_team_id": 281310, "cluster_name": "Europe West", "positive_votes": 54, "lobby_type": 1, "tower_status_radiant": 1975, "flags": 0, "dire_logo": 884098384839573310, "players": [{"item_5_name": "Magic Stick", "item_2": 0, "assists": 3, "item_4": 180, "item_4_name": "Arcane Boots", "leaver_status": 1, "leaver_status_description": "player DC, no abandon", "item_1": 0, "kills": 0, "hero_name": "Treant Protector", "hero_id": 83, "level": 10, "item_0": 46, "item_3_name": "Blink Dagger", "leaver_status_name": "DISCONNECTED", "denies": 4, "player_slot": 0, "deaths": 4, "account_id": 82262664, "item_5": 34, "item_3": 1, "item_0_name": "Town Portal Scroll", "gold_per_min": 196, "last_hits": 19, "xp_per_min": 192}, {"item_5_name": "Town Portal Scroll", "item_2": 36, "assists": 8, "item_4": 63, "item_4_name": "Power Treads", "leaver_status": 1, "leaver_status_description": "player DC, no abandon", "item_1": 41, "kills": 6, "hero_name": "Gyrocopter", "hero_id": 72, "level": 17, "item_0": 116, "gold_per_min": 450, "leaver_status_name": "DISCONNECTED", "denies": 5, "player_slot": 1, "deaths": 4, "account_id": 86799300, "item_5": 46, "item_3": 75, "item_0_name": "Black King Bar", "item_3_name": "Wraith Band", "item_2_name": "Magic Wand", "last_hits": 146, "item_1_name": "Bottle", "xp_per_min": 487}, {"item_5_name": "Quelling Blade", "item_2": 81, "assists": 5, "item_4": 145, "item_4_name": "Battle Fury", "leaver_status": 0, "leaver_status_description": "finished match, no abandon", "item_1": 147, "kills": 6, "hero_name": "Anti-Mage", "hero_id": 1, "level": 21, "item_0": 63, "gold_per_min": 638, "leaver_status_name": "NONE", "denies": 9, "player_slot": 2, "deaths": 1, "account_id": 21289303, "item_5": 11, "item_3": 46, "item_0_name": "Power Treads", "item_3_name": "Town Portal Scroll", "item_2_name": "Vladmir's Offering", "last_hits": 240, "item_1_name": "Manta Style", "xp_per_min": 798}, {"item_5_name": "Boots of Speed", "item_2": 42, "assists": 6, "item_4": 0, "leaver_status": 1, "leaver_status_description": "player DC, no abandon", "item_1": 92, "kills": 3, "hero_name": "Keeper of the Light", "hero_id": 90, "level": 11, "item_0": 36, "gold_per_min": 220, "leaver_status_name": "DISCONNECTED", "denies": 2, "player_slot": 3, "deaths": 6, "account_id": 37105332, "item_5": 29, "item_3": 0, "item_0_name": "Magic Wand", "item_2_name": "Observer Ward", "last_hits": 26, "item_1_name": "Urn of Shadows", "xp_per_min": 211}, {"item_5_name": "Ring of Basilius", "item_2": 46, "assists": 9, "item_4": 180, "item_4_name": "Arcane Boots", "leaver_status": 1, "leaver_status_description": "player DC, no abandon", "item_1": 79, "kills": 1, "hero_name": "Undying", "hero_id": 85, "level": 12, "item_0": 162, "gold_per_min": 298, "leaver_status_name": "DISCONNECTED", "denies": 7, "player_slot": 4, "deaths": 1, "account_id": 31078647, "item_5": 88, "item_3": 36, "item_0_name": "Sange", "item_3_name": "Magic Wand", "item_2_name": "Town Portal Scroll", "last_hits": 83, "item_1_name": "Mekansm", "xp_per_min": 272}, {"item_5_name": "Urn of Shadows", "item_2": 188, "assists": 6, "item_4": 46, "item_4_name": "Town Portal Scroll", "leaver_status": 1, "leaver_status_description": "player DC, no abandon", "item_1": 60, "kills": 3, "hero_name": "Enchantress", "hero_id": 58, "level": 11, "item_0": 36, "gold_per_min": 201, "leaver_status_name": "DISCONNECTED", "denies": 0, "player_slot": 128, "deaths": 4, "account_id": 77287764, "item_5": 92, "item_3": 63, "item_0_name": "Magic Wand", "item_3_name": "Power Treads", "item_2_name": "Smoke of Deceit", "last_hits": 77, "item_1_name": "Point Booster", "xp_per_min": 234}, {"item_5_name": "Arcane Boots", "item_2": 79, "assists": 6, "item_4": 0, "leaver_status": 1, "leaver_status_description": "player DC, no abandon", "item_1": 41, "kills": 5, "hero_name": "Dark Seer", "hero_id": 55, "level": 15, "item_0": 178, "gold_per_min": 312, "leaver_status_name": "DISCONNECTED", "denies": 3, "player_slot": 129, "deaths": 4, "account_id": 44197908, "item_5": 180, "item_3": 36, "item_0_name": "Soul Ring", "item_3_name": "Magic Wand", "item_2_name": "Mekansm", "last_hits": 117, "item_1_name": "Bottle", "xp_per_min": 382}, {"item_5_name": "Poor Man's Shield", "item_2": 166, "assists": 6, "item_4": 147, "item_4_name": "Manta Style", "leaver_status": 1, "leaver_status_description": "player DC, no abandon", "item_1": 46, "kills": 3, "hero_name": "Faceless Void", "hero_id": 41, "level": 16, "item_0": 63, "gold_per_min": 350, "leaver_status_name": "DISCONNECTED", "denies": 1, "player_slot": 130, "deaths": 1, "account_id": 53151216, "item_5": 71, "item_3": 11, "item_0_name": "Power Treads", "item_3_name": "Quelling Blade", "item_2_name": "Maelstrom", "last_hits": 156, "item_1_name": "Town Portal Scroll", "xp_per_min": 470}, {"item_5_name": "Cloak", "item_2": 16, "assists": 6, "item_4": 16, "item_4_name": "Iron Branch", "leaver_status": 1, "leaver_status_description": "player DC, no abandon", "item_1": 46, "kills": 4, "hero_name": "Lone Druid", "hero_id": 80, "level": 17, "item_0": 214, "gold_per_min": 353, "leaver_status_name": "DISCONNECTED", "additional_units": [{"item_2": 181, "item_4": 9, "unitname": "spirit_bear", "item_5": 0, "item_0": 50, "item_3": 166, "item_1": 182}], "denies": 4, "player_slot": 131, "deaths": 5, "account_id": 86736329, "item_5": 31, "item_3": 16, "item_0_name": "Tranquil Boots", "item_3_name": "Iron Branch", "item_2_name": "Iron Branch", "last_hits": 140, "item_1_name": "Town Portal Scroll", "xp_per_min": 499}, {"item_5_name": "Town Portal Scroll", "item_2": 43, "assists": 7, "item_4": 180, "item_4_name": "Arcane Boots", "leaver_status": 1, "leaver_status_description": "player DC, no abandon", "item_1": 42, "kills": 1, "hero_name": "Rubick", "hero_id": 86, "level": 11, "item_0": 36, "gold_per_min": 159, "leaver_status_name": "DISCONNECTED", "denies": 4, "player_slot": 132, "deaths": 2, "account_id": 33989295, "item_5": 46, "item_3": 31, "item_0_name": "Magic Wand", "item_3_name": "Cloak", "item_2_name": "Sentry Ward", "last_hits": 32, "item_1_name": "Observer Ward", "xp_per_min": 223}], "lobby_name": "Practice", "match_id": 123018083, "match_seq_num": 113088104, "radiant_team_complete": 0, "dire_name": "TCM-Gaming", "first_blood_time": 191, "tower_status_dire": 1540, "barracks_status_radiant": 63, "picks_bans": [{"hero_id": 88, "team": 1, "is_pick": false, "order": 0}, {"hero_id": 65, "team": 0, "is_pick": false, "order": 1}, {"hero_id": 91, "team": 1, "is_pick": false, "order": 2}, {"hero_id": 97, "team": 0, "is_pick": false, "order": 3}, {"hero_id": 55, "team": 1, "is_pick": true, "order": 4}, {"hero_id": 90, "team": 0, "is_pick": true, "order": 5}, {"hero_id": 85, "team": 0, "is_pick": true, "order": 6}, {"hero_id": 80, "team": 1, "is_pick": true, "order": 7}, {"hero_id": 86, "team": 1, "is_pick": true, "order": 8}, {"hero_id": 72, "team": 0, "is_pick": true, "order": 9}, {"hero_id": 21, "team": 1, "is_pick": false, "order": 10}, {"hero_id": 66, "team": 0, "is_pick": false, "order": 11}, {"hero_id": 33, "team": 1, "is_pick": false, "order": 12}, {"hero_id": 34, "team": 0, "is_pick": false, "order": 13}, {"hero_id": 53, "team": 1, "is_pick": false, "order": 14}, {"hero_id": 13, "team": 0, "is_pick": false, "order": 15}, {"hero_id": 58, "team": 1, "is_pick": true, "order": 16}, {"hero_id": 1, "team": 0, "is_pick": true, "order": 17}, {"hero_id": 41, "team": 1, "is_pick": true, "order": 18}, {"hero_id": 83, "team": 0, "is_pick": true, "order": 19}], "game_mode_name": "Captains Mode", "radiant_logo": 1136293535420246123, "game_mode": 2, "radiant_score": 0, "engine": 0, "pre_game_duration": 0, "dire_team_complete": 1, "cluster": 131, "negative_votes": 9, "radiant_win": true, "radiant_team_id": 161707, "dire_score": 0, "human_players": 10, "radiant_name": "mouz", "leagueid": 28, "barracks_status_dire": 3, "start_time": 1360612375}