{"dire_captain": 100166910, "tower_status_radiant": 1584, "flags": 0, "radiant_team_complete": 0, "game_mode": 2, "radiant_score": 0, "match_id": 1232103915, "lobby_name": "Practice", "dire_logo": 0, "pre_game_duration": 0, "radiant_captain": 74912435, "radiant_name": "B-but it's so big", "match_seq_num": 1104615720, "dire_team_complete": 0, "start_time": 1423758085, "radiant_win": false, "positive_votes": 1, "leagueid": 2470, "duration": 2102, "dire_score": 0, "lobby_type": 1, "cluster": 135, "engine": 0, "barracks_status_dire": 63, "barracks_status_radiant": 60, "cluster_name": "Europe West", "first_blood_time": 157, "radiant_team_id": 1868802, "radiant_logo": 531756315267151422, "human_players": 10, "game_mode_name": "Captains Mode", "tower_status_dire": 1958, "players": [{"item_2": 108, "assists": 5, "leaver_status": 0, "item_1": 65, "item_0": 214, "item_0_name": "Tranquil Boots", "leaver_status_description": "finished match, no abandon", "level": 15, "player_slot": 0, "leaver_status_name": "NONE", "hero_id": 69, "last_hits": 88, "kills": 1, "account_id": 95865919, "item_3_name": "Blink Dagger", "item_4": 0, "item_3": 1, "item_5": 36, "xp_per_min": 345, "item_5_name": "Magic Wand", "hero_name": "Doom", "gold_per_min": 369, "deaths": 6, "denies": 2, "item_2_name": "Aghanim's Scepter", "item_1_name": "Hand of Midas"}, {"item_2": 46, "assists": 12, "leaver_status": 0, "item_1": 73, "item_0": 29, "item_0_name": "Boots of Speed", "leaver_status_description": "finished match, no abandon", "level": 13, "player_slot": 1, "leaver_status_name": "NONE", "hero_id": 52, "last_hits": 36, "kills": 1, "account_id": 74912435, "item_3_name": "Observer Ward", "item_4": 36, "item_3": 42, "item_4_name": "Magic Wand", "item_5": 73, "xp_per_min": 262, "item_5_name": "Bracer", "hero_name": "Leshrac", "gold_per_min": 208, "deaths": 8, "denies": 1, "item_2_name": "Town Portal Scroll", "item_1_name": "Bracer"}, {"item_2": 9, "assists": 4, "leaver_status": 0, "item_1": 100, "item_0": 46, "item_0_name": "Town Portal Scroll", "leaver_status_description": "finished match, no abandon", "level": 18, "player_slot": 2, "leaver_status_name": "NONE", "hero_id": 49, "last_hits": 182, "kills": 6, "account_id": 70388657, "item_3_name": "Black King Bar", "item_4": 1, "item_3": 116, "item_4_name": "Blink Dagger", "item_5": 63, "xp_per_min": 537, "item_5_name": "Power Treads", "hero_name": "Dragon Knight", "gold_per_min": 453, "deaths": 6, "denies": 10, "item_2_name": "Platemail", "item_1_name": "Eul's Scepter of Divinity"}, {"item_2": 21, "assists": 7, "leaver_status": 0, "item_1": 154, "item_0": 212, "item_0_name": "Ring of Aquila", "leaver_status_description": "finished match, no abandon", "level": 15, "player_slot": 3, "leaver_status_name": "NONE", "hero_id": 47, "last_hits": 169, "kills": 7, "account_id": 91432246, "item_3_name": "Power Treads", "item_4": 46, "item_3": 63, "item_4_name": "Town Portal Scroll", "item_5": 108, "xp_per_min": 378, "item_5_name": "Aghanim's Scepter", "hero_name": "Viper", "gold_per_min": 412, "deaths": 5, "denies": 18, "item_2_name": "Ogre Club", "item_1_name": "Sange and Yasha"}, {"item_2": 102, "assists": 6, "leaver_status": 0, "item_1": 180, "item_0": 46, "item_0_name": "Town Portal Scroll", "leaver_status_description": "finished match, no abandon", "level": 12, "player_slot": 4, "leaver_status_name": "NONE", "hero_id": 84, "last_hits": 48, "kills": 3, "account_id": 66290117, "item_3_name": "Magic Stick", "item_4": 188, "item_3": 34, "item_4_name": "Smoke of Deceit", "item_5": 60, "xp_per_min": 238, "item_5_name": "Point Booster", "hero_name": "Ogre Magi", "gold_per_min": 229, "deaths": 9, "denies": 3, "item_2_name": "Force Staff", "item_1_name": "Arcane Boots"}, {"item_2": 121, "assists": 14, "leaver_status": 0, "item_1": 41, "item_0": 48, "item_0_name": "Boots of Travel", "leaver_status_description": "finished match, no abandon", "level": 20, "player_slot": 128, "leaver_status_name": "NONE", "hero_id": 34, "last_hits": 252, "kills": 10, "account_id": 100166910, "item_3_name": "Soul Ring", "item_4": 1, "item_3": 178, "item_4_name": "Blink Dagger", "item_5": 119, "xp_per_min": 622, "item_5_name": "Shiva's Guard", "hero_name": "Tinker", "gold_per_min": 587, "deaths": 4, "denies": 4, "item_2_name": "Bloodstone", "item_1_name": "Bottle"}, {"item_2": 92, "assists": 19, "leaver_status": 0, "item_1": 1, "item_0": 60, "item_0_name": "Point Booster", "leaver_status_description": "finished match, no abandon", "level": 15, "player_slot": 129, "leaver_status_name": "NONE", "hero_id": 86, "last_hits": 44, "kills": 1, "account_id": 70473277, "item_4": 188, "item_3": 0, "item_4_name": "Smoke of Deceit", "item_5": 180, "xp_per_min": 346, "item_5_name": "Arcane Boots", "hero_name": "Rubick", "gold_per_min": 265, "deaths": 2, "denies": 0, "item_2_name": "Urn of Shadows", "item_1_name": "Blink Dagger"}, {"item_2": 46, "assists": 16, "leaver_status": 0, "item_1": 187, "item_0": 21, "item_0_name": "Ogre Club", "leaver_status_description": "finished match, no abandon", "level": 15, "player_slot": 130, "leaver_status_name": "NONE", "hero_id": 20, "last_hits": 22, "kills": 3, "account_id": 100354409, "item_3_name": "Drum of Endurance", "item_4": 188, "item_3": 185, "item_4_name": "Smoke of Deceit", "item_5": 63, "xp_per_min": 341, "item_5_name": "Power Treads", "hero_name": "Vengeful Spirit", "gold_per_min": 269, "deaths": 4, "denies": 1, "item_2_name": "Town Portal Scroll", "item_1_name": "Medallion of Courage"}, {"item_2": 0, "assists": 15, "leaver_status": 0, "item_1": 110, "item_0": 180, "item_0_name": "Arcane Boots", "leaver_status_description": "finished match, no abandon", "level": 17, "player_slot": 131, "leaver_status_name": "NONE", "hero_id": 29, "last_hits": 112, "kills": 5, "account_id": 91375325, "item_3_name": "Blink Dagger", "item_4": 36, "item_3": 1, "item_4_name": "Magic Wand", "item_5": 0, "xp_per_min": 451, "hero_name": "Tidehunter", "gold_per_min": 381, "deaths": 7, "denies": 1, "item_1_name": "Refresher Orb"}, {"item_2": 1, "assists": 14, "leaver_status": 0, "item_1": 112, "item_0": 117, "item_0_name": "Aegis of the Immortal", "leaver_status_description": "finished match, no abandon", "level": 22, "player_slot": 132, "leaver_status_name": "NONE", "hero_id": 42, "last_hits": 173, "kills": 15, "account_id": 149056250, "item_3_name": "Power Treads", "item_4": 166, "item_3": 63, "item_4_name": "Maelstrom", "item_5": 65, "xp_per_min": 720, "item_5_name": "Hand of Midas", "hero_name": "Wraith King", "gold_per_min": 646, "deaths": 2, "denies": 12, "item_2_name": "Blink Dagger", "item_1_name": "Assault Cuirass"}], "dire_team_id": 1116146, "picks_bans": [{"order": 0, "is_pick": false, "hero_id": 2, "team": 1}, {"order": 1, "is_pick": false, "hero_id": 91, "team": 0}, {"order": 2, "is_pick": false, "hero_id": 95, "team": 1}, {"order": 3, "is_pick": false, "hero_id": 8, "team": 0}, {"order": 4, "is_pick": true, "hero_id": 20, "team": 1}, {"order": 5, "is_pick": true, "hero_id": 84, "team": 0}, {"order": 6, "is_pick": true, "hero_id": 52, "team": 0}, {"order": 7, "is_pick": true, "hero_id": 86, "team": 1}, {"order": 8, "is_pick": false, "hero_id": 11, "team": 1}, {"order": 9, "is_pick": false, "hero_id": 6, "team": 0}, {"order": 10, "is_pick": false, "hero_id": 35, "team": 1}, {"order": 11, "is_pick": false, "hero_id": 94, "team": 0}, {"order": 12, "is_pick": true, "hero_id": 69, "team": 0}, {"order": 13, "is_pick": true, "hero_id": 29, "team": 1}, {"order": 14, "is_pick": true, "hero_id": 47, "team": 0}, {"order": 15, "is_pick": true, "hero_id": 42, "team": 1}, {"order": 16, "is_pick": false, "hero_id": 57, "team": 0}, {"order": 17, "is_pick": false, "hero_id": 1, "team": 1}, {"order": 18, "is_pick": true, "hero_id": 49, "team": 0}, {"order": 19, "is_pick": true, "hero_id": 34, "team": 1}], "dire_name": "Stana Dragon", "negative_votes": 0}