{"dire_captain": 156155016, "tower_status_radiant": 1846, "flags": 0, "lobby_type": 1, "cluster": 123, "game_mode_name": "Captains Mode", "dire_logo": 612755607724864454, "engine": 0, "barracks_status_dire": 3, "barracks_status_radiant": 63, "cluster_name": "US East", "radiant_score": 0, "match_id": 1232661908, "lobby_name": "Practice", "dire_score": 0, "first_blood_time": 22, "human_players": 10, "pre_game_duration": 0, "radiant_captain": 86741419, "players": [{"item_2": 0, "assists": 15, "leaver_status": 0, "item_1": 108, "item_0": 214, "item_0_name": "Tranquil Boots", "leaver_status_description": "finished match, no abandon", "level": 18, "player_slot": 0, "leaver_status_name": "NONE", "hero_id": 30, "last_hits": 87, "kills": 2, "account_id": 86741419, "item_3_name": "Urn of Shadows", "item_4": 34, "item_3": 92, "item_4_name": "Magic Stick", "item_5": 0, "xp_per_min": 484, "hero_name": "Witch Doctor", "gold_per_min": 305, "deaths": 4, "denies": 1, "item_1_name": "Aghanim's Scepter"}, {"item_2": 46, "assists": 8, "leaver_status": 0, "item_1": 88, "item_0": 50, "item_0_name": "Phase Boots", "leaver_status_description": "finished match, no abandon", "level": 20, "player_slot": 1, "leaver_status_name": "NONE", "hero_id": 21, "last_hits": 238, "kills": 11, "account_id": 86726887, "item_3_name": "Maelstrom", "item_4": 141, "item_3": 166, "item_4_name": "Daedalus", "item_5": 108, "xp_per_min": 599, "item_5_name": "Aghanim's Scepter", "hero_name": "Windranger", "gold_per_min": 589, "deaths": 1, "denies": 21, "item_2_name": "Town Portal Scroll", "item_1_name": "Ring of Basilius"}, {"item_2": 160, "assists": 11, "leaver_status": 0, "item_1": 63, "item_0": 1, "item_0_name": "Blink Dagger", "leaver_status_description": "finished match, no abandon", "level": 21, "player_slot": 2, "leaver_status_name": "NONE", "hero_id": 11, "last_hits": 261, "kills": 9, "account_id": 86811043, "item_3_name": "Eul's Scepter of Divinity", "item_4": 116, "item_3": 100, "item_4_name": "Black King Bar", "item_5": 164, "xp_per_min": 672, "item_5_name": "Helm of the Dominator", "hero_name": "Shadow Fiend", "gold_per_min": 595, "deaths": 4, "denies": 10, "item_2_name": "Eye of Skadi", "item_1_name": "Power Treads"}, {"item_2": 180, "assists": 14, "leaver_status": 0, "item_1": 79, "item_0": 1, "item_0_name": "Blink Dagger", "leaver_status_description": "finished match, no abandon", "level": 19, "player_slot": 3, "leaver_status_name": "NONE", "hero_id": 29, "last_hits": 176, "kills": 5, "account_id": 86715129, "item_3_name": "Town Portal Scroll", "item_4": 119, "item_3": 46, "item_4_name": "Shiva's Guard", "item_5": 36, "xp_per_min": 532, "item_5_name": "Magic Wand", "hero_name": "Tidehunter", "gold_per_min": 460, "deaths": 4, "denies": 7, "item_2_name": "Arcane Boots", "item_1_name": "Mekansm"}, {"item_2": 46, "assists": 10, "leaver_status": 0, "item_1": 214, "item_0": 36, "item_0_name": "Magic Wand", "leaver_status_description": "finished match, no abandon", "level": 15, "player_slot": 4, "leaver_status_name": "NONE", "hero_id": 26, "last_hits": 32, "kills": 3, "account_id": 7910302, "item_3_name": "Blink Dagger", "item_4": 37, "item_3": 1, "item_4_name": "Ghost Scepter", "item_5": 0, "xp_per_min": 330, "hero_name": "Lion", "gold_per_min": 255, "deaths": 4, "denies": 1, "item_2_name": "Town Portal Scroll", "item_1_name": "Tranquil Boots"}, {"item_2": 36, "assists": 5, "leaver_status": 0, "item_1": 188, "item_0": 214, "item_0_name": "Tranquil Boots", "leaver_status_description": "finished match, no abandon", "level": 14, "player_slot": 128, "leaver_status_name": "NONE", "hero_id": 50, "last_hits": 36, "kills": 0, "account_id": 156155016, "item_3_name": "Urn of Shadows", "item_4": 57, "item_3": 92, "item_4_name": "Void Stone", "item_5": 0, "xp_per_min": 287, "hero_name": "Dazzle", "gold_per_min": 190, "deaths": 7, "denies": 1, "item_2_name": "Magic Wand", "item_1_name": "Smoke of Deceit"}, {"item_2": 0, "assists": 4, "leaver_status": 0, "item_1": 34, "item_0": 63, "item_0_name": "Power Treads", "leaver_status_description": "finished match, no abandon", "level": 15, "player_slot": 129, "leaver_status_name": "NONE", "hero_id": 99, "last_hits": 108, "kills": 1, "account_id": 84176344, "item_3_name": "Vanguard", "item_4": 81, "item_3": 125, "item_4_name": "Vladmir's Offering", "item_5": 21, "xp_per_min": 338, "item_5_name": "Ogre Club", "hero_name": "Bristleback", "gold_per_min": 289, "deaths": 7, "denies": 4, "item_1_name": "Magic Stick"}, {"item_2": 0, "assists": 7, "leaver_status": 0, "item_1": 108, "item_0": 79, "item_0_name": "Mekansm", "leaver_status_description": "finished match, no abandon", "level": 15, "player_slot": 130, "leaver_status_name": "NONE", "hero_id": 66, "last_hits": 110, "kills": 4, "account_id": 73562326, "item_3_name": "Arcane Boots", "item_4": 0, "item_3": 180, "item_5": 0, "xp_per_min": 327, "hero_name": "Chen", "gold_per_min": 300, "deaths": 5, "denies": 0, "item_1_name": "Aghanim's Scepter"}, {"item_2": 96, "assists": 2, "leaver_status": 0, "item_1": 48, "item_0": 77, "item_0_name": "Null Talisman", "leaver_status_description": "finished match, no abandon", "level": 19, "player_slot": 131, "leaver_status_name": "NONE", "hero_id": 76, "last_hits": 225, "kills": 4, "account_id": 86828698, "item_3_name": "Ogre Club", "item_4": 102, "item_3": 21, "item_4_name": "Force Staff", "item_5": 65, "xp_per_min": 521, "item_5_name": "Hand of Midas", "hero_name": "Outworld Devourer", "gold_per_min": 502, "deaths": 6, "denies": 22, "item_2_name": "Scythe of Vyse", "item_1_name": "Boots of Travel"}, {"item_2": 88, "assists": 5, "leaver_status": 0, "item_1": 143, "item_0": 63, "item_0_name": "Power Treads", "leaver_status_description": "finished match, no abandon", "level": 19, "player_slot": 132, "leaver_status_name": "NONE", "hero_id": 8, "last_hits": 209, "kills": 8, "account_id": 25907144, "item_3_name": "Mask of Madness", "item_4": 11, "item_3": 172, "item_4_name": "Quelling Blade", "item_5": 147, "xp_per_min": 523, "item_5_name": "Manta Style", "hero_name": "Juggernaut", "gold_per_min": 488, "deaths": 6, "denies": 2, "item_2_name": "Ring of Basilius", "item_1_name": "Skull Basher"}], "tower_status_dire": 1542, "match_seq_num": 1105079118, "dire_team_id": 250855, "dire_team_complete": 0, "start_time": 1423777089, "picks_bans": [{"order": 0, "is_pick": false, "hero_id": 65, "team": 1}, {"order": 1, "is_pick": false, "hero_id": 35, "team": 0}, {"order": 2, "is_pick": false, "hero_id": 2, "team": 1}, {"order": 3, "is_pick": false, "hero_id": 47, "team": 0}, {"order": 4, "is_pick": true, "hero_id": 66, "team": 1}, {"order": 5, "is_pick": true, "hero_id": 26, "team": 0}, {"order": 6, "is_pick": true, "hero_id": 11, "team": 0}, {"order": 7, "is_pick": true, "hero_id": 99, "team": 1}, {"order": 8, "is_pick": false, "hero_id": 68, "team": 1}, {"order": 9, "is_pick": false, "hero_id": 20, "team": 0}, {"order": 10, "is_pick": false, "hero_id": 15, "team": 1}, {"order": 11, "is_pick": false, "hero_id": 39, "team": 0}, {"order": 12, "is_pick": true, "hero_id": 29, "team": 0}, {"order": 13, "is_pick": true, "hero_id": 8, "team": 1}, {"order": 14, "is_pick": true, "hero_id": 30, "team": 0}, {"order": 15, "is_pick": true, "hero_id": 50, "team": 1}, {"order": 16, "is_pick": false, "hero_id": 17, "team": 0}, {"order": 17, "is_pick": false, "hero_id": 94, "team": 1}, {"order": 18, "is_pick": true, "hero_id": 21, "team": 0}, {"order": 19, "is_pick": true, "hero_id": 76, "team": 1}], "radiant_win": true, "positive_votes": 0, "leagueid": 2484, "game_mode": 2, "dire_name": "DarkFalco Stack", "duration": 2237, "negative_votes": 0}