{"dire_captain": 75750590, "tower_status_radiant": 1540, "flags": 0, "radiant_team_complete": 1, "game_mode": 2, "radiant_score": 0, "match_id": 1261330156, "lobby_name": "Practice", "dire_logo": 353896369579233638, "pre_game_duration": 0, "radiant_captain": 72312627, "radiant_name": "STARK.gg", "match_seq_num": 1130983400, "dire_team_complete": 0, "start_time": 1424541303, "radiant_win": false, "positive_votes": 9, "leagueid": 2511, "duration": 1435, "dire_score": 0, "lobby_type": 1, "cluster": 186, "engine": 0, "barracks_status_dire": 63, "barracks_status_radiant": 3, "cluster_name": "Russia", "first_blood_time": 252, "radiant_team_id": 1804536, "radiant_logo": 383163745913440150, "human_players": 10, "game_mode_name": "Captains Mode", "tower_status_dire": 2044, "players": [{"item_2": 34, "assists": 3, "leaver_status": 0, "item_1": 0, "item_0": 0, "leaver_status_description": "finished match, no abandon", "level": 8, "player_slot": 0, "leaver_status_name": "NONE", "hero_id": 83, "last_hits": 23, "kills": 0, "account_id": 72312627, "item_3_name": "Boots of Speed", "item_4": 46, "item_3": 29, "item_4_name": "Town Portal Scroll", "item_5": 0, "xp_per_min": 134, "hero_name": "Treant Protector", "gold_per_min": 164, "deaths": 3, "denies": 1, "item_2_name": "Magic Stick"}, {"item_2": 34, "assists": 2, "leaver_status": 0, "item_1": 77, "item_0": 214, "item_0_name": "Tranquil Boots", "leaver_status_description": "finished match, no abandon", "level": 9, "player_slot": 1, "leaver_status_name": "NONE", "hero_id": 101, "last_hits": 15, "kills": 1, "account_id": 36864918, "item_3_name": "Town Portal Scroll", "item_4": 77, "item_3": 46, "item_4_name": "Null Talisman", "item_5": 0, "xp_per_min": 192, "hero_name": "Skywrath Mage", "gold_per_min": 158, "deaths": 3, "denies": 3, "item_2_name": "Magic Stick", "item_1_name": "Null Talisman"}, {"item_2": 0, "assists": 0, "leaver_status": 0, "item_1": 242, "item_0": 1, "item_0_name": "Blink Dagger", "leaver_status_description": "finished match, no abandon", "level": 11, "player_slot": 2, "leaver_status_name": "NONE", "hero_id": 2, "last_hits": 121, "kills": 1, "account_id": 24009418, "item_3_name": "Tranquil Boots", "item_4": 0, "item_3": 214, "item_5": 46, "xp_per_min": 306, "item_5_name": "Town Portal Scroll", "hero_name": "Axe", "gold_per_min": 333, "deaths": 4, "denies": 4, "item_1_name": "Crimson Guard"}, {"item_2": 201, "assists": 3, "leaver_status": 0, "item_1": 65, "item_0": 88, "item_0_name": "Ring of Basilius", "leaver_status_description": "finished match, no abandon", "level": 13, "player_slot": 3, "leaver_status_name": "NONE", "hero_id": 36, "last_hits": 168, "kills": 0, "account_id": 8712306, "item_3_name": "Blink Dagger", "item_4": 46, "item_3": 1, "item_4_name": "Town Portal Scroll", "item_5": 50, "xp_per_min": 434, "item_5_name": "Phase Boots", "hero_name": "Necrophos", "gold_per_min": 491, "deaths": 2, "denies": 28, "item_2_name": "Dagon", "item_1_name": "Hand of Midas"}, {"item_2": 108, "assists": 0, "leaver_status": 0, "item_1": 41, "item_0": 71, "item_0_name": "Poor Man's Shield", "additional_units": [{"item_2": 108, "item_1": 41, "item_4": 63, "item_0": 71, "item_3": 1, "item_5": 46, "unitname": ""}], "leaver_status_description": "finished match, no abandon", "level": 18, "player_slot": 4, "leaver_status_name": "NONE", "hero_id": 82, "last_hits": 183, "kills": 3, "account_id": 104744109, "item_3_name": "Blink Dagger", "item_4": 63, "item_3": 1, "item_4_name": "Power Treads", "item_5": 46, "xp_per_min": 757, "item_5_name": "Town Portal Scroll", "hero_name": "Meepo", "gold_per_min": 521, "deaths": 3, "denies": 1, "item_2_name": "Aghanim's Scepter", "item_1_name": "Bottle"}, {"item_2": 182, "assists": 4, "leaver_status": 0, "item_1": 88, "item_0": 187, "item_0_name": "Medallion of Courage", "leaver_status_description": "finished match, no abandon", "level": 11, "player_slot": 128, "leaver_status_name": "NONE", "hero_id": 38, "last_hits": 42, "kills": 3, "account_id": 86870856, "item_4": 48, "item_3": 0, "item_4_name": "Boots of Travel", "item_5": 0, "xp_per_min": 327, "hero_name": "Beastmaster", "gold_per_min": 353, "deaths": 2, "denies": 2, "item_2_name": "Stout Shield", "item_1_name": "Ring of Basilius"}, {"item_2": 50, "assists": 4, "leaver_status": 0, "item_1": 160, "item_0": 212, "item_0_name": "Ring of Aquila", "leaver_status_description": "finished match, no abandon", "level": 16, "player_slot": 129, "leaver_status_name": "NONE", "hero_id": 94, "last_hits": 171, "kills": 4, "account_id": 169181898, "item_3_name": "Yasha", "item_4": 117, "item_3": 170, "item_4_name": "Aegis of the Immortal", "item_5": 0, "xp_per_min": 569, "hero_name": "Medusa", "gold_per_min": 619, "deaths": 0, "denies": 13, "item_2_name": "Phase Boots", "item_1_name": "Eye of Skadi"}, {"item_2": 42, "assists": 7, "leaver_status": 0, "item_1": 108, "item_0": 180, "item_0_name": "Arcane Boots", "leaver_status_description": "finished match, no abandon", "level": 11, "player_slot": 130, "leaver_status_name": "NONE", "hero_id": 30, "last_hits": 27, "kills": 1, "account_id": 117421467, "item_3_name": "Town Portal Scroll", "item_4": 188, "item_3": 46, "item_4_name": "Smoke of Deceit", "item_5": 16, "xp_per_min": 320, "item_5_name": "Iron Branch", "hero_name": "Witch Doctor", "gold_per_min": 293, "deaths": 1, "denies": 4, "item_2_name": "Observer Ward", "item_1_name": "Aghanim's Scepter"}, {"item_2": 79, "assists": 6, "leaver_status": 0, "item_1": 178, "item_0": 30, "item_0_name": "Gem of True Sight", "leaver_status_description": "finished match, no abandon", "level": 15, "player_slot": 131, "leaver_status_name": "NONE", "hero_id": 33, "last_hits": 117, "kills": 4, "account_id": 75750590, "item_3_name": "Rod of Atos", "item_4": 46, "item_3": 206, "item_4_name": "Town Portal Scroll", "item_5": 63, "xp_per_min": 531, "item_5_name": "Power Treads", "hero_name": "Enigma", "gold_per_min": 552, "deaths": 1, "denies": 0, "item_2_name": "Mekansm", "item_1_name": "Soul Ring"}, {"item_2": 212, "assists": 8, "leaver_status": 0, "item_1": 147, "item_0": 46, "item_0_name": "Town Portal Scroll", "leaver_status_description": "finished match, no abandon", "level": 14, "player_slot": 132, "leaver_status_name": "NONE", "hero_id": 20, "last_hits": 74, "kills": 3, "account_id": 86750262, "item_4": 36, "item_3": 0, "item_4_name": "Magic Wand", "item_5": 63, "xp_per_min": 441, "item_5_name": "Power Treads", "hero_name": "Vengeful Spirit", "gold_per_min": 425, "deaths": 1, "denies": 13, "item_2_name": "Ring of Aquila", "item_1_name": "Manta Style"}], "dire_team_id": 55, "picks_bans": [{"order": 0, "is_pick": false, "hero_id": 95, "team": 0}, {"order": 1, "is_pick": false, "hero_id": 11, "team": 1}, {"order": 2, "is_pick": false, "hero_id": 91, "team": 0}, {"order": 3, "is_pick": false, "hero_id": 66, "team": 1}, {"order": 4, "is_pick": true, "hero_id": 2, "team": 0}, {"order": 5, "is_pick": true, "hero_id": 30, "team": 1}, {"order": 6, "is_pick": true, "hero_id": 38, "team": 1}, {"order": 7, "is_pick": true, "hero_id": 101, "team": 0}, {"order": 8, "is_pick": false, "hero_id": 34, "team": 0}, {"order": 9, "is_pick": false, "hero_id": 93, "team": 1}, {"order": 10, "is_pick": false, "hero_id": 35, "team": 0}, {"order": 11, "is_pick": false, "hero_id": 7, "team": 1}, {"order": 12, "is_pick": true, "hero_id": 20, "team": 1}, {"order": 13, "is_pick": true, "hero_id": 83, "team": 0}, {"order": 14, "is_pick": true, "hero_id": 33, "team": 1}, {"order": 15, "is_pick": true, "hero_id": 36, "team": 0}, {"order": 16, "is_pick": false, "hero_id": 13, "team": 1}, {"order": 17, "is_pick": false, "hero_id": 77, "team": 0}, {"order": 18, "is_pick": true, "hero_id": 94, "team": 1}, {"order": 19, "is_pick": true, "hero_id": 82, "team": 0}], "dire_name": "_PowerRangers", "negative_votes": 0}