{"dire_captain": 26316691, "tower_status_radiant": 1926, "flags": 0, "lobby_type": 1, "cluster": 133, "game_mode_name": "Captains Mode", "engine": 0, "barracks_status_dire": 63, "barracks_status_radiant": 63, "cluster_name": "Europe West", "radiant_score": 0, "match_id": 1274026044, "lobby_name": "Practice", "dire_score": 0, "first_blood_time": 137, "human_players": 10, "pre_game_duration": 0, "radiant_captain": 134556694, "players": [{"item_2": 36, "assists": 4, "leaver_status": 3, "item_1": 81, "item_0": 41, "item_0_name": "Bottle", "leaver_status_description": "player dc, clicked leave, abandon", "level": 16, "player_slot": 0, "leaver_status_name": "ABANDONED", "hero_id": 78, "last_hits": 75, "kills": 5, "account_id": 134556694, "item_3_name": "Boots of Speed", "item_4": 1, "item_3": 29, "item_4_name": "Blink Dagger", "item_5": 0, "xp_per_min": 441, "hero_name": "Brewmaster", "gold_per_min": 353, "deaths": 10, "denies": 0, "item_2_name": "Magic Wand", "item_1_name": "Vladmir's Offering"}, {"item_2": 0, "assists": 9, "leaver_status": 3, "item_1": 43, "item_0": 180, "item_0_name": "Arcane Boots", "leaver_status_description": "player dc, clicked leave, abandon", "level": 14, "player_slot": 1, "leaver_status_name": "ABANDONED", "hero_id": 86, "last_hits": 32, "kills": 5, "account_id": 91064780, "item_3_name": "Iron Branch", "item_4": 0, "item_3": 16, "item_5": 0, "xp_per_min": 334, "hero_name": "Rubick", "gold_per_min": 260, "deaths": 13, "denies": 1, "item_1_name": "Sentry Ward"}, {"item_2": 152, "assists": 4, "leaver_status": 0, "item_1": 50, "item_0": 172, "item_0_name": "Mask of Madness", "leaver_status_description": "finished match, no abandon", "level": 19, "player_slot": 2, "leaver_status_name": "NONE", "hero_id": 8, "last_hits": 165, "kills": 5, "account_id": 112250781, "item_3_name": "Ring of Aquila", "item_4": 46, "item_3": 212, "item_4_name": "Town Portal Scroll", "item_5": 170, "xp_per_min": 627, "item_5_name": "Yasha", "hero_name": "Juggernaut", "gold_per_min": 461, "deaths": 9, "denies": 13, "item_2_name": "Shadow Blade", "item_1_name": "Phase Boots"}, {"item_2": 25, "assists": 7, "leaver_status": 0, "item_1": 172, "item_0": 212, "item_0_name": "Ring of Aquila", "leaver_status_description": "finished match, no abandon", "level": 13, "player_slot": 3, "leaver_status_name": "NONE", "hero_id": 35, "last_hits": 88, "kills": 4, "account_id": 123051238, "item_3_name": "Phase Boots", "item_4": 170, "item_3": 50, "item_4_name": "Yasha", "item_5": 0, "xp_per_min": 310, "hero_name": "Sniper", "gold_per_min": 347, "deaths": 13, "denies": 17, "item_2_name": "Gloves of Haste", "item_1_name": "Mask of Madness"}, {"item_2": 79, "assists": 6, "leaver_status": 0, "item_1": 27, "item_0": 23, "item_0_name": "Staff of Wizardry", "leaver_status_description": "finished match, no abandon", "level": 9, "player_slot": 4, "leaver_status_name": "NONE", "hero_id": 66, "last_hits": 36, "kills": 2, "account_id": 93552791, "item_3_name": "Boots of Speed", "item_4": 0, "item_3": 29, "item_5": 34, "xp_per_min": 164, "item_5_name": "Magic Stick", "hero_name": "Chen", "gold_per_min": 201, "deaths": 7, "denies": 0, "item_2_name": "Mekansm", "item_1_name": "Ring of Regen"}, {"item_2": 63, "assists": 7, "leaver_status": 0, "item_1": 187, "item_0": 212, "item_0_name": "Ring of Aquila", "leaver_status_description": "finished match, no abandon", "level": 19, "player_slot": 128, "leaver_status_name": "NONE", "hero_id": 56, "last_hits": 113, "kills": 15, "account_id": 26316691, "item_3_name": "Linken's Sphere", "item_4": 168, "item_3": 123, "item_4_name": "Desolator", "item_5": 0, "xp_per_min": 606, "hero_name": "Clinkz", "gold_per_min": 514, "deaths": 4, "denies": 3, "item_2_name": "Power Treads", "item_1_name": "Medallion of Courage"}, {"item_2": 63, "assists": 10, "leaver_status": 0, "item_1": 1, "item_0": 212, "item_0_name": "Ring of Aquila", "leaver_status_description": "finished match, no abandon", "level": 20, "player_slot": 129, "leaver_status_name": "NONE", "hero_id": 93, "last_hits": 159, "kills": 12, "account_id": 92423451, "item_3_name": "Demon Edge", "item_4": 160, "item_3": 51, "item_4_name": "Eye of Skadi", "item_5": 117, "xp_per_min": 711, "item_5_name": "Aegis of the Immortal", "hero_name": "Slark", "gold_per_min": 518, "deaths": 2, "denies": 7, "item_2_name": "Power Treads", "item_1_name": "Blink Dagger"}, {"item_2": 214, "assists": 13, "leaver_status": 0, "item_1": 1, "item_0": 37, "item_0_name": "Ghost Scepter", "leaver_status_description": "finished match, no abandon", "level": 18, "player_slot": 130, "leaver_status_name": "NONE", "hero_id": 7, "last_hits": 63, "kills": 10, "account_id": 106809101, "item_3_name": "Force Staff", "item_4": 46, "item_3": 102, "item_4_name": "Town Portal Scroll", "item_5": 178, "xp_per_min": 559, "item_5_name": "Soul Ring", "hero_name": "Earthshaker", "gold_per_min": 383, "deaths": 3, "denies": 2, "item_2_name": "Tranquil Boots", "item_1_name": "Blink Dagger"}, {"item_2": 46, "assists": 15, "leaver_status": 0, "item_1": 36, "item_0": 41, "item_0_name": "Bottle", "leaver_status_description": "finished match, no abandon", "level": 19, "player_slot": 131, "leaver_status_name": "NONE", "hero_id": 51, "last_hits": 78, "kills": 11, "account_id": 114716113, "item_3_name": "Force Staff", "item_4": 63, "item_3": 102, "item_4_name": "Power Treads", "item_5": 108, "xp_per_min": 618, "item_5_name": "Aghanim's Scepter", "hero_name": "Clockwerk", "gold_per_min": 422, "deaths": 5, "denies": 2, "item_2_name": "Town Portal Scroll", "item_1_name": "Magic Wand"}, {"item_2": 42, "assists": 7, "leaver_status": 0, "item_1": 36, "item_0": 46, "item_0_name": "Town Portal Scroll", "leaver_status_description": "finished match, no abandon", "level": 13, "player_slot": 132, "leaver_status_name": "NONE", "hero_id": 50, "last_hits": 43, "kills": 3, "account_id": 49711312, "item_3_name": "Boots of Speed", "item_4": 57, "item_3": 29, "item_4_name": "Void Stone", "item_5": 30, "xp_per_min": 285, "item_5_name": "Gem of True Sight", "hero_name": "Dazzle", "gold_per_min": 244, "deaths": 7, "denies": 5, "item_2_name": "Observer Ward", "item_1_name": "Magic Wand"}], "tower_status_dire": 1974, "match_seq_num": 1142252162, "start_time": 1424877323, "picks_bans": [{"order": 0, "is_pick": false, "hero_id": 20, "team": 0}, {"order": 1, "is_pick": false, "hero_id": 2, "team": 1}, {"order": 2, "is_pick": false, "hero_id": 91, "team": 0}, {"order": 3, "is_pick": false, "hero_id": 95, "team": 1}, {"order": 4, "is_pick": true, "hero_id": 35, "team": 0}, {"order": 5, "is_pick": true, "hero_id": 50, "team": 1}, {"order": 6, "is_pick": true, "hero_id": 51, "team": 1}, {"order": 7, "is_pick": true, "hero_id": 86, "team": 0}, {"order": 8, "is_pick": false, "hero_id": 61, "team": 0}, {"order": 9, "is_pick": false, "hero_id": 71, "team": 1}, {"order": 10, "is_pick": false, "hero_id": 17, "team": 0}, {"order": 11, "is_pick": false, "hero_id": 69, "team": 1}, {"order": 12, "is_pick": true, "hero_id": 93, "team": 1}, {"order": 13, "is_pick": true, "hero_id": 66, "team": 0}, {"order": 14, "is_pick": true, "hero_id": 56, "team": 1}, {"order": 15, "is_pick": true, "hero_id": 8, "team": 0}, {"order": 16, "is_pick": false, "hero_id": 53, "team": 1}, {"order": 17, "is_pick": false, "hero_id": 68, "team": 0}, {"order": 18, "is_pick": true, "hero_id": 7, "team": 1}, {"order": 19, "is_pick": true, "hero_id": 78, "team": 0}], "radiant_win": false, "positive_votes": 0, "leagueid": 2470, "game_mode": 2, "duration": 1910, "negative_votes": 0}