{"dire_captain": 41231571, "tower_status_radiant": 1280, "flags": 0, "lobby_type": 1, "cluster": 132, "game_mode_name": "Captains Mode", "engine": 0, "barracks_status_dire": 63, "barracks_status_radiant": 48, "cluster_name": "Europe West", "radiant_score": 0, "match_id": 1277710116, "lobby_name": "Practice", "dire_score": 0, "first_blood_time": 0, "radiant_team_id": 1098026, "radiant_logo": 830079649428681273, "human_players": 10, "pre_game_duration": 0, "radiant_team_complete": 0, "radiant_captain": 86700461, "players": [{"item_2": 77, "assists": 5, "leaver_status": 0, "item_1": 37, "item_0": 34, "item_0_name": "Magic Stick", "leaver_status_description": "finished match, no abandon", "level": 15, "player_slot": 0, "leaver_status_name": "NONE", "hero_id": 51, "last_hits": 69, "kills": 2, "account_id": 52781082, "item_3_name": "Bottle", "item_4": 63, "item_3": 41, "item_4_name": "Power Treads", "item_5": 4, "xp_per_min": 259, "item_5_name": "Chainmail", "hero_name": "Clockwerk", "gold_per_min": 224, "deaths": 17, "denies": 2, "item_2_name": "Null Talisman", "item_1_name": "Ghost Scepter"}, {"item_2": 50, "assists": 8, "leaver_status": 0, "item_1": 46, "item_0": 160, "item_0_name": "Eye of Skadi", "leaver_status_description": "finished match, no abandon", "level": 24, "player_slot": 1, "leaver_status_name": "NONE", "hero_id": 8, "last_hits": 341, "kills": 6, "account_id": 178638015, "item_3_name": "Manta Style", "item_4": 116, "item_3": 147, "item_4_name": "Black King Bar", "item_5": 172, "xp_per_min": 632, "item_5_name": "Mask of Madness", "hero_name": "Juggernaut", "gold_per_min": 542, "deaths": 8, "denies": 16, "item_2_name": "Phase Boots", "item_1_name": "Town Portal Scroll"}, {"item_2": 36, "assists": 9, "leaver_status": 0, "item_1": 102, "item_0": 92, "item_0_name": "Urn of Shadows", "leaver_status_description": "finished match, no abandon", "level": 15, "player_slot": 2, "leaver_status_name": "NONE", "hero_id": 20, "last_hits": 53, "kills": 0, "account_id": 70473277, "item_3_name": "Town Portal Scroll", "item_4": 21, "item_3": 46, "item_4_name": "Ogre Club", "item_5": 214, "xp_per_min": 247, "item_5_name": "Tranquil Boots", "hero_name": "Vengeful Spirit", "gold_per_min": 202, "deaths": 8, "denies": 0, "item_2_name": "Magic Wand", "item_1_name": "Force Staff"}, {"item_2": 187, "assists": 6, "leaver_status": 0, "item_1": 100, "item_0": 102, "item_0_name": "Force Staff", "leaver_status_description": "finished match, no abandon", "level": 16, "player_slot": 3, "leaver_status_name": "NONE", "hero_id": 50, "last_hits": 90, "kills": 1, "account_id": 114178023, "item_3_name": "Town Portal Scroll", "item_4": 29, "item_3": 46, "item_4_name": "Boots of Speed", "item_5": 43, "xp_per_min": 283, "item_5_name": "Sentry Ward", "hero_name": "Dazzle", "gold_per_min": 224, "deaths": 6, "denies": 2, "item_2_name": "Medallion of Courage", "item_1_name": "Eul's Scepter of Divinity"}, {"item_2": 96, "assists": 6, "leaver_status": 0, "item_1": 1, "item_0": 206, "item_0_name": "Rod of Atos", "leaver_status_description": "finished match, no abandon", "level": 24, "player_slot": 4, "leaver_status_name": "NONE", "hero_id": 101, "last_hits": 131, "kills": 19, "account_id": 86700461, "item_3_name": "Eul's Scepter of Divinity", "item_4": 180, "item_3": 100, "item_4_name": "Arcane Boots", "item_5": 46, "xp_per_min": 633, "item_5_name": "Town Portal Scroll", "hero_name": "Skywrath Mage", "gold_per_min": 476, "deaths": 8, "denies": 12, "item_2_name": "Scythe of Vyse", "item_1_name": "Blink Dagger"}, {"item_2": 108, "assists": 22, "leaver_status": 0, "item_1": 1, "item_0": 214, "item_0_name": "Tranquil Boots", "leaver_status_description": "finished match, no abandon", "level": 19, "player_slot": 128, "leaver_status_name": "NONE", "hero_id": 7, "last_hits": 114, "kills": 7, "account_id": 33369177, "item_3_name": "Force Staff", "item_4": 100, "item_3": 102, "item_4_name": "Eul's Scepter of Divinity", "item_5": 46, "xp_per_min": 386, "item_5_name": "Town Portal Scroll", "hero_name": "Earthshaker", "gold_per_min": 343, "deaths": 5, "denies": 0, "item_2_name": "Aghanim's Scepter", "item_1_name": "Blink Dagger"}, {"item_2": 116, "assists": 22, "leaver_status": 0, "item_1": 214, "item_0": 1, "item_0_name": "Blink Dagger", "leaver_status_description": "finished match, no abandon", "level": 22, "player_slot": 129, "leaver_status_name": "NONE", "hero_id": 65, "last_hits": 110, "kills": 5, "account_id": 115199872, "item_3_name": "Force Staff", "item_4": 46, "item_3": 102, "item_4_name": "Town Portal Scroll", "item_5": 37, "xp_per_min": 499, "item_5_name": "Ghost Scepter", "hero_name": "Batrider", "gold_per_min": 339, "deaths": 7, "denies": 2, "item_2_name": "Black King Bar", "item_1_name": "Tranquil Boots"}, {"item_2": 1, "assists": 22, "leaver_status": 0, "item_1": 112, "item_0": 110, "item_0_name": "Refresher Orb", "leaver_status_description": "finished match, no abandon", "level": 24, "player_slot": 130, "leaver_status_name": "NONE", "hero_id": 78, "last_hits": 215, "kills": 10, "account_id": 41231571, "item_3_name": "Power Treads", "item_4": 116, "item_3": 63, "item_4_name": "Black King Bar", "item_5": 81, "xp_per_min": 618, "item_5_name": "Vladmir's Offering", "hero_name": "Brewmaster", "gold_per_min": 475, "deaths": 6, "denies": 21, "item_2_name": "Blink Dagger", "item_1_name": "Assault Cuirass"}, {"item_2": 117, "assists": 10, "leaver_status": 0, "item_1": 116, "item_0": 48, "item_0_name": "Boots of Travel", "leaver_status_description": "finished match, no abandon", "level": 25, "player_slot": 131, "leaver_status_name": "NONE", "hero_id": 46, "last_hits": 268, "kills": 17, "account_id": 22710825, "item_3_name": "Blink Dagger", "item_4": 196, "item_3": 1, "item_4_name": "Diffusal Blade", "item_5": 147, "xp_per_min": 637, "item_5_name": "Manta Style", "hero_name": "Templar Assassin", "gold_per_min": 572, "deaths": 4, "denies": 10, "item_2_name": "Aegis of the Immortal", "item_1_name": "Black King Bar"}, {"item_2": 46, "assists": 24, "leaver_status": 0, "item_1": 108, "item_0": 63, "item_0_name": "Power Treads", "leaver_status_description": "finished match, no abandon", "level": 20, "player_slot": 132, "leaver_status_name": "NONE", "hero_id": 75, "last_hits": 113, "kills": 5, "account_id": 95439451, "item_3_name": "Force Staff", "item_4": 0, "item_3": 102, "item_5": 67, "xp_per_min": 436, "item_5_name": "Oblivion Staff", "hero_name": "Silencer", "gold_per_min": 330, "deaths": 6, "denies": 7, "item_2_name": "Town Portal Scroll", "item_1_name": "Aghanim's Scepter"}], "radiant_name": "2010Ehome", "tower_status_dire": 1830, "match_seq_num": 1145602720, "start_time": 1424987206, "picks_bans": [{"order": 0, "is_pick": false, "hero_id": 35, "team": 1}, {"order": 1, "is_pick": false, "hero_id": 95, "team": 0}, {"order": 2, "is_pick": false, "hero_id": 91, "team": 1}, {"order": 3, "is_pick": false, "hero_id": 2, "team": 0}, {"order": 4, "is_pick": true, "hero_id": 65, "team": 1}, {"order": 5, "is_pick": true, "hero_id": 20, "team": 0}, {"order": 6, "is_pick": true, "hero_id": 50, "team": 0}, {"order": 7, "is_pick": true, "hero_id": 75, "team": 1}, {"order": 8, "is_pick": false, "hero_id": 47, "team": 1}, {"order": 9, "is_pick": false, "hero_id": 68, "team": 0}, {"order": 10, "is_pick": false, "hero_id": 99, "team": 1}, {"order": 11, "is_pick": false, "hero_id": 26, "team": 0}, {"order": 12, "is_pick": true, "hero_id": 8, "team": 0}, {"order": 13, "is_pick": true, "hero_id": 7, "team": 1}, {"order": 14, "is_pick": true, "hero_id": 51, "team": 0}, {"order": 15, "is_pick": true, "hero_id": 78, "team": 1}, {"order": 16, "is_pick": false, "hero_id": 13, "team": 0}, {"order": 17, "is_pick": false, "hero_id": 39, "team": 1}, {"order": 18, "is_pick": true, "hero_id": 101, "team": 0}, {"order": 19, "is_pick": true, "hero_id": 46, "team": 1}], "radiant_win": false, "positive_votes": 1, "leagueid": 2470, "game_mode": 2, "duration": 3061, "negative_votes": 0}