{"dire_captain": 86745912, "tower_status_radiant": 1798, "flags": 0, "lobby_type": 1, "cluster": 124, "game_mode_name": "Captains Mode", "engine": 0, "barracks_status_dire": 63, "barracks_status_radiant": 59, "cluster_name": "US East", "radiant_score": 0, "match_id": 1280853710, "lobby_name": "Practice", "dire_score": 0, "first_blood_time": 180, "radiant_team_id": 2103577, "radiant_logo": 545267112032256635, "human_players": 10, "pre_game_duration": 0, "radiant_team_complete": 0, "radiant_captain": 86747351, "players": [{"item_2": 29, "assists": 3, "leaver_status": 0, "item_1": 178, "item_0": 79, "item_0_name": "Mekansm", "leaver_status_description": "finished match, no abandon", "level": 12, "player_slot": 0, "leaver_status_name": "NONE", "hero_id": 33, "last_hits": 118, "kills": 0, "account_id": 86747351, "item_3_name": "Town Portal Scroll", "item_4": 21, "item_3": 46, "item_4_name": "Ogre Club", "item_5": 8, "xp_per_min": 297, "item_5_name": "Mithril Hammer", "hero_name": "Enigma", "gold_per_min": 301, "deaths": 4, "denies": 2, "item_2_name": "Boots of Speed", "item_1_name": "Soul Ring"}, {"item_2": 154, "assists": 2, "leaver_status": 0, "item_1": 63, "item_0": 160, "item_0_name": "Eye of Skadi", "leaver_status_description": "finished match, no abandon", "level": 17, "player_slot": 1, "leaver_status_name": "NONE", "hero_id": 35, "last_hits": 161, "kills": 10, "account_id": 97353735, "item_3_name": "Ring of Aquila", "item_4": 46, "item_3": 212, "item_4_name": "Town Portal Scroll", "item_5": 36, "xp_per_min": 598, "item_5_name": "Magic Wand", "hero_name": "Sniper", "gold_per_min": 499, "deaths": 4, "denies": 17, "item_2_name": "Sange and Yasha", "item_1_name": "Power Treads"}, {"item_2": 166, "assists": 2, "leaver_status": 0, "item_1": 88, "item_0": 50, "item_0_name": "Phase Boots", "leaver_status_description": "finished match, no abandon", "level": 14, "player_slot": 2, "leaver_status_name": "NONE", "hero_id": 94, "last_hits": 150, "kills": 1, "account_id": 86811043, "item_3_name": "Ultimate Orb", "item_4": 36, "item_3": 24, "item_4_name": "Magic Wand", "item_5": 24, "xp_per_min": 397, "item_5_name": "Ultimate Orb", "hero_name": "Medusa", "gold_per_min": 402, "deaths": 5, "denies": 14, "item_2_name": "Maelstrom", "item_1_name": "Ring of Basilius"}, {"item_2": 42, "assists": 4, "leaver_status": 0, "item_1": 92, "item_0": 34, "item_0_name": "Magic Stick", "leaver_status_description": "finished match, no abandon", "level": 11, "player_slot": 3, "leaver_status_name": "NONE", "hero_id": 30, "last_hits": 22, "kills": 2, "account_id": 41470731, "item_3_name": "Power Treads", "item_4": 0, "item_3": 63, "item_5": 0, "xp_per_min": 234, "hero_name": "Witch Doctor", "gold_per_min": 195, "deaths": 6, "denies": 4, "item_2_name": "Observer Ward", "item_1_name": "Urn of Shadows"}, {"item_2": 41, "assists": 5, "leaver_status": 0, "item_1": 63, "item_0": 36, "item_0_name": "Magic Wand", "leaver_status_description": "finished match, no abandon", "level": 11, "player_slot": 4, "leaver_status_name": "NONE", "hero_id": 51, "last_hits": 30, "kills": 2, "account_id": 39173624, "item_3_name": "Town Portal Scroll", "item_4": 19, "item_3": 46, "item_4_name": "Robe of the Magi", "item_5": 4, "xp_per_min": 218, "item_5_name": "Chainmail", "hero_name": "Clockwerk", "gold_per_min": 203, "deaths": 7, "denies": 1, "item_2_name": "Bottle", "item_1_name": "Power Treads"}, {"item_2": 147, "assists": 3, "leaver_status": 0, "item_1": 63, "item_0": 145, "item_0_name": "Battle Fury", "leaver_status_description": "finished match, no abandon", "level": 22, "player_slot": 128, "leaver_status_name": "NONE", "hero_id": 1, "last_hits": 276, "kills": 8, "account_id": 86745912, "item_3_name": "Abyssal Blade", "item_4": 81, "item_3": 208, "item_4_name": "Vladmir's Offering", "item_5": 11, "xp_per_min": 901, "item_5_name": "Quelling Blade", "hero_name": "Anti-Mage", "gold_per_min": 772, "deaths": 0, "denies": 23, "item_2_name": "Manta Style", "item_1_name": "Power Treads"}, {"item_2": 1, "assists": 9, "leaver_status": 0, "item_1": 23, "item_0": 214, "item_0_name": "Tranquil Boots", "leaver_status_description": "finished match, no abandon", "level": 15, "player_slot": 129, "leaver_status_name": "NONE", "hero_id": 96, "last_hits": 114, "kills": 4, "account_id": 86828698, "item_3_name": "Force Staff", "item_4": 36, "item_3": 102, "item_4_name": "Magic Wand", "item_5": 90, "xp_per_min": 476, "item_5_name": "Pipe of Insight", "hero_name": "Centaur Warrunner", "gold_per_min": 399, "deaths": 3, "denies": 13, "item_2_name": "Blink Dagger", "item_1_name": "Staff of Wizardry"}, {"item_2": 0, "assists": 10, "leaver_status": 0, "item_1": 102, "item_0": 1, "item_0_name": "Blink Dagger", "leaver_status_description": "finished match, no abandon", "level": 13, "player_slot": 130, "leaver_status_name": "NONE", "hero_id": 26, "last_hits": 43, "kills": 3, "account_id": 85805514, "item_3_name": "Tranquil Boots", "item_4": 0, "item_3": 214, "item_5": 43, "xp_per_min": 331, "item_5_name": "Sentry Ward", "hero_name": "Lion", "gold_per_min": 280, "deaths": 4, "denies": 3, "item_1_name": "Force Staff"}, {"item_2": 188, "assists": 7, "leaver_status": 0, "item_1": 61, "item_0": 0, "leaver_status_description": "finished match, no abandon", "level": 13, "player_slot": 131, "leaver_status_name": "NONE", "hero_id": 101, "last_hits": 17, "kills": 4, "account_id": 87196890, "item_3_name": "Magic Wand", "item_4": 42, "item_3": 36, "item_4_name": "Observer Ward", "item_5": 180, "xp_per_min": 318, "item_5_name": "Arcane Boots", "hero_name": "Skywrath Mage", "gold_per_min": 256, "deaths": 5, "denies": 3, "item_2_name": "Smoke of Deceit", "item_1_name": "Vitality Booster"}, {"item_2": 36, "assists": 4, "leaver_status": 0, "item_1": 116, "item_0": 79, "item_0_name": "Mekansm", "leaver_status_description": "finished match, no abandon", "level": 18, "player_slot": 132, "leaver_status_name": "NONE", "hero_id": 11, "last_hits": 199, "kills": 7, "account_id": 31818853, "item_3_name": "Power Treads", "item_4": 41, "item_3": 63, "item_4_name": "Bottle", "item_5": 112, "xp_per_min": 655, "item_5_name": "Assault Cuirass", "hero_name": "Shadow Fiend", "gold_per_min": 598, "deaths": 3, "denies": 17, "item_2_name": "Magic Wand", "item_1_name": "Black King Bar"}], "radiant_name": ".Thundercats.", "tower_status_dire": 1974, "match_seq_num": 1148431425, "start_time": 1425077753, "picks_bans": [{"order": 0, "is_pick": false, "hero_id": 20, "team": 1}, {"order": 1, "is_pick": false, "hero_id": 65, "team": 0}, {"order": 2, "is_pick": false, "hero_id": 7, "team": 1}, {"order": 3, "is_pick": false, "hero_id": 66, "team": 0}, {"order": 4, "is_pick": true, "hero_id": 11, "team": 1}, {"order": 5, "is_pick": true, "hero_id": 35, "team": 0}, {"order": 6, "is_pick": true, "hero_id": 51, "team": 0}, {"order": 7, "is_pick": true, "hero_id": 26, "team": 1}, {"order": 8, "is_pick": false, "hero_id": 50, "team": 1}, {"order": 9, "is_pick": false, "hero_id": 39, "team": 0}, {"order": 10, "is_pick": false, "hero_id": 68, "team": 1}, {"order": 11, "is_pick": false, "hero_id": 67, "team": 0}, {"order": 12, "is_pick": true, "hero_id": 33, "team": 0}, {"order": 13, "is_pick": true, "hero_id": 101, "team": 1}, {"order": 14, "is_pick": true, "hero_id": 30, "team": 0}, {"order": 15, "is_pick": true, "hero_id": 96, "team": 1}, {"order": 16, "is_pick": false, "hero_id": 8, "team": 0}, {"order": 17, "is_pick": false, "hero_id": 106, "team": 1}, {"order": 18, "is_pick": true, "hero_id": 94, "team": 0}, {"order": 19, "is_pick": true, "hero_id": 1, "team": 1}], "radiant_win": false, "positive_votes": 7, "leagueid": 2337, "game_mode": 2, "duration": 1696, "negative_votes": 1}