{"dire_captain": 105248644, "tower_status_radiant": 1568, "flags": 0, "lobby_type": 1, "cluster": 136, "game_mode_name": "Captains Mode", "engine": 0, "barracks_status_dire": 63, "barracks_status_radiant": 12, "cluster_name": "Europe West", "radiant_score": 0, "match_id": 1282056270, "lobby_name": "Practice", "dire_score": 0, "first_blood_time": 3, "human_players": 10, "pre_game_duration": 0, "radiant_captain": 16147520, "players": [{"item_2": 180, "assists": 4, "leaver_status": 0, "item_1": 36, "item_0": 1, "item_0_name": "Blink Dagger", "leaver_status_description": "finished match, no abandon", "level": 14, "player_slot": 0, "leaver_status_name": "NONE", "hero_id": 29, "last_hits": 106, "kills": 0, "account_id": 16147520, "item_3_name": "Oblivion Staff", "item_4": 0, "item_3": 67, "item_5": 46, "xp_per_min": 314, "item_5_name": "Town Portal Scroll", "hero_name": "Tidehunter", "gold_per_min": 271, "deaths": 5, "denies": 5, "item_2_name": "Arcane Boots", "item_1_name": "Magic Wand"}, {"item_2": 24, "assists": 3, "leaver_status": 0, "item_1": 116, "item_0": 1, "item_0_name": "Blink Dagger", "leaver_status_description": "finished match, no abandon", "level": 17, "player_slot": 1, "leaver_status_name": "NONE", "hero_id": 11, "last_hits": 179, "kills": 4, "account_id": 103315873, "item_3_name": "Ring of Aquila", "item_4": 63, "item_3": 212, "item_4_name": "Power Treads", "item_5": 46, "xp_per_min": 489, "item_5_name": "Town Portal Scroll", "hero_name": "Shadow Fiend", "gold_per_min": 434, "deaths": 8, "denies": 23, "item_2_name": "Ultimate Orb", "item_1_name": "Black King Bar"}, {"item_2": 42, "assists": 2, "leaver_status": 0, "item_1": 46, "item_0": 1, "item_0_name": "Blink Dagger", "leaver_status_description": "finished match, no abandon", "level": 13, "player_slot": 2, "leaver_status_name": "NONE", "hero_id": 26, "last_hits": 44, "kills": 2, "account_id": 155491618, "item_3_name": "Sentry Ward", "item_4": 214, "item_3": 43, "item_4_name": "Tranquil Boots", "item_5": 73, "xp_per_min": 300, "item_5_name": "Bracer", "hero_name": "Lion", "gold_per_min": 222, "deaths": 8, "denies": 0, "item_2_name": "Observer Ward", "item_1_name": "Town Portal Scroll"}, {"item_2": 73, "assists": 2, "leaver_status": 0, "item_1": 102, "item_0": 29, "item_0_name": "Boots of Speed", "leaver_status_description": "finished match, no abandon", "level": 10, "player_slot": 3, "leaver_status_name": "NONE", "hero_id": 68, "last_hits": 22, "kills": 1, "account_id": 104334048, "item_4": 0, "item_3": 0, "item_5": 0, "xp_per_min": 173, "hero_name": "Ancient Apparition", "gold_per_min": 167, "deaths": 7, "denies": 1, "item_2_name": "Bracer", "item_1_name": "Force Staff"}, {"item_2": 172, "assists": 2, "leaver_status": 0, "item_1": 46, "item_0": 147, "item_0_name": "Manta Style", "leaver_status_description": "finished match, no abandon", "level": 16, "player_slot": 4, "leaver_status_name": "NONE", "hero_id": 8, "last_hits": 160, "kills": 2, "account_id": 171775246, "item_3_name": "Phase Boots", "item_4": 11, "item_3": 50, "item_4_name": "Quelling Blade", "item_5": 17, "xp_per_min": 431, "item_5_name": "Belt of Strength", "hero_name": "Juggernaut", "gold_per_min": 391, "deaths": 6, "denies": 7, "item_2_name": "Mask of Madness", "item_1_name": "Town Portal Scroll"}, {"item_2": 108, "assists": 3, "leaver_status": 0, "item_1": 96, "item_0": 48, "item_0_name": "Boots of Travel", "additional_units": [{"item_2": 108, "item_1": 96, "item_4": 147, "item_0": 48, "item_3": 1, "item_5": 117, "unitname": ""}], "leaver_status_description": "finished match, no abandon", "level": 25, "player_slot": 128, "leaver_status_name": "NONE", "hero_id": 82, "last_hits": 273, "kills": 13, "account_id": 105248644, "item_3_name": "Blink Dagger", "item_4": 147, "item_3": 1, "item_4_name": "Manta Style", "item_5": 117, "xp_per_min": 980, "item_5_name": "Aegis of the Immortal", "hero_name": "Meepo", "gold_per_min": 724, "deaths": 1, "denies": 10, "item_2_name": "Aghanim's Scepter", "item_1_name": "Scythe of Vyse"}, {"item_2": 36, "assists": 9, "leaver_status": 0, "item_1": 102, "item_0": 1, "item_0_name": "Blink Dagger", "leaver_status_description": "finished match, no abandon", "level": 14, "player_slot": 129, "leaver_status_name": "NONE", "hero_id": 86, "last_hits": 92, "kills": 2, "account_id": 37399177, "item_3_name": "Arcane Boots", "item_4": 46, "item_3": 180, "item_4_name": "Town Portal Scroll", "item_5": 162, "xp_per_min": 345, "item_5_name": "Sange", "hero_name": "Rubick", "gold_per_min": 343, "deaths": 2, "denies": 5, "item_2_name": "Magic Wand", "item_1_name": "Force Staff"}, {"item_2": 100, "assists": 6, "leaver_status": 0, "item_1": 92, "item_0": 36, "item_0_name": "Magic Wand", "leaver_status_description": "finished match, no abandon", "level": 13, "player_slot": 130, "leaver_status_name": "NONE", "hero_id": 50, "last_hits": 32, "kills": 3, "account_id": 55598693, "item_3_name": "Medallion of Courage", "item_4": 46, "item_3": 187, "item_4_name": "Town Portal Scroll", "item_5": 29, "xp_per_min": 285, "item_5_name": "Boots of Speed", "hero_name": "Dazzle", "gold_per_min": 270, "deaths": 1, "denies": 6, "item_2_name": "Eul's Scepter of Divinity", "item_1_name": "Urn of Shadows"}, {"item_2": 176, "assists": 8, "leaver_status": 0, "item_1": 1, "item_0": 204, "item_0_name": "Dagon", "leaver_status_description": "finished match, no abandon", "level": 18, "player_slot": 131, "leaver_status_name": "NONE", "hero_id": 13, "last_hits": 134, "kills": 11, "account_id": 89208003, "item_4": 46, "item_3": 0, "item_4_name": "Town Portal Scroll", "item_5": 29, "xp_per_min": 542, "item_5_name": "Boots of Speed", "hero_name": "Puck", "gold_per_min": 511, "deaths": 3, "denies": 12, "item_2_name": "Ethereal Blade", "item_1_name": "Blink Dagger"}, {"item_2": 9, "assists": 12, "leaver_status": 0, "item_1": 9, "item_0": 154, "item_0_name": "Sange and Yasha", "leaver_status_description": "finished match, no abandon", "level": 18, "player_slot": 132, "leaver_status_name": "NONE", "hero_id": 99, "last_hits": 187, "kills": 5, "account_id": 114470509, "item_3_name": "Platemail", "item_4": 9, "item_3": 9, "item_4_name": "Platemail", "item_5": 116, "xp_per_min": 555, "item_5_name": "Black King Bar", "hero_name": "Bristleback", "gold_per_min": 583, "deaths": 4, "denies": 6, "item_2_name": "Platemail", "item_1_name": "Platemail"}], "tower_status_dire": 2039, "match_seq_num": 1149534466, "start_time": 1425116363, "picks_bans": [{"order": 0, "is_pick": false, "hero_id": 2, "team": 0}, {"order": 1, "is_pick": false, "hero_id": 35, "team": 1}, {"order": 2, "is_pick": false, "hero_id": 91, "team": 0}, {"order": 3, "is_pick": false, "hero_id": 95, "team": 1}, {"order": 4, "is_pick": true, "hero_id": 11, "team": 0}, {"order": 5, "is_pick": true, "hero_id": 50, "team": 1}, {"order": 6, "is_pick": true, "hero_id": 99, "team": 1}, {"order": 7, "is_pick": true, "hero_id": 68, "team": 0}, {"order": 8, "is_pick": false, "hero_id": 46, "team": 0}, {"order": 9, "is_pick": false, "hero_id": 93, "team": 1}, {"order": 10, "is_pick": false, "hero_id": 65, "team": 0}, {"order": 11, "is_pick": false, "hero_id": 22, "team": 1}, {"order": 12, "is_pick": true, "hero_id": 86, "team": 1}, {"order": 13, "is_pick": true, "hero_id": 8, "team": 0}, {"order": 14, "is_pick": true, "hero_id": 13, "team": 1}, {"order": 15, "is_pick": true, "hero_id": 26, "team": 0}, {"order": 16, "is_pick": false, "hero_id": 98, "team": 1}, {"order": 17, "is_pick": false, "hero_id": 60, "team": 0}, {"order": 18, "is_pick": true, "hero_id": 82, "team": 1}, {"order": 19, "is_pick": true, "hero_id": 29, "team": 0}], "radiant_win": false, "positive_votes": 0, "leagueid": 2470, "game_mode": 2, "duration": 1989, "negative_votes": 0}