{"dire_captain": 114470509, "tower_status_radiant": 2047, "flags": 0, "lobby_type": 1, "cluster": 133, "game_mode_name": "Captains Mode", "dire_logo": 0, "engine": 0, "barracks_status_dire": 63, "barracks_status_radiant": 63, "cluster_name": "Europe West", "radiant_score": 0, "match_id": 1282194956, "lobby_name": "Practice", "dire_score": 0, "first_blood_time": 96, "human_players": 10, "pre_game_duration": 0, "radiant_captain": 105248644, "players": [{"item_2": 16, "assists": 1, "leaver_status": 0, "item_1": 16, "item_0": 60, "item_0_name": "Point Booster", "additional_units": [{"item_2": 16, "item_1": 16, "item_4": 0, "item_0": 60, "item_3": 63, "item_5": 182, "unitname": ""}], "leaver_status_description": "finished match, no abandon", "level": 8, "player_slot": 0, "leaver_status_name": "NONE", "hero_id": 82, "last_hits": 42, "kills": 1, "account_id": 105248644, "item_3_name": "Power Treads", "item_4": 0, "item_3": 63, "item_5": 182, "xp_per_min": 390, "item_5_name": "Stout Shield", "hero_name": "Meepo", "gold_per_min": 291, "deaths": 0, "denies": 2, "item_2_name": "Iron Branch", "item_1_name": "Iron Branch"}, {"item_2": 188, "assists": 3, "leaver_status": 0, "item_1": 34, "item_0": 29, "item_0_name": "Boots of Speed", "leaver_status_description": "finished match, no abandon", "level": 5, "player_slot": 1, "leaver_status_name": "NONE", "hero_id": 79, "last_hits": 8, "kills": 0, "account_id": 68234177, "item_3_name": "Town Portal Scroll", "item_4": 0, "item_3": 46, "item_5": 0, "xp_per_min": 191, "hero_name": "Shadow Demon", "gold_per_min": 144, "deaths": 0, "denies": 1, "item_2_name": "Smoke of Deceit", "item_1_name": "Magic Stick"}, {"item_2": 34, "assists": 6, "leaver_status": 0, "item_1": 16, "item_0": 16, "item_0_name": "Iron Branch", "leaver_status_description": "finished match, no abandon", "level": 8, "player_slot": 2, "leaver_status_name": "NONE", "hero_id": 22, "last_hits": 31, "kills": 3, "account_id": 89208003, "item_3_name": "Bottle", "item_4": 0, "item_3": 41, "item_5": 180, "xp_per_min": 403, "item_5_name": "Arcane Boots", "hero_name": "Zeus", "gold_per_min": 358, "deaths": 3, "denies": 0, "item_2_name": "Magic Stick", "item_1_name": "Iron Branch"}, {"item_2": 63, "assists": 1, "leaver_status": 0, "item_1": 46, "item_0": 36, "item_0_name": "Magic Wand", "leaver_status_description": "finished match, no abandon", "level": 8, "player_slot": 3, "leaver_status_name": "NONE", "hero_id": 99, "last_hits": 33, "kills": 6, "account_id": 37399177, "item_3_name": "Ring of Basilius", "item_4": 182, "item_3": 88, "item_4_name": "Stout Shield", "item_5": 0, "xp_per_min": 416, "hero_name": "Bristleback", "gold_per_min": 433, "deaths": 1, "denies": 3, "item_2_name": "Power Treads", "item_1_name": "Town Portal Scroll"}, {"item_2": 0, "assists": 4, "leaver_status": 0, "item_1": 29, "item_0": 0, "leaver_status_description": "finished match, no abandon", "level": 6, "player_slot": 4, "leaver_status_name": "NONE", "hero_id": 50, "last_hits": 2, "kills": 2, "account_id": 87755704, "item_3_name": "Clarity", "item_4": 0, "item_3": 38, "item_5": 0, "xp_per_min": 219, "hero_name": "Dazzle", "gold_per_min": 194, "deaths": 0, "denies": 3, "item_1_name": "Boots of Speed"}, {"item_2": 182, "assists": 0, "leaver_status": 0, "item_1": 88, "item_0": 27, "item_0_name": "Ring of Regen", "leaver_status_description": "finished match, no abandon", "level": 8, "player_slot": 128, "leaver_status_name": "NONE", "hero_id": 98, "last_hits": 55, "kills": 0, "account_id": 114470509, "item_3_name": "Arcane Boots", "item_4": 0, "item_3": 180, "item_5": 34, "xp_per_min": 332, "item_5_name": "Magic Stick", "hero_name": "Timbersaw", "gold_per_min": 351, "deaths": 1, "denies": 4, "item_2_name": "Stout Shield", "item_1_name": "Ring of Basilius"}, {"item_2": 41, "assists": 0, "leaver_status": 0, "item_1": 36, "item_0": 63, "item_0_name": "Power Treads", "leaver_status_description": "finished match, no abandon", "level": 10, "player_slot": 129, "leaver_status_name": "NONE", "hero_id": 39, "last_hits": 41, "kills": 4, "account_id": 91379843, "item_3_name": "Town Portal Scroll", "item_4": 0, "item_3": 46, "item_5": 20, "xp_per_min": 532, "item_5_name": "Circlet", "hero_name": "Queen of Pain", "gold_per_min": 431, "deaths": 2, "denies": 10, "item_2_name": "Bottle", "item_1_name": "Magic Wand"}, {"item_2": 73, "assists": 1, "leaver_status": 0, "item_1": 36, "item_0": 50, "item_0_name": "Phase Boots", "leaver_status_description": "finished match, no abandon", "level": 6, "player_slot": 130, "leaver_status_name": "NONE", "hero_id": 15, "last_hits": 44, "kills": 0, "account_id": 33369177, "item_3_name": "Iron Branch", "item_4": 16, "item_3": 16, "item_4_name": "Iron Branch", "item_5": 46, "xp_per_min": 216, "item_5_name": "Town Portal Scroll", "hero_name": "Razor", "gold_per_min": 289, "deaths": 3, "denies": 14, "item_2_name": "Bracer", "item_1_name": "Magic Wand"}, {"item_2": 16, "assists": 1, "leaver_status": 0, "item_1": 0, "item_0": 34, "item_0_name": "Magic Stick", "leaver_status_description": "finished match, no abandon", "level": 5, "player_slot": 131, "leaver_status_name": "NONE", "hero_id": 85, "last_hits": 2, "kills": 0, "account_id": 86767321, "item_4": 16, "item_3": 0, "item_4_name": "Iron Branch", "item_5": 0, "xp_per_min": 188, "hero_name": "Undying", "gold_per_min": 112, "deaths": 2, "denies": 5, "item_2_name": "Iron Branch"}, {"item_2": 0, "assists": 0, "leaver_status": 0, "item_1": 0, "item_0": 29, "item_0_name": "Boots of Speed", "leaver_status_description": "finished match, no abandon", "level": 4, "player_slot": 132, "hero_id": 7, "leaver_status_name": "NONE", "last_hits": 4, "kills": 0, "account_id": 67396355, "item_4": 0, "item_3": 0, "item_5": 0, "xp_per_min": 98, "hero_name": "Earthshaker", "gold_per_min": 117, "deaths": 4, "denies": 0}], "tower_status_dire": 2047, "match_seq_num": 1149616683, "dire_team_id": 2196030, "dire_team_complete": 0, "start_time": 1425119712, "picks_bans": [{"order": 0, "is_pick": false, "hero_id": 35, "team": 1}, {"order": 1, "is_pick": false, "hero_id": 2, "team": 0}, {"order": 2, "is_pick": false, "hero_id": 105, "team": 1}, {"order": 3, "is_pick": false, "hero_id": 95, "team": 0}, {"order": 4, "is_pick": true, "hero_id": 7, "team": 1}, {"order": 5, "is_pick": true, "hero_id": 50, "team": 0}, {"order": 6, "is_pick": true, "hero_id": 99, "team": 0}, {"order": 7, "is_pick": true, "hero_id": 39, "team": 1}, {"order": 8, "is_pick": false, "hero_id": 11, "team": 1}, {"order": 9, "is_pick": false, "hero_id": 86, "team": 0}, {"order": 10, "is_pick": false, "hero_id": 13, "team": 1}, {"order": 11, "is_pick": false, "hero_id": 46, "team": 0}, {"order": 12, "is_pick": true, "hero_id": 22, "team": 0}, {"order": 13, "is_pick": true, "hero_id": 15, "team": 1}, {"order": 14, "is_pick": true, "hero_id": 79, "team": 0}, {"order": 15, "is_pick": true, "hero_id": 85, "team": 1}, {"order": 16, "is_pick": false, "hero_id": 5, "team": 0}, {"order": 17, "is_pick": false, "hero_id": 48, "team": 1}, {"order": 18, "is_pick": true, "hero_id": 82, "team": 0}, {"order": 19, "is_pick": true, "hero_id": 98, "team": 1}], "radiant_win": true, "positive_votes": 0, "leagueid": 2470, "game_mode": 2, "dire_name": "IDWAM S PI4KI", "duration": 612, "negative_votes": 0}