{"dire_captain": 3916428, "tower_status_radiant": 1844, "flags": 0, "lobby_type": 1, "cluster": 132, "game_mode_name": "Captains Mode", "dire_logo": 704020810226934275, "engine": 0, "barracks_status_dire": 63, "barracks_status_radiant": 63, "cluster_name": "Europe West", "radiant_score": 0, "match_id": 1289549551, "lobby_name": "Practice", "dire_score": 0, "first_blood_time": 167, "human_players": 10, "pre_game_duration": 0, "radiant_captain": 110752309, "players": [{"item_2": 0, "assists": 5, "leaver_status": 0, "item_1": 0, "item_0": 63, "item_0_name": "Power Treads", "leaver_status_description": "finished match, no abandon", "level": 12, "player_slot": 0, "leaver_status_name": "NONE", "hero_id": 39, "last_hits": 93, "kills": 4, "account_id": 110752309, "item_3_name": "Bottle", "item_4": 36, "item_3": 41, "item_4_name": "Magic Wand", "item_5": 108, "xp_per_min": 338, "item_5_name": "Aghanim's Scepter", "hero_name": "Queen of Pain", "gold_per_min": 337, "deaths": 8, "denies": 1}, {"item_2": 34, "assists": 3, "leaver_status": 3, "item_1": 214, "item_0": 41, "item_0_name": "Bottle", "leaver_status_description": "player dc, clicked leave, abandon", "level": 15, "player_slot": 1, "leaver_status_name": "ABANDONED", "hero_id": 2, "last_hits": 160, "kills": 5, "account_id": 114559048, "item_3_name": "Blink Dagger", "item_4": 116, "item_3": 1, "item_4_name": "Black King Bar", "item_5": 125, "xp_per_min": 487, "item_5_name": "Vanguard", "hero_name": "Axe", "gold_per_min": 454, "deaths": 6, "denies": 4, "item_2_name": "Magic Stick", "item_1_name": "Tranquil Boots"}, {"item_2": 46, "assists": 2, "leaver_status": 0, "item_1": 172, "item_0": 50, "item_0_name": "Phase Boots", "leaver_status_description": "finished match, no abandon", "level": 15, "player_slot": 2, "leaver_status_name": "NONE", "hero_id": 48, "last_hits": 176, "kills": 4, "account_id": 25907144, "item_3_name": "Ring of Aquila", "item_4": 170, "item_3": 212, "item_4_name": "Yasha", "item_5": 123, "xp_per_min": 497, "item_5_name": "Linken's Sphere", "hero_name": "Luna", "gold_per_min": 500, "deaths": 5, "denies": 19, "item_2_name": "Town Portal Scroll", "item_1_name": "Mask of Madness"}, {"item_2": 34, "assists": 5, "leaver_status": 0, "item_1": 92, "item_0": 102, "item_0_name": "Force Staff", "leaver_status_description": "finished match, no abandon", "level": 11, "player_slot": 3, "leaver_status_name": "NONE", "hero_id": 50, "last_hits": 17, "kills": 1, "account_id": 123810130, "item_3_name": "Town Portal Scroll", "item_4": 29, "item_3": 46, "item_4_name": "Boots of Speed", "item_5": 0, "xp_per_min": 233, "hero_name": "Dazzle", "gold_per_min": 185, "deaths": 4, "denies": 8, "item_2_name": "Magic Stick", "item_1_name": "Urn of Shadows"}, {"item_2": 0, "assists": 7, "leaver_status": 0, "item_1": 0, "item_0": 214, "item_0_name": "Tranquil Boots", "leaver_status_description": "finished match, no abandon", "level": 9, "player_slot": 4, "leaver_status_name": "NONE", "hero_id": 87, "last_hits": 12, "kills": 0, "account_id": 110411604, "item_3_name": "Magic Stick", "item_4": 43, "item_3": 34, "item_4_name": "Sentry Ward", "item_5": 0, "xp_per_min": 194, "hero_name": "Disruptor", "gold_per_min": 154, "deaths": 5, "denies": 0}, {"item_2": 81, "assists": 13, "leaver_status": 0, "item_1": 29, "item_0": 41, "item_0_name": "Bottle", "leaver_status_description": "finished match, no abandon", "level": 14, "player_slot": 128, "leaver_status_name": "NONE", "hero_id": 91, "last_hits": 16, "kills": 5, "account_id": 3916428, "item_3_name": "Magic Wand", "item_4": 92, "item_3": 36, "item_4_name": "Urn of Shadows", "item_5": 46, "xp_per_min": 433, "item_5_name": "Town Portal Scroll", "hero_name": "Io", "gold_per_min": 293, "deaths": 6, "denies": 0, "item_2_name": "Vladmir's Offering", "item_1_name": "Boots of Speed"}, {"item_2": 108, "assists": 10, "leaver_status": 0, "item_1": 117, "item_0": 185, "item_0_name": "Drum of Endurance", "leaver_status_description": "finished match, no abandon", "level": 19, "player_slot": 129, "leaver_status_name": "NONE", "hero_id": 19, "last_hits": 206, "kills": 13, "account_id": 91741256, "item_3_name": "Power Treads", "item_4": 11, "item_3": 63, "item_4_name": "Quelling Blade", "item_5": 112, "xp_per_min": 722, "item_5_name": "Assault Cuirass", "hero_name": "Tiny", "gold_per_min": 755, "deaths": 2, "denies": 8, "item_2_name": "Aghanim's Scepter", "item_1_name": "Aegis of the Immortal"}, {"item_2": 36, "assists": 6, "leaver_status": 0, "item_1": 50, "item_0": 25, "item_0_name": "Gloves of Haste", "leaver_status_description": "finished match, no abandon", "level": 15, "player_slot": 130, "leaver_status_name": "NONE", "hero_id": 21, "last_hits": 133, "kills": 3, "account_id": 141690233, "item_3_name": "Blink Dagger", "item_4": 46, "item_3": 1, "item_4_name": "Town Portal Scroll", "item_5": 98, "xp_per_min": 471, "item_5_name": "Orchid Malevolence", "hero_name": "Windranger", "gold_per_min": 442, "deaths": 2, "denies": 17, "item_2_name": "Magic Wand", "item_1_name": "Phase Boots"}, {"item_2": 34, "assists": 8, "leaver_status": 0, "item_1": 178, "item_0": 46, "item_0_name": "Town Portal Scroll", "leaver_status_description": "finished match, no abandon", "level": 13, "player_slot": 131, "leaver_status_name": "NONE", "hero_id": 102, "last_hits": 6, "kills": 3, "account_id": 87256141, "item_3_name": "Mekansm", "item_4": 214, "item_3": 79, "item_4_name": "Tranquil Boots", "item_5": 0, "xp_per_min": 358, "hero_name": "Abaddon", "gold_per_min": 228, "deaths": 1, "denies": 1, "item_2_name": "Magic Stick", "item_1_name": "Soul Ring"}, {"item_2": 193, "assists": 5, "leaver_status": 0, "item_1": 41, "item_0": 1, "item_0_name": "Blink Dagger", "leaver_status_description": "finished match, no abandon", "level": 15, "player_slot": 132, "leaver_status_name": "NONE", "hero_id": 38, "last_hits": 103, "kills": 3, "account_id": 37399177, "item_3_name": "Magic Stick", "item_4": 0, "item_3": 34, "item_5": 214, "xp_per_min": 456, "item_5_name": "Tranquil Boots", "hero_name": "Beastmaster", "gold_per_min": 387, "deaths": 3, "denies": 2, "item_2_name": "Necronomicon", "item_1_name": "Bottle"}], "tower_status_dire": 1974, "match_seq_num": 1156277582, "dire_team_id": 2121414, "dire_team_complete": 0, "start_time": 1425310425, "picks_bans": [{"order": 0, "is_pick": false, "hero_id": 35, "team": 0}, {"order": 1, "is_pick": false, "hero_id": 11, "team": 1}, {"order": 2, "is_pick": false, "hero_id": 65, "team": 0}, {"order": 3, "is_pick": false, "hero_id": 95, "team": 1}, {"order": 4, "is_pick": true, "hero_id": 2, "team": 0}, {"order": 5, "is_pick": true, "hero_id": 91, "team": 1}, {"order": 6, "is_pick": true, "hero_id": 19, "team": 1}, {"order": 7, "is_pick": true, "hero_id": 50, "team": 0}, {"order": 8, "is_pick": false, "hero_id": 61, "team": 0}, {"order": 9, "is_pick": false, "hero_id": 99, "team": 1}, {"order": 10, "is_pick": false, "hero_id": 26, "team": 0}, {"order": 11, "is_pick": false, "hero_id": 8, "team": 1}, {"order": 12, "is_pick": true, "hero_id": 38, "team": 1}, {"order": 13, "is_pick": true, "hero_id": 39, "team": 0}, {"order": 14, "is_pick": true, "hero_id": 21, "team": 1}, {"order": 15, "is_pick": true, "hero_id": 87, "team": 0}, {"order": 16, "is_pick": false, "hero_id": 77, "team": 1}, {"order": 17, "is_pick": false, "hero_id": 13, "team": 0}, {"order": 18, "is_pick": true, "hero_id": 102, "team": 1}, {"order": 19, "is_pick": true, "hero_id": 48, "team": 0}], "radiant_win": false, "positive_votes": 0, "leagueid": 2470, "game_mode": 2, "dire_name": "Phantom Troupes", "duration": 1579, "negative_votes": 0}