{"dire_captain": 91981924, "tower_status_radiant": 1590, "flags": 0, "lobby_type": 1, "cluster": 123, "game_mode_name": "Captains Mode", "engine": 0, "barracks_status_dire": 63, "barracks_status_radiant": 15, "cluster_name": "US East", "radiant_score": 0, "match_id": 1293085582, "lobby_name": "Practice", "dire_score": 0, "first_blood_time": 254, "human_players": 10, "pre_game_duration": 0, "radiant_captain": 92231506, "players": [{"item_2": 214, "assists": 3, "leaver_status": 0, "item_1": 206, "item_0": 90, "item_0_name": "Pipe of Insight", "leaver_status_description": "finished match, no abandon", "level": 18, "player_slot": 0, "leaver_status_name": "NONE", "hero_id": 102, "last_hits": 132, "kills": 5, "account_id": 92231506, "item_4": 65, "item_3": 0, "item_4_name": "Hand of Midas", "item_5": 9, "xp_per_min": 414, "item_5_name": "Platemail", "hero_name": "Abaddon", "gold_per_min": 350, "deaths": 8, "denies": 10, "item_2_name": "Tranquil Boots", "item_1_name": "Rod of Atos"}, {"item_2": 164, "assists": 3, "leaver_status": 0, "item_1": 116, "item_0": 50, "item_0_name": "Phase Boots", "leaver_status_description": "finished match, no abandon", "level": 20, "player_slot": 1, "leaver_status_name": "NONE", "hero_id": 95, "last_hits": 225, "kills": 4, "account_id": 67760037, "item_3_name": "Hand of Midas", "item_4": 154, "item_3": 65, "item_4_name": "Sange and Yasha", "item_5": 81, "xp_per_min": 504, "item_5_name": "Vladmir's Offering", "hero_name": "Troll Warlord", "gold_per_min": 445, "deaths": 7, "denies": 16, "item_2_name": "Helm of the Dominator", "item_1_name": "Black King Bar"}, {"item_2": 214, "assists": 11, "leaver_status": 0, "item_1": 34, "item_0": 0, "leaver_status_description": "finished match, no abandon", "level": 12, "player_slot": 2, "leaver_status_name": "NONE", "hero_id": 87, "last_hits": 17, "kills": 1, "account_id": 128632932, "item_4": 188, "item_3": 0, "item_4_name": "Smoke of Deceit", "item_5": 28, "xp_per_min": 201, "item_5_name": "Sage's Mask", "hero_name": "Disruptor", "gold_per_min": 161, "deaths": 14, "denies": 3, "item_2_name": "Tranquil Boots", "item_1_name": "Magic Stick"}, {"item_2": 65, "assists": 7, "leaver_status": 0, "item_1": 178, "item_0": 214, "item_0_name": "Tranquil Boots", "leaver_status_description": "finished match, no abandon", "level": 16, "player_slot": 3, "leaver_status_name": "NONE", "hero_id": 22, "last_hits": 69, "kills": 1, "account_id": 147184010, "item_3_name": "Town Portal Scroll", "item_4": 42, "item_3": 46, "item_4_name": "Observer Ward", "item_5": 23, "xp_per_min": 310, "item_5_name": "Staff of Wizardry", "hero_name": "Zeus", "gold_per_min": 227, "deaths": 6, "denies": 0, "item_2_name": "Hand of Midas", "item_1_name": "Soul Ring"}, {"item_2": 114, "assists": 4, "leaver_status": 0, "item_1": 196, "item_0": 147, "item_0_name": "Manta Style", "leaver_status_description": "finished match, no abandon", "level": 18, "player_slot": 4, "leaver_status_name": "NONE", "hero_id": 89, "last_hits": 549, "kills": 3, "account_id": 177648913, "item_3_name": "Boots of Travel", "item_4": 137, "item_3": 48, "item_4_name": "Radiance", "item_5": 32, "xp_per_min": 430, "item_5_name": "Talisman of Evasion", "hero_name": "Naga Siren", "gold_per_min": 692, "deaths": 6, "denies": 4, "item_2_name": "Heart of Tarrasque", "item_1_name": "Diffusal Blade"}, {"item_2": 65, "assists": 6, "leaver_status": 0, "item_1": 108, "item_0": 0, "leaver_status_description": "finished match, no abandon", "level": 16, "player_slot": 128, "leaver_status_name": "NONE", "hero_id": 68, "last_hits": 48, "kills": 4, "account_id": 111051733, "item_3_name": "Boots of Speed", "item_4": 46, "item_3": 29, "item_4_name": "Town Portal Scroll", "item_5": 0, "xp_per_min": 326, "hero_name": "Ancient Apparition", "gold_per_min": 267, "deaths": 3, "denies": 2, "item_2_name": "Hand of Midas", "item_1_name": "Aghanim's Scepter"}, {"item_2": 110, "assists": 13, "leaver_status": 0, "item_1": 50, "item_0": 114, "item_0_name": "Heart of Tarrasque", "leaver_status_description": "finished match, no abandon", "level": 24, "player_slot": 129, "leaver_status_name": "NONE", "hero_id": 67, "last_hits": 340, "kills": 9, "account_id": 132291754, "item_3_name": "Manta Style", "item_4": 0, "item_3": 147, "item_5": 137, "xp_per_min": 685, "item_5_name": "Radiance", "hero_name": "Spectre", "gold_per_min": 598, "deaths": 3, "denies": 21, "item_2_name": "Refresher Orb", "item_1_name": "Phase Boots"}, {"item_2": 48, "assists": 9, "leaver_status": 0, "item_1": 145, "item_0": 185, "item_0_name": "Drum of Endurance", "leaver_status_description": "finished match, no abandon", "level": 24, "player_slot": 130, "leaver_status_name": "NONE", "hero_id": 106, "last_hits": 306, "kills": 10, "account_id": 67840348, "item_3_name": "Bottle", "item_4": 141, "item_3": 41, "item_4_name": "Daedalus", "item_5": 145, "xp_per_min": 724, "item_5_name": "Battle Fury", "hero_name": "Ember Spirit", "gold_per_min": 585, "deaths": 3, "denies": 18, "item_2_name": "Boots of Travel", "item_1_name": "Battle Fury"}, {"item_2": 204, "assists": 20, "leaver_status": 0, "item_1": 36, "item_0": 1, "item_0_name": "Blink Dagger", "leaver_status_description": "finished match, no abandon", "level": 23, "player_slot": 131, "leaver_status_name": "NONE", "hero_id": 88, "last_hits": 67, "kills": 8, "account_id": 115621730, "item_3_name": "Bottle", "item_4": 0, "item_3": 41, "item_5": 214, "xp_per_min": 632, "item_5_name": "Tranquil Boots", "hero_name": "Nyx Assassin", "gold_per_min": 365, "deaths": 4, "denies": 7, "item_2_name": "Dagon", "item_1_name": "Magic Wand"}, {"item_2": 1, "assists": 17, "leaver_status": 0, "item_1": 108, "item_0": 102, "item_0_name": "Force Staff", "leaver_status_description": "finished match, no abandon", "level": 21, "player_slot": 132, "leaver_status_name": "NONE", "hero_id": 7, "last_hits": 109, "kills": 8, "account_id": 91981924, "item_3_name": "Eul's Scepter of Divinity", "item_4": 30, "item_3": 100, "item_4_name": "Gem of True Sight", "item_5": 214, "xp_per_min": 534, "item_5_name": "Tranquil Boots", "hero_name": "Earthshaker", "gold_per_min": 383, "deaths": 3, "denies": 0, "item_2_name": "Blink Dagger", "item_1_name": "Aghanim's Scepter"}], "tower_status_dire": 1974, "match_seq_num": 1159463185, "start_time": 1425448894, "picks_bans": [{"order": 0, "is_pick": false, "hero_id": 20, "team": 1}, {"order": 1, "is_pick": false, "hero_id": 2, "team": 0}, {"order": 2, "is_pick": false, "hero_id": 51, "team": 1}, {"order": 3, "is_pick": false, "hero_id": 35, "team": 0}, {"order": 4, "is_pick": true, "hero_id": 7, "team": 1}, {"order": 5, "is_pick": true, "hero_id": 22, "team": 0}, {"order": 6, "is_pick": true, "hero_id": 87, "team": 0}, {"order": 7, "is_pick": true, "hero_id": 88, "team": 1}, {"order": 8, "is_pick": false, "hero_id": 93, "team": 1}, {"order": 9, "is_pick": false, "hero_id": 11, "team": 0}, {"order": 10, "is_pick": false, "hero_id": 99, "team": 1}, {"order": 11, "is_pick": false, "hero_id": 101, "team": 0}, {"order": 12, "is_pick": true, "hero_id": 102, "team": 0}, {"order": 13, "is_pick": true, "hero_id": 67, "team": 1}, {"order": 14, "is_pick": true, "hero_id": 95, "team": 0}, {"order": 15, "is_pick": true, "hero_id": 68, "team": 1}, {"order": 16, "is_pick": false, "hero_id": 47, "team": 0}, {"order": 17, "is_pick": false, "hero_id": 65, "team": 1}, {"order": 18, "is_pick": true, "hero_id": 89, "team": 0}, {"order": 19, "is_pick": true, "hero_id": 106, "team": 1}], "radiant_win": false, "positive_votes": 2, "leagueid": 2679, "game_mode": 2, "duration": 2620, "negative_votes": 1}