{"duration": 30, "dire_team_id": 350190, "cluster_name": "Russia", "positive_votes": 69, "lobby_type": 1, "tower_status_radiant": 2047, "flags": 0, "dire_logo": 307739466828348574, "players": [{"item_2": 16, "assists": 0, "item_4": 38, "item_4_name": "Clarity", "leaver_status": 1, "leaver_status_description": "player DC, no abandon", "item_1": 0, "kills": 0, "hero_name": "Pugna", "hero_id": 45, "level": 1, "item_0": 43, "gold_per_min": 75, "leaver_status_name": "DISCONNECTED", "denies": 0, "player_slot": 0, "deaths": 0, "account_id": 87278757, "item_5": 0, "item_3": 16, "item_0_name": "Sentry Ward", "item_3_name": "Iron Branch", "item_2_name": "Iron Branch", "last_hits": 0, "xp_per_min": 0}, {"item_2": 0, "assists": 0, "item_4": 0, "leaver_status_description": "player DC, no abandon", "player_slot": 1, "leaver_status": 1, "deaths": 0, "account_id": 89625472, "item_5": 0, "item_3": 0, "item_1": 0, "kills": 0, "denies": 0, "hero_name": "Nyx Assassin", "last_hits": 0, "level": 1, "hero_id": 88, "leaver_status_name": "DISCONNECTED", "item_0": 0, "gold_per_min": 75, "xp_per_min": 0}, {"item_2": 16, "assists": 0, "item_4": 44, "item_4_name": "Tango", "leaver_status": 1, "leaver_status_description": "player DC, no abandon", "item_1": 39, "kills": 0, "hero_name": "Gyrocopter", "hero_id": 72, "level": 1, "item_0": 75, "gold_per_min": 75, "leaver_status_name": "DISCONNECTED", "denies": 0, "player_slot": 2, "deaths": 0, "account_id": 70388657, "item_5": 0, "item_3": 16, "item_0_name": "Wraith Band", "item_3_name": "Iron Branch", "item_2_name": "Iron Branch", "last_hits": 0, "item_1_name": "Healing Salve", "xp_per_min": 0}, {"item_2": 44, "assists": 0, "item_4": 16, "item_4_name": "Iron Branch", "leaver_status": 1, "leaver_status_description": "player DC, no abandon", "item_1": 0, "kills": 0, "hero_id": 80, "level": 1, "item_0": 0, "gold_per_min": 75, "leaver_status_name": "DISCONNECTED", "additional_units": [{"item_2": 11, "item_4": 0, "unitname": "spirit_bear", "item_5": 0, "item_0": 0, "item_3": 0, "item_1": 182}], "denies": 0, "player_slot": 3, "deaths": 0, "account_id": 89326318, "item_5": 0, "item_3": 16, "hero_name": "Lone Druid", "item_3_name": "Iron Branch", "item_2_name": "Tango", "last_hits": 0, "xp_per_min": 0}, {"item_2": 16, "assists": 0, "item_4": 0, "leaver_status": 1, "leaver_status_description": "player DC, no abandon", "item_1": 42, "kills": 0, "hero_name": "Shadow Shaman", "hero_id": 27, "level": 1, "item_0": 16, "gold_per_min": 75, "leaver_status_name": "DISCONNECTED", "denies": 0, "player_slot": 4, "deaths": 0, "account_id": 107644273, "item_5": 0, "item_3": 44, "item_0_name": "Iron Branch", "item_3_name": "Tango", "item_2_name": "Iron Branch", "last_hits": 0, "item_1_name": "Observer Ward", "xp_per_min": 0}, {"item_5_name": "Clarity", "item_2": 0, "assists": 0, "item_4": 39, "item_4_name": "Healing Salve", "leaver_status": 1, "leaver_status_description": "player DC, no abandon", "item_1": 44, "kills": 0, "hero_id": 90, "level": 1, "item_0": 0, "item_3_name": "Observer Ward", "leaver_status_name": "DISCONNECTED", "denies": 0, "player_slot": 128, "deaths": 0, "account_id": 94155156, "item_5": 38, "item_3": 42, "hero_name": "Keeper of the Light", "gold_per_min": 75, "last_hits": 0, "item_1_name": "Tango", "xp_per_min": 0}, {"item_2": 44, "assists": 0, "item_4": 0, "leaver_status": 1, "leaver_status_description": "player DC, no abandon", "item_1": 38, "kills": 0, "hero_name": "Chen", "hero_id": 66, "level": 1, "item_0": 188, "gold_per_min": 75, "leaver_status_name": "DISCONNECTED", "denies": 0, "player_slot": 129, "deaths": 0, "account_id": 19672354, "item_5": 0, "item_3": 0, "item_0_name": "Smoke of Deceit", "item_2_name": "Tango", "last_hits": 0, "item_1_name": "Clarity", "xp_per_min": 0}, {"item_2": 0, "assists": 0, "item_4": 0, "leaver_status": 1, "leaver_status_description": "player DC, no abandon", "item_1": 0, "kills": 0, "hero_id": 53, "level": 1, "item_0": 0, "item_3_name": "Town Portal Scroll", "leaver_status_name": "DISCONNECTED", "denies": 0, "player_slot": 130, "deaths": 0, "account_id": 8712306, "item_5": 0, "item_3": 46, "hero_name": "Nature's Prophet", "gold_per_min": 75, "last_hits": 0, "xp_per_min": 0}, {"item_2": 44, "assists": 0, "item_4": 182, "item_4_name": "Stout Shield", "leaver_status": 1, "leaver_status_description": "player DC, no abandon", "item_1": 11, "kills": 0, "hero_id": 54, "level": 1, "item_0": 0, "gold_per_min": 75, "leaver_status_name": "DISCONNECTED", "denies": 0, "player_slot": 131, "deaths": 0, "account_id": 100317750, "item_5": 0, "item_3": 0, "hero_name": "Lifestealer", "item_2_name": "Tango", "last_hits": 0, "item_1_name": "Quelling Blade", "xp_per_min": 0}, {"item_2": 16, "assists": 0, "item_4": 16, "item_4_name": "Iron Branch", "leaver_status": 1, "leaver_status_description": "player DC, no abandon", "item_1": 15, "kills": 0, "hero_name": "Windranger", "hero_id": 21, "level": 1, "item_0": 44, "gold_per_min": 75, "leaver_status_name": "DISCONNECTED", "denies": 0, "player_slot": 132, "deaths": 0, "account_id": 21265941, "item_5": 0, "item_3": 16, "item_0_name": "Tango", "item_3_name": "Iron Branch", "item_2_name": "Iron Branch", "last_hits": 0, "item_1_name": "Mantle of Intelligence", "xp_per_min": 0}], "lobby_name": "Practice", "match_id": 131899941, "match_seq_num": 121107063, "radiant_team_complete": 1, "dire_name": "Fnatic", "first_blood_time": 0, "tower_status_dire": 2047, "barracks_status_radiant": 63, "picks_bans": [{"hero_id": 91, "team": 0, "is_pick": false, "order": 0}, {"hero_id": 97, "team": 1, "is_pick": false, "order": 1}, {"hero_id": 65, "team": 0, "is_pick": false, "order": 2}, {"hero_id": 55, "team": 1, "is_pick": false, "order": 3}, {"hero_id": 88, "team": 0, "is_pick": true, "order": 4}, {"hero_id": 54, "team": 1, "is_pick": true, "order": 5}, {"hero_id": 90, "team": 1, "is_pick": true, "order": 6}, {"hero_id": 80, "team": 0, "is_pick": true, "order": 7}, {"hero_id": 72, "team": 0, "is_pick": true, "order": 8}, {"hero_id": 53, "team": 1, "is_pick": true, "order": 9}, {"hero_id": 79, "team": 0, "is_pick": false, "order": 10}, {"hero_id": 3, "team": 1, "is_pick": false, "order": 11}, {"hero_id": 17, "team": 0, "is_pick": false, "order": 12}, {"hero_id": 58, "team": 1, "is_pick": false, "order": 13}, {"hero_id": 38, "team": 0, "is_pick": false, "order": 14}, {"hero_id": 52, "team": 1, "is_pick": false, "order": 15}, {"hero_id": 27, "team": 0, "is_pick": true, "order": 16}, {"hero_id": 66, "team": 1, "is_pick": true, "order": 17}, {"hero_id": 45, "team": 0, "is_pick": true, "order": 18}, {"hero_id": 21, "team": 1, "is_pick": true, "order": 19}], "game_mode_name": "Captains Mode", "radiant_logo": 46499322609643214, "game_mode": 2, "radiant_score": 0, "engine": 0, "pre_game_duration": 0, "dire_team_complete": 1, "cluster": 182, "negative_votes": 0, "radiant_win": false, "radiant_team_id": 36, "dire_score": 0, "human_players": 10, "radiant_name": "Natus Vincere", "leagueid": 22, "barracks_status_dire": 63, "start_time": 1361472341}