{"duration": 2409, "dire_team_id": 46, "cluster_name": "US East", "positive_votes": 462, "lobby_type": 1, "tower_status_radiant": 1972, "flags": 0, "dire_logo": 541924293718462159, "players": [{"item_5_name": "Scythe of Vyse", "item_2": 0, "assists": 18, "item_4": 1, "item_4_name": "Blink Dagger", "leaver_status": 0, "leaver_status_description": "finished match, no abandon", "item_1": 119, "kills": 9, "hero_name": "Puck", "hero_id": 13, "level": 22, "item_0": 46, "gold_per_min": 453, "leaver_status_name": "NONE", "denies": 7, "player_slot": 0, "deaths": 4, "account_id": 5448108, "item_5": 96, "item_3": 63, "item_0_name": "Town Portal Scroll", "item_3_name": "Power Treads", "last_hits": 195, "item_1_name": "Shiva's Guard", "xp_per_min": 649}, {"item_2": 29, "assists": 23, "item_4": 60, "item_4_name": "Point Booster", "leaver_status": 0, "leaver_status_description": "finished match, no abandon", "item_1": 42, "kills": 1, "hero_name": "Witch Doctor", "hero_id": 30, "level": 14, "item_0": 13, "gold_per_min": 204, "leaver_status_name": "NONE", "denies": 3, "player_slot": 1, "deaths": 12, "account_id": 86861882, "item_5": 0, "item_3": 0, "item_0_name": "Gauntlets of Strength", "item_2_name": "Boots of Speed", "last_hits": 45, "item_1_name": "Observer Ward", "xp_per_min": 262}, {"item_5_name": "Aegis of the Immortal", "item_2": 214, "assists": 14, "item_4": 147, "item_4_name": "Manta Style", "leaver_status": 0, "leaver_status_description": "finished match, no abandon", "item_1": 46, "kills": 19, "hero_name": "Weaver", "hero_id": 63, "level": 25, "item_0": 141, "gold_per_min": 584, "leaver_status_name": "NONE", "denies": 15, "player_slot": 2, "deaths": 1, "account_id": 87276347, "item_5": 117, "item_3": 98, "item_0_name": "Daedalus", "item_3_name": "Orchid Malevolence", "item_2_name": "Tranquil Boots", "last_hits": 224, "item_1_name": "Town Portal Scroll", "xp_per_min": 812}, {"item_5_name": "Platemail", "item_2": 36, "assists": 14, "item_4": 206, "item_4_name": "Rod of Atos", "leaver_status": 0, "leaver_status_description": "finished match, no abandon", "item_1": 108, "kills": 8, "hero_name": "Visage", "hero_id": 92, "level": 18, "item_0": 214, "gold_per_min": 349, "leaver_status_name": "NONE", "denies": 5, "player_slot": 3, "deaths": 4, "account_id": 40547474, "item_5": 9, "item_3": 46, "item_0_name": "Tranquil Boots", "item_3_name": "Town Portal Scroll", "item_2_name": "Magic Wand", "last_hits": 89, "item_1_name": "Aghanim's Scepter", "xp_per_min": 442}, {"item_5_name": "Cloak", "item_2": 46, "assists": 17, "item_4": 60, "item_4_name": "Point Booster", "leaver_status": 1, "leaver_status_description": "player DC, no abandon", "item_1": 79, "kills": 2, "hero_name": "Clockwerk", "hero_id": 51, "level": 16, "item_0": 36, "gold_per_min": 289, "leaver_status_name": "DISCONNECTED", "denies": 2, "player_slot": 4, "deaths": 9, "account_id": 38515149, "item_5": 31, "item_3": 180, "item_0_name": "Magic Wand", "item_3_name": "Arcane Boots", "item_2_name": "Town Portal Scroll", "last_hits": 100, "item_1_name": "Mekansm", "xp_per_min": 374}, {"item_5_name": "Aghanim's Scepter", "item_2": 188, "assists": 9, "item_4": 46, "item_4_name": "Town Portal Scroll", "leaver_status": 1, "leaver_status_description": "player DC, no abandon", "item_1": 63, "kills": 7, "hero_name": "Enchantress", "hero_id": 58, "level": 16, "item_0": 92, "gold_per_min": 237, "leaver_status_name": "DISCONNECTED", "denies": 2, "player_slot": 128, "deaths": 7, "account_id": 89137399, "item_5": 108, "item_3": 36, "item_0_name": "Urn of Shadows", "item_3_name": "Magic Wand", "item_2_name": "Smoke of Deceit", "last_hits": 82, "item_1_name": "Power Treads", "xp_per_min": 361}, {"item_5_name": "Quelling Blade", "item_2": 185, "assists": 11, "item_4": 46, "item_4_name": "Town Portal Scroll", "leaver_status": 1, "leaver_status_description": "player DC, no abandon", "item_1": 168, "kills": 5, "hero_name": "Lifestealer", "hero_id": 54, "level": 19, "item_0": 151, "gold_per_min": 367, "leaver_status_name": "DISCONNECTED", "denies": 9, "player_slot": 129, "deaths": 5, "account_id": 87201671, "item_5": 11, "item_3": 50, "item_0_name": "Armlet of Mordiggian", "item_3_name": "Phase Boots", "item_2_name": "Drum of Endurance", "last_hits": 151, "item_1_name": "Desolator", "xp_per_min": 472}, {"item_5_name": "Void Stone", "item_2": 36, "assists": 12, "item_4": 24, "item_4_name": "Ultimate Orb", "leaver_status": 1, "leaver_status_description": "player DC, no abandon", "item_1": 63, "kills": 6, "hero_name": "Queen of Pain", "hero_id": 39, "level": 18, "item_0": 116, "gold_per_min": 314, "leaver_status_name": "DISCONNECTED", "denies": 14, "player_slot": 130, "deaths": 7, "account_id": 87219396, "item_5": 57, "item_3": 41, "item_0_name": "Black King Bar", "item_3_name": "Bottle", "item_2_name": "Magic Wand", "last_hits": 126, "item_1_name": "Power Treads", "xp_per_min": 458}, {"item_5_name": "Tranquil Boots", "item_2": 42, "assists": 11, "item_4": 0, "leaver_status": 1, "leaver_status_description": "player DC, no abandon", "item_1": 36, "kills": 4, "hero_name": "Keeper of the Light", "hero_id": 90, "level": 14, "item_0": 79, "gold_per_min": 268, "leaver_status_name": "DISCONNECTED", "denies": 1, "player_slot": 131, "deaths": 10, "account_id": 89269794, "item_5": 214, "item_3": 37, "item_0_name": "Mekansm", "item_3_name": "Ghost Scepter", "item_2_name": "Observer Ward", "last_hits": 114, "item_1_name": "Magic Wand", "xp_per_min": 288}, {"item_5_name": "Power Treads", "item_2": 65, "assists": 15, "item_4": 88, "item_4_name": "Ring of Basilius", "leaver_status": 1, "leaver_status_description": "player DC, no abandon", "item_1": 96, "kills": 7, "hero_name": "Nature's Prophet", "hero_id": 53, "level": 18, "item_0": 46, "gold_per_min": 402, "leaver_status_name": "DISCONNECTED", "denies": 3, "player_slot": 132, "deaths": 10, "account_id": 86750262, "item_5": 63, "item_3": 16, "item_0_name": "Town Portal Scroll", "item_3_name": "Iron Branch", "item_2_name": "Hand of Midas", "last_hits": 159, "item_1_name": "Scythe of Vyse", "xp_per_min": 454}], "lobby_name": "Practice", "match_id": 140877756, "match_seq_num": 129075868, "radiant_team_complete": 1, "dire_name": "Team Empire", "first_blood_time": 116, "tower_status_dire": 1798, "barracks_status_radiant": 63, "picks_bans": [{"hero_id": 68, "team": 1, "is_pick": false, "order": 0}, {"hero_id": 91, "team": 0, "is_pick": false, "order": 1}, {"hero_id": 88, "team": 1, "is_pick": false, "order": 2}, {"hero_id": 65, "team": 0, "is_pick": false, "order": 3}, {"hero_id": 90, "team": 1, "is_pick": true, "order": 4}, {"hero_id": 51, "team": 0, "is_pick": true, "order": 5}, {"hero_id": 92, "team": 0, "is_pick": true, "order": 6}, {"hero_id": 54, "team": 1, "is_pick": true, "order": 7}, {"hero_id": 39, "team": 1, "is_pick": true, "order": 8}, {"hero_id": 13, "team": 0, "is_pick": true, "order": 9}, {"hero_id": 12, "team": 1, "is_pick": false, "order": 10}, {"hero_id": 55, "team": 0, "is_pick": false, "order": 11}, {"hero_id": 75, "team": 1, "is_pick": false, "order": 12}, {"hero_id": 3, "team": 0, "is_pick": false, "order": 13}, {"hero_id": 72, "team": 1, "is_pick": false, "order": 14}, {"hero_id": 79, "team": 0, "is_pick": false, "order": 15}, {"hero_id": 53, "team": 1, "is_pick": true, "order": 16}, {"hero_id": 30, "team": 0, "is_pick": true, "order": 17}, {"hero_id": 58, "team": 1, "is_pick": true, "order": 18}, {"hero_id": 63, "team": 0, "is_pick": true, "order": 19}], "game_mode_name": "Captains Mode", "radiant_logo": 558722001460412650, "game_mode": 2, "radiant_score": 0, "engine": 0, "pre_game_duration": 0, "dire_team_complete": 0, "cluster": 122, "negative_votes": 26, "radiant_win": true, "radiant_team_id": 142, "dire_score": 0, "human_players": 10, "radiant_name": "Team Dignitas", "leagueid": 27, "barracks_status_dire": 63, "start_time": 1362338545}