{"duration": 2116, "dire_team_id": 39, "cluster_name": "US East", "positive_votes": 113, "lobby_type": 1, "tower_status_radiant": 391, "flags": 0, "dire_logo": 631980045785959337, "players": [{"item_5_name": "Mekansm", "item_2": 46, "assists": 15, "item_4": 17, "item_4_name": "Belt of Strength", "leaver_status": 1, "leaver_status_description": "player DC, no abandon", "item_1": 180, "kills": 7, "hero_name": "Nyx Assassin", "hero_id": 88, "level": 17, "item_0": 36, "gold_per_min": 336, "leaver_status_name": "DISCONNECTED", "denies": 1, "player_slot": 0, "deaths": 7, "account_id": 87278757, "item_5": 79, "item_3": 23, "item_0_name": "Magic Wand", "item_3_name": "Staff of Wizardry", "item_2_name": "Town Portal Scroll", "last_hits": 39, "item_1_name": "Arcane Boots", "xp_per_min": 443}, {"item_2": 102, "assists": 16, "item_4": 41, "item_4_name": "Bottle", "leaver_status": 0, "leaver_status_description": "finished match, no abandon", "item_1": 36, "kills": 8, "hero_name": "Windranger", "hero_id": 21, "level": 17, "item_0": 50, "gold_per_min": 398, "leaver_status_name": "NONE", "denies": 15, "player_slot": 1, "deaths": 3, "account_id": 89625472, "item_5": 0, "item_3": 203, "item_0_name": "Phase Boots", "item_3_name": "Dagon", "item_2_name": "Force Staff", "last_hits": 102, "item_1_name": "Magic Wand", "xp_per_min": 475}, {"item_5_name": "Phase Boots", "item_2": 185, "assists": 17, "item_4": 1, "item_4_name": "Blink Dagger", "leaver_status": 1, "leaver_status_description": "player DC, no abandon", "item_1": 0, "kills": 7, "hero_name": "Puck", "hero_id": 13, "level": 17, "item_0": 46, "gold_per_min": 373, "leaver_status_name": "DISCONNECTED", "denies": 17, "player_slot": 2, "deaths": 8, "account_id": 70388657, "item_5": 50, "item_3": 36, "item_0_name": "Town Portal Scroll", "item_3_name": "Magic Wand", "item_2_name": "Drum of Endurance", "last_hits": 82, "xp_per_min": 456}, {"item_5_name": "Urn of Shadows", "item_2": 60, "assists": 11, "item_4": 180, "item_4_name": "Arcane Boots", "leaver_status": 1, "leaver_status_description": "player DC, no abandon", "item_1": 46, "kills": 7, "hero_name": "Rubick", "hero_id": 86, "level": 14, "item_0": 36, "gold_per_min": 284, "leaver_status_name": "DISCONNECTED", "denies": 0, "player_slot": 3, "deaths": 6, "account_id": 82262664, "item_5": 92, "item_3": 1, "item_0_name": "Magic Wand", "item_3_name": "Blink Dagger", "item_2_name": "Point Booster", "last_hits": 35, "item_1_name": "Town Portal Scroll", "xp_per_min": 301}, {"item_5_name": "Hand of Midas", "item_2": 202, "assists": 13, "item_4": 88, "item_4_name": "Ring of Basilius", "leaver_status": 1, "leaver_status_description": "player DC, no abandon", "item_1": 152, "kills": 10, "hero_name": "Nature's Prophet", "hero_id": 53, "level": 20, "item_0": 98, "gold_per_min": 581, "leaver_status_name": "DISCONNECTED", "denies": 14, "player_slot": 4, "deaths": 5, "account_id": 86723143, "item_5": 65, "item_3": 63, "item_0_name": "Orchid Malevolence", "item_3_name": "Power Treads", "item_2_name": "Dagon", "last_hits": 197, "item_1_name": "Shadow Blade", "xp_per_min": 609}, {"item_5_name": "Magic Wand", "item_2": 41, "assists": 10, "item_4": 8, "item_4_name": "Mithril Hammer", "leaver_status": 1, "leaver_status_description": "player DC, no abandon", "item_1": 63, "kills": 3, "hero_name": "Mirana", "hero_id": 9, "level": 16, "item_0": 21, "gold_per_min": 389, "leaver_status_name": "DISCONNECTED", "denies": 10, "player_slot": 128, "deaths": 9, "account_id": 87177591, "item_5": 36, "item_3": 65, "item_0_name": "Ogre Club", "item_3_name": "Hand of Midas", "item_2_name": "Bottle", "last_hits": 118, "item_1_name": "Power Treads", "xp_per_min": 409}, {"item_5_name": "Dust of Appearance", "item_2": 36, "assists": 6, "item_4": 180, "item_4_name": "Arcane Boots", "leaver_status": 0, "leaver_status_description": "finished match, no abandon", "item_1": 185, "kills": 7, "hero_name": "Brewmaster", "hero_id": 78, "level": 17, "item_0": 1, "gold_per_min": 322, "leaver_status_name": "NONE", "denies": 1, "player_slot": 129, "deaths": 8, "account_id": 87360406, "item_5": 40, "item_3": 41, "item_0_name": "Blink Dagger", "item_3_name": "Bottle", "item_2_name": "Magic Wand", "last_hits": 84, "item_1_name": "Drum of Endurance", "xp_per_min": 432}, {"item_5_name": "Gem of True Sight", "item_2": 41, "assists": 10, "item_4": 37, "item_4_name": "Ghost Scepter", "leaver_status": 0, "leaver_status_description": "finished match, no abandon", "item_1": 102, "kills": 9, "hero_name": "Batrider", "hero_id": 65, "level": 16, "item_0": 1, "gold_per_min": 336, "leaver_status_name": "NONE", "denies": 0, "player_slot": 130, "deaths": 4, "account_id": 85805514, "item_5": 30, "item_3": 214, "item_0_name": "Blink Dagger", "item_3_name": "Tranquil Boots", "item_2_name": "Bottle", "last_hits": 84, "item_1_name": "Force Staff", "xp_per_min": 427}, {"item_5_name": "Observer Ward", "item_2": 46, "assists": 11, "item_4": 0, "leaver_status": 1, "leaver_status_description": "player DC, no abandon", "item_1": 50, "kills": 5, "hero_name": "Shadow Demon", "hero_id": 79, "level": 14, "item_0": 73, "gold_per_min": 293, "leaver_status_name": "DISCONNECTED", "denies": 0, "player_slot": 131, "deaths": 10, "account_id": 44463405, "item_5": 42, "item_3": 36, "item_0_name": "Bracer", "item_3_name": "Magic Wand", "item_2_name": "Town Portal Scroll", "last_hits": 38, "item_1_name": "Phase Boots", "xp_per_min": 303}, {"item_5_name": "Stout Shield", "item_2": 180, "assists": 14, "item_4": 0, "leaver_status": 1, "leaver_status_description": "player DC, no abandon", "item_1": 46, "kills": 3, "hero_name": "Undying", "hero_id": 85, "level": 17, "item_0": 36, "gold_per_min": 313, "leaver_status_name": "DISCONNECTED", "denies": 4, "player_slot": 132, "deaths": 8, "account_id": 59457413, "item_5": 182, "item_3": 79, "item_0_name": "Magic Wand", "item_3_name": "Mekansm", "item_2_name": "Arcane Boots", "last_hits": 88, "item_1_name": "Town Portal Scroll", "xp_per_min": 437}], "lobby_name": "Practice", "match_id": 140891023, "match_seq_num": 129085585, "radiant_team_complete": 1, "dire_name": "Evil Geniuses", "first_blood_time": 154, "tower_status_dire": 768, "barracks_status_radiant": 51, "picks_bans": [{"hero_id": 90, "team": 1, "is_pick": false, "order": 0}, {"hero_id": 91, "team": 0, "is_pick": false, "order": 1}, {"hero_id": 54, "team": 1, "is_pick": false, "order": 2}, {"hero_id": 72, "team": 0, "is_pick": false, "order": 3}, {"hero_id": 65, "team": 1, "is_pick": true, "order": 4}, {"hero_id": 88, "team": 0, "is_pick": true, "order": 5}, {"hero_id": 86, "team": 0, "is_pick": true, "order": 6}, {"hero_id": 85, "team": 1, "is_pick": true, "order": 7}, {"hero_id": 79, "team": 1, "is_pick": true, "order": 8}, {"hero_id": 53, "team": 0, "is_pick": true, "order": 9}, {"hero_id": 17, "team": 1, "is_pick": false, "order": 10}, {"hero_id": 80, "team": 0, "is_pick": false, "order": 11}, {"hero_id": 39, "team": 1, "is_pick": false, "order": 12}, {"hero_id": 18, "team": 0, "is_pick": false, "order": 13}, {"hero_id": 34, "team": 1, "is_pick": false, "order": 14}, {"hero_id": 48, "team": 0, "is_pick": false, "order": 15}, {"hero_id": 78, "team": 1, "is_pick": true, "order": 16}, {"hero_id": 13, "team": 0, "is_pick": true, "order": 17}, {"hero_id": 9, "team": 1, "is_pick": true, "order": 18}, {"hero_id": 21, "team": 0, "is_pick": true, "order": 19}], "game_mode_name": "Captains Mode", "radiant_logo": 46499322609643214, "game_mode": 2, "radiant_score": 0, "engine": 0, "pre_game_duration": 0, "dire_team_complete": 1, "cluster": 122, "negative_votes": 15, "radiant_win": false, "radiant_team_id": 36, "dire_score": 0, "human_players": 10, "radiant_name": "Natus Vincere", "leagueid": 32, "barracks_status_dire": 51, "start_time": 1362339910}