{"duration": 1767, "dire_team_id": 1883502, "cluster_name": "Europe West", "positive_votes": 53, "lobby_type": 1, "tower_status_radiant": 1958, "flags": 0, "dire_logo": 642124127283031446, "players": [{"item_5_name": "Boots of Speed", "item_2": 46, "assists": 2, "item_4": 36, "item_4_name": "Magic Wand", "leaver_status": 1, "leaver_status_description": "player DC, no abandon", "item_1": 102, "kills": 4, "hero_name": "Batrider", "hero_id": 65, "level": 13, "item_0": 1, "gold_per_min": 325, "leaver_status_name": "DISCONNECTED", "denies": 12, "player_slot": 0, "deaths": 3, "account_id": 86799300, "item_5": 29, "item_3": 41, "item_0_name": "Blink Dagger", "item_3_name": "Bottle", "item_2_name": "Town Portal Scroll", "last_hits": 117, "item_1_name": "Force Staff", "xp_per_min": 347}, {"item_5_name": "Town Portal Scroll", "item_2": 63, "assists": 5, "item_4": 0, "leaver_status": 1, "leaver_status_description": "player DC, no abandon", "item_1": 212, "kills": 1, "hero_name": "Weaver", "hero_id": 63, "level": 14, "item_0": 147, "gold_per_min": 407, "leaver_status_name": "DISCONNECTED", "denies": 11, "player_slot": 1, "deaths": 1, "account_id": 86738694, "item_5": 46, "item_3": 36, "item_0_name": "Manta Style", "item_3_name": "Magic Wand", "item_2_name": "Power Treads", "last_hits": 168, "item_1_name": "Ring of Aquila", "xp_per_min": 363}, {"item_5_name": "Town Portal Scroll", "item_2": 63, "assists": 0, "item_4": 135, "item_4_name": "Monkey King Bar", "leaver_status": 0, "leaver_status_description": "finished match, no abandon", "item_1": 36, "kills": 4, "hero_name": "Clinkz", "hero_id": 56, "level": 19, "item_0": 98, "gold_per_min": 566, "leaver_status_name": "NONE", "denies": 3, "player_slot": 2, "deaths": 1, "account_id": 21289303, "item_5": 46, "item_3": 212, "item_0_name": "Orchid Malevolence", "item_3_name": "Ring of Aquila", "item_2_name": "Power Treads", "last_hits": 252, "item_1_name": "Magic Wand", "xp_per_min": 663}, {"item_5_name": "Boots of Speed", "item_2": 0, "assists": 3, "item_4": 42, "item_4_name": "Observer Ward", "leaver_status": 1, "leaver_status_description": "player DC, no abandon", "item_1": 102, "kills": 2, "hero_name": "Shadow Demon", "hero_id": 79, "level": 11, "item_0": 36, "gold_per_min": 182, "leaver_status_name": "DISCONNECTED", "denies": 7, "player_slot": 3, "deaths": 3, "account_id": 7185015, "item_5": 29, "item_3": 46, "item_0_name": "Magic Wand", "item_3_name": "Town Portal Scroll", "last_hits": 27, "item_1_name": "Force Staff", "xp_per_min": 233}, {"item_2": 46, "assists": 4, "item_4": 180, "item_4_name": "Arcane Boots", "leaver_status": 1, "leaver_status_description": "player DC, no abandon", "item_1": 79, "kills": 1, "hero_id": 40, "level": 10, "item_0": 0, "gold_per_min": 199, "leaver_status_name": "DISCONNECTED", "denies": 1, "player_slot": 4, "deaths": 2, "account_id": 31078647, "item_5": 0, "item_3": 34, "hero_name": "Venomancer", "item_3_name": "Magic Stick", "item_2_name": "Town Portal Scroll", "last_hits": 51, "item_1_name": "Mekansm", "xp_per_min": 198}, {"item_2": 29, "assists": 3, "item_4": 0, "leaver_status": 1, "leaver_status_description": "player DC, no abandon", "item_1": 36, "kills": 0, "hero_id": 75, "level": 8, "item_0": 0, "gold_per_min": 147, "leaver_status_name": "DISCONNECTED", "denies": 2, "player_slot": 128, "deaths": 7, "account_id": 93712171, "item_5": 0, "item_3": 0, "hero_name": "Silencer", "item_2_name": "Boots of Speed", "last_hits": 27, "item_1_name": "Magic Wand", "xp_per_min": 128}, {"item_5_name": "Desolator", "item_2": 30, "assists": 5, "item_4": 63, "item_4_name": "Power Treads", "leaver_status": 1, "leaver_status_description": "player DC, no abandon", "item_1": 151, "kills": 3, "hero_id": 54, "level": 14, "item_0": 0, "gold_per_min": 366, "leaver_status_name": "DISCONNECTED", "denies": 5, "player_slot": 129, "deaths": 0, "account_id": 26316691, "item_5": 168, "item_3": 0, "hero_name": "Lifestealer", "item_2_name": "Gem of True Sight", "last_hits": 137, "item_1_name": "Armlet of Mordiggian", "xp_per_min": 366}, {"item_5_name": "Arcane Boots", "item_2": 0, "assists": 3, "item_4": 37, "item_4_name": "Ghost Scepter", "leaver_status": 1, "leaver_status_description": "player DC, no abandon", "item_1": 188, "kills": 3, "hero_name": "Leshrac", "hero_id": 52, "level": 12, "item_0": 92, "gold_per_min": 231, "leaver_status_name": "DISCONNECTED", "denies": 2, "player_slot": 130, "deaths": 2, "account_id": 91931211, "item_5": 180, "item_3": 34, "item_0_name": "Urn of Shadows", "item_3_name": "Magic Stick", "last_hits": 47, "item_1_name": "Smoke of Deceit", "xp_per_min": 287}, {"item_5_name": "Soul Ring", "item_2": 37, "assists": 5, "item_4": 36, "item_4_name": "Magic Wand", "leaver_status": 1, "leaver_status_description": "player DC, no abandon", "item_1": 29, "kills": 2, "hero_id": 55, "level": 15, "item_0": 0, "gold_per_min": 347, "leaver_status_name": "DISCONNECTED", "denies": 0, "player_slot": 131, "deaths": 1, "account_id": 92926005, "item_5": 178, "item_3": 79, "hero_name": "Dark Seer", "item_3_name": "Mekansm", "item_2_name": "Ghost Scepter", "last_hits": 137, "item_1_name": "Boots of Speed", "xp_per_min": 413}, {"item_5_name": "Town Portal Scroll", "item_2": 36, "assists": 5, "item_4": 23, "item_4_name": "Staff of Wizardry", "leaver_status": 1, "leaver_status_description": "player DC, no abandon", "item_1": 37, "kills": 2, "hero_name": "Warlock", "hero_id": 37, "level": 13, "item_0": 41, "gold_per_min": 268, "leaver_status_name": "DISCONNECTED", "denies": 16, "player_slot": 132, "deaths": 2, "account_id": 86840554, "item_5": 46, "item_3": 50, "item_0_name": "Bottle", "item_3_name": "Phase Boots", "item_2_name": "Magic Wand", "last_hits": 76, "item_1_name": "Ghost Scepter", "xp_per_min": 319}], "lobby_name": "Practice", "match_id": 141566692, "match_seq_num": 129662074, "radiant_team_complete": 1, "dire_name": "Virtus.pro", "first_blood_time": 301, "tower_status_dire": 1588, "barracks_status_radiant": 63, "picks_bans": [{"hero_id": 91, "team": 0, "is_pick": false, "order": 0}, {"hero_id": 90, "team": 1, "is_pick": false, "order": 1}, {"hero_id": 97, "team": 0, "is_pick": false, "order": 2}, {"hero_id": 88, "team": 1, "is_pick": false, "order": 3}, {"hero_id": 65, "team": 0, "is_pick": true, "order": 4}, {"hero_id": 55, "team": 1, "is_pick": true, "order": 5}, {"hero_id": 54, "team": 1, "is_pick": true, "order": 6}, {"hero_id": 79, "team": 0, "is_pick": true, "order": 7}, {"hero_id": 40, "team": 0, "is_pick": true, "order": 8}, {"hero_id": 75, "team": 1, "is_pick": true, "order": 9}, {"hero_id": 17, "team": 0, "is_pick": false, "order": 10}, {"hero_id": 1, "team": 1, "is_pick": false, "order": 11}, {"hero_id": 53, "team": 0, "is_pick": false, "order": 12}, {"hero_id": 12, "team": 1, "is_pick": false, "order": 13}, {"hero_id": 86, "team": 0, "is_pick": false, "order": 14}, {"hero_id": 80, "team": 1, "is_pick": false, "order": 15}, {"hero_id": 63, "team": 0, "is_pick": true, "order": 16}, {"hero_id": 52, "team": 1, "is_pick": true, "order": 17}, {"hero_id": 56, "team": 0, "is_pick": true, "order": 18}, {"hero_id": 37, "team": 1, "is_pick": true, "order": 19}], "game_mode_name": "Captains Mode", "radiant_logo": 531766271384850245, "game_mode": 2, "radiant_score": 0, "engine": 0, "pre_game_duration": 0, "dire_team_complete": 1, "cluster": 131, "negative_votes": 8, "radiant_win": true, "radiant_team_id": 26, "dire_score": 0, "human_players": 10, "radiant_name": "mousesports", "leagueid": 22, "barracks_status_dire": 47, "start_time": 1362424352}