{"duration": 2255, "dire_team_id": 67, "cluster_name": "US East", "positive_votes": 279, "lobby_type": 1, "tower_status_radiant": 1852, "flags": 0, "dire_logo": 22838588353323265, "players": [{"item_2": 46, "assists": 16, "item_4": 102, "item_4_name": "Force Staff", "leaver_status": 0, "leaver_status_description": "finished match, no abandon", "item_1": 1, "kills": 2, "hero_id": 65, "level": 16, "item_0": 0, "gold_per_min": 275, "leaver_status_name": "NONE", "denies": 0, "player_slot": 0, "deaths": 9, "account_id": 38515149, "item_5": 0, "item_3": 214, "hero_name": "Batrider", "item_3_name": "Tranquil Boots", "item_2_name": "Town Portal Scroll", "last_hits": 44, "item_1_name": "Blink Dagger", "xp_per_min": 362}, {"item_5_name": "Drum of Endurance", "item_2": 127, "assists": 14, "item_4": 102, "item_4_name": "Force Staff", "leaver_status": 0, "leaver_status_description": "finished match, no abandon", "item_1": 46, "kills": 11, "hero_name": "Pudge", "hero_id": 14, "level": 19, "item_0": 69, "gold_per_min": 436, "leaver_status_name": "NONE", "denies": 7, "player_slot": 1, "deaths": 7, "account_id": 5448108, "item_5": 185, "item_3": 63, "item_0_name": "Perseverance", "item_3_name": "Power Treads", "item_2_name": "Blade Mail", "last_hits": 95, "item_1_name": "Town Portal Scroll", "xp_per_min": 516}, {"item_5_name": "Void Stone", "item_2": 90, "assists": 21, "item_4": 79, "item_4_name": "Mekansm", "leaver_status": 0, "leaver_status_description": "finished match, no abandon", "item_1": 0, "kills": 7, "hero_name": "Dark Seer", "hero_id": 55, "level": 19, "item_0": 180, "gold_per_min": 427, "leaver_status_name": "NONE", "denies": 1, "player_slot": 2, "deaths": 2, "account_id": 87276347, "item_5": 57, "item_3": 102, "item_0_name": "Arcane Boots", "item_3_name": "Force Staff", "item_2_name": "Pipe of Insight", "last_hits": 122, "xp_per_min": 543}, {"item_5_name": "Power Treads", "item_2": 185, "assists": 9, "item_4": 139, "item_4_name": "Butterfly", "leaver_status": 0, "leaver_status_description": "finished match, no abandon", "item_1": 156, "kills": 12, "hero_name": "Gyrocopter", "hero_id": 72, "level": 21, "item_0": 135, "gold_per_min": 692, "leaver_status_name": "NONE", "denies": 9, "player_slot": 3, "deaths": 4, "account_id": 40547474, "item_5": 63, "item_3": 7, "item_0_name": "Monkey King Bar", "item_3_name": "Javelin", "item_2_name": "Drum of Endurance", "last_hits": 254, "item_1_name": "Satanic", "xp_per_min": 615}, {"item_5_name": "Arcane Boots", "item_2": 46, "assists": 20, "item_4": 0, "leaver_status": 0, "leaver_status_description": "finished match, no abandon", "item_1": 100, "kills": 7, "hero_id": 3, "level": 15, "item_0": 0, "gold_per_min": 286, "leaver_status_name": "NONE", "denies": 0, "player_slot": 4, "deaths": 8, "account_id": 86861882, "item_5": 180, "item_3": 0, "hero_name": "Bane", "item_2_name": "Town Portal Scroll", "last_hits": 35, "item_1_name": "Eul's Scepter of Divinity", "xp_per_min": 339}, {"item_5_name": "Stout Shield", "item_2": 16, "assists": 12, "item_4": 0, "leaver_status": 0, "leaver_status_description": "finished match, no abandon", "item_1": 180, "kills": 3, "hero_name": "Magnus", "hero_id": 97, "level": 15, "item_0": 1, "gold_per_min": 255, "leaver_status_name": "NONE", "denies": 0, "player_slot": 128, "deaths": 9, "account_id": 16317795, "item_5": 182, "item_3": 46, "item_0_name": "Blink Dagger", "item_3_name": "Town Portal Scroll", "item_2_name": "Iron Branch", "last_hits": 79, "item_1_name": "Arcane Boots", "xp_per_min": 326}, {"item_5_name": "Power Treads", "item_2": 36, "assists": 12, "item_4": 41, "item_4_name": "Bottle", "leaver_status": 1, "leaver_status_description": "player DC, no abandon", "item_1": 46, "kills": 5, "hero_name": "Queen of Pain", "hero_id": 39, "level": 15, "item_0": 42, "gold_per_min": 266, "leaver_status_name": "DISCONNECTED", "denies": 6, "player_slot": 129, "deaths": 6, "account_id": 104274175, "item_5": 63, "item_3": 24, "item_0_name": "Observer Ward", "item_3_name": "Ultimate Orb", "item_2_name": "Magic Wand", "last_hits": 74, "item_1_name": "Town Portal Scroll", "xp_per_min": 348}, {"item_5_name": "Bracer", "item_2": 29, "assists": 12, "item_4": 0, "leaver_status": 1, "leaver_status_description": "player DC, no abandon", "item_1": 36, "kills": 6, "hero_name": "Rubick", "hero_id": 86, "level": 16, "item_0": 102, "gold_per_min": 251, "leaver_status_name": "DISCONNECTED", "denies": 2, "player_slot": 130, "deaths": 8, "account_id": 102304762, "item_5": 73, "item_3": 42, "item_0_name": "Force Staff", "item_3_name": "Observer Ward", "item_2_name": "Boots of Speed", "last_hits": 39, "item_1_name": "Magic Wand", "xp_per_min": 396}, {"item_5_name": "Town Portal Scroll", "item_2": 164, "assists": 11, "item_4": 185, "item_4_name": "Drum of Endurance", "leaver_status": 0, "leaver_status_description": "finished match, no abandon", "item_1": 147, "kills": 7, "hero_name": "Luna", "hero_id": 48, "level": 21, "item_0": 116, "gold_per_min": 515, "leaver_status_name": "NONE", "denies": 11, "player_slot": 131, "deaths": 4, "account_id": 118212190, "item_5": 46, "item_3": 63, "item_0_name": "Black King Bar", "item_3_name": "Power Treads", "item_2_name": "Helm of the Dominator", "last_hits": 267, "item_1_name": "Manta Style", "xp_per_min": 628}, {"item_5_name": "Bracer", "item_2": 46, "assists": 14, "item_4": 73, "item_4_name": "Bracer", "leaver_status": 0, "leaver_status_description": "finished match, no abandon", "item_1": 73, "kills": 3, "hero_name": "Vengeful Spirit", "hero_id": 20, "level": 14, "item_0": 50, "gold_per_min": 208, "leaver_status_name": "NONE", "denies": 0, "player_slot": 132, "deaths": 12, "account_id": 86036095, "item_5": 73, "item_3": 36, "item_0_name": "Phase Boots", "item_3_name": "Magic Wand", "item_2_name": "Town Portal Scroll", "last_hits": 8, "item_1_name": "Bracer", "xp_per_min": 280}], "lobby_name": "Practice", "match_id": 146897066, "match_seq_num": 134193716, "radiant_team_complete": 1, "dire_name": "paiN Gaming", "first_blood_time": 6, "tower_status_dire": 256, "barracks_status_radiant": 63, "picks_bans": [{"hero_id": 88, "team": 0, "is_pick": false, "order": 0}, {"hero_id": 91, "team": 1, "is_pick": false, "order": 1}, {"hero_id": 90, "team": 0, "is_pick": false, "order": 2}, {"hero_id": 54, "team": 1, "is_pick": false, "order": 3}, {"hero_id": 65, "team": 0, "is_pick": true, "order": 4}, {"hero_id": 86, "team": 1, "is_pick": true, "order": 5}, {"hero_id": 97, "team": 1, "is_pick": true, "order": 6}, {"hero_id": 55, "team": 0, "is_pick": true, "order": 7}, {"hero_id": 72, "team": 0, "is_pick": true, "order": 8}, {"hero_id": 48, "team": 1, "is_pick": true, "order": 9}, {"hero_id": 80, "team": 0, "is_pick": false, "order": 10}, {"hero_id": 79, "team": 1, "is_pick": false, "order": 11}, {"hero_id": 66, "team": 0, "is_pick": false, "order": 12}, {"hero_id": 92, "team": 1, "is_pick": false, "order": 13}, {"hero_id": 38, "team": 0, "is_pick": false, "order": 14}, {"hero_id": 18, "team": 1, "is_pick": false, "order": 15}, {"hero_id": 3, "team": 0, "is_pick": true, "order": 16}, {"hero_id": 20, "team": 1, "is_pick": true, "order": 17}, {"hero_id": 14, "team": 0, "is_pick": true, "order": 18}, {"hero_id": 39, "team": 1, "is_pick": true, "order": 19}], "game_mode_name": "Captains Mode", "radiant_logo": 558722001460412650, "game_mode": 2, "radiant_score": 0, "engine": 0, "pre_game_duration": 0, "dire_team_complete": 0, "cluster": 122, "negative_votes": 29, "radiant_win": true, "radiant_team_id": 142, "dire_score": 0, "human_players": 10, "radiant_name": "Team Dignitas", "leagueid": 27, "barracks_status_dire": 48, "start_time": 1363033947}