{"duration": 2030, "dire_team_id": 26, "cluster_name": "Europe West", "positive_votes": 297, "lobby_type": 1, "tower_status_radiant": 0, "flags": 0, "dire_logo": 531766271384850245, "players": [{"item_2": 0, "assists": 7, "item_4": 46, "item_4_name": "Town Portal Scroll", "leaver_status": 0, "leaver_status_description": "finished match, no abandon", "item_1": 0, "kills": 1, "hero_name": "Clockwerk", "hero_id": 51, "level": 11, "item_0": 180, "item_3_name": "Stout Shield", "leaver_status_name": "NONE", "denies": 1, "player_slot": 0, "deaths": 10, "account_id": 83707346, "item_5": 0, "item_3": 182, "item_0_name": "Arcane Boots", "gold_per_min": 167, "last_hits": 33, "xp_per_min": 212}, {"item_5_name": "Quelling Blade", "item_2": 168, "assists": 4, "item_4": 65, "item_4_name": "Hand of Midas", "leaver_status": 1, "leaver_status_description": "player DC, no abandon", "item_1": 151, "kills": 4, "hero_name": "Lifestealer", "hero_id": 54, "level": 17, "item_0": 63, "gold_per_min": 432, "leaver_status_name": "DISCONNECTED", "denies": 21, "player_slot": 1, "deaths": 5, "account_id": 27738470, "item_5": 11, "item_3": 46, "item_0_name": "Power Treads", "item_3_name": "Town Portal Scroll", "item_2_name": "Desolator", "last_hits": 166, "item_1_name": "Armlet of Mordiggian", "xp_per_min": 470}, {"item_5_name": "Smoke of Deceit", "item_2": 42, "assists": 4, "item_4": 36, "item_4_name": "Magic Wand", "leaver_status": 1, "leaver_status_description": "player DC, no abandon", "item_1": 180, "kills": 1, "hero_name": "Rubick", "hero_id": 86, "level": 12, "item_0": 43, "gold_per_min": 153, "leaver_status_name": "DISCONNECTED", "denies": 1, "player_slot": 2, "deaths": 4, "account_id": 2553754, "item_5": 188, "item_3": 46, "item_0_name": "Sentry Ward", "item_3_name": "Town Portal Scroll", "item_2_name": "Observer Ward", "last_hits": 32, "item_1_name": "Arcane Boots", "xp_per_min": 233}, {"item_5_name": "Smoke of Deceit", "item_2": 0, "assists": 4, "item_4": 46, "item_4_name": "Town Portal Scroll", "leaver_status": 1, "leaver_status_description": "player DC, no abandon", "item_1": 63, "kills": 2, "hero_name": "Keeper of the Light", "hero_id": 90, "level": 14, "item_0": 102, "gold_per_min": 292, "leaver_status_name": "DISCONNECTED", "denies": 1, "player_slot": 3, "deaths": 3, "account_id": 57835748, "item_5": 188, "item_3": 79, "item_0_name": "Force Staff", "item_3_name": "Mekansm", "last_hits": 139, "item_1_name": "Power Treads", "xp_per_min": 331}, {"item_5_name": "Javelin", "item_2": 116, "assists": 4, "item_4": 50, "item_4_name": "Phase Boots", "leaver_status": 1, "leaver_status_description": "player DC, no abandon", "item_1": 147, "kills": 3, "hero_name": "Gyrocopter", "hero_id": 72, "level": 17, "item_0": 41, "gold_per_min": 458, "leaver_status_name": "DISCONNECTED", "denies": 15, "player_slot": 4, "deaths": 3, "account_id": 24191321, "item_5": 7, "item_3": 75, "item_0_name": "Bottle", "item_3_name": "Wraith Band", "item_2_name": "Black King Bar", "last_hits": 237, "item_1_name": "Manta Style", "xp_per_min": 493}, {"item_5_name": "Tranquil Boots", "item_2": 36, "assists": 9, "item_4": 46, "item_4_name": "Town Portal Scroll", "leaver_status": 0, "leaver_status_description": "finished match, no abandon", "item_1": 116, "kills": 13, "hero_name": "Luna", "hero_id": 48, "level": 21, "item_0": 147, "gold_per_min": 748, "leaver_status_name": "NONE", "denies": 24, "player_slot": 128, "deaths": 2, "account_id": 21289303, "item_5": 214, "item_3": 139, "item_0_name": "Manta Style", "item_3_name": "Butterfly", "item_2_name": "Magic Wand", "last_hits": 264, "item_1_name": "Black King Bar", "xp_per_min": 687}, {"item_2": 63, "assists": 8, "item_4": 51, "item_4_name": "Demon Edge", "leaver_status": 0, "leaver_status_description": "finished match, no abandon", "item_1": 96, "kills": 5, "hero_name": "Nature's Prophet", "hero_id": 53, "level": 20, "item_0": 152, "gold_per_min": 628, "leaver_status_name": "NONE", "denies": 1, "player_slot": 129, "deaths": 3, "account_id": 86738694, "item_5": 0, "item_3": 65, "item_0_name": "Shadow Blade", "item_3_name": "Hand of Midas", "item_2_name": "Power Treads", "last_hits": 232, "item_1_name": "Scythe of Vyse", "xp_per_min": 630}, {"item_2": 46, "assists": 12, "item_4": 63, "item_4_name": "Power Treads", "leaver_status": 0, "leaver_status_description": "finished match, no abandon", "item_1": 102, "kills": 0, "hero_id": 20, "level": 13, "item_0": 0, "gold_per_min": 227, "leaver_status_name": "NONE", "denies": 0, "player_slot": 130, "deaths": 4, "account_id": 31078647, "item_5": 0, "item_3": 36, "hero_name": "Vengeful Spirit", "item_3_name": "Magic Wand", "item_2_name": "Town Portal Scroll", "last_hits": 19, "item_1_name": "Force Staff", "xp_per_min": 292}, {"item_5_name": "Tranquil Boots", "item_2": 102, "assists": 12, "item_4": 46, "item_4_name": "Town Portal Scroll", "leaver_status": 1, "leaver_status_description": "player DC, no abandon", "item_1": 92, "kills": 3, "hero_name": "Shadow Demon", "hero_id": 79, "level": 15, "item_0": 36, "gold_per_min": 284, "leaver_status_name": "DISCONNECTED", "denies": 3, "player_slot": 131, "deaths": 2, "account_id": 37105332, "item_5": 214, "item_3": 0, "item_0_name": "Magic Wand", "item_2_name": "Force Staff", "last_hits": 40, "item_1_name": "Urn of Shadows", "xp_per_min": 376}, {"item_5_name": "Ultimate Orb", "item_2": 41, "assists": 5, "item_4": 180, "item_4_name": "Arcane Boots", "leaver_status": 1, "leaver_status_description": "player DC, no abandon", "item_1": 90, "kills": 4, "hero_name": "Dark Seer", "hero_id": 55, "level": 17, "item_0": 79, "gold_per_min": 427, "leaver_status_name": "DISCONNECTED", "denies": 1, "player_slot": 132, "deaths": 2, "account_id": 86799300, "item_5": 24, "item_3": 46, "item_0_name": "Mekansm", "item_3_name": "Town Portal Scroll", "item_2_name": "Bottle", "last_hits": 163, "item_1_name": "Pipe of Insight", "xp_per_min": 462}], "lobby_name": "Practice", "match_id": 147538039, "match_seq_num": 134748022, "radiant_team_complete": 1, "dire_name": "mousesports", "first_blood_time": 111, "tower_status_dire": 1974, "barracks_status_radiant": 0, "picks_bans": [{"hero_id": 65, "team": 0, "is_pick": false, "order": 0}, {"hero_id": 91, "team": 1, "is_pick": false, "order": 1}, {"hero_id": 88, "team": 0, "is_pick": false, "order": 2}, {"hero_id": 80, "team": 1, "is_pick": false, "order": 3}, {"hero_id": 90, "team": 0, "is_pick": true, "order": 4}, {"hero_id": 55, "team": 1, "is_pick": true, "order": 5}, {"hero_id": 79, "team": 1, "is_pick": true, "order": 6}, {"hero_id": 72, "team": 0, "is_pick": true, "order": 7}, {"hero_id": 54, "team": 0, "is_pick": true, "order": 8}, {"hero_id": 53, "team": 1, "is_pick": true, "order": 9}, {"hero_id": 56, "team": 0, "is_pick": false, "order": 10}, {"hero_id": 12, "team": 1, "is_pick": false, "order": 11}, {"hero_id": 8, "team": 0, "is_pick": false, "order": 12}, {"hero_id": 97, "team": 1, "is_pick": false, "order": 13}, {"hero_id": 1, "team": 0, "is_pick": false, "order": 14}, {"hero_id": 92, "team": 1, "is_pick": false, "order": 15}, {"hero_id": 86, "team": 0, "is_pick": true, "order": 16}, {"hero_id": 48, "team": 1, "is_pick": true, "order": 17}, {"hero_id": 51, "team": 0, "is_pick": true, "order": 18}, {"hero_id": 20, "team": 1, "is_pick": true, "order": 19}], "game_mode_name": "Captains Mode", "radiant_logo": 706274505311787193, "game_mode": 2, "radiant_score": 0, "engine": 0, "pre_game_duration": 0, "dire_team_complete": 1, "cluster": 131, "negative_votes": 34, "radiant_win": false, "radiant_team_id": 41, "dire_score": 0, "human_players": 10, "radiant_name": "4 Friends + Chrillee", "leagueid": 29, "barracks_status_dire": 63, "start_time": 1363116009}