{"duration": 879, "dire_team_id": 293390, "cluster_name": "Europe West", "positive_votes": 30, "lobby_type": 1, "tower_status_radiant": 1844, "flags": 0, "dire_logo": 921253447668725714, "players": [{"item_5_name": "Town Portal Scroll", "item_2": 0, "assists": 2, "item_4": 88, "item_4_name": "Ring of Basilius", "leaver_status": 1, "leaver_status_description": "player DC, no abandon", "item_1": 0, "kills": 1, "hero_name": "Silencer", "hero_id": 75, "level": 8, "item_0": 63, "item_3_name": "Magic Wand", "leaver_status_name": "DISCONNECTED", "denies": 15, "player_slot": 0, "deaths": 3, "account_id": 91944941, "item_5": 46, "item_3": 36, "item_0_name": "Power Treads", "gold_per_min": 259, "last_hits": 50, "xp_per_min": 275}, {"item_2": 88, "assists": 3, "item_4": 29, "item_4_name": "Boots of Speed", "leaver_status": 1, "leaver_status_description": "player DC, no abandon", "item_1": 86, "kills": 0, "hero_name": "Chen", "hero_id": 66, "level": 7, "item_0": 94, "gold_per_min": 175, "leaver_status_name": "DISCONNECTED", "denies": 1, "player_slot": 1, "deaths": 2, "account_id": 96191708, "item_5": 0, "item_3": 0, "item_0_name": "Headdress", "item_2_name": "Ring of Basilius", "last_hits": 41, "item_1_name": "Buckler", "xp_per_min": 188}, {"item_5_name": "Iron Branch", "item_2": 43, "assists": 1, "item_4": 0, "leaver_status": 1, "leaver_status_description": "player DC, no abandon", "item_1": 34, "kills": 0, "hero_name": "Crystal Maiden", "hero_id": 5, "level": 5, "item_0": 42, "gold_per_min": 101, "leaver_status_name": "DISCONNECTED", "denies": 1, "player_slot": 2, "deaths": 2, "account_id": 114432798, "item_5": 16, "item_3": 188, "item_0_name": "Observer Ward", "item_3_name": "Smoke of Deceit", "item_2_name": "Sentry Ward", "last_hits": 4, "item_1_name": "Magic Stick", "xp_per_min": 120}, {"item_2": 29, "assists": 1, "item_4": 46, "item_4_name": "Town Portal Scroll", "leaver_status": 1, "leaver_status_description": "player DC, no abandon", "item_1": 178, "kills": 0, "hero_name": "Dark Seer", "hero_id": 55, "level": 7, "item_0": 36, "gold_per_min": 177, "leaver_status_name": "DISCONNECTED", "denies": 0, "player_slot": 3, "deaths": 2, "account_id": 97313189, "item_5": 0, "item_3": 182, "item_0_name": "Magic Wand", "item_3_name": "Stout Shield", "item_2_name": "Boots of Speed", "last_hits": 35, "item_1_name": "Soul Ring", "xp_per_min": 192}, {"item_5_name": "Gloves of Haste", "item_2": 36, "assists": 0, "item_4": 6, "item_4_name": "Helm of Iron Will", "leaver_status": 1, "leaver_status_description": "player DC, no abandon", "item_1": 182, "kills": 2, "hero_name": "Lifestealer", "hero_id": 54, "level": 9, "item_0": 50, "gold_per_min": 285, "leaver_status_name": "DISCONNECTED", "denies": 10, "player_slot": 4, "deaths": 2, "account_id": 68308368, "item_5": 25, "item_3": 46, "item_0_name": "Phase Boots", "item_3_name": "Town Portal Scroll", "item_2_name": "Magic Wand", "last_hits": 54, "item_1_name": "Stout Shield", "xp_per_min": 301}, {"item_5_name": "Arcane Boots", "item_2": 0, "assists": 6, "item_4": 16, "item_4_name": "Iron Branch", "leaver_status": 1, "leaver_status_description": "player DC, no abandon", "item_1": 92, "kills": 4, "hero_name": "Clockwerk", "hero_id": 51, "level": 9, "item_0": 41, "gold_per_min": 332, "leaver_status_name": "DISCONNECTED", "denies": 4, "player_slot": 128, "deaths": 0, "account_id": 123278602, "item_5": 180, "item_3": 16, "item_0_name": "Bottle", "item_3_name": "Iron Branch", "last_hits": 32, "item_1_name": "Urn of Shadows", "xp_per_min": 342}, {"item_5_name": "Quelling Blade", "item_2": 88, "assists": 3, "item_4": 174, "item_4_name": "Diffusal Blade", "leaver_status": 1, "leaver_status_description": "player DC, no abandon", "item_1": 36, "kills": 2, "hero_name": "Naga Siren", "hero_id": 89, "level": 10, "item_0": 214, "gold_per_min": 504, "leaver_status_name": "DISCONNECTED", "denies": 12, "player_slot": 129, "deaths": 0, "account_id": 96196828, "item_5": 11, "item_3": 46, "item_0_name": "Tranquil Boots", "item_3_name": "Town Portal Scroll", "item_2_name": "Ring of Basilius", "last_hits": 91, "item_1_name": "Magic Wand", "xp_per_min": 432}, {"item_5_name": "Belt of Strength", "item_2": 34, "assists": 5, "item_4": 29, "item_4_name": "Boots of Speed", "leaver_status": 1, "leaver_status_description": "player DC, no abandon", "item_1": 79, "kills": 2, "hero_name": "Enigma", "hero_id": 33, "level": 10, "item_0": 178, "gold_per_min": 419, "leaver_status_name": "DISCONNECTED", "denies": 1, "player_slot": 130, "deaths": 1, "account_id": 89782335, "item_5": 17, "item_3": 46, "item_0_name": "Soul Ring", "item_3_name": "Town Portal Scroll", "item_2_name": "Magic Stick", "last_hits": 86, "item_1_name": "Mekansm", "xp_per_min": 401}, {"item_5_name": "Arcane Boots", "item_2": 42, "assists": 10, "item_4": 0, "leaver_status": 1, "leaver_status_description": "player DC, no abandon", "item_1": 43, "kills": 0, "hero_name": "Rubick", "hero_id": 86, "level": 8, "item_0": 46, "gold_per_min": 257, "leaver_status_name": "DISCONNECTED", "denies": 1, "player_slot": 131, "deaths": 1, "account_id": 87918301, "item_5": 180, "item_3": 36, "item_0_name": "Town Portal Scroll", "item_3_name": "Magic Wand", "item_2_name": "Observer Ward", "last_hits": 22, "item_1_name": "Sentry Ward", "xp_per_min": 297}, {"item_5_name": "Arcane Boots", "item_2": 0, "assists": 7, "item_4": 0, "leaver_status": 1, "leaver_status_description": "player DC, no abandon", "item_1": 188, "kills": 2, "hero_name": "Earthshaker", "hero_id": 7, "level": 9, "item_0": 36, "gold_per_min": 308, "leaver_status_name": "DISCONNECTED", "denies": 0, "player_slot": 132, "deaths": 1, "account_id": 76600360, "item_5": 180, "item_3": 0, "item_0_name": "Magic Wand", "last_hits": 28, "item_1_name": "Smoke of Deceit", "xp_per_min": 316}], "lobby_name": "Practice", "match_id": 151411565, "match_seq_num": 137984270, "radiant_team_complete": 0, "dire_name": "Radical Online X-tremists", "first_blood_time": 141, "tower_status_dire": 1983, "barracks_status_radiant": 63, "picks_bans": [{"hero_id": 90, "team": 0, "is_pick": false, "order": 0}, {"hero_id": 65, "team": 1, "is_pick": false, "order": 1}, {"hero_id": 91, "team": 0, "is_pick": false, "order": 2}, {"hero_id": 88, "team": 1, "is_pick": false, "order": 3}, {"hero_id": 55, "team": 0, "is_pick": true, "order": 4}, {"hero_id": 51, "team": 1, "is_pick": true, "order": 5}, {"hero_id": 86, "team": 1, "is_pick": true, "order": 6}, {"hero_id": 66, "team": 0, "is_pick": true, "order": 7}, {"hero_id": 54, "team": 0, "is_pick": true, "order": 8}, {"hero_id": 33, "team": 1, "is_pick": true, "order": 9}, {"hero_id": 41, "team": 0, "is_pick": false, "order": 10}, {"hero_id": 79, "team": 1, "is_pick": false, "order": 11}, {"hero_id": 67, "team": 0, "is_pick": false, "order": 12}, {"hero_id": 39, "team": 1, "is_pick": false, "order": 13}, {"hero_id": 1, "team": 0, "is_pick": false, "order": 14}, {"hero_id": 78, "team": 1, "is_pick": false, "order": 15}, {"hero_id": 5, "team": 0, "is_pick": true, "order": 16}, {"hero_id": 7, "team": 1, "is_pick": true, "order": 17}, {"hero_id": 75, "team": 0, "is_pick": true, "order": 18}, {"hero_id": 89, "team": 1, "is_pick": true, "order": 19}], "game_mode_name": "Captains Mode", "radiant_logo": 578973081529966927, "game_mode": 2, "radiant_score": 0, "engine": 0, "pre_game_duration": 0, "dire_team_complete": 0, "cluster": 132, "negative_votes": 8, "radiant_win": false, "radiant_team_id": 142087, "dire_score": 0, "human_players": 10, "radiant_name": "Lions Pride", "leagueid": 65003, "barracks_status_dire": 63, "start_time": 1363549908}