{"duration": 1864, "dire_team_id": 2163, "cluster_name": "US East", "positive_votes": 229, "lobby_type": 1, "tower_status_radiant": 1982, "flags": 0, "dire_logo": 451783905032671206, "players": [{"item_5_name": "Town Portal Scroll", "item_2": 1, "assists": 13, "item_4": 119, "item_4_name": "Shiva's Guard", "leaver_status": 0, "leaver_status_description": "finished match, no abandon", "item_1": 36, "kills": 4, "hero_name": "Puck", "hero_id": 13, "level": 18, "item_0": 41, "gold_per_min": 466, "leaver_status_name": "NONE", "denies": 13, "player_slot": 0, "deaths": 1, "account_id": 41231571, "item_5": 46, "item_3": 63, "item_0_name": "Bottle", "item_3_name": "Power Treads", "item_2_name": "Blink Dagger", "last_hits": 143, "item_1_name": "Magic Wand", "xp_per_min": 566}, {"item_5_name": "Observer Ward", "item_2": 43, "assists": 2, "item_4": 37, "item_4_name": "Ghost Scepter", "leaver_status": 0, "leaver_status_description": "finished match, no abandon", "item_1": 180, "kills": 4, "hero_name": "Shadow Demon", "hero_id": 79, "level": 12, "item_0": 36, "gold_per_min": 270, "leaver_status_name": "NONE", "denies": 0, "player_slot": 1, "deaths": 4, "account_id": 65782028, "item_5": 42, "item_3": 46, "item_0_name": "Magic Wand", "item_3_name": "Town Portal Scroll", "item_2_name": "Sentry Ward", "last_hits": 33, "item_1_name": "Arcane Boots", "xp_per_min": 263}, {"item_5_name": "Power Treads", "item_2": 185, "assists": 13, "item_4": 154, "item_4_name": "Sange and Yasha", "leaver_status": 0, "leaver_status_description": "finished match, no abandon", "item_1": 116, "kills": 10, "hero_name": "Gyrocopter", "hero_id": 72, "level": 18, "item_0": 212, "gold_per_min": 675, "leaver_status_name": "NONE", "denies": 10, "player_slot": 2, "deaths": 1, "account_id": 101495620, "item_5": 63, "item_3": 176, "item_0_name": "Ring of Aquila", "item_3_name": "Ethereal Blade", "item_2_name": "Drum of Endurance", "last_hits": 215, "item_1_name": "Black King Bar", "xp_per_min": 600}, {"item_5_name": "Mekansm", "item_2": 46, "assists": 18, "item_4": 92, "item_4_name": "Urn of Shadows", "leaver_status": 0, "leaver_status_description": "finished match, no abandon", "item_1": 30, "kills": 3, "hero_name": "Io", "hero_id": 91, "level": 15, "item_0": 29, "gold_per_min": 307, "leaver_status_name": "NONE", "denies": 1, "player_slot": 3, "deaths": 2, "account_id": 3916428, "item_5": 79, "item_3": 36, "item_0_name": "Boots of Speed", "item_3_name": "Magic Wand", "item_2_name": "Town Portal Scroll", "last_hits": 28, "item_1_name": "Gem of True Sight", "xp_per_min": 413}, {"item_2": 65, "assists": 15, "item_4": 149, "item_4_name": "Crystalys", "leaver_status": 0, "leaver_status_description": "finished match, no abandon", "item_1": 152, "kills": 7, "hero_name": "Nature's Prophet", "hero_id": 53, "level": 20, "item_0": 96, "gold_per_min": 798, "leaver_status_name": "NONE", "denies": 2, "player_slot": 4, "deaths": 2, "account_id": 76482434, "item_5": 0, "item_3": 63, "item_0_name": "Scythe of Vyse", "item_3_name": "Power Treads", "item_2_name": "Hand of Midas", "last_hits": 273, "item_1_name": "Shadow Blade", "xp_per_min": 706}, {"item_5_name": "Town Portal Scroll", "item_2": 53, "assists": 3, "item_4": 214, "item_4_name": "Tranquil Boots", "leaver_status": 1, "leaver_status_description": "player DC, no abandon", "item_1": 196, "kills": 5, "hero_name": "Phantom Lancer", "hero_id": 12, "level": 19, "item_0": 36, "gold_per_min": 529, "leaver_status_name": "DISCONNECTED", "denies": 24, "player_slot": 128, "deaths": 3, "account_id": 67601693, "item_5": 46, "item_3": 147, "item_0_name": "Magic Wand", "item_3_name": "Manta Style", "item_2_name": "Reaver", "last_hits": 263, "item_1_name": "Diffusal Blade", "xp_per_min": 608}, {"item_5_name": "Vladmir's Offering", "item_2": 36, "assists": 5, "item_4": 46, "item_4_name": "Town Portal Scroll", "leaver_status": 1, "leaver_status_description": "player DC, no abandon", "item_1": 41, "kills": 2, "hero_name": "Beastmaster", "hero_id": 38, "level": 13, "item_0": 1, "gold_per_min": 253, "leaver_status_name": "DISCONNECTED", "denies": 4, "player_slot": 129, "deaths": 6, "account_id": 1185644, "item_5": 81, "item_3": 180, "item_0_name": "Blink Dagger", "item_3_name": "Arcane Boots", "item_2_name": "Magic Wand", "last_hits": 98, "item_1_name": "Bottle", "xp_per_min": 332}, {"item_2": 46, "assists": 7, "item_4": 73, "item_4_name": "Bracer", "leaver_status": 1, "leaver_status_description": "player DC, no abandon", "item_1": 34, "kills": 0, "hero_name": "Tidehunter", "hero_id": 29, "level": 10, "item_0": 92, "gold_per_min": 159, "leaver_status_name": "DISCONNECTED", "denies": 1, "player_slot": 130, "deaths": 8, "account_id": 41470731, "item_5": 0, "item_3": 180, "item_0_name": "Urn of Shadows", "item_3_name": "Arcane Boots", "item_2_name": "Town Portal Scroll", "last_hits": 40, "item_1_name": "Magic Stick", "xp_per_min": 190}, {"item_5_name": "Dust of Appearance", "item_2": 1, "assists": 6, "item_4": 23, "item_4_name": "Staff of Wizardry", "leaver_status": 1, "leaver_status_description": "player DC, no abandon", "item_1": 36, "kills": 2, "hero_name": "Batrider", "hero_id": 65, "level": 13, "item_0": 214, "gold_per_min": 253, "leaver_status_name": "DISCONNECTED", "denies": 1, "player_slot": 131, "deaths": 7, "account_id": 30237211, "item_5": 40, "item_3": 46, "item_0_name": "Tranquil Boots", "item_3_name": "Town Portal Scroll", "item_2_name": "Blink Dagger", "last_hits": 100, "item_1_name": "Magic Wand", "xp_per_min": 331}, {"item_5_name": "Magic Stick", "item_2": 79, "assists": 2, "item_4": 40, "item_4_name": "Dust of Appearance", "leaver_status": 1, "leaver_status_description": "player DC, no abandon", "item_1": 46, "kills": 1, "hero_name": "Keeper of the Light", "hero_id": 90, "level": 9, "item_0": 43, "gold_per_min": 177, "leaver_status_name": "DISCONNECTED", "denies": 0, "player_slot": 132, "deaths": 5, "account_id": 86715129, "item_5": 34, "item_3": 29, "item_0_name": "Sentry Ward", "item_3_name": "Boots of Speed", "item_2_name": "Mekansm", "last_hits": 59, "item_1_name": "Town Portal Scroll", "xp_per_min": 155}], "lobby_name": "Practice", "match_id": 161096667, "match_seq_num": 145979818, "radiant_team_complete": 0, "dire_name": "Team Liquid", "first_blood_time": 168, "tower_status_dire": 0, "barracks_status_radiant": 63, "picks_bans": [{"hero_id": 88, "team": 0, "is_pick": false, "order": 0}, {"hero_id": 80, "team": 1, "is_pick": false, "order": 1}, {"hero_id": 54, "team": 0, "is_pick": false, "order": 2}, {"hero_id": 66, "team": 1, "is_pick": false, "order": 3}, {"hero_id": 91, "team": 0, "is_pick": true, "order": 4}, {"hero_id": 65, "team": 1, "is_pick": true, "order": 5}, {"hero_id": 90, "team": 1, "is_pick": true, "order": 6}, {"hero_id": 53, "team": 0, "is_pick": true, "order": 7}, {"hero_id": 72, "team": 0, "is_pick": true, "order": 8}, {"hero_id": 12, "team": 1, "is_pick": true, "order": 9}, {"hero_id": 17, "team": 0, "is_pick": false, "order": 10}, {"hero_id": 32, "team": 1, "is_pick": false, "order": 11}, {"hero_id": 27, "team": 0, "is_pick": false, "order": 12}, {"hero_id": 60, "team": 1, "is_pick": false, "order": 13}, {"hero_id": 26, "team": 0, "is_pick": false, "order": 14}, {"hero_id": 97, "team": 1, "is_pick": false, "order": 15}, {"hero_id": 13, "team": 0, "is_pick": true, "order": 16}, {"hero_id": 38, "team": 1, "is_pick": true, "order": 17}, {"hero_id": 79, "team": 0, "is_pick": true, "order": 18}, {"hero_id": 29, "team": 1, "is_pick": true, "order": 19}], "game_mode_name": "Captains Mode", "radiant_logo": 392172445572106046, "game_mode": 2, "radiant_score": 0, "engine": 0, "pre_game_duration": 0, "dire_team_complete": 1, "cluster": 122, "negative_votes": 7, "radiant_win": true, "radiant_team_id": 111474, "dire_score": 0, "human_players": 10, "radiant_name": "Alliance", "leagueid": 29, "barracks_status_dire": 0, "start_time": 1364586435}