{"duration": 3003, "dire_team_id": 2, "cluster_name": "Southeast Asia", "positive_votes": 507, "lobby_type": 1, "tower_status_radiant": 260, "flags": 0, "dire_logo": 711904559424929169, "players": [{"item_2": 145, "assists": 5, "item_4": 114, "item_4_name": "Heart of Tarrasque", "leaver_status": 1, "leaver_status_description": "player DC, no abandon", "item_1": 63, "kills": 9, "hero_name": "Anti-Mage", "hero_id": 1, "level": 25, "item_0": 147, "gold_per_min": 609, "leaver_status_name": "DISCONNECTED", "denies": 44, "player_slot": 0, "deaths": 7, "account_id": 90892734, "item_5": 0, "item_3": 139, "item_0_name": "Manta Style", "item_3_name": "Butterfly", "item_2_name": "Battle Fury", "last_hits": 461, "item_1_name": "Power Treads", "xp_per_min": 648}, {"item_5_name": "Dust of Appearance", "item_2": 0, "assists": 10, "item_4": 116, "item_4_name": "Black King Bar", "leaver_status": 1, "leaver_status_description": "player DC, no abandon", "item_1": 1, "kills": 4, "hero_name": "Magnus", "hero_id": 97, "level": 17, "item_0": 180, "gold_per_min": 243, "leaver_status_name": "DISCONNECTED", "denies": 5, "player_slot": 1, "deaths": 6, "account_id": 90882159, "item_5": 40, "item_3": 36, "item_0_name": "Arcane Boots", "item_3_name": "Magic Wand", "last_hits": 115, "item_1_name": "Blink Dagger", "xp_per_min": 334}, {"item_5_name": "Ultimate Orb", "item_2": 79, "assists": 12, "item_4": 46, "item_4_name": "Town Portal Scroll", "leaver_status": 1, "leaver_status_description": "player DC, no abandon", "item_1": 0, "kills": 3, "hero_name": "Dark Seer", "hero_id": 55, "level": 19, "item_0": 180, "gold_per_min": 319, "leaver_status_name": "DISCONNECTED", "denies": 3, "player_slot": 2, "deaths": 5, "account_id": 91698091, "item_5": 24, "item_3": 90, "item_0_name": "Arcane Boots", "item_3_name": "Pipe of Insight", "item_2_name": "Mekansm", "last_hits": 215, "xp_per_min": 393}, {"item_5_name": "Staff of Wizardry", "item_2": 0, "assists": 11, "item_4": 73, "item_4_name": "Bracer", "leaver_status": 1, "leaver_status_description": "player DC, no abandon", "item_1": 29, "kills": 2, "hero_name": "Jakiro", "hero_id": 64, "level": 15, "item_0": 36, "gold_per_min": 161, "leaver_status_name": "DISCONNECTED", "denies": 0, "player_slot": 3, "deaths": 7, "account_id": 89399750, "item_5": 23, "item_3": 92, "item_0_name": "Magic Wand", "item_3_name": "Urn of Shadows", "last_hits": 37, "item_1_name": "Boots of Speed", "xp_per_min": 240}, {"item_5_name": "Bracer", "item_2": 180, "assists": 10, "item_4": 31, "item_4_name": "Cloak", "leaver_status": 0, "leaver_status_description": "finished match, no abandon", "item_1": 34, "kills": 5, "hero_name": "Rubick", "hero_id": 86, "level": 14, "item_0": 102, "gold_per_min": 185, "leaver_status_name": "NONE", "denies": 5, "player_slot": 4, "deaths": 6, "account_id": 89407113, "item_5": 73, "item_3": 46, "item_0_name": "Force Staff", "item_3_name": "Town Portal Scroll", "item_2_name": "Arcane Boots", "last_hits": 66, "item_1_name": "Magic Stick", "xp_per_min": 233}, {"item_5_name": "Gem of True Sight", "item_2": 188, "assists": 9, "item_4": 37, "item_4_name": "Ghost Scepter", "leaver_status": 0, "leaver_status_description": "finished match, no abandon", "item_1": 46, "kills": 1, "hero_name": "Keeper of the Light", "hero_id": 90, "level": 14, "item_0": 214, "gold_per_min": 243, "leaver_status_name": "NONE", "denies": 1, "player_slot": 128, "deaths": 4, "account_id": 82630959, "item_5": 30, "item_3": 102, "item_0_name": "Tranquil Boots", "item_3_name": "Force Staff", "item_2_name": "Smoke of Deceit", "last_hits": 86, "item_1_name": "Town Portal Scroll", "xp_per_min": 219}, {"item_5_name": "Boots of Speed", "item_2": 46, "assists": 8, "item_4": 0, "leaver_status": 0, "leaver_status_description": "finished match, no abandon", "item_1": 37, "kills": 1, "hero_name": "Shadow Demon", "hero_id": 79, "level": 15, "item_0": 92, "gold_per_min": 199, "leaver_status_name": "NONE", "denies": 3, "player_slot": 129, "deaths": 6, "account_id": 93670407, "item_5": 29, "item_3": 36, "item_0_name": "Urn of Shadows", "item_3_name": "Magic Wand", "item_2_name": "Town Portal Scroll", "last_hits": 42, "item_1_name": "Ghost Scepter", "xp_per_min": 248}, {"item_5_name": "Monkey King Bar", "item_2": 116, "assists": 5, "item_4": 63, "item_4_name": "Power Treads", "leaver_status": 0, "leaver_status_description": "finished match, no abandon", "item_1": 98, "kills": 14, "hero_name": "Queen of Pain", "hero_id": 39, "level": 25, "item_0": 96, "gold_per_min": 577, "leaver_status_name": "NONE", "denies": 27, "player_slot": 130, "deaths": 3, "account_id": 121052479, "item_5": 135, "item_3": 168, "item_0_name": "Scythe of Vyse", "item_3_name": "Desolator", "item_2_name": "Black King Bar", "last_hits": 340, "item_1_name": "Orchid Malevolence", "xp_per_min": 652}, {"item_5_name": "Shadow Blade", "item_2": 46, "assists": 8, "item_4": 147, "item_4_name": "Manta Style", "leaver_status": 0, "leaver_status_description": "finished match, no abandon", "item_1": 116, "kills": 10, "hero_name": "Luna", "hero_id": 48, "level": 25, "item_0": 139, "gold_per_min": 540, "leaver_status_name": "NONE", "denies": 26, "player_slot": 131, "deaths": 4, "account_id": 84772440, "item_5": 152, "item_3": 63, "item_0_name": "Butterfly", "item_3_name": "Power Treads", "item_2_name": "Town Portal Scroll", "last_hits": 321, "item_1_name": "Black King Bar", "xp_per_min": 649}, {"item_5_name": "Dagon", "item_2": 41, "assists": 15, "item_4": 1, "item_4_name": "Blink Dagger", "leaver_status": 0, "leaver_status_description": "finished match, no abandon", "item_1": 96, "kills": 3, "hero_name": "Tinker", "hero_id": 34, "level": 22, "item_0": 48, "gold_per_min": 482, "leaver_status_name": "NONE", "denies": 4, "player_slot": 132, "deaths": 6, "account_id": 85417034, "item_5": 204, "item_3": 178, "item_0_name": "Boots of Travel", "item_3_name": "Soul Ring", "item_2_name": "Bottle", "last_hits": 317, "item_1_name": "Scythe of Vyse", "xp_per_min": 534}], "lobby_name": "Practice", "match_id": 161640940, "match_seq_num": 146460651, "radiant_team_complete": 0, "dire_name": "Zenith", "first_blood_time": 15, "tower_status_dire": 1958, "barracks_status_radiant": 51, "picks_bans": [{"hero_id": 88, "team": 0, "is_pick": false, "order": 0}, {"hero_id": 80, "team": 1, "is_pick": false, "order": 1}, {"hero_id": 65, "team": 0, "is_pick": false, "order": 2}, {"hero_id": 54, "team": 1, "is_pick": false, "order": 3}, {"hero_id": 97, "team": 0, "is_pick": true, "order": 4}, {"hero_id": 39, "team": 1, "is_pick": true, "order": 5}, {"hero_id": 90, "team": 1, "is_pick": true, "order": 6}, {"hero_id": 1, "team": 0, "is_pick": true, "order": 7}, {"hero_id": 86, "team": 0, "is_pick": true, "order": 8}, {"hero_id": 79, "team": 1, "is_pick": true, "order": 9}, {"hero_id": 72, "team": 0, "is_pick": false, "order": 10}, {"hero_id": 25, "team": 1, "is_pick": false, "order": 11}, {"hero_id": 74, "team": 0, "is_pick": false, "order": 12}, {"hero_id": 52, "team": 1, "is_pick": false, "order": 13}, {"hero_id": 8, "team": 0, "is_pick": false, "order": 14}, {"hero_id": 51, "team": 1, "is_pick": false, "order": 15}, {"hero_id": 55, "team": 0, "is_pick": true, "order": 16}, {"hero_id": 48, "team": 1, "is_pick": true, "order": 17}, {"hero_id": 64, "team": 0, "is_pick": true, "order": 18}, {"hero_id": 34, "team": 1, "is_pick": true, "order": 19}], "game_mode_name": "Captains Mode", "radiant_logo": 438324451817706092, "game_mode": 2, "radiant_score": 0, "engine": 0, "pre_game_duration": 0, "dire_team_complete": 1, "cluster": 151, "negative_votes": 44, "radiant_win": false, "radiant_team_id": 7, "dire_score": 0, "human_players": 10, "radiant_name": "DK", "leagueid": 34, "barracks_status_dire": 63, "start_time": 1364648196}