{"duration": 2296, "dire_team_id": 26, "cluster_name": "Europe West", "positive_votes": 36, "lobby_type": 1, "tower_status_radiant": 1572, "flags": 0, "dire_logo": 531766271384850245, "players": [{"item_2": 46, "assists": 2, "item_4": 24, "item_4_name": "Ultimate Orb", "leaver_status": 1, "leaver_status_description": "player DC, no abandon", "item_1": 180, "kills": 2, "hero_name": "Keeper of the Light", "hero_id": 90, "level": 12, "item_0": 102, "gold_per_min": 262, "leaver_status_name": "DISCONNECTED", "denies": 2, "player_slot": 0, "deaths": 6, "account_id": 89137399, "item_5": 0, "item_3": 36, "item_0_name": "Force Staff", "item_3_name": "Magic Wand", "item_2_name": "Town Portal Scroll", "last_hits": 138, "item_1_name": "Arcane Boots", "xp_per_min": 225}, {"item_5_name": "Town Portal Scroll", "item_2": 24, "assists": 1, "item_4": 63, "item_4_name": "Power Treads", "leaver_status": 1, "leaver_status_description": "player DC, no abandon", "item_1": 36, "kills": 4, "hero_name": "Queen of Pain", "hero_id": 39, "level": 17, "item_0": 116, "gold_per_min": 318, "leaver_status_name": "DISCONNECTED", "denies": 17, "player_slot": 1, "deaths": 4, "account_id": 87219396, "item_5": 46, "item_3": 41, "item_0_name": "Black King Bar", "item_3_name": "Bottle", "item_2_name": "Ultimate Orb", "last_hits": 162, "item_1_name": "Magic Wand", "xp_per_min": 408}, {"item_2": 88, "assists": 2, "item_4": 0, "leaver_status": 1, "leaver_status_description": "player DC, no abandon", "item_1": 34, "kills": 0, "hero_name": "Treant Protector", "hero_id": 83, "level": 11, "item_0": 79, "gold_per_min": 159, "leaver_status_name": "DISCONNECTED", "denies": 3, "player_slot": 2, "deaths": 4, "account_id": 87201671, "item_5": 0, "item_3": 180, "item_0_name": "Mekansm", "item_3_name": "Arcane Boots", "item_2_name": "Ring of Basilius", "last_hits": 60, "item_1_name": "Magic Stick", "xp_per_min": 183}, {"item_5_name": "Power Treads", "item_2": 42, "assists": 1, "item_4": 73, "item_4_name": "Bracer", "leaver_status": 1, "leaver_status_description": "player DC, no abandon", "item_1": 73, "kills": 2, "hero_name": "Leshrac", "hero_id": 52, "level": 13, "item_0": 162, "gold_per_min": 217, "leaver_status_name": "DISCONNECTED", "denies": 3, "player_slot": 3, "deaths": 8, "account_id": 89269794, "item_5": 63, "item_3": 36, "item_0_name": "Sange", "item_3_name": "Magic Wand", "item_2_name": "Observer Ward", "last_hits": 94, "item_1_name": "Bracer", "xp_per_min": 253}, {"item_5_name": "Boots of Speed", "item_2": 0, "assists": 6, "item_4": 36, "item_4_name": "Magic Wand", "leaver_status": 1, "leaver_status_description": "player DC, no abandon", "item_1": 96, "kills": 2, "hero_name": "Dark Seer", "hero_id": 55, "level": 17, "item_0": 90, "gold_per_min": 344, "leaver_status_name": "DISCONNECTED", "denies": 2, "player_slot": 4, "deaths": 4, "account_id": 86750262, "item_5": 29, "item_3": 178, "item_0_name": "Pipe of Insight", "item_3_name": "Soul Ring", "last_hits": 196, "item_1_name": "Scythe of Vyse", "xp_per_min": 420}, {"item_5_name": "Drum of Endurance", "item_2": 0, "assists": 6, "item_4": 139, "item_4_name": "Butterfly", "leaver_status": 0, "leaver_status_description": "finished match, no abandon", "item_1": 63, "kills": 11, "hero_name": "Gyrocopter", "hero_id": 72, "level": 19, "item_0": 116, "gold_per_min": 643, "leaver_status_name": "NONE", "denies": 33, "player_slot": 128, "deaths": 3, "account_id": 21289303, "item_5": 185, "item_3": 135, "item_0_name": "Black King Bar", "item_3_name": "Monkey King Bar", "last_hits": 307, "item_1_name": "Power Treads", "xp_per_min": 544}, {"item_5_name": "Power Treads", "item_2": 34, "assists": 12, "item_4": 46, "item_4_name": "Town Portal Scroll", "leaver_status": 1, "leaver_status_description": "player DC, no abandon", "item_1": 96, "kills": 7, "hero_name": "Puck", "hero_id": 13, "level": 20, "item_0": 1, "gold_per_min": 431, "leaver_status_name": "DISCONNECTED", "denies": 8, "player_slot": 129, "deaths": 0, "account_id": 86799300, "item_5": 63, "item_3": 41, "item_0_name": "Blink Dagger", "item_3_name": "Bottle", "item_2_name": "Magic Stick", "last_hits": 182, "item_1_name": "Scythe of Vyse", "xp_per_min": 569}, {"item_5_name": "Town Portal Scroll", "item_2": 185, "assists": 11, "item_4": 180, "item_4_name": "Arcane Boots", "leaver_status": 0, "leaver_status_description": "finished match, no abandon", "item_1": 36, "kills": 4, "hero_name": "Magnus", "hero_id": 97, "level": 19, "item_0": 1, "gold_per_min": 409, "leaver_status_name": "NONE", "denies": 9, "player_slot": 130, "deaths": 2, "account_id": 86738694, "item_5": 46, "item_3": 116, "item_0_name": "Blink Dagger", "item_3_name": "Black King Bar", "item_2_name": "Drum of Endurance", "last_hits": 192, "item_1_name": "Magic Wand", "xp_per_min": 505}, {"item_5_name": "Boots of Speed", "item_2": 187, "assists": 18, "item_4": 46, "item_4_name": "Town Portal Scroll", "leaver_status": 0, "leaver_status_description": "finished match, no abandon", "item_1": 79, "kills": 1, "hero_name": "Alchemist", "hero_id": 73, "level": 13, "item_0": 34, "gold_per_min": 224, "leaver_status_name": "NONE", "denies": 1, "player_slot": 131, "deaths": 2, "account_id": 37105332, "item_5": 29, "item_3": 131, "item_0_name": "Magic Stick", "item_3_name": "Hood of Defiance", "item_2_name": "Medallion of Courage", "last_hits": 61, "item_1_name": "Mekansm", "xp_per_min": 270}, {"item_5_name": "Magic Wand", "item_2": 46, "assists": 12, "item_4": 180, "item_4_name": "Arcane Boots", "leaver_status": 0, "leaver_status_description": "finished match, no abandon", "item_1": 102, "kills": 2, "hero_name": "Shadow Demon", "hero_id": 79, "level": 13, "item_0": 42, "gold_per_min": 210, "leaver_status_name": "NONE", "denies": 4, "player_slot": 132, "deaths": 3, "account_id": 31078647, "item_5": 36, "item_3": 43, "item_0_name": "Observer Ward", "item_3_name": "Sentry Ward", "item_2_name": "Town Portal Scroll", "last_hits": 28, "item_1_name": "Force Staff", "xp_per_min": 250}], "lobby_name": "Practice", "match_id": 161913547, "match_seq_num": 146683240, "radiant_team_complete": 1, "dire_name": "mousesports", "first_blood_time": 166, "tower_status_dire": 1974, "barracks_status_radiant": 15, "picks_bans": [{"hero_id": 53, "team": 0, "is_pick": false, "order": 0}, {"hero_id": 91, "team": 1, "is_pick": false, "order": 1}, {"hero_id": 80, "team": 0, "is_pick": false, "order": 2}, {"hero_id": 65, "team": 1, "is_pick": false, "order": 3}, {"hero_id": 90, "team": 0, "is_pick": true, "order": 4}, {"hero_id": 72, "team": 1, "is_pick": true, "order": 5}, {"hero_id": 79, "team": 1, "is_pick": true, "order": 6}, {"hero_id": 55, "team": 0, "is_pick": true, "order": 7}, {"hero_id": 39, "team": 0, "is_pick": true, "order": 8}, {"hero_id": 73, "team": 1, "is_pick": true, "order": 9}, {"hero_id": 88, "team": 0, "is_pick": false, "order": 10}, {"hero_id": 12, "team": 1, "is_pick": false, "order": 11}, {"hero_id": 10, "team": 0, "is_pick": false, "order": 12}, {"hero_id": 89, "team": 1, "is_pick": false, "order": 13}, {"hero_id": 92, "team": 0, "is_pick": false, "order": 14}, {"hero_id": 54, "team": 1, "is_pick": false, "order": 15}, {"hero_id": 52, "team": 0, "is_pick": true, "order": 16}, {"hero_id": 13, "team": 1, "is_pick": true, "order": 17}, {"hero_id": 83, "team": 0, "is_pick": true, "order": 18}, {"hero_id": 97, "team": 1, "is_pick": true, "order": 19}], "game_mode_name": "Captains Mode", "radiant_logo": 541924293718462159, "game_mode": 2, "radiant_score": 0, "engine": 0, "pre_game_duration": 0, "dire_team_complete": 1, "cluster": 132, "negative_votes": 4, "radiant_win": false, "radiant_team_id": 46, "dire_score": 0, "human_players": 10, "radiant_name": "Team Empire", "leagueid": 32, "barracks_status_dire": 63, "start_time": 1364666777}