{"duration": 1611, "dire_team_id": 59, "cluster_name": "Europe West", "positive_votes": 178, "lobby_type": 1, "tower_status_radiant": 1974, "flags": 0, "dire_logo": 1137416147448948067, "players": [{"item_2": 168, "assists": 9, "item_4": 50, "item_4_name": "Phase Boots", "leaver_status": 0, "leaver_status_description": "finished match, no abandon", "item_1": 114, "kills": 11, "hero_name": "Lifestealer", "hero_id": 54, "level": 18, "item_0": 151, "gold_per_min": 691, "leaver_status_name": "NONE", "denies": 15, "player_slot": 0, "deaths": 2, "account_id": 96196828, "item_5": 0, "item_3": 51, "item_0_name": "Armlet of Mordiggian", "item_3_name": "Demon Edge", "item_2_name": "Desolator", "last_hits": 164, "item_1_name": "Heart of Tarrasque", "xp_per_min": 658}, {"item_2": 16, "assists": 5, "item_4": 214, "item_4_name": "Tranquil Boots", "leaver_status": 0, "leaver_status_description": "finished match, no abandon", "item_1": 46, "kills": 0, "hero_id": 80, "level": 14, "item_0": 0, "gold_per_min": 452, "leaver_status_name": "NONE", "additional_units": [{"item_2": 181, "item_4": 25, "unitname": "spirit_bear", "item_5": 55, "item_0": 50, "item_3": 166, "item_1": 182}], "denies": 18, "player_slot": 1, "deaths": 3, "account_id": 89782335, "item_5": 0, "item_3": 16, "hero_name": "Lone Druid", "item_3_name": "Iron Branch", "item_2_name": "Iron Branch", "last_hits": 116, "item_1_name": "Town Portal Scroll", "xp_per_min": 441}, {"item_5_name": "Ultimate Orb", "item_2": 63, "assists": 6, "item_4": 98, "item_4_name": "Orchid Malevolence", "leaver_status": 0, "leaver_status_description": "finished match, no abandon", "item_1": 77, "kills": 15, "hero_name": "Storm Spirit", "hero_id": 17, "level": 18, "item_0": 30, "gold_per_min": 597, "leaver_status_name": "NONE", "denies": 8, "player_slot": 2, "deaths": 4, "account_id": 86716947, "item_5": 24, "item_3": 41, "item_0_name": "Gem of True Sight", "item_3_name": "Bottle", "item_2_name": "Power Treads", "last_hits": 103, "item_1_name": "Null Talisman", "xp_per_min": 677}, {"item_5_name": "Boots of Speed", "item_2": 187, "assists": 8, "item_4": 0, "leaver_status": 0, "leaver_status_description": "finished match, no abandon", "item_1": 0, "kills": 1, "hero_id": 79, "level": 9, "item_0": 0, "item_3_name": "Magic Stick", "leaver_status_name": "NONE", "denies": 1, "player_slot": 3, "deaths": 7, "account_id": 11550182, "item_5": 29, "item_3": 34, "hero_name": "Shadow Demon", "gold_per_min": 244, "item_2_name": "Medallion of Courage", "last_hits": 14, "xp_per_min": 200}, {"item_2": 29, "assists": 7, "item_4": 0, "leaver_status": 0, "leaver_status_description": "finished match, no abandon", "item_1": 36, "kills": 3, "hero_id": 90, "level": 12, "item_0": 0, "gold_per_min": 331, "leaver_status_name": "NONE", "denies": 3, "player_slot": 4, "deaths": 1, "account_id": 76600360, "item_5": 0, "item_3": 79, "hero_name": "Keeper of the Light", "item_3_name": "Mekansm", "item_2_name": "Boots of Speed", "last_hits": 58, "item_1_name": "Magic Wand", "xp_per_min": 327}, {"item_2": 16, "assists": 4, "item_4": 13, "item_4_name": "Gauntlets of Strength", "leaver_status": 1, "leaver_status_description": "player DC, no abandon", "item_1": 0, "kills": 0, "hero_name": "Visage", "hero_id": 92, "level": 8, "item_0": 29, "gold_per_min": 140, "leaver_status_name": "DISCONNECTED", "denies": 1, "player_slot": 128, "deaths": 8, "account_id": 27005611, "item_5": 0, "item_3": 36, "item_0_name": "Boots of Speed", "item_3_name": "Magic Wand", "item_2_name": "Iron Branch", "last_hits": 16, "xp_per_min": 142}, {"item_5_name": "Ogre Club", "item_2": 36, "assists": 4, "item_4": 46, "item_4_name": "Town Portal Scroll", "leaver_status": 1, "leaver_status_description": "player DC, no abandon", "item_1": 41, "kills": 5, "hero_name": "Magnus", "hero_id": 97, "level": 13, "item_0": 1, "gold_per_min": 290, "leaver_status_name": "DISCONNECTED", "denies": 5, "player_slot": 129, "deaths": 3, "account_id": 96169991, "item_5": 21, "item_3": 180, "item_0_name": "Blink Dagger", "item_3_name": "Arcane Boots", "item_2_name": "Magic Wand", "last_hits": 85, "item_1_name": "Bottle", "xp_per_min": 356}, {"item_5_name": "Town Portal Scroll", "item_2": 214, "assists": 6, "item_4": 36, "item_4_name": "Magic Wand", "leaver_status": 1, "leaver_status_description": "player DC, no abandon", "item_1": 170, "kills": 3, "hero_name": "Phantom Lancer", "hero_id": 12, "level": 13, "item_0": 11, "gold_per_min": 267, "leaver_status_name": "DISCONNECTED", "denies": 0, "player_slot": 130, "deaths": 5, "account_id": 43276219, "item_5": 46, "item_3": 185, "item_0_name": "Quelling Blade", "item_3_name": "Drum of Endurance", "item_2_name": "Tranquil Boots", "last_hits": 84, "item_1_name": "Yasha", "xp_per_min": 343}, {"item_5_name": "Hand of Midas", "item_2": 63, "assists": 6, "item_4": 46, "item_4_name": "Town Portal Scroll", "leaver_status": 0, "leaver_status_description": "finished match, no abandon", "item_1": 24, "kills": 5, "hero_name": "Nature's Prophet", "hero_id": 53, "level": 16, "item_0": 152, "gold_per_min": 443, "leaver_status_name": "NONE", "denies": 11, "player_slot": 131, "deaths": 7, "account_id": 88719902, "item_5": 65, "item_3": 88, "item_0_name": "Shadow Blade", "item_3_name": "Ring of Basilius", "item_2_name": "Power Treads", "last_hits": 122, "item_1_name": "Ultimate Orb", "xp_per_min": 523}, {"item_5_name": "Iron Branch", "item_2": 16, "assists": 8, "item_4": 16, "item_4_name": "Iron Branch", "leaver_status": 0, "leaver_status_description": "finished match, no abandon", "item_1": 29, "kills": 4, "hero_name": "Lion", "hero_id": 26, "level": 11, "item_0": 1, "gold_per_min": 206, "leaver_status_name": "NONE", "denies": 1, "player_slot": 132, "deaths": 7, "account_id": 6922000, "item_5": 16, "item_3": 188, "item_0_name": "Blink Dagger", "item_3_name": "Smoke of Deceit", "item_2_name": "Iron Branch", "last_hits": 21, "item_1_name": "Boots of Speed", "xp_per_min": 262}], "lobby_name": "Practice", "match_id": 168836815, "match_seq_num": 152579399, "radiant_team_complete": 0, "dire_name": "Kaipi", "first_blood_time": 0, "tower_status_dire": 0, "barracks_status_radiant": 63, "picks_bans": [{"hero_id": 55, "team": 0, "is_pick": false, "order": 0}, {"hero_id": 91, "team": 1, "is_pick": false, "order": 1}, {"hero_id": 88, "team": 0, "is_pick": false, "order": 2}, {"hero_id": 65, "team": 1, "is_pick": false, "order": 3}, {"hero_id": 90, "team": 0, "is_pick": true, "order": 4}, {"hero_id": 97, "team": 1, "is_pick": true, "order": 5}, {"hero_id": 12, "team": 1, "is_pick": true, "order": 6}, {"hero_id": 80, "team": 0, "is_pick": true, "order": 7}, {"hero_id": 79, "team": 0, "is_pick": true, "order": 8}, {"hero_id": 53, "team": 1, "is_pick": true, "order": 9}, {"hero_id": 3, "team": 0, "is_pick": false, "order": 10}, {"hero_id": 51, "team": 1, "is_pick": false, "order": 11}, {"hero_id": 40, "team": 0, "is_pick": false, "order": 12}, {"hero_id": 8, "team": 1, "is_pick": false, "order": 13}, {"hero_id": 86, "team": 0, "is_pick": false, "order": 14}, {"hero_id": 72, "team": 1, "is_pick": false, "order": 15}, {"hero_id": 54, "team": 0, "is_pick": true, "order": 16}, {"hero_id": 92, "team": 1, "is_pick": true, "order": 17}, {"hero_id": 17, "team": 0, "is_pick": true, "order": 18}, {"hero_id": 26, "team": 1, "is_pick": true, "order": 19}], "game_mode_name": "Captains Mode", "radiant_logo": 921253447668725714, "game_mode": 2, "radiant_score": 0, "engine": 0, "pre_game_duration": 0, "dire_team_complete": 0, "cluster": 132, "negative_votes": 41, "radiant_win": true, "radiant_team_id": 293390, "dire_score": 0, "human_players": 10, "radiant_name": "Radical Online X-tremists", "leagueid": 65003, "barracks_status_dire": 0, "start_time": 1365455203}