{"picks_bans": [{"order": 0, "team": 0, "is_pick": false, "hero_id": 55}, {"order": 1, "team": 1, "is_pick": false, "hero_id": 91}, {"order": 2, "team": 0, "is_pick": false, "hero_id": 65}, {"order": 3, "team": 1, "is_pick": false, "hero_id": 90}, {"order": 4, "team": 0, "is_pick": true, "hero_id": 88}, {"order": 5, "team": 1, "is_pick": true, "hero_id": 54}, {"order": 6, "team": 1, "is_pick": true, "hero_id": 80}, {"order": 7, "team": 0, "is_pick": true, "hero_id": 66}, {"order": 8, "team": 0, "is_pick": true, "hero_id": 53}, {"order": 9, "team": 1, "is_pick": true, "hero_id": 97}, {"order": 10, "team": 0, "is_pick": false, "hero_id": 52}, {"order": 11, "team": 1, "is_pick": false, "hero_id": 39}, {"order": 12, "team": 0, "is_pick": false, "hero_id": 25}, {"order": 13, "team": 1, "is_pick": false, "hero_id": 17}, {"order": 14, "team": 0, "is_pick": false, "hero_id": 68}, {"order": 15, "team": 1, "is_pick": false, "hero_id": 73}, {"order": 16, "team": 0, "is_pick": true, "hero_id": 86}, {"order": 17, "team": 1, "is_pick": true, "hero_id": 64}, {"order": 18, "team": 0, "is_pick": true, "hero_id": 67}, {"order": 19, "team": 1, "is_pick": true, "hero_id": 85}], "radiant_team_id": 111474, "lobby_type": 1, "cluster": 122, "match_id": 176096774, "first_blood_time": 218, "players": [{"leaver_status_description": "finished match, no abandon", "kills": 2, "assists": 2, "item_2": 0, "hero_name": "Nyx Assassin", "item_3_name": "Arcane Boots", "gold_per_min": 244, "item_5": 46, "denies": 6, "item_4": 0, "hero_id": 88, "leaver_status_name": "NONE", "deaths": 6, "item_0_name": "Bottle", "last_hits": 60, "xp_per_min": 283, "item_1": 36, "level": 11, "item_1_name": "Magic Wand", "item_5_name": "Town Portal Scroll", "item_0": 41, "item_3": 180, "player_slot": 0, "leaver_status": 0, "account_id": 41231571}, {"item_2_name": "Smoke of Deceit", "leaver_status_description": "player DC, no abandon", "kills": 1, "assists": 3, "item_2": 188, "hero_name": "Chen", "item_3_name": "Mekansm", "gold_per_min": 225, "item_5": 42, "denies": 0, "item_4": 0, "hero_id": 66, "leaver_status_name": "DISCONNECTED", "deaths": 5, "item_0_name": "Ring of Basilius", "last_hits": 86, "xp_per_min": 212, "item_1": 29, "level": 9, "item_1_name": "Boots of Speed", "item_5_name": "Observer Ward", "item_0": 88, "item_3": 79, "player_slot": 1, "leaver_status": 1, "account_id": 41288955}, {"item_2_name": "Iron Branch", "leaver_status_description": "player DC, no abandon", "item_4_name": "Stout Shield", "kills": 1, "assists": 2, "item_2": 16, "hero_name": "Spectre", "item_3_name": "Tranquil Boots", "gold_per_min": 328, "item_5": 73, "denies": 20, "item_4": 182, "hero_id": 67, "leaver_status_name": "DISCONNECTED", "deaths": 2, "item_0_name": "Radiance", "last_hits": 117, "xp_per_min": 354, "item_1": 34, "level": 12, "item_1_name": "Magic Stick", "item_5_name": "Bracer", "item_0": 137, "item_3": 214, "player_slot": 2, "leaver_status": 1, "account_id": 101495620}, {"item_2_name": "Gauntlets of Strength", "leaver_status_description": "player DC, no abandon", "item_4_name": "Town Portal Scroll", "kills": 0, "assists": 3, "item_2": 13, "hero_name": "Rubick", "item_3_name": "Magic Wand", "gold_per_min": 164, "item_5": 42, "denies": 5, "item_4": 46, "hero_id": 86, "leaver_status_name": "DISCONNECTED", "deaths": 4, "item_0_name": "Arcane Boots", "last_hits": 34, "xp_per_min": 214, "item_1": 13, "level": 9, "item_1_name": "Gauntlets of Strength", "item_5_name": "Observer Ward", "item_0": 180, "item_3": 36, "player_slot": 3, "leaver_status": 1, "account_id": 3916428}, {"item_2_name": "Hand of Midas", "leaver_status_description": "player DC, no abandon", "kills": 1, "assists": 4, "item_2": 65, "hero_name": "Nature's Prophet", "item_3_name": "Ring of Basilius", "gold_per_min": 305, "item_5": 0, "denies": 5, "item_4": 0, "hero_id": 53, "leaver_status_name": "DISCONNECTED", "deaths": 3, "item_0_name": "Shadow Blade", "last_hits": 85, "xp_per_min": 331, "item_1": 63, "level": 12, "item_1_name": "Power Treads", "item_0": 152, "item_3": 88, "player_slot": 4, "leaver_status": 1, "account_id": 76482434}, {"item_2_name": "Bracer", "leaver_status_description": "finished match, no abandon", "item_4_name": "Vitality Booster", "kills": 4, "assists": 11, "item_2": 73, "hero_name": "Undying", "item_3_name": "Boots of Speed", "gold_per_min": 356, "item_5": 42, "denies": 3, "item_4": 61, "hero_id": 85, "leaver_status_name": "NONE", "deaths": 2, "item_0_name": "Magic Wand", "last_hits": 43, "xp_per_min": 341, "item_1": 79, "level": 12, "item_1_name": "Mekansm", "item_5_name": "Observer Ward", "item_0": 36, "item_3": 29, "player_slot": 128, "leaver_status": 0, "account_id": 38515149}, {"item_2_name": "Magic Stick", "leaver_status_description": "finished match, no abandon", "kills": 3, "assists": 11, "item_2": 34, "hero_name": "Jakiro", "item_3_name": "Arcane Boots", "gold_per_min": 315, "item_5": 92, "denies": 0, "item_4": 0, "hero_id": 64, "leaver_status_name": "NONE", "deaths": 2, "item_0_name": "Sentry Ward", "last_hits": 16, "xp_per_min": 294, "item_1": 190, "level": 11, "item_1_name": "Veil of Discord", "item_5_name": "Urn of Shadows", "item_0": 43, "item_3": 180, "player_slot": 129, "leaver_status": 0, "account_id": 5448108}, {"item_2_name": "Iron Branch", "leaver_status_description": "finished match, no abandon", "item_4_name": "Tranquil Boots", "kills": 2, "assists": 7, "item_2": 16, "hero_name": "Lone Druid", "additional_units": [{"item_4": 51, "item_5": 50, "item_0": 151, "item_3": 88, "unitname": "spirit_bear", "item_2": 181, "item_1": 182}], "item_3_name": "Iron Branch", "gold_per_min": 581, "item_5": 0, "denies": 13, "item_4": 214, "hero_id": 80, "leaver_status_name": "NONE", "deaths": 1, "item_0_name": "Town Portal Scroll", "last_hits": 107, "xp_per_min": 387, "item_1": 34, "level": 13, "item_1_name": "Magic Stick", "item_0": 46, "item_3": 16, "player_slot": 130, "leaver_status": 0, "account_id": 40547474}, {"item_2_name": "Phase Boots", "leaver_status_description": "finished match, no abandon", "item_4_name": "Armlet of Mordiggian", "kills": 6, "assists": 8, "item_2": 50, "hero_name": "Lifestealer", "item_3_name": "Orchid Malevolence", "gold_per_min": 588, "item_5": 46, "denies": 5, "item_4": 151, "hero_id": 54, "leaver_status_name": "NONE", "deaths": 0, "item_0_name": "Sange and Yasha", "last_hits": 133, "xp_per_min": 454, "item_1": 0, "level": 14, "item_5_name": "Town Portal Scroll", "item_0": 154, "item_3": 98, "player_slot": 131, "leaver_status": 0, "account_id": 87276347}, {"item_2_name": "Magic Wand", "leaver_status_description": "finished match, no abandon", "item_4_name": "Bottle", "kills": 5, "assists": 8, "item_2": 36, "hero_name": "Magnus", "item_3_name": "Drum of Endurance", "gold_per_min": 509, "item_5": 69, "denies": 4, "item_4": 41, "hero_id": 97, "leaver_status_name": "NONE", "deaths": 1, "item_0_name": "Arcane Boots", "last_hits": 109, "xp_per_min": 486, "item_1": 1, "level": 14, "item_1_name": "Blink Dagger", "item_5_name": "Perseverance", "item_0": 180, "item_3": 185, "player_slot": 132, "leaver_status": 0, "account_id": 10366616}], "duration": 1432, "tower_status_dire": 1980, "dire_logo": 558722001460412650, "negative_votes": 6, "radiant_win": false, "radiant_name": "Alliance", "positive_votes": 46, "radiant_score": 0, "cluster_name": "US East", "dire_team_id": 142, "radiant_team_complete": 1, "game_mode": 2, "game_mode_name": "Captains Mode", "tower_status_radiant": 0, "dire_team_complete": 1, "flags": 0, "barracks_status_radiant": 0, "pre_game_duration": 0, "start_time": 1366317894, "barracks_status_dire": 63, "leagueid": 33, "match_seq_num": 158788740, "radiant_logo": 392172445572106046, "dire_name": "Team Dignitas", "lobby_name": "Practice", "human_players": 10, "dire_score": 0, "engine": 0}