{"tower_status_radiant": 1958, "flags": 0, "radiant_team_complete": 0, "game_mode": 2, "radiant_score": 0, "match_id": 178553687, "lobby_name": "Practice", "dire_logo": 451783905032671206, "pre_game_duration": 0, "radiant_name": "Evil Geniuses", "match_seq_num": 160908071, "dire_team_complete": 1, "start_time": 1366573235, "radiant_win": true, "positive_votes": 39, "leagueid": 32, "duration": 2532, "dire_score": 0, "lobby_type": 1, "cluster": 122, "engine": 0, "barracks_status_dire": 51, "barracks_status_radiant": 63, "cluster_name": "US East", "first_blood_time": 320, "radiant_team_id": 39, "radiant_logo": 631980045785959337, "human_players": 10, "game_mode_name": "Captains Mode", "tower_status_dire": 1796, "players": [{"item_2": 46, "assists": 9, "leaver_status": 0, "item_1": 96, "item_0": 152, "item_0_name": "Shadow Blade", "leaver_status_description": "finished match, no abandon", "level": 18, "player_slot": 0, "leaver_status_name": "NONE", "hero_id": 53, "last_hits": 231, "kills": 1, "account_id": 59457413, "item_3_name": "Mekansm", "item_4": 65, "item_3": 79, "item_4_name": "Hand of Midas", "item_5": 63, "xp_per_min": 445, "item_5_name": "Power Treads", "hero_name": "Nature's Prophet", "gold_per_min": 424, "deaths": 2, "denies": 2, "item_2_name": "Town Portal Scroll", "item_1_name": "Scythe of Vyse"}, {"item_2": 139, "assists": 7, "leaver_status": 0, "item_1": 116, "item_0": 147, "item_0_name": "Manta Style", "leaver_status_description": "finished match, no abandon", "level": 24, "player_slot": 1, "leaver_status_name": "NONE", "hero_id": 48, "last_hits": 323, "kills": 13, "account_id": 87360406, "item_3_name": "Gem of True Sight", "item_4": 214, "item_3": 30, "item_4_name": "Tranquil Boots", "item_5": 185, "xp_per_min": 715, "item_5_name": "Drum of Endurance", "hero_name": "Luna", "gold_per_min": 597, "deaths": 2, "denies": 11, "item_2_name": "Butterfly", "item_1_name": "Black King Bar"}, {"item_2": 133, "assists": 10, "leaver_status": 0, "item_1": 102, "item_0": 1, "item_0_name": "Blink Dagger", "leaver_status_description": "finished match, no abandon", "level": 21, "player_slot": 2, "leaver_status_name": "NONE", "hero_id": 34, "last_hits": 191, "kills": 10, "account_id": 85805514, "item_3_name": "Boots of Travel", "item_4": 133, "item_3": 48, "item_4_name": "Divine Rapier", "item_5": 178, "xp_per_min": 560, "item_5_name": "Soul Ring", "hero_name": "Tinker", "gold_per_min": 459, "deaths": 2, "denies": 8, "item_2_name": "Divine Rapier", "item_1_name": "Force Staff"}, {"item_2": 21, "assists": 7, "leaver_status": 0, "item_1": 41, "item_0": 1, "item_0_name": "Blink Dagger", "leaver_status_description": "finished match, no abandon", "level": 15, "player_slot": 3, "leaver_status_name": "NONE", "hero_id": 97, "last_hits": 93, "kills": 3, "account_id": 20321748, "item_3_name": "Magic Stick", "item_4": 46, "item_3": 34, "item_4_name": "Town Portal Scroll", "item_5": 180, "xp_per_min": 294, "item_5_name": "Arcane Boots", "hero_name": "Magnus", "gold_per_min": 255, "deaths": 8, "denies": 7, "item_2_name": "Ogre Club", "item_1_name": "Bottle"}, {"item_2": 42, "assists": 14, "leaver_status": 0, "item_1": 180, "item_0": 1, "item_0_name": "Blink Dagger", "leaver_status_description": "finished match, no abandon", "level": 14, "player_slot": 4, "leaver_status_name": "NONE", "hero_id": 88, "last_hits": 32, "kills": 2, "account_id": 87177591, "item_4": 46, "item_3": 0, "item_4_name": "Town Portal Scroll", "item_5": 36, "xp_per_min": 270, "item_5_name": "Magic Wand", "hero_name": "Nyx Assassin", "gold_per_min": 194, "deaths": 4, "denies": 3, "item_2_name": "Observer Ward", "item_1_name": "Arcane Boots"}, {"item_2": 164, "assists": 4, "leaver_status": 1, "item_1": 185, "item_0": 36, "item_0_name": "Magic Wand", "leaver_status_description": "player DC, no abandon", "level": 18, "player_slot": 128, "leaver_status_name": "DISCONNECTED", "hero_id": 72, "last_hits": 284, "kills": 3, "account_id": 67601693, "item_4": 63, "item_3": 0, "item_4_name": "Power Treads", "item_5": 116, "xp_per_min": 419, "item_5_name": "Black King Bar", "hero_name": "Gyrocopter", "gold_per_min": 464, "deaths": 6, "denies": 26, "item_2_name": "Helm of the Dominator", "item_1_name": "Drum of Endurance"}, {"item_2": 21, "assists": 5, "leaver_status": 1, "item_1": 151, "item_0": 152, "item_0_name": "Shadow Blade", "leaver_status_description": "player DC, no abandon", "level": 18, "player_slot": 129, "leaver_status_name": "DISCONNECTED", "hero_id": 60, "last_hits": 106, "kills": 8, "account_id": 1185644, "item_3_name": "Power Treads", "item_4": 46, "item_3": 63, "item_4_name": "Town Portal Scroll", "item_5": 0, "xp_per_min": 423, "hero_name": "Night Stalker", "gold_per_min": 297, "deaths": 9, "denies": 5, "item_2_name": "Ogre Club", "item_1_name": "Armlet of Mordiggian"}, {"item_2": 180, "assists": 7, "leaver_status": 1, "item_1": 36, "item_0": 92, "item_0_name": "Urn of Shadows", "leaver_status_description": "player DC, no abandon", "level": 13, "player_slot": 130, "leaver_status_name": "DISCONNECTED", "hero_id": 86, "last_hits": 70, "kills": 1, "account_id": 41470731, "item_3_name": "Town Portal Scroll", "item_4": 41, "item_3": 46, "item_4_name": "Bottle", "item_5": 31, "xp_per_min": 243, "item_5_name": "Cloak", "hero_name": "Rubick", "gold_per_min": 193, "deaths": 6, "denies": 1, "item_2_name": "Arcane Boots", "item_1_name": "Magic Wand"}, {"item_2": 36, "assists": 5, "leaver_status": 1, "item_1": 7, "item_0": 63, "item_0_name": "Power Treads", "leaver_status_description": "player DC, no abandon", "level": 18, "player_slot": 131, "leaver_status_name": "DISCONNECTED", "hero_id": 63, "last_hits": 164, "kills": 5, "account_id": 30237211, "item_3_name": "Town Portal Scroll", "item_4": 123, "item_3": 46, "item_4_name": "Linken's Sphere", "item_5": 51, "xp_per_min": 430, "item_5_name": "Demon Edge", "hero_name": "Weaver", "gold_per_min": 336, "deaths": 3, "denies": 16, "item_2_name": "Magic Wand", "item_1_name": "Javelin"}, {"item_2": 24, "assists": 4, "leaver_status": 1, "item_1": 42, "item_0": 79, "item_0_name": "Mekansm", "leaver_status_description": "player DC, no abandon", "level": 13, "player_slot": 132, "leaver_status_name": "DISCONNECTED", "hero_id": 90, "last_hits": 118, "kills": 1, "account_id": 86715129, "item_4": 29, "item_3": 0, "item_4_name": "Boots of Speed", "item_5": 34, "xp_per_min": 236, "item_5_name": "Magic Stick", "hero_name": "Keeper of the Light", "gold_per_min": 227, "deaths": 5, "denies": 0, "item_2_name": "Ultimate Orb", "item_1_name": "Observer Ward"}], "dire_team_id": 2163, "picks_bans": [{"order": 0, "is_pick": false, "hero_id": 80, "team": 0}, {"order": 1, "is_pick": false, "hero_id": 91, "team": 1}, {"order": 2, "is_pick": false, "hero_id": 54, "team": 0}, {"order": 3, "is_pick": false, "hero_id": 65, "team": 1}, {"order": 4, "is_pick": true, "hero_id": 88, "team": 0}, {"order": 5, "is_pick": true, "hero_id": 90, "team": 1}, {"order": 6, "is_pick": true, "hero_id": 86, "team": 1}, {"order": 7, "is_pick": true, "hero_id": 97, "team": 0}, {"order": 8, "is_pick": true, "hero_id": 53, "team": 0}, {"order": 9, "is_pick": true, "hero_id": 72, "team": 1}, {"order": 10, "is_pick": false, "hero_id": 13, "team": 0}, {"order": 11, "is_pick": false, "hero_id": 66, "team": 1}, {"order": 12, "is_pick": false, "hero_id": 51, "team": 0}, {"order": 13, "is_pick": false, "hero_id": 1, "team": 1}, {"order": 14, "is_pick": false, "hero_id": 8, "team": 0}, {"order": 15, "is_pick": false, "hero_id": 12, "team": 1}, {"order": 16, "is_pick": true, "hero_id": 34, "team": 0}, {"order": 17, "is_pick": true, "hero_id": 60, "team": 1}, {"order": 18, "is_pick": true, "hero_id": 48, "team": 0}, {"order": 19, "is_pick": true, "hero_id": 63, "team": 1}], "dire_name": "Team Liquid", "negative_votes": 2}