{"tower_status_radiant": 1975, "flags": 0, "radiant_team_complete": 1, "game_mode": 2, "radiant_score": 0, "match_id": 188884101, "lobby_name": "Practice", "dire_logo": 541924293718462159, "pre_game_duration": 0, "radiant_name": "Team Liquid", "match_seq_num": 169752548, "dire_team_complete": 1, "start_time": 1367760244, "radiant_win": true, "positive_votes": 327, "leagueid": 41, "duration": 2032, "dire_score": 0, "lobby_type": 1, "cluster": 122, "engine": 0, "barracks_status_dire": 60, "barracks_status_radiant": 63, "cluster_name": "US East", "first_blood_time": 307, "radiant_team_id": 2163, "radiant_logo": 451783905032671206, "human_players": 10, "game_mode_name": "Captains Mode", "tower_status_dire": 1824, "players": [{"item_2": 117, "assists": 3, "leaver_status": 0, "item_1": 112, "item_0": 36, "item_0_name": "Magic Wand", "leaver_status_description": "finished match, no abandon", "level": 18, "player_slot": 0, "leaver_status_name": "NONE", "hero_id": 54, "last_hits": 204, "kills": 6, "account_id": 67601693, "item_3_name": "Armlet of Mordiggian", "item_4": 63, "item_3": 151, "item_4_name": "Power Treads", "item_5": 143, "xp_per_min": 526, "item_5_name": "Skull Basher", "hero_name": "Lifestealer", "gold_per_min": 483, "deaths": 1, "denies": 28, "item_2_name": "Aegis of the Immortal", "item_1_name": "Assault Cuirass"}, {"item_2": 37, "assists": 9, "leaver_status": 0, "item_1": 96, "item_0": 102, "item_0_name": "Force Staff", "leaver_status_description": "finished match, no abandon", "level": 16, "player_slot": 1, "leaver_status_name": "NONE", "hero_id": 101, "last_hits": 114, "kills": 8, "account_id": 1185644, "item_3_name": "Arcane Boots", "item_4": 36, "item_3": 180, "item_4_name": "Magic Wand", "item_5": 46, "xp_per_min": 442, "item_5_name": "Town Portal Scroll", "hero_name": "Skywrath Mage", "gold_per_min": 402, "deaths": 1, "denies": 29, "item_2_name": "Ghost Scepter", "item_1_name": "Scythe of Vyse"}, {"item_2": 36, "assists": 7, "leaver_status": 0, "item_1": 79, "item_0": 92, "item_0_name": "Urn of Shadows", "leaver_status_description": "finished match, no abandon", "level": 14, "player_slot": 2, "leaver_status_name": "NONE", "hero_id": 52, "last_hits": 48, "kills": 5, "account_id": 41470731, "item_3_name": "Power Treads", "item_4": 37, "item_3": 63, "item_4_name": "Ghost Scepter", "item_5": 40, "xp_per_min": 348, "item_5_name": "Dust of Appearance", "hero_name": "Leshrac", "gold_per_min": 275, "deaths": 2, "denies": 2, "item_2_name": "Magic Wand", "item_1_name": "Mekansm"}, {"item_2": 127, "assists": 13, "leaver_status": 0, "item_1": 41, "item_0": 63, "item_0_name": "Power Treads", "leaver_status_description": "finished match, no abandon", "level": 15, "player_slot": 3, "leaver_status_name": "NONE", "hero_id": 51, "last_hits": 92, "kills": 6, "account_id": 30237211, "item_3_name": "Magic Wand", "item_4": 60, "item_3": 36, "item_4_name": "Point Booster", "item_5": 37, "xp_per_min": 374, "item_5_name": "Ghost Scepter", "hero_name": "Clockwerk", "gold_per_min": 353, "deaths": 2, "denies": 11, "item_2_name": "Blade Mail", "item_1_name": "Bottle"}, {"item_2": 180, "assists": 10, "leaver_status": 1, "item_1": 46, "item_0": 0, "leaver_status_description": "player DC, no abandon", "level": 10, "player_slot": 4, "leaver_status_name": "DISCONNECTED", "hero_id": 79, "last_hits": 13, "kills": 0, "account_id": 86715129, "item_4": 0, "item_3": 0, "item_5": 36, "xp_per_min": 175, "item_5_name": "Magic Wand", "hero_name": "Shadow Demon", "gold_per_min": 161, "deaths": 3, "denies": 2, "item_2_name": "Arcane Boots", "item_1_name": "Town Portal Scroll"}, {"item_2": 0, "assists": 6, "leaver_status": 1, "item_1": 42, "item_0": 180, "item_0_name": "Arcane Boots", "leaver_status_description": "player DC, no abandon", "level": 9, "player_slot": 128, "leaver_status_name": "DISCONNECTED", "hero_id": 40, "last_hits": 52, "kills": 0, "account_id": 90793520, "item_3_name": "Magic Wand", "item_4": 188, "item_3": 36, "item_4_name": "Smoke of Deceit", "item_5": 46, "xp_per_min": 156, "item_5_name": "Town Portal Scroll", "hero_name": "Venomancer", "gold_per_min": 158, "deaths": 5, "denies": 3, "item_1_name": "Observer Ward"}, {"item_2": 0, "assists": 1, "leaver_status": 1, "item_1": 21, "item_0": 63, "item_0_name": "Power Treads", "leaver_status_description": "player DC, no abandon", "level": 11, "player_slot": 129, "leaver_status_name": "DISCONNECTED", "hero_id": 3, "last_hits": 24, "kills": 1, "account_id": 90180366, "item_3_name": "Magic Wand", "item_4": 46, "item_3": 36, "item_4_name": "Town Portal Scroll", "item_5": 73, "xp_per_min": 203, "item_5_name": "Bracer", "hero_name": "Bane", "gold_per_min": 147, "deaths": 4, "denies": 15, "item_1_name": "Ogre Club"}, {"item_2": 41, "assists": 4, "leaver_status": 1, "item_1": 16, "item_0": 182, "item_0_name": "Stout Shield", "leaver_status_description": "player DC, no abandon", "level": 11, "player_slot": 130, "leaver_status_name": "DISCONNECTED", "hero_id": 97, "last_hits": 57, "kills": 0, "account_id": 89326318, "item_3_name": "Arcane Boots", "item_4": 0, "item_3": 180, "item_5": 46, "xp_per_min": 198, "item_5_name": "Town Portal Scroll", "hero_name": "Magnus", "gold_per_min": 161, "deaths": 7, "denies": 3, "item_2_name": "Bottle", "item_1_name": "Iron Branch"}, {"item_2": 116, "assists": 3, "leaver_status": 1, "item_1": 170, "item_0": 46, "item_0_name": "Town Portal Scroll", "leaver_status_description": "player DC, no abandon", "level": 15, "player_slot": 131, "leaver_status_name": "DISCONNECTED", "hero_id": 72, "last_hits": 170, "kills": 2, "account_id": 87201671, "item_3_name": "Helm of the Dominator", "item_4": 20, "item_3": 164, "item_4_name": "Circlet", "item_5": 63, "xp_per_min": 352, "item_5_name": "Power Treads", "hero_name": "Gyrocopter", "gold_per_min": 334, "deaths": 4, "denies": 8, "item_2_name": "Black King Bar", "item_1_name": "Yasha"}, {"item_2": 1, "assists": 2, "leaver_status": 1, "item_1": 116, "item_0": 50, "item_0_name": "Phase Boots", "leaver_status_description": "player DC, no abandon", "level": 14, "player_slot": 132, "leaver_status_name": "DISCONNECTED", "hero_id": 46, "last_hits": 127, "kills": 6, "account_id": 86750262, "item_3_name": "Town Portal Scroll", "item_4": 36, "item_3": 46, "item_4_name": "Magic Wand", "item_5": 41, "xp_per_min": 343, "item_5_name": "Bottle", "hero_name": "Templar Assassin", "gold_per_min": 324, "deaths": 5, "denies": 19, "item_2_name": "Blink Dagger", "item_1_name": "Black King Bar"}], "dire_team_id": 46, "picks_bans": [{"order": 0, "is_pick": false, "hero_id": 90, "team": 0}, {"order": 1, "is_pick": false, "hero_id": 65, "team": 1}, {"order": 2, "is_pick": false, "hero_id": 91, "team": 0}, {"order": 3, "is_pick": false, "hero_id": 88, "team": 1}, {"order": 4, "is_pick": true, "hero_id": 54, "team": 0}, {"order": 5, "is_pick": true, "hero_id": 3, "team": 1}, {"order": 6, "is_pick": true, "hero_id": 97, "team": 1}, {"order": 7, "is_pick": true, "hero_id": 79, "team": 0}, {"order": 8, "is_pick": true, "hero_id": 51, "team": 0}, {"order": 9, "is_pick": true, "hero_id": 72, "team": 1}, {"order": 10, "is_pick": false, "hero_id": 55, "team": 0}, {"order": 11, "is_pick": false, "hero_id": 17, "team": 1}, {"order": 12, "is_pick": false, "hero_id": 53, "team": 0}, {"order": 13, "is_pick": false, "hero_id": 39, "team": 1}, {"order": 14, "is_pick": false, "hero_id": 62, "team": 0}, {"order": 15, "is_pick": false, "hero_id": 13, "team": 1}, {"order": 16, "is_pick": true, "hero_id": 52, "team": 0}, {"order": 17, "is_pick": true, "hero_id": 40, "team": 1}, {"order": 18, "is_pick": true, "hero_id": 101, "team": 0}, {"order": 19, "is_pick": true, "hero_id": 46, "team": 1}], "dire_name": "Team Empire", "negative_votes": 32}