{"tower_status_radiant": 32, "flags": 0, "radiant_team_complete": 1, "game_mode": 2, "radiant_score": 0, "match_id": 193232698, "lobby_name": "Practice", "dire_logo": 921253447668725714, "pre_game_duration": 0, "radiant_name": "Team Empire", "match_seq_num": 173680830, "dire_team_complete": 1, "start_time": 1368288990, "radiant_win": false, "positive_votes": 212, "leagueid": 41, "duration": 2230, "dire_score": 0, "lobby_type": 1, "cluster": 133, "engine": 0, "barracks_status_dire": 63, "barracks_status_radiant": 12, "cluster_name": "Europe West", "first_blood_time": 343, "radiant_team_id": 46, "radiant_logo": 541924293718462159, "human_players": 10, "game_mode_name": "Captains Mode", "tower_status_dire": 2038, "players": [{"item_2": 42, "assists": 11, "leaver_status": 1, "item_1": 188, "item_0": 29, "item_0_name": "Boots of Speed", "leaver_status_description": "player DC, no abandon", "level": 14, "player_slot": 0, "leaver_status_name": "DISCONNECTED", "hero_id": 86, "last_hits": 44, "kills": 1, "account_id": 90793520, "item_3_name": "Magic Wand", "item_4": 73, "item_3": 36, "item_4_name": "Bracer", "item_5": 0, "xp_per_min": 292, "hero_name": "Rubick", "gold_per_min": 200, "deaths": 12, "denies": 4, "item_2_name": "Observer Ward", "item_1_name": "Smoke of Deceit"}, {"item_2": 63, "assists": 9, "leaver_status": 1, "item_1": 46, "item_0": 102, "item_0_name": "Force Staff", "leaver_status_description": "player DC, no abandon", "level": 14, "player_slot": 1, "leaver_status_name": "DISCONNECTED", "hero_id": 25, "last_hits": 64, "kills": 7, "account_id": 90180366, "item_3_name": "Magic Wand", "item_4": 73, "item_3": 36, "item_4_name": "Bracer", "item_5": 73, "xp_per_min": 295, "item_5_name": "Bracer", "hero_name": "Lina", "gold_per_min": 237, "deaths": 6, "denies": 2, "item_2_name": "Power Treads", "item_1_name": "Town Portal Scroll"}, {"item_2": 1, "assists": 10, "leaver_status": 1, "item_1": 41, "item_0": 79, "item_0_name": "Mekansm", "leaver_status_description": "player DC, no abandon", "level": 14, "player_slot": 2, "leaver_status_name": "DISCONNECTED", "hero_id": 97, "last_hits": 105, "kills": 5, "account_id": 86750262, "item_4": 36, "item_3": 0, "item_4_name": "Magic Wand", "item_5": 180, "xp_per_min": 280, "item_5_name": "Arcane Boots", "hero_name": "Magnus", "gold_per_min": 260, "deaths": 7, "denies": 14, "item_2_name": "Blink Dagger", "item_1_name": "Bottle"}, {"item_2": 166, "assists": 4, "leaver_status": 1, "item_1": 11, "item_0": 116, "item_0_name": "Black King Bar", "leaver_status_description": "player DC, no abandon", "level": 17, "player_slot": 3, "leaver_status_name": "DISCONNECTED", "hero_id": 41, "last_hits": 175, "kills": 2, "account_id": 87201671, "item_3_name": "Power Treads", "item_4": 0, "item_3": 63, "item_5": 71, "xp_per_min": 438, "item_5_name": "Poor Man's Shield", "hero_name": "Faceless Void", "gold_per_min": 351, "deaths": 5, "denies": 24, "item_2_name": "Maelstrom", "item_1_name": "Quelling Blade"}, {"item_2": 92, "assists": 9, "leaver_status": 1, "item_1": 34, "item_0": 63, "item_0_name": "Power Treads", "leaver_status_description": "player DC, no abandon", "level": 15, "player_slot": 4, "leaver_status_name": "DISCONNECTED", "hero_id": 51, "last_hits": 70, "kills": 5, "account_id": 89326318, "item_3_name": "Headdress", "item_4": 131, "item_3": 94, "item_4_name": "Hood of Defiance", "item_5": 0, "xp_per_min": 346, "hero_name": "Clockwerk", "gold_per_min": 227, "deaths": 4, "denies": 8, "item_2_name": "Urn of Shadows", "item_1_name": "Magic Stick"}, {"item_2": 170, "assists": 14, "leaver_status": 1, "item_1": 116, "item_0": 50, "item_0_name": "Phase Boots", "leaver_status_description": "player DC, no abandon", "level": 21, "player_slot": 128, "leaver_status_name": "DISCONNECTED", "hero_id": 72, "last_hits": 254, "kills": 15, "account_id": 96196828, "item_3_name": "Satanic", "item_4": 46, "item_3": 156, "item_4_name": "Town Portal Scroll", "item_5": 139, "xp_per_min": 649, "item_5_name": "Butterfly", "hero_name": "Gyrocopter", "gold_per_min": 690, "deaths": 4, "denies": 41, "item_2_name": "Yasha", "item_1_name": "Black King Bar"}, {"item_2": 34, "assists": 16, "leaver_status": 1, "item_1": 79, "item_0": 96, "item_0_name": "Scythe of Vyse", "leaver_status_description": "player DC, no abandon", "level": 19, "player_slot": 129, "leaver_status_name": "DISCONNECTED", "hero_id": 55, "last_hits": 132, "kills": 7, "account_id": 89782335, "item_3_name": "Town Portal Scroll", "item_4": 9, "item_3": 46, "item_4_name": "Platemail", "item_5": 29, "xp_per_min": 540, "item_5_name": "Boots of Speed", "hero_name": "Dark Seer", "gold_per_min": 430, "deaths": 7, "denies": 1, "item_2_name": "Magic Stick", "item_1_name": "Mekansm"}, {"item_2": 100, "assists": 13, "leaver_status": 0, "item_1": 108, "item_0": 63, "item_0_name": "Power Treads", "leaver_status_description": "finished match, no abandon", "level": 20, "player_slot": 130, "leaver_status_name": "NONE", "hero_id": 74, "last_hits": 136, "kills": 6, "account_id": 86716947, "item_3_name": "Magic Wand", "item_4": 1, "item_3": 36, "item_4_name": "Blink Dagger", "item_5": 185, "xp_per_min": 581, "item_5_name": "Drum of Endurance", "hero_name": "Invoker", "gold_per_min": 434, "deaths": 1, "denies": 27, "item_2_name": "Eul's Scepter of Divinity", "item_1_name": "Aghanim's Scepter"}, {"item_2": 92, "assists": 15, "leaver_status": 0, "item_1": 180, "item_0": 36, "item_0_name": "Magic Wand", "leaver_status_description": "finished match, no abandon", "level": 14, "player_slot": 131, "leaver_status_name": "NONE", "hero_id": 79, "last_hits": 22, "kills": 3, "account_id": 11550182, "item_4": 0, "item_3": 0, "item_5": 0, "xp_per_min": 309, "hero_name": "Shadow Demon", "gold_per_min": 243, "deaths": 3, "denies": 0, "item_2_name": "Urn of Shadows", "item_1_name": "Arcane Boots"}, {"item_2": 21, "assists": 18, "leaver_status": 1, "item_1": 34, "item_0": 46, "item_0_name": "Town Portal Scroll", "leaver_status_description": "player DC, no abandon", "level": 14, "player_slot": 132, "leaver_status_name": "DISCONNECTED", "hero_id": 16, "last_hits": 60, "kills": 3, "account_id": 76600360, "item_3_name": "Blink Dagger", "item_4": 0, "item_3": 1, "item_5": 180, "xp_per_min": 309, "item_5_name": "Arcane Boots", "hero_name": "Sand King", "gold_per_min": 282, "deaths": 7, "denies": 0, "item_2_name": "Ogre Club", "item_1_name": "Magic Stick"}], "dire_team_id": 293390, "picks_bans": [{"order": 0, "is_pick": false, "hero_id": 34, "team": 0}, {"order": 1, "is_pick": false, "hero_id": 91, "team": 1}, {"order": 2, "is_pick": false, "hero_id": 80, "team": 0}, {"order": 3, "is_pick": false, "hero_id": 65, "team": 1}, {"order": 4, "is_pick": true, "hero_id": 97, "team": 0}, {"order": 5, "is_pick": true, "hero_id": 72, "team": 1}, {"order": 6, "is_pick": true, "hero_id": 55, "team": 1}, {"order": 7, "is_pick": true, "hero_id": 86, "team": 0}, {"order": 8, "is_pick": true, "hero_id": 51, "team": 0}, {"order": 9, "is_pick": true, "hero_id": 79, "team": 1}, {"order": 10, "is_pick": false, "hero_id": 63, "team": 0}, {"order": 11, "is_pick": false, "hero_id": 54, "team": 1}, {"order": 12, "is_pick": false, "hero_id": 88, "team": 0}, {"order": 13, "is_pick": false, "hero_id": 73, "team": 1}, {"order": 14, "is_pick": false, "hero_id": 52, "team": 0}, {"order": 15, "is_pick": false, "hero_id": 12, "team": 1}, {"order": 16, "is_pick": true, "hero_id": 25, "team": 0}, {"order": 17, "is_pick": true, "hero_id": 16, "team": 1}, {"order": 18, "is_pick": true, "hero_id": 41, "team": 0}, {"order": 19, "is_pick": true, "hero_id": 74, "team": 1}], "dire_name": "Radical Online X-tremists", "negative_votes": 14}