{"tower_status_radiant": 1536, "flags": 0, "radiant_team_complete": 1, "game_mode": 2, "radiant_score": 0, "match_id": 196149733, "lobby_name": "Practice", "dire_logo": 631980045785959337, "pre_game_duration": 0, "radiant_name": "mousesports", "match_seq_num": 176329762, "dire_team_complete": 1, "start_time": 1368643228, "radiant_win": false, "positive_votes": 9163, "leagueid": 65005, "duration": 2311, "dire_score": 0, "lobby_type": 1, "cluster": 122, "engine": 0, "barracks_status_dire": 63, "barracks_status_radiant": 2, "cluster_name": "US East", "first_blood_time": 243, "radiant_team_id": 26, "radiant_logo": 531766271384850245, "human_players": 10, "game_mode_name": "Captains Mode", "tower_status_dire": 2038, "players": [{"item_2": 13, "assists": 3, "leaver_status": 1, "item_1": 36, "item_0": 29, "item_0_name": "Boots of Speed", "leaver_status_description": "player DC, no abandon", "level": 9, "player_slot": 0, "leaver_status_name": "DISCONNECTED", "hero_id": 16, "last_hits": 12, "kills": 1, "account_id": 4281729, "item_3_name": "Gauntlets of Strength", "item_4": 0, "item_3": 13, "item_5": 0, "xp_per_min": 127, "hero_name": "Sand King", "gold_per_min": 118, "deaths": 9, "denies": 8, "item_2_name": "Gauntlets of Strength", "item_1_name": "Magic Wand"}, {"item_2": 41, "assists": 1, "leaver_status": 1, "item_1": 116, "item_0": 1, "item_0_name": "Blink Dagger", "leaver_status_description": "player DC, no abandon", "level": 14, "player_slot": 1, "leaver_status_name": "DISCONNECTED", "hero_id": 65, "last_hits": 146, "kills": 2, "account_id": 86799300, "item_3_name": "Magic Wand", "item_4": 46, "item_3": 36, "item_4_name": "Town Portal Scroll", "item_5": 29, "xp_per_min": 271, "item_5_name": "Boots of Speed", "hero_name": "Batrider", "gold_per_min": 270, "deaths": 3, "denies": 12, "item_2_name": "Bottle", "item_1_name": "Black King Bar"}, {"item_2": 180, "assists": 2, "leaver_status": 1, "item_1": 41, "item_0": 79, "item_0_name": "Mekansm", "leaver_status_description": "player DC, no abandon", "level": 13, "player_slot": 2, "leaver_status_name": "DISCONNECTED", "hero_id": 55, "last_hits": 170, "kills": 0, "account_id": 86738694, "item_3_name": "Ghost Scepter", "item_4": 34, "item_3": 37, "item_4_name": "Magic Stick", "item_5": 31, "xp_per_min": 264, "item_5_name": "Cloak", "hero_name": "Dark Seer", "gold_per_min": 271, "deaths": 8, "denies": 2, "item_2_name": "Arcane Boots", "item_1_name": "Bottle"}, {"item_2": 46, "assists": 3, "leaver_status": 1, "item_1": 43, "item_0": 36, "item_0_name": "Magic Wand", "leaver_status_description": "player DC, no abandon", "level": 8, "player_slot": 3, "leaver_status_name": "DISCONNECTED", "hero_id": 52, "last_hits": 20, "kills": 0, "account_id": 31078647, "item_3_name": "Observer Ward", "item_4": 29, "item_3": 42, "item_4_name": "Boots of Speed", "item_5": 73, "xp_per_min": 99, "item_5_name": "Bracer", "hero_name": "Leshrac", "gold_per_min": 115, "deaths": 5, "denies": 0, "item_2_name": "Town Portal Scroll", "item_1_name": "Sentry Ward"}, {"item_2": 20, "assists": 1, "leaver_status": 1, "item_1": 116, "item_0": 36, "item_0_name": "Magic Wand", "leaver_status_description": "player DC, no abandon", "level": 15, "player_slot": 4, "leaver_status_name": "DISCONNECTED", "hero_id": 72, "last_hits": 198, "kills": 2, "account_id": 21289303, "item_3_name": "Town Portal Scroll", "item_4": 63, "item_3": 46, "item_4_name": "Power Treads", "item_5": 51, "xp_per_min": 322, "item_5_name": "Demon Edge", "hero_name": "Gyrocopter", "gold_per_min": 331, "deaths": 5, "denies": 9, "item_2_name": "Circlet", "item_1_name": "Black King Bar"}, {"item_2": 102, "assists": 16, "leaver_status": 0, "item_1": 180, "item_0": 1, "item_0_name": "Blink Dagger", "leaver_status_description": "finished match, no abandon", "level": 15, "player_slot": 128, "leaver_status_name": "NONE", "hero_id": 88, "last_hits": 34, "kills": 1, "account_id": 87177591, "item_4": 46, "item_3": 0, "item_4_name": "Town Portal Scroll", "item_5": 36, "xp_per_min": 323, "item_5_name": "Magic Wand", "hero_name": "Nyx Assassin", "gold_per_min": 252, "deaths": 0, "denies": 2, "item_2_name": "Force Staff", "item_1_name": "Arcane Boots"}, {"item_2": 0, "assists": 14, "leaver_status": 0, "item_1": 46, "item_0": 34, "item_0_name": "Magic Stick", "additional_units": [{"item_2": 112, "item_1": 181, "item_4": 50, "item_0": 166, "item_3": 182, "item_5": 137, "unitname": "spirit_bear"}], "leaver_status_description": "finished match, no abandon", "level": 20, "player_slot": 129, "leaver_status_name": "NONE", "hero_id": 80, "last_hits": 244, "kills": 6, "account_id": 87360406, "item_4": 214, "item_3": 0, "item_4_name": "Tranquil Boots", "item_5": 16, "xp_per_min": 545, "item_5_name": "Iron Branch", "hero_name": "Lone Druid", "gold_per_min": 567, "deaths": 0, "denies": 2, "item_1_name": "Town Portal Scroll"}, {"item_2": 108, "assists": 13, "leaver_status": 0, "item_1": 92, "item_0": 116, "item_0_name": "Black King Bar", "leaver_status_description": "finished match, no abandon", "level": 18, "player_slot": 130, "leaver_status_name": "NONE", "hero_id": 60, "last_hits": 91, "kills": 11, "account_id": 85805514, "item_3_name": "Power Treads", "item_4": 117, "item_3": 63, "item_4_name": "Aegis of the Immortal", "item_5": 30, "xp_per_min": 441, "item_5_name": "Gem of True Sight", "hero_name": "Night Stalker", "gold_per_min": 361, "deaths": 1, "denies": 0, "item_2_name": "Aghanim's Scepter", "item_1_name": "Urn of Shadows"}, {"item_2": 55, "assists": 12, "leaver_status": 0, "item_1": 208, "item_0": 151, "item_0_name": "Armlet of Mordiggian", "leaver_status_description": "finished match, no abandon", "level": 17, "player_slot": 131, "leaver_status_name": "NONE", "hero_id": 54, "last_hits": 157, "kills": 8, "account_id": 20321748, "item_3_name": "Magic Wand", "item_4": 46, "item_3": 36, "item_4_name": "Town Portal Scroll", "item_5": 50, "xp_per_min": 434, "item_5_name": "Phase Boots", "hero_name": "Lifestealer", "gold_per_min": 449, "deaths": 2, "denies": 28, "item_2_name": "Hyperstone", "item_1_name": "Abyssal Blade"}, {"item_2": 0, "assists": 10, "leaver_status": 0, "item_1": 29, "item_0": 36, "item_0_name": "Magic Wand", "leaver_status_description": "finished match, no abandon", "level": 13, "player_slot": 132, "leaver_status_name": "NONE", "hero_id": 79, "last_hits": 45, "kills": 3, "account_id": 44463405, "item_3_name": "Bracer", "item_4": 0, "item_3": 73, "item_5": 46, "xp_per_min": 238, "item_5_name": "Town Portal Scroll", "hero_name": "Shadow Demon", "gold_per_min": 242, "deaths": 2, "denies": 5, "item_1_name": "Boots of Speed"}], "dire_team_id": 39, "picks_bans": [{"order": 0, "is_pick": false, "hero_id": 53, "team": 1}, {"order": 1, "is_pick": false, "hero_id": 91, "team": 0}, {"order": 2, "is_pick": false, "hero_id": 97, "team": 1}, {"order": 3, "is_pick": false, "hero_id": 90, "team": 0}, {"order": 4, "is_pick": true, "hero_id": 54, "team": 1}, {"order": 5, "is_pick": true, "hero_id": 65, "team": 0}, {"order": 6, "is_pick": true, "hero_id": 55, "team": 0}, {"order": 7, "is_pick": true, "hero_id": 88, "team": 1}, {"order": 8, "is_pick": true, "hero_id": 79, "team": 1}, {"order": 9, "is_pick": true, "hero_id": 72, "team": 0}, {"order": 10, "is_pick": false, "hero_id": 64, "team": 1}, {"order": 11, "is_pick": false, "hero_id": 8, "team": 0}, {"order": 12, "is_pick": false, "hero_id": 3, "team": 1}, {"order": 13, "is_pick": false, "hero_id": 17, "team": 0}, {"order": 14, "is_pick": false, "hero_id": 86, "team": 1}, {"order": 15, "is_pick": false, "hero_id": 13, "team": 0}, {"order": 16, "is_pick": true, "hero_id": 80, "team": 1}, {"order": 17, "is_pick": true, "hero_id": 52, "team": 0}, {"order": 18, "is_pick": true, "hero_id": 60, "team": 1}, {"order": 19, "is_pick": true, "hero_id": 16, "team": 0}], "dire_name": "Evil Geniuses", "negative_votes": 788}