{"tower_status_radiant": 1982, "flags": 0, "radiant_team_complete": 0, "game_mode": 2, "radiant_score": 0, "match_id": 198904681, "lobby_name": "Practice", "dire_logo": 884113875154488426, "pre_game_duration": 0, "radiant_name": "Fnatic", "match_seq_num": 178810070, "dire_team_complete": 1, "start_time": 1368972757, "radiant_win": true, "positive_votes": 239, "leagueid": 46, "duration": 1929, "dire_score": 0, "lobby_type": 1, "cluster": 132, "engine": 0, "barracks_status_dire": 48, "barracks_status_radiant": 63, "cluster_name": "Europe West", "first_blood_time": 386, "radiant_team_id": 350190, "radiant_logo": 307739466828348574, "human_players": 10, "game_mode_name": "Captains Mode", "tower_status_dire": 1792, "players": [{"item_2": 0, "assists": 14, "leaver_status": 0, "item_1": 214, "item_0": 185, "item_0_name": "Drum of Endurance", "leaver_status_description": "finished match, no abandon", "level": 15, "player_slot": 0, "leaver_status_name": "NONE", "hero_id": 90, "last_hits": 85, "kills": 0, "account_id": 94155156, "item_4": 46, "item_3": 0, "item_4_name": "Town Portal Scroll", "item_5": 37, "xp_per_min": 370, "item_5_name": "Ghost Scepter", "hero_name": "Keeper of the Light", "gold_per_min": 292, "deaths": 0, "denies": 0, "item_1_name": "Tranquil Boots"}, {"item_2": 180, "assists": 17, "leaver_status": 0, "item_1": 1, "item_0": 36, "item_0_name": "Magic Wand", "leaver_status_description": "finished match, no abandon", "level": 14, "player_slot": 1, "leaver_status_name": "NONE", "hero_id": 88, "last_hits": 31, "kills": 3, "account_id": 97366347, "item_3_name": "Null Talisman", "item_4": 46, "item_3": 77, "item_4_name": "Town Portal Scroll", "item_5": 42, "xp_per_min": 335, "item_5_name": "Observer Ward", "hero_name": "Nyx Assassin", "gold_per_min": 258, "deaths": 5, "denies": 2, "item_2_name": "Arcane Boots", "item_1_name": "Blink Dagger"}, {"item_2": 0, "assists": 7, "leaver_status": 0, "item_1": 0, "item_0": 0, "leaver_status_description": "finished match, no abandon", "level": 22, "player_slot": 2, "leaver_status_name": "NONE", "hero_id": 1, "last_hits": 316, "kills": 9, "account_id": 100317750, "item_3_name": "Power Treads", "item_4": 0, "item_3": 63, "item_5": 117, "xp_per_min": 819, "item_5_name": "Aegis of the Immortal", "hero_name": "Anti-Mage", "gold_per_min": 723, "deaths": 1, "denies": 53}, {"item_2": 119, "assists": 15, "leaver_status": 0, "item_1": 182, "item_0": 79, "item_0_name": "Mekansm", "leaver_status_description": "finished match, no abandon", "level": 17, "player_slot": 3, "leaver_status_name": "NONE", "hero_id": 55, "last_hits": 140, "kills": 4, "account_id": 8712306, "item_3_name": "Soul Ring", "item_4": 46, "item_3": 178, "item_4_name": "Town Portal Scroll", "item_5": 180, "xp_per_min": 493, "item_5_name": "Arcane Boots", "hero_name": "Dark Seer", "gold_per_min": 427, "deaths": 1, "denies": 3, "item_2_name": "Shiva's Guard", "item_1_name": "Stout Shield"}, {"item_2": 63, "assists": 10, "leaver_status": 0, "item_1": 1, "item_0": 36, "item_0_name": "Magic Wand", "leaver_status_description": "finished match, no abandon", "level": 17, "player_slot": 4, "leaver_status_name": "NONE", "hero_id": 13, "last_hits": 127, "kills": 10, "account_id": 21265941, "item_3_name": "Dagon", "item_4": 41, "item_3": 202, "item_4_name": "Bottle", "item_5": 0, "xp_per_min": 486, "hero_name": "Puck", "gold_per_min": 456, "deaths": 3, "denies": 10, "item_2_name": "Power Treads", "item_1_name": "Blink Dagger"}, {"item_2": 73, "assists": 4, "leaver_status": 1, "item_1": 36, "item_0": 63, "item_0_name": "Power Treads", "leaver_status_description": "player DC, no abandon", "level": 10, "player_slot": 128, "leaver_status_name": "DISCONNECTED", "hero_id": 25, "last_hits": 51, "kills": 3, "account_id": 106287284, "item_3_name": "Town Portal Scroll", "item_4": 0, "item_3": 46, "item_5": 0, "xp_per_min": 192, "hero_name": "Lina", "gold_per_min": 186, "deaths": 8, "denies": 2, "item_2_name": "Bracer", "item_1_name": "Magic Wand"}, {"item_2": 16, "assists": 3, "leaver_status": 1, "item_1": 4, "item_0": 9, "item_0_name": "Platemail", "additional_units": [{"item_2": 11, "item_1": 182, "item_4": 181, "item_0": 151, "item_3": 50, "item_5": 55, "unitname": "spirit_bear"}], "leaver_status_description": "player DC, no abandon", "level": 14, "player_slot": 129, "leaver_status_name": "DISCONNECTED", "hero_id": 80, "last_hits": 172, "kills": 1, "account_id": 105308199, "item_3_name": "Boots of Speed", "item_4": 16, "item_3": 29, "item_4_name": "Iron Branch", "item_5": 16, "xp_per_min": 348, "item_5_name": "Iron Branch", "hero_name": "Lone Druid", "gold_per_min": 331, "deaths": 4, "denies": 1, "item_2_name": "Iron Branch", "item_1_name": "Chainmail"}, {"item_2": 79, "assists": 5, "leaver_status": 1, "item_1": 36, "item_0": 180, "item_0_name": "Arcane Boots", "leaver_status_description": "player DC, no abandon", "level": 13, "player_slot": 130, "leaver_status_name": "DISCONNECTED", "hero_id": 97, "last_hits": 104, "kills": 3, "account_id": 129340473, "item_3_name": "Blink Dagger", "item_4": 41, "item_3": 1, "item_4_name": "Bottle", "item_5": 46, "xp_per_min": 321, "item_5_name": "Town Portal Scroll", "hero_name": "Magnus", "gold_per_min": 272, "deaths": 6, "denies": 8, "item_2_name": "Mekansm", "item_1_name": "Magic Wand"}, {"item_2": 81, "assists": 5, "leaver_status": 1, "item_1": 50, "item_0": 185, "item_0_name": "Drum of Endurance", "leaver_status_description": "player DC, no abandon", "level": 14, "player_slot": 131, "leaver_status_name": "DISCONNECTED", "hero_id": 8, "last_hits": 135, "kills": 2, "account_id": 91273137, "item_3_name": "Ogre Club", "item_4": 60, "item_3": 21, "item_4_name": "Point Booster", "item_5": 36, "xp_per_min": 338, "item_5_name": "Magic Wand", "hero_name": "Juggernaut", "gold_per_min": 315, "deaths": 4, "denies": 52, "item_2_name": "Vladmir's Offering", "item_1_name": "Phase Boots"}, {"item_2": 46, "assists": 5, "leaver_status": 1, "item_1": 0, "item_0": 92, "item_0_name": "Urn of Shadows", "leaver_status_description": "player DC, no abandon", "level": 10, "player_slot": 132, "leaver_status_name": "DISCONNECTED", "hero_id": 3, "last_hits": 6, "kills": 1, "account_id": 94612878, "item_3_name": "Magic Wand", "item_4": 43, "item_3": 36, "item_4_name": "Sentry Ward", "item_5": 29, "xp_per_min": 183, "item_5_name": "Boots of Speed", "hero_name": "Bane", "gold_per_min": 127, "deaths": 4, "denies": 3, "item_2_name": "Town Portal Scroll"}], "dire_team_id": 575860, "picks_bans": [{"order": 0, "is_pick": false, "hero_id": 72, "team": 1}, {"order": 1, "is_pick": false, "hero_id": 91, "team": 0}, {"order": 2, "is_pick": false, "hero_id": 54, "team": 1}, {"order": 3, "is_pick": false, "hero_id": 65, "team": 0}, {"order": 4, "is_pick": true, "hero_id": 80, "team": 1}, {"order": 5, "is_pick": true, "hero_id": 88, "team": 0}, {"order": 6, "is_pick": true, "hero_id": 55, "team": 0}, {"order": 7, "is_pick": true, "hero_id": 97, "team": 1}, {"order": 8, "is_pick": true, "hero_id": 3, "team": 1}, {"order": 9, "is_pick": true, "hero_id": 13, "team": 0}, {"order": 10, "is_pick": false, "hero_id": 73, "team": 1}, {"order": 11, "is_pick": false, "hero_id": 12, "team": 0}, {"order": 12, "is_pick": false, "hero_id": 86, "team": 1}, {"order": 13, "is_pick": false, "hero_id": 53, "team": 0}, {"order": 14, "is_pick": false, "hero_id": 63, "team": 1}, {"order": 15, "is_pick": false, "hero_id": 48, "team": 0}, {"order": 16, "is_pick": true, "hero_id": 25, "team": 1}, {"order": 17, "is_pick": true, "hero_id": 90, "team": 0}, {"order": 18, "is_pick": true, "hero_id": 8, "team": 1}, {"order": 19, "is_pick": true, "hero_id": 1, "team": 0}], "dire_name": "Raf Lobster", "negative_votes": 8}