{"tower_status_radiant": 1982, "flags": 0, "radiant_team_complete": 0, "game_mode": 2, "radiant_score": 0, "match_id": 199821639, "lobby_name": "Practice", "dire_logo": 578984667391930132, "pre_game_duration": 0, "radiant_name": "Fnatic", "match_seq_num": 179649533, "dire_team_complete": 0, "start_time": 1369074709, "radiant_win": true, "positive_votes": 25, "leagueid": 47, "duration": 1808, "dire_score": 0, "lobby_type": 1, "cluster": 133, "engine": 0, "barracks_status_dire": 3, "barracks_status_radiant": 63, "cluster_name": "Europe West", "first_blood_time": 192, "radiant_team_id": 350190, "radiant_logo": 307739466828348574, "human_players": 10, "game_mode_name": "Captains Mode", "tower_status_dire": 4, "players": [{"item_2": 172, "assists": 7, "leaver_status": 0, "item_1": 63, "item_0": 65, "item_0_name": "Hand of Midas", "leaver_status_description": "finished match, no abandon", "level": 17, "player_slot": 0, "leaver_status_name": "NONE", "hero_id": 58, "last_hits": 112, "kills": 7, "account_id": 94155156, "item_3_name": "Aghanim's Scepter", "item_4": 43, "item_3": 108, "item_4_name": "Sentry Ward", "item_5": 188, "xp_per_min": 534, "item_5_name": "Smoke of Deceit", "hero_name": "Enchantress", "gold_per_min": 451, "deaths": 3, "denies": 0, "item_2_name": "Mask of Madness", "item_1_name": "Power Treads"}, {"item_2": 139, "assists": 6, "leaver_status": 0, "item_1": 147, "item_0": 145, "item_0_name": "Battle Fury", "leaver_status_description": "finished match, no abandon", "level": 24, "player_slot": 1, "leaver_status_name": "NONE", "hero_id": 1, "last_hits": 314, "kills": 15, "account_id": 100317750, "item_3_name": "Power Treads", "item_4": 46, "item_3": 63, "item_4_name": "Town Portal Scroll", "item_5": 114, "xp_per_min": 1070, "item_5_name": "Heart of Tarrasque", "hero_name": "Anti-Mage", "gold_per_min": 855, "deaths": 0, "denies": 25, "item_2_name": "Butterfly", "item_1_name": "Manta Style"}, {"item_2": 36, "assists": 12, "leaver_status": 0, "item_1": 21, "item_0": 180, "item_0_name": "Arcane Boots", "leaver_status_description": "finished match, no abandon", "level": 13, "player_slot": 2, "leaver_status_name": "NONE", "hero_id": 86, "last_hits": 36, "kills": 1, "account_id": 97366347, "item_4": 73, "item_3": 0, "item_4_name": "Bracer", "item_5": 0, "xp_per_min": 316, "hero_name": "Rubick", "gold_per_min": 289, "deaths": 6, "denies": 3, "item_2_name": "Magic Wand", "item_1_name": "Ogre Club"}, {"item_2": 102, "assists": 12, "leaver_status": 0, "item_1": 0, "item_0": 63, "item_0_name": "Power Treads", "leaver_status_description": "finished match, no abandon", "level": 14, "player_slot": 3, "leaver_status_name": "NONE", "hero_id": 65, "last_hits": 67, "kills": 2, "account_id": 8712306, "item_3_name": "Blink Dagger", "item_4": 0, "item_3": 1, "item_5": 36, "xp_per_min": 377, "item_5_name": "Magic Wand", "hero_name": "Batrider", "gold_per_min": 325, "deaths": 7, "denies": 2, "item_2_name": "Force Staff"}, {"item_2": 180, "assists": 14, "leaver_status": 0, "item_1": 1, "item_0": 36, "item_0_name": "Magic Wand", "leaver_status_description": "finished match, no abandon", "level": 18, "player_slot": 4, "leaver_status_name": "NONE", "hero_id": 97, "last_hits": 115, "kills": 5, "account_id": 21265941, "item_3_name": "Black King Bar", "item_4": 41, "item_3": 116, "item_4_name": "Bottle", "item_5": 46, "xp_per_min": 602, "item_5_name": "Town Portal Scroll", "hero_name": "Magnus", "gold_per_min": 465, "deaths": 3, "denies": 3, "item_2_name": "Arcane Boots", "item_1_name": "Blink Dagger"}, {"item_2": 77, "assists": 7, "leaver_status": 1, "item_1": 24, "item_0": 1, "item_0_name": "Blink Dagger", "leaver_status_description": "player DC, no abandon", "level": 15, "player_slot": 128, "leaver_status_name": "DISCONNECTED", "hero_id": 13, "last_hits": 127, "kills": 6, "account_id": 23796728, "item_3_name": "Power Treads", "item_4": 36, "item_3": 63, "item_4_name": "Magic Wand", "item_5": 0, "xp_per_min": 440, "hero_name": "Puck", "gold_per_min": 361, "deaths": 8, "denies": 13, "item_2_name": "Null Talisman", "item_1_name": "Ultimate Orb"}, {"item_2": 44, "assists": 5, "leaver_status": 0, "item_1": 0, "item_0": 46, "item_0_name": "Town Portal Scroll", "leaver_status_description": "finished match, no abandon", "level": 11, "player_slot": 129, "leaver_status_name": "NONE", "hero_id": 79, "last_hits": 35, "kills": 5, "account_id": 79303105, "item_3_name": "Arcane Boots", "item_4": 36, "item_3": 180, "item_4_name": "Magic Wand", "item_5": 92, "xp_per_min": 249, "item_5_name": "Urn of Shadows", "hero_name": "Shadow Demon", "gold_per_min": 201, "deaths": 5, "denies": 5, "item_2_name": "Tango"}, {"item_2": 79, "assists": 10, "leaver_status": 1, "item_1": 182, "item_0": 36, "item_0_name": "Magic Wand", "leaver_status_description": "player DC, no abandon", "level": 13, "player_slot": 130, "leaver_status_name": "DISCONNECTED", "hero_id": 29, "last_hits": 71, "kills": 3, "account_id": 86732428, "item_4": 180, "item_3": 0, "item_4_name": "Arcane Boots", "item_5": 0, "xp_per_min": 314, "hero_name": "Tidehunter", "gold_per_min": 245, "deaths": 6, "denies": 0, "item_2_name": "Mekansm", "item_1_name": "Stout Shield"}, {"item_2": 46, "assists": 9, "leaver_status": 1, "item_1": 36, "item_0": 180, "item_0_name": "Arcane Boots", "leaver_status_description": "player DC, no abandon", "level": 12, "player_slot": 131, "leaver_status_name": "DISCONNECTED", "hero_id": 88, "last_hits": 38, "kills": 4, "account_id": 86742810, "item_4": 1, "item_3": 0, "item_4_name": "Blink Dagger", "item_5": 0, "xp_per_min": 287, "hero_name": "Nyx Assassin", "gold_per_min": 213, "deaths": 6, "denies": 6, "item_2_name": "Town Portal Scroll", "item_1_name": "Magic Wand"}, {"item_2": 112, "assists": 3, "leaver_status": 1, "item_1": 152, "item_0": 63, "item_0_name": "Power Treads", "leaver_status_description": "player DC, no abandon", "level": 15, "player_slot": 132, "leaver_status_name": "DISCONNECTED", "hero_id": 73, "last_hits": 150, "kills": 1, "account_id": 91490142, "item_4": 65, "item_3": 0, "item_4_name": "Hand of Midas", "item_5": 0, "xp_per_min": 410, "hero_name": "Alchemist", "gold_per_min": 471, "deaths": 5, "denies": 7, "item_2_name": "Assault Cuirass", "item_1_name": "Shadow Blade"}], "dire_team_id": 482902, "picks_bans": [{"order": 0, "is_pick": false, "hero_id": 54, "team": 0}, {"order": 1, "is_pick": false, "hero_id": 80, "team": 1}, {"order": 2, "is_pick": false, "hero_id": 72, "team": 0}, {"order": 3, "is_pick": false, "hero_id": 91, "team": 1}, {"order": 4, "is_pick": true, "hero_id": 65, "team": 0}, {"order": 5, "is_pick": true, "hero_id": 88, "team": 1}, {"order": 6, "is_pick": true, "hero_id": 79, "team": 1}, {"order": 7, "is_pick": true, "hero_id": 86, "team": 0}, {"order": 8, "is_pick": true, "hero_id": 97, "team": 0}, {"order": 9, "is_pick": true, "hero_id": 13, "team": 1}, {"order": 10, "is_pick": false, "hero_id": 55, "team": 0}, {"order": 11, "is_pick": false, "hero_id": 52, "team": 1}, {"order": 12, "is_pick": false, "hero_id": 53, "team": 0}, {"order": 13, "is_pick": false, "hero_id": 90, "team": 1}, {"order": 14, "is_pick": false, "hero_id": 51, "team": 0}, {"order": 15, "is_pick": false, "hero_id": 25, "team": 1}, {"order": 16, "is_pick": true, "hero_id": 1, "team": 0}, {"order": 17, "is_pick": true, "hero_id": 29, "team": 1}, {"order": 18, "is_pick": true, "hero_id": 58, "team": 0}, {"order": 19, "is_pick": true, "hero_id": 73, "team": 1}], "dire_name": "QWERT1234567", "negative_votes": 0}