{"tower_status_radiant": 1974, "flags": 0, "lobby_type": 1, "cluster": 133, "game_mode_name": "Captains Mode", "engine": 0, "barracks_status_dire": 16, "barracks_status_radiant": 63, "cluster_name": "Europe West", "radiant_score": 0, "match_id": 205939523, "lobby_name": "Practice", "dire_score": 0, "first_blood_time": 43, "radiant_team_id": 26, "radiant_logo": 531766271384850245, "human_players": 10, "pre_game_duration": 0, "radiant_team_complete": 1, "tower_status_dire": 0, "players": [{"item_2": 37, "assists": 4, "leaver_status": 0, "item_1": 79, "item_0": 63, "item_0_name": "Power Treads", "leaver_status_description": "finished match, no abandon", "level": 14, "player_slot": 0, "leaver_status_name": "NONE", "hero_id": 90, "last_hits": 103, "kills": 3, "account_id": 4281729, "item_3_name": "Smoke of Deceit", "item_4": 81, "item_3": 188, "item_4_name": "Vladmir's Offering", "item_5": 46, "xp_per_min": 259, "item_5_name": "Town Portal Scroll", "hero_name": "Keeper of the Light", "gold_per_min": 271, "deaths": 6, "denies": 1, "item_2_name": "Ghost Scepter", "item_1_name": "Mekansm"}, {"item_2": 36, "assists": 14, "leaver_status": 1, "item_1": 48, "item_0": 41, "item_0_name": "Bottle", "leaver_status_description": "player DC, no abandon", "level": 21, "player_slot": 1, "leaver_status_name": "DISCONNECTED", "hero_id": 38, "last_hits": 212, "kills": 4, "account_id": 86799300, "item_3_name": "Necronomicon", "item_4": 30, "item_3": 194, "item_4_name": "Gem of True Sight", "item_5": 108, "xp_per_min": 532, "item_5_name": "Aghanim's Scepter", "hero_name": "Beastmaster", "gold_per_min": 427, "deaths": 6, "denies": 0, "item_2_name": "Magic Wand", "item_1_name": "Boots of Travel"}, {"item_2": 154, "assists": 7, "leaver_status": 0, "item_1": 116, "item_0": 156, "item_0_name": "Satanic", "leaver_status_description": "finished match, no abandon", "level": 25, "player_slot": 2, "leaver_status_name": "NONE", "hero_id": 72, "last_hits": 474, "kills": 17, "account_id": 21289303, "item_3_name": "Butterfly", "item_4": 50, "item_3": 139, "item_4_name": "Phase Boots", "item_5": 135, "xp_per_min": 716, "item_5_name": "Monkey King Bar", "hero_name": "Gyrocopter", "gold_per_min": 796, "deaths": 4, "denies": 28, "item_2_name": "Sange and Yasha", "item_1_name": "Black King Bar"}, {"item_2": 16, "assists": 9, "leaver_status": 0, "item_1": 16, "item_0": 46, "item_0_name": "Town Portal Scroll", "additional_units": [{"item_2": 29, "item_1": 143, "item_4": 112, "item_0": 182, "item_3": 151, "item_5": 135, "unitname": "spirit_bear"}], "leaver_status_description": "finished match, no abandon", "level": 21, "player_slot": 3, "leaver_status_name": "NONE", "hero_id": 80, "last_hits": 226, "kills": 2, "account_id": 86738694, "item_3_name": "Tranquil Boots", "item_4": 16, "item_3": 214, "item_4_name": "Iron Branch", "item_5": 0, "xp_per_min": 551, "hero_name": "Lone Druid", "gold_per_min": 442, "deaths": 2, "denies": 6, "item_2_name": "Iron Branch", "item_1_name": "Iron Branch"}, {"item_2": 46, "assists": 18, "leaver_status": 0, "item_1": 1, "item_0": 0, "leaver_status_description": "finished match, no abandon", "level": 17, "player_slot": 4, "leaver_status_name": "NONE", "hero_id": 88, "last_hits": 43, "kills": 1, "account_id": 31078647, "item_3_name": "Magic Wand", "item_4": 180, "item_3": 36, "item_4_name": "Arcane Boots", "item_5": 0, "xp_per_min": 341, "hero_name": "Nyx Assassin", "gold_per_min": 237, "deaths": 4, "denies": 1, "item_2_name": "Town Portal Scroll", "item_1_name": "Blink Dagger"}, {"item_2": 36, "assists": 8, "leaver_status": 1, "item_1": 37, "item_0": 92, "item_0_name": "Urn of Shadows", "leaver_status_description": "player DC, no abandon", "level": 13, "player_slot": 128, "leaver_status_name": "DISCONNECTED", "hero_id": 79, "last_hits": 43, "kills": 1, "account_id": 85783343, "item_3_name": "Bracer", "item_4": 0, "item_3": 73, "item_5": 29, "xp_per_min": 211, "item_5_name": "Boots of Speed", "hero_name": "Shadow Demon", "gold_per_min": 160, "deaths": 9, "denies": 3, "item_2_name": "Magic Wand", "item_1_name": "Ghost Scepter"}, {"item_2": 185, "assists": 10, "leaver_status": 1, "item_1": 135, "item_0": 63, "item_0_name": "Power Treads", "leaver_status_description": "player DC, no abandon", "level": 22, "player_slot": 129, "leaver_status_name": "DISCONNECTED", "hero_id": 93, "last_hits": 234, "kills": 7, "account_id": 74432222, "item_3_name": "Helm of the Dominator", "item_4": 0, "item_3": 164, "item_5": 116, "xp_per_min": 598, "item_5_name": "Black King Bar", "hero_name": "Slark", "gold_per_min": 414, "deaths": 4, "denies": 3, "item_2_name": "Drum of Endurance", "item_1_name": "Monkey King Bar"}, {"item_2": 116, "assists": 5, "leaver_status": 1, "item_1": 29, "item_0": 27, "item_0_name": "Ring of Regen", "leaver_status_description": "player DC, no abandon", "level": 15, "player_slot": 130, "leaver_status_name": "DISCONNECTED", "hero_id": 65, "last_hits": 111, "kills": 5, "account_id": 26682464, "item_3_name": "Blink Dagger", "item_4": 34, "item_3": 1, "item_4_name": "Magic Stick", "item_5": 23, "xp_per_min": 276, "item_5_name": "Staff of Wizardry", "hero_name": "Batrider", "gold_per_min": 232, "deaths": 6, "denies": 1, "item_2_name": "Black King Bar", "item_1_name": "Boots of Speed"}, {"item_2": 116, "assists": 7, "leaver_status": 1, "item_1": 81, "item_0": 185, "item_0_name": "Drum of Endurance", "leaver_status_description": "player DC, no abandon", "level": 21, "player_slot": 131, "leaver_status_name": "DISCONNECTED", "hero_id": 44, "last_hits": 282, "kills": 4, "account_id": 65623472, "item_3_name": "Abyssal Blade", "item_4": 0, "item_3": 208, "item_5": 50, "xp_per_min": 540, "item_5_name": "Phase Boots", "hero_name": "Phantom Assassin", "gold_per_min": 446, "deaths": 4, "denies": 23, "item_2_name": "Black King Bar", "item_1_name": "Vladmir's Offering"}, {"item_2": 0, "assists": 6, "leaver_status": 1, "item_1": 180, "item_0": 79, "item_0_name": "Mekansm", "leaver_status_description": "player DC, no abandon", "level": 17, "player_slot": 132, "leaver_status_name": "DISCONNECTED", "hero_id": 25, "last_hits": 124, "kills": 5, "account_id": 91988610, "item_4": 24, "item_3": 0, "item_4_name": "Ultimate Orb", "item_5": 0, "xp_per_min": 337, "hero_name": "Lina", "gold_per_min": 269, "deaths": 7, "denies": 2, "item_1_name": "Arcane Boots"}], "radiant_name": "mousesports", "match_seq_num": 185304814, "start_time": 1369768260, "picks_bans": [{"order": 0, "is_pick": false, "hero_id": 54, "team": 1}, {"order": 1, "is_pick": false, "hero_id": 91, "team": 0}, {"order": 2, "is_pick": false, "hero_id": 55, "team": 1}, {"order": 3, "is_pick": false, "hero_id": 53, "team": 0}, {"order": 4, "is_pick": true, "hero_id": 65, "team": 1}, {"order": 5, "is_pick": true, "hero_id": 72, "team": 0}, {"order": 6, "is_pick": true, "hero_id": 80, "team": 0}, {"order": 7, "is_pick": true, "hero_id": 79, "team": 1}, {"order": 8, "is_pick": true, "hero_id": 93, "team": 1}, {"order": 9, "is_pick": true, "hero_id": 88, "team": 0}, {"order": 10, "is_pick": false, "hero_id": 13, "team": 1}, {"order": 11, "is_pick": false, "hero_id": 3, "team": 0}, {"order": 12, "is_pick": false, "hero_id": 97, "team": 1}, {"order": 13, "is_pick": false, "hero_id": 1, "team": 0}, {"order": 14, "is_pick": false, "hero_id": 51, "team": 1}, {"order": 15, "is_pick": false, "hero_id": 73, "team": 0}, {"order": 16, "is_pick": true, "hero_id": 25, "team": 1}, {"order": 17, "is_pick": true, "hero_id": 90, "team": 0}, {"order": 18, "is_pick": true, "hero_id": 44, "team": 1}, {"order": 19, "is_pick": true, "hero_id": 38, "team": 0}], "radiant_win": true, "positive_votes": 35, "leagueid": 47, "game_mode": 2, "duration": 2742, "negative_votes": 4}