{"tower_status_radiant": 1980, "flags": 0, "lobby_type": 1, "cluster": 131, "game_mode_name": "Captains Mode", "dire_logo": 903258706267744502, "engine": 0, "barracks_status_dire": 0, "barracks_status_radiant": 63, "cluster_name": "Europe West", "radiant_score": 0, "match_id": 209823796, "lobby_name": "Practice", "dire_score": 0, "first_blood_time": 0, "human_players": 10, "pre_game_duration": 0, "tower_status_dire": 0, "players": [{"item_2": 180, "assists": 13, "leaver_status": 0, "item_1": 36, "item_0": 92, "item_0_name": "Urn of Shadows", "leaver_status_description": "finished match, no abandon", "level": 14, "player_slot": 0, "leaver_status_name": "NONE", "hero_id": 79, "last_hits": 32, "kills": 8, "account_id": 91988610, "item_3_name": "Ogre Club", "item_4": 188, "item_3": 21, "item_4_name": "Smoke of Deceit", "item_5": 37, "xp_per_min": 344, "item_5_name": "Ghost Scepter", "hero_name": "Shadow Demon", "gold_per_min": 336, "deaths": 6, "denies": 7, "item_2_name": "Arcane Boots", "item_1_name": "Magic Wand"}, {"item_2": 108, "assists": 18, "leaver_status": 0, "item_1": 41, "item_0": 180, "item_0_name": "Arcane Boots", "leaver_status_description": "finished match, no abandon", "level": 17, "player_slot": 1, "leaver_status_name": "NONE", "hero_id": 55, "last_hits": 131, "kills": 9, "account_id": 74432222, "item_4": 90, "item_3": 0, "item_4_name": "Pipe of Insight", "item_5": 79, "xp_per_min": 520, "item_5_name": "Mekansm", "hero_name": "Dark Seer", "gold_per_min": 502, "deaths": 4, "denies": 2, "item_2_name": "Aghanim's Scepter", "item_1_name": "Bottle"}, {"item_2": 88, "assists": 14, "leaver_status": 0, "item_1": 36, "item_0": 50, "item_0_name": "Phase Boots", "leaver_status_description": "finished match, no abandon", "level": 15, "player_slot": 2, "leaver_status_name": "NONE", "hero_id": 64, "last_hits": 35, "kills": 6, "account_id": 114523931, "item_3_name": "Blink Dagger", "item_4": 46, "item_3": 1, "item_4_name": "Town Portal Scroll", "item_5": 13, "xp_per_min": 421, "item_5_name": "Gauntlets of Strength", "hero_name": "Jakiro", "gold_per_min": 356, "deaths": 4, "denies": 3, "item_2_name": "Ring of Basilius", "item_1_name": "Magic Wand"}, {"item_2": 141, "assists": 15, "leaver_status": 0, "item_1": 36, "item_0": 50, "item_0_name": "Phase Boots", "leaver_status_description": "finished match, no abandon", "level": 18, "player_slot": 3, "leaver_status_name": "NONE", "hero_id": 23, "last_hits": 129, "kills": 5, "account_id": 26682464, "item_3_name": "Shadow Blade", "item_4": 73, "item_3": 152, "item_4_name": "Bracer", "item_5": 69, "xp_per_min": 600, "item_5_name": "Perseverance", "hero_name": "Kunkka", "gold_per_min": 528, "deaths": 0, "denies": 5, "item_2_name": "Daedalus", "item_1_name": "Magic Wand"}, {"item_2": 116, "assists": 13, "leaver_status": 0, "item_1": 139, "item_0": 147, "item_0_name": "Manta Style", "leaver_status_description": "finished match, no abandon", "level": 24, "player_slot": 4, "leaver_status_name": "NONE", "hero_id": 72, "last_hits": 312, "kills": 13, "account_id": 65623472, "item_3_name": "Satanic", "item_4": 162, "item_3": 156, "item_4_name": "Sange", "item_5": 50, "xp_per_min": 1010, "item_5_name": "Phase Boots", "hero_name": "Gyrocopter", "gold_per_min": 922, "deaths": 0, "denies": 31, "item_2_name": "Black King Bar", "item_1_name": "Butterfly"}, {"item_2": 0, "assists": 2, "leaver_status": 1, "item_1": 24, "item_0": 63, "item_0_name": "Power Treads", "leaver_status_description": "player DC, no abandon", "level": 15, "player_slot": 128, "leaver_status_name": "DISCONNECTED", "hero_id": 39, "last_hits": 123, "kills": 8, "account_id": 91918857, "item_3_name": "Black King Bar", "item_4": 77, "item_3": 116, "item_4_name": "Null Talisman", "item_5": 36, "xp_per_min": 405, "item_5_name": "Magic Wand", "hero_name": "Queen of Pain", "gold_per_min": 362, "deaths": 9, "denies": 9, "item_1_name": "Ultimate Orb"}, {"item_2": 214, "assists": 2, "leaver_status": 1, "item_1": 145, "item_0": 182, "item_0_name": "Stout Shield", "leaver_status_description": "player DC, no abandon", "level": 16, "player_slot": 129, "leaver_status_name": "DISCONNECTED", "hero_id": 1, "last_hits": 183, "kills": 2, "account_id": 69325073, "item_3_name": "Town Portal Scroll", "item_4": 147, "item_3": 46, "item_4_name": "Manta Style", "item_5": 11, "xp_per_min": 473, "item_5_name": "Quelling Blade", "hero_name": "Anti-Mage", "gold_per_min": 395, "deaths": 5, "denies": 9, "item_2_name": "Tranquil Boots", "item_1_name": "Battle Fury"}, {"item_2": 0, "assists": 6, "leaver_status": 1, "item_1": 1, "item_0": 41, "item_0_name": "Bottle", "leaver_status_description": "player DC, no abandon", "level": 14, "player_slot": 130, "leaver_status_name": "DISCONNECTED", "hero_id": 97, "last_hits": 79, "kills": 2, "account_id": 86747757, "item_3_name": "Magic Wand", "item_4": 182, "item_3": 36, "item_4_name": "Stout Shield", "item_5": 180, "xp_per_min": 342, "item_5_name": "Arcane Boots", "hero_name": "Magnus", "gold_per_min": 250, "deaths": 9, "denies": 6, "item_1_name": "Blink Dagger"}, {"item_2": 188, "assists": 5, "leaver_status": 1, "item_1": 0, "item_0": 1, "item_0_name": "Blink Dagger", "leaver_status_description": "player DC, no abandon", "level": 11, "player_slot": 131, "leaver_status_name": "DISCONNECTED", "hero_id": 7, "last_hits": 58, "kills": 1, "account_id": 88792641, "item_3_name": "Arcane Boots", "item_4": 16, "item_3": 180, "item_4_name": "Iron Branch", "item_5": 16, "xp_per_min": 229, "item_5_name": "Iron Branch", "hero_name": "Earthshaker", "gold_per_min": 207, "deaths": 10, "denies": 5, "item_2_name": "Smoke of Deceit"}, {"item_2": 13, "assists": 1, "leaver_status": 1, "item_1": 42, "item_0": 29, "item_0_name": "Boots of Speed", "leaver_status_description": "player DC, no abandon", "level": 8, "player_slot": 132, "leaver_status_name": "DISCONNECTED", "hero_id": 90, "last_hits": 48, "kills": 1, "account_id": 89742217, "item_3_name": "Gauntlets of Strength", "item_4": 46, "item_3": 13, "item_4_name": "Town Portal Scroll", "item_5": 86, "xp_per_min": 134, "item_5_name": "Buckler", "hero_name": "Keeper of the Light", "gold_per_min": 167, "deaths": 9, "denies": 3, "item_2_name": "Gauntlets of Strength", "item_1_name": "Observer Ward"}], "match_seq_num": 188983299, "dire_team_id": 12, "dire_team_complete": 0, "start_time": 1370182813, "picks_bans": [{"order": 0, "is_pick": false, "hero_id": 54, "team": 1}, {"order": 1, "is_pick": false, "hero_id": 91, "team": 0}, {"order": 2, "is_pick": false, "hero_id": 80, "team": 1}, {"order": 3, "is_pick": false, "hero_id": 65, "team": 0}, {"order": 4, "is_pick": true, "hero_id": 90, "team": 1}, {"order": 5, "is_pick": true, "hero_id": 72, "team": 0}, {"order": 6, "is_pick": true, "hero_id": 55, "team": 0}, {"order": 7, "is_pick": true, "hero_id": 1, "team": 1}, {"order": 8, "is_pick": true, "hero_id": 97, "team": 1}, {"order": 9, "is_pick": true, "hero_id": 79, "team": 0}, {"order": 10, "is_pick": false, "hero_id": 25, "team": 1}, {"order": 11, "is_pick": false, "hero_id": 13, "team": 0}, {"order": 12, "is_pick": false, "hero_id": 52, "team": 1}, {"order": 13, "is_pick": false, "hero_id": 17, "team": 0}, {"order": 14, "is_pick": false, "hero_id": 86, "team": 1}, {"order": 15, "is_pick": false, "hero_id": 88, "team": 0}, {"order": 16, "is_pick": true, "hero_id": 39, "team": 1}, {"order": 17, "is_pick": true, "hero_id": 23, "team": 0}, {"order": 18, "is_pick": true, "hero_id": 7, "team": 1}, {"order": 19, "is_pick": true, "hero_id": 64, "team": 0}], "radiant_win": true, "positive_votes": 142, "leagueid": 51, "game_mode": 2, "dire_name": "Ahead.kz", "duration": 1834, "negative_votes": 7}