{"tower_status_radiant": 1956, "flags": 0, "radiant_team_complete": 0, "game_mode": 2, "radiant_score": 0, "match_id": 215001778, "lobby_name": "Practice", "dire_logo": 667955139964290556, "pre_game_duration": 0, "radiant_name": "Evil Geniuses", "match_seq_num": 193889828, "dire_team_complete": 1, "start_time": 1370740308, "radiant_win": true, "positive_votes": 32, "leagueid": 47, "duration": 2983, "dire_score": 0, "lobby_type": 1, "cluster": 123, "engine": 0, "barracks_status_dire": 0, "barracks_status_radiant": 63, "cluster_name": "US East", "first_blood_time": 64, "radiant_team_id": 39, "radiant_logo": 631980045785959337, "human_players": 10, "game_mode_name": "Captains Mode", "tower_status_dire": 0, "players": [{"item_2": 37, "assists": 10, "leaver_status": 0, "item_1": 180, "item_0": 1, "item_0_name": "Blink Dagger", "leaver_status_description": "finished match, no abandon", "level": 14, "player_slot": 0, "leaver_status_name": "NONE", "hero_id": 16, "last_hits": 76, "kills": 1, "account_id": 87177591, "item_3_name": "Point Booster", "item_4": 46, "item_3": 60, "item_4_name": "Town Portal Scroll", "item_5": 0, "xp_per_min": 237, "hero_name": "Sand King", "gold_per_min": 240, "deaths": 3, "denies": 2, "item_2_name": "Ghost Scepter", "item_1_name": "Arcane Boots"}, {"item_2": 114, "assists": 2, "leaver_status": 0, "item_1": 135, "item_0": 147, "item_0_name": "Manta Style", "leaver_status_description": "finished match, no abandon", "level": 25, "player_slot": 1, "leaver_status_name": "NONE", "hero_id": 12, "last_hits": 478, "kills": 9, "account_id": 86765112, "item_3_name": "Diffusal Blade", "item_4": 214, "item_3": 196, "item_4_name": "Tranquil Boots", "item_5": 139, "xp_per_min": 678, "item_5_name": "Butterfly", "hero_name": "Phantom Lancer", "gold_per_min": 718, "deaths": 2, "denies": 35, "item_2_name": "Heart of Tarrasque", "item_1_name": "Monkey King Bar"}, {"item_2": 108, "assists": 8, "leaver_status": 0, "item_1": 110, "item_0": 1, "item_0_name": "Blink Dagger", "leaver_status_description": "finished match, no abandon", "level": 17, "player_slot": 2, "leaver_status_name": "NONE", "hero_id": 37, "last_hits": 160, "kills": 7, "account_id": 87360406, "item_3_name": "Null Talisman", "item_4": 50, "item_3": 77, "item_4_name": "Phase Boots", "item_5": 0, "xp_per_min": 333, "hero_name": "Warlock", "gold_per_min": 353, "deaths": 7, "denies": 12, "item_2_name": "Aghanim's Scepter", "item_1_name": "Refresher Orb"}, {"item_2": 135, "assists": 11, "leaver_status": 0, "item_1": 96, "item_0": 152, "item_0_name": "Shadow Blade", "leaver_status_description": "finished match, no abandon", "level": 21, "player_slot": 3, "leaver_status_name": "NONE", "hero_id": 53, "last_hits": 305, "kills": 5, "account_id": 20321748, "item_3_name": "Hand of Midas", "item_4": 149, "item_3": 65, "item_4_name": "Crystalys", "item_5": 63, "xp_per_min": 506, "item_5_name": "Power Treads", "hero_name": "Nature's Prophet", "gold_per_min": 506, "deaths": 3, "denies": 5, "item_2_name": "Monkey King Bar", "item_1_name": "Scythe of Vyse"}, {"item_2": 79, "assists": 8, "leaver_status": 0, "item_1": 29, "item_0": 102, "item_0_name": "Force Staff", "leaver_status_description": "finished match, no abandon", "level": 14, "player_slot": 4, "leaver_status_name": "NONE", "hero_id": 90, "last_hits": 102, "kills": 1, "account_id": 44463405, "item_3_name": "Town Portal Scroll", "item_4": 42, "item_3": 46, "item_4_name": "Observer Ward", "item_5": 0, "xp_per_min": 219, "hero_name": "Keeper of the Light", "gold_per_min": 259, "deaths": 3, "denies": 3, "item_2_name": "Mekansm", "item_1_name": "Boots of Speed"}, {"item_2": 63, "assists": 5, "leaver_status": 0, "item_1": 0, "item_0": 37, "item_0_name": "Ghost Scepter", "leaver_status_description": "finished match, no abandon", "level": 13, "player_slot": 128, "leaver_status_name": "NONE", "hero_id": 20, "last_hits": 23, "kills": 3, "account_id": 86761836, "item_3_name": "Medallion of Courage", "item_4": 46, "item_3": 187, "item_4_name": "Town Portal Scroll", "item_5": 0, "xp_per_min": 202, "hero_name": "Vengeful Spirit", "gold_per_min": 167, "deaths": 4, "denies": 0, "item_2_name": "Power Treads"}, {"item_2": 30, "assists": 8, "leaver_status": 0, "item_1": 139, "item_0": 149, "item_0_name": "Crystalys", "leaver_status_description": "finished match, no abandon", "level": 20, "player_slot": 129, "leaver_status_name": "NONE", "hero_id": 89, "last_hits": 305, "kills": 5, "account_id": 118073569, "item_3_name": "Manta Style", "item_4": 174, "item_3": 147, "item_4_name": "Diffusal Blade", "item_5": 63, "xp_per_min": 441, "item_5_name": "Power Treads", "hero_name": "Naga Siren", "gold_per_min": 449, "deaths": 3, "denies": 0, "item_2_name": "Gem of True Sight", "item_1_name": "Butterfly"}, {"item_2": 34, "assists": 5, "leaver_status": 0, "item_1": 0, "item_0": 0, "leaver_status_description": "finished match, no abandon", "level": 14, "player_slot": 130, "leaver_status_name": "NONE", "hero_id": 83, "last_hits": 29, "kills": 0, "account_id": 94923783, "item_3_name": "Boots of Speed", "item_4": 88, "item_3": 29, "item_4_name": "Ring of Basilius", "item_5": 79, "xp_per_min": 212, "item_5_name": "Mekansm", "hero_name": "Treant Protector", "gold_per_min": 161, "deaths": 6, "denies": 4, "item_2_name": "Magic Stick"}, {"item_2": 98, "assists": 3, "leaver_status": 0, "item_1": 24, "item_0": 63, "item_0_name": "Power Treads", "leaver_status_description": "finished match, no abandon", "level": 18, "player_slot": 131, "leaver_status_name": "NONE", "hero_id": 62, "last_hits": 100, "kills": 4, "account_id": 86785102, "item_3_name": "Town Portal Scroll", "item_4": 185, "item_3": 46, "item_4_name": "Drum of Endurance", "item_5": 30, "xp_per_min": 378, "item_5_name": "Gem of True Sight", "hero_name": "Bounty Hunter", "gold_per_min": 285, "deaths": 6, "denies": 1, "item_2_name": "Orchid Malevolence", "item_1_name": "Ultimate Orb"}, {"item_2": 164, "assists": 6, "leaver_status": 0, "item_1": 116, "item_0": 147, "item_0_name": "Manta Style", "leaver_status_description": "finished match, no abandon", "level": 23, "player_slot": 132, "leaver_status_name": "NONE", "hero_id": 11, "last_hits": 440, "kills": 6, "account_id": 86724433, "item_3_name": "Butterfly", "item_4": 63, "item_3": 139, "item_4_name": "Power Treads", "item_5": 51, "xp_per_min": 564, "item_5_name": "Demon Edge", "hero_name": "Shadow Fiend", "gold_per_min": 556, "deaths": 4, "denies": 22, "item_2_name": "Helm of the Dominator", "item_1_name": "Black King Bar"}], "dire_team_id": 367492, "picks_bans": [{"order": 0, "is_pick": false, "hero_id": 72, "team": 0}, {"order": 1, "is_pick": false, "hero_id": 91, "team": 1}, {"order": 2, "is_pick": false, "hero_id": 55, "team": 0}, {"order": 3, "is_pick": false, "hero_id": 65, "team": 1}, {"order": 4, "is_pick": true, "hero_id": 53, "team": 0}, {"order": 5, "is_pick": true, "hero_id": 83, "team": 1}, {"order": 6, "is_pick": true, "hero_id": 89, "team": 1}, {"order": 7, "is_pick": true, "hero_id": 37, "team": 0}, {"order": 8, "is_pick": false, "hero_id": 88, "team": 1}, {"order": 9, "is_pick": false, "hero_id": 86, "team": 0}, {"order": 10, "is_pick": false, "hero_id": 54, "team": 1}, {"order": 11, "is_pick": false, "hero_id": 80, "team": 0}, {"order": 12, "is_pick": true, "hero_id": 20, "team": 1}, {"order": 13, "is_pick": true, "hero_id": 90, "team": 0}, {"order": 14, "is_pick": true, "hero_id": 62, "team": 1}, {"order": 15, "is_pick": true, "hero_id": 12, "team": 0}, {"order": 16, "is_pick": false, "hero_id": 3, "team": 1}, {"order": 17, "is_pick": false, "hero_id": 10, "team": 0}, {"order": 18, "is_pick": true, "hero_id": 11, "team": 1}, {"order": 19, "is_pick": true, "hero_id": 16, "team": 0}], "dire_name": "Revenge-", "negative_votes": 5}