{"tower_status_radiant": 1974, "flags": 0, "radiant_team_complete": 1, "game_mode": 2, "radiant_score": 0, "match_id": 215579181, "lobby_name": "Practice", "dire_logo": 1137416147448948067, "pre_game_duration": 0, "radiant_name": "Fnatic", "match_seq_num": 194406911, "dire_team_complete": 0, "start_time": 1370795859, "radiant_win": true, "positive_votes": 556, "leagueid": 45, "duration": 1930, "dire_score": 0, "lobby_type": 1, "cluster": 123, "engine": 0, "barracks_status_dire": 0, "barracks_status_radiant": 63, "cluster_name": "US East", "first_blood_time": 119, "radiant_team_id": 350190, "radiant_logo": 307739466828348574, "human_players": 10, "game_mode_name": "Captains Mode", "tower_status_dire": 0, "players": [{"item_2": 79, "assists": 10, "leaver_status": 0, "item_1": 63, "item_0": 178, "item_0_name": "Soul Ring", "leaver_status_description": "finished match, no abandon", "level": 15, "player_slot": 0, "leaver_status_name": "NONE", "hero_id": 33, "last_hits": 136, "kills": 5, "account_id": 94155156, "item_3_name": "Observer Ward", "item_4": 46, "item_3": 42, "item_4_name": "Town Portal Scroll", "item_5": 37, "xp_per_min": 372, "item_5_name": "Ghost Scepter", "hero_name": "Enigma", "gold_per_min": 451, "deaths": 3, "denies": 3, "item_2_name": "Mekansm", "item_1_name": "Power Treads"}, {"item_2": 1, "assists": 11, "leaver_status": 0, "item_1": 52, "item_0": 63, "item_0_name": "Power Treads", "leaver_status_description": "finished match, no abandon", "level": 25, "player_slot": 1, "leaver_status_name": "NONE", "hero_id": 82, "last_hits": 219, "kills": 14, "account_id": 19672354, "item_3_name": "Aegis of the Immortal", "item_4": 24, "item_3": 117, "item_4_name": "Ultimate Orb", "item_5": 108, "xp_per_min": 1008, "item_5_name": "Aghanim's Scepter", "hero_name": "Meepo", "gold_per_min": 711, "deaths": 5, "denies": 1, "item_2_name": "Blink Dagger", "item_1_name": "Eaglesong"}, {"item_2": 151, "assists": 12, "leaver_status": 0, "item_1": 36, "item_0": 152, "item_0_name": "Shadow Blade", "leaver_status_description": "finished match, no abandon", "level": 16, "player_slot": 2, "leaver_status_name": "NONE", "hero_id": 49, "last_hits": 102, "kills": 6, "account_id": 100317750, "item_3_name": "Power Treads", "item_4": 46, "item_3": 63, "item_4_name": "Town Portal Scroll", "item_5": 30, "xp_per_min": 467, "item_5_name": "Gem of True Sight", "hero_name": "Dragon Knight", "gold_per_min": 489, "deaths": 4, "denies": 14, "item_2_name": "Armlet of Mordiggian", "item_1_name": "Magic Wand"}, {"item_2": 102, "assists": 16, "leaver_status": 0, "item_1": 46, "item_0": 100, "item_0_name": "Eul's Scepter of Divinity", "leaver_status_description": "finished match, no abandon", "level": 14, "player_slot": 3, "leaver_status_name": "NONE", "hero_id": 65, "last_hits": 110, "kills": 4, "account_id": 8712306, "item_3_name": "Blink Dagger", "item_4": 63, "item_3": 1, "item_4_name": "Power Treads", "item_5": 36, "xp_per_min": 363, "item_5_name": "Magic Wand", "hero_name": "Batrider", "gold_per_min": 429, "deaths": 6, "denies": 5, "item_2_name": "Force Staff", "item_1_name": "Town Portal Scroll"}, {"item_2": 0, "assists": 10, "leaver_status": 0, "item_1": 46, "item_0": 180, "item_0_name": "Arcane Boots", "leaver_status_description": "finished match, no abandon", "level": 13, "player_slot": 4, "leaver_status_name": "NONE", "hero_id": 92, "last_hits": 40, "kills": 6, "account_id": 21265941, "item_3_name": "Ogre Club", "item_4": 73, "item_3": 21, "item_4_name": "Bracer", "item_5": 102, "xp_per_min": 286, "item_5_name": "Force Staff", "hero_name": "Visage", "gold_per_min": 367, "deaths": 3, "denies": 0, "item_1_name": "Town Portal Scroll"}, {"item_2": 29, "assists": 3, "leaver_status": 1, "item_1": 0, "item_0": 112, "item_0_name": "Assault Cuirass", "additional_units": [{"item_2": 50, "item_1": 0, "item_4": 0, "item_0": 0, "item_3": 0, "item_5": 0, "unitname": "spirit_bear"}], "leaver_status_description": "player DC, no abandon", "level": 16, "player_slot": 128, "leaver_status_name": "DISCONNECTED", "hero_id": 80, "last_hits": 151, "kills": 1, "account_id": 43276219, "item_3_name": "Vladmir's Offering", "item_4": 0, "item_3": 81, "item_5": 0, "xp_per_min": 426, "hero_name": "Lone Druid", "gold_per_min": 379, "deaths": 8, "denies": 14, "item_2_name": "Boots of Speed"}, {"item_2": 181, "assists": 7, "leaver_status": 1, "item_1": 63, "item_0": 176, "item_0_name": "Ethereal Blade", "leaver_status_description": "player DC, no abandon", "level": 16, "player_slot": 129, "leaver_status_name": "DISCONNECTED", "hero_id": 93, "last_hits": 109, "kills": 7, "account_id": 86745912, "item_3_name": "Drum of Endurance", "item_4": 71, "item_3": 185, "item_4_name": "Poor Man's Shield", "item_5": 36, "xp_per_min": 466, "item_5_name": "Magic Wand", "hero_name": "Slark", "gold_per_min": 360, "deaths": 8, "denies": 7, "item_2_name": "Orb of Venom", "item_1_name": "Power Treads"}, {"item_2": 46, "assists": 9, "leaver_status": 1, "item_1": 36, "item_0": 187, "item_0_name": "Medallion of Courage", "leaver_status_description": "player DC, no abandon", "level": 12, "player_slot": 130, "leaver_status_name": "DISCONNECTED", "hero_id": 20, "last_hits": 42, "kills": 1, "account_id": 6922000, "item_4": 63, "item_3": 0, "item_4_name": "Power Treads", "item_5": 0, "xp_per_min": 259, "hero_name": "Vengeful Spirit", "gold_per_min": 196, "deaths": 6, "denies": 2, "item_2_name": "Town Portal Scroll", "item_1_name": "Magic Wand"}, {"item_2": 50, "assists": 4, "leaver_status": 0, "item_1": 168, "item_0": 17, "item_0_name": "Belt of Strength", "leaver_status_description": "finished match, no abandon", "level": 16, "player_slot": 131, "leaver_status_name": "NONE", "hero_id": 54, "last_hits": 119, "kills": 8, "account_id": 88719902, "item_3_name": "Magic Stick", "item_4": 46, "item_3": 34, "item_4_name": "Town Portal Scroll", "item_5": 151, "xp_per_min": 452, "item_5_name": "Armlet of Mordiggian", "hero_name": "Lifestealer", "gold_per_min": 365, "deaths": 6, "denies": 29, "item_2_name": "Phase Boots", "item_1_name": "Desolator"}, {"item_2": 21, "assists": 8, "leaver_status": 1, "item_1": 36, "item_0": 29, "item_0_name": "Boots of Speed", "leaver_status_description": "player DC, no abandon", "level": 13, "player_slot": 132, "leaver_status_name": "DISCONNECTED", "hero_id": 51, "last_hits": 66, "kills": 4, "account_id": 85375207, "item_3_name": "Blade Mail", "item_4": 0, "item_3": 127, "item_5": 182, "xp_per_min": 305, "item_5_name": "Stout Shield", "hero_name": "Clockwerk", "gold_per_min": 261, "deaths": 7, "denies": 2, "item_2_name": "Ogre Club", "item_1_name": "Magic Wand"}], "dire_team_id": 59, "picks_bans": [{"order": 0, "is_pick": false, "hero_id": 55, "team": 0}, {"order": 1, "is_pick": false, "hero_id": 91, "team": 1}, {"order": 2, "is_pick": false, "hero_id": 3, "team": 0}, {"order": 3, "is_pick": false, "hero_id": 72, "team": 1}, {"order": 4, "is_pick": true, "hero_id": 65, "team": 0}, {"order": 5, "is_pick": true, "hero_id": 54, "team": 1}, {"order": 6, "is_pick": true, "hero_id": 80, "team": 1}, {"order": 7, "is_pick": true, "hero_id": 92, "team": 0}, {"order": 8, "is_pick": false, "hero_id": 12, "team": 1}, {"order": 9, "is_pick": false, "hero_id": 13, "team": 0}, {"order": 10, "is_pick": false, "hero_id": 53, "team": 1}, {"order": 11, "is_pick": false, "hero_id": 39, "team": 0}, {"order": 12, "is_pick": true, "hero_id": 20, "team": 1}, {"order": 13, "is_pick": true, "hero_id": 49, "team": 0}, {"order": 14, "is_pick": true, "hero_id": 51, "team": 1}, {"order": 15, "is_pick": true, "hero_id": 33, "team": 0}, {"order": 16, "is_pick": false, "hero_id": 18, "team": 1}, {"order": 17, "is_pick": false, "hero_id": 86, "team": 0}, {"order": 18, "is_pick": true, "hero_id": 93, "team": 1}, {"order": 19, "is_pick": true, "hero_id": 82, "team": 0}], "dire_name": "Kaipi", "negative_votes": 27}