{"tower_status_radiant": 1983, "flags": 0, "lobby_type": 1, "cluster": 123, "game_mode_name": "All Pick", "dire_logo": 531766271384850245, "engine": 0, "barracks_status_dire": 60, "barracks_status_radiant": 63, "cluster_name": "US East", "radiant_score": 0, "match_id": 217273201, "lobby_name": "Practice", "dire_score": 0, "first_blood_time": 232, "radiant_team_id": 2163, "radiant_logo": 451783905032671206, "human_players": 10, "pre_game_duration": 0, "radiant_team_complete": 1, "tower_status_dire": 1312, "players": [{"item_2": 185, "assists": 6, "leaver_status": 0, "item_1": 196, "item_0": 53, "item_0_name": "Reaver", "leaver_status_description": "finished match, no abandon", "level": 17, "player_slot": 0, "leaver_status_name": "NONE", "hero_id": 89, "last_hits": 305, "kills": 3, "account_id": 67601693, "item_3_name": "Manta Style", "item_4": 63, "item_3": 147, "item_4_name": "Power Treads", "item_5": 46, "xp_per_min": 448, "item_5_name": "Town Portal Scroll", "hero_name": "Naga Siren", "gold_per_min": 563, "deaths": 0, "denies": 10, "item_2_name": "Drum of Endurance", "item_1_name": "Diffusal Blade"}, {"item_2": 52, "assists": 3, "leaver_status": 0, "item_1": 46, "item_0": 147, "item_0_name": "Manta Style", "leaver_status_description": "finished match, no abandon", "level": 23, "player_slot": 1, "leaver_status_name": "NONE", "hero_id": 1, "last_hits": 348, "kills": 7, "account_id": 1185644, "item_3_name": "Power Treads", "item_4": 114, "item_3": 63, "item_4_name": "Heart of Tarrasque", "item_5": 145, "xp_per_min": 761, "item_5_name": "Battle Fury", "hero_name": "Anti-Mage", "gold_per_min": 646, "deaths": 1, "denies": 19, "item_2_name": "Eaglesong", "item_1_name": "Town Portal Scroll"}, {"item_2": 0, "assists": 4, "leaver_status": 0, "item_1": 36, "item_0": 92, "item_0_name": "Urn of Shadows", "leaver_status_description": "finished match, no abandon", "level": 11, "player_slot": 2, "leaver_status_name": "NONE", "hero_id": 5, "last_hits": 33, "kills": 2, "account_id": 41470731, "item_3_name": "Power Treads", "item_4": 46, "item_3": 63, "item_4_name": "Town Portal Scroll", "item_5": 188, "xp_per_min": 204, "item_5_name": "Smoke of Deceit", "hero_name": "Crystal Maiden", "gold_per_min": 214, "deaths": 5, "denies": 1, "item_1_name": "Magic Wand"}, {"item_2": 96, "assists": 5, "leaver_status": 0, "item_1": 178, "item_0": 37, "item_0_name": "Ghost Scepter", "leaver_status_description": "finished match, no abandon", "level": 17, "player_slot": 3, "leaver_status_name": "NONE", "hero_id": 55, "last_hits": 193, "kills": 5, "account_id": 30237211, "item_3_name": "Mekansm", "item_4": 29, "item_3": 79, "item_4_name": "Boots of Speed", "item_5": 46, "xp_per_min": 434, "item_5_name": "Town Portal Scroll", "hero_name": "Dark Seer", "gold_per_min": 415, "deaths": 1, "denies": 2, "item_2_name": "Scythe of Vyse", "item_1_name": "Soul Ring"}, {"item_2": 81, "assists": 9, "leaver_status": 0, "item_1": 29, "item_0": 42, "item_0_name": "Observer Ward", "leaver_status_description": "finished match, no abandon", "level": 11, "player_slot": 4, "leaver_status_name": "NONE", "hero_id": 83, "last_hits": 10, "kills": 0, "account_id": 86715129, "item_3_name": "Town Portal Scroll", "item_4": 30, "item_3": 46, "item_4_name": "Gem of True Sight", "item_5": 36, "xp_per_min": 214, "item_5_name": "Magic Wand", "hero_name": "Treant Protector", "gold_per_min": 187, "deaths": 2, "denies": 11, "item_2_name": "Vladmir's Offering", "item_1_name": "Boots of Speed"}, {"item_2": 0, "assists": 1, "leaver_status": 1, "item_1": 36, "item_0": 29, "item_0_name": "Boots of Speed", "leaver_status_description": "player DC, no abandon", "level": 9, "player_slot": 128, "leaver_status_name": "DISCONNECTED", "hero_id": 3, "last_hits": 18, "kills": 1, "account_id": 4281729, "item_3_name": "Circlet", "item_4": 73, "item_3": 20, "item_4_name": "Bracer", "item_5": 42, "xp_per_min": 137, "item_5_name": "Observer Ward", "hero_name": "Bane", "gold_per_min": 119, "deaths": 4, "denies": 20, "item_1_name": "Magic Wand"}, {"item_2": 16, "assists": 1, "leaver_status": 1, "item_1": 41, "item_0": 1, "item_0_name": "Blink Dagger", "leaver_status_description": "player DC, no abandon", "level": 15, "player_slot": 129, "leaver_status_name": "DISCONNECTED", "hero_id": 34, "last_hits": 185, "kills": 3, "account_id": 86738694, "item_3_name": "Scythe of Vyse", "item_4": 178, "item_3": 96, "item_4_name": "Soul Ring", "item_5": 48, "xp_per_min": 339, "item_5_name": "Boots of Travel", "hero_name": "Tinker", "gold_per_min": 369, "deaths": 5, "denies": 8, "item_2_name": "Iron Branch", "item_1_name": "Bottle"}, {"item_2": 63, "assists": 6, "leaver_status": 1, "item_1": 98, "item_0": 46, "item_0_name": "Town Portal Scroll", "leaver_status_description": "player DC, no abandon", "level": 16, "player_slot": 130, "leaver_status_name": "DISCONNECTED", "hero_id": 17, "last_hits": 163, "kills": 2, "account_id": 86799300, "item_3_name": "Magic Wand", "item_4": 24, "item_3": 36, "item_4_name": "Ultimate Orb", "item_5": 0, "xp_per_min": 401, "hero_name": "Storm Spirit", "gold_per_min": 334, "deaths": 0, "denies": 12, "item_2_name": "Power Treads", "item_1_name": "Orchid Malevolence"}, {"item_2": 46, "assists": 3, "leaver_status": 1, "item_1": 79, "item_0": 36, "item_0_name": "Magic Wand", "leaver_status_description": "player DC, no abandon", "level": 11, "player_slot": 131, "leaver_status_name": "DISCONNECTED", "hero_id": 92, "last_hits": 32, "kills": 2, "account_id": 31078647, "item_3_name": "Sentry Ward", "item_4": 29, "item_3": 43, "item_4_name": "Boots of Speed", "item_5": 188, "xp_per_min": 204, "item_5_name": "Smoke of Deceit", "hero_name": "Visage", "gold_per_min": 152, "deaths": 6, "denies": 2, "item_2_name": "Town Portal Scroll", "item_1_name": "Mekansm"}, {"item_2": 168, "assists": 1, "leaver_status": 1, "item_1": 36, "item_0": 151, "item_0_name": "Armlet of Mordiggian", "leaver_status_description": "player DC, no abandon", "level": 17, "player_slot": 132, "leaver_status_name": "DISCONNECTED", "hero_id": 54, "last_hits": 217, "kills": 1, "account_id": 21289303, "item_3_name": "Town Portal Scroll", "item_4": 50, "item_3": 46, "item_4_name": "Phase Boots", "item_5": 143, "xp_per_min": 421, "item_5_name": "Skull Basher", "hero_name": "Lifestealer", "gold_per_min": 358, "deaths": 2, "denies": 19, "item_2_name": "Desolator", "item_1_name": "Magic Wand"}], "radiant_name": "Team Liquid", "match_seq_num": 196008841, "dire_team_id": 26, "dire_team_complete": 1, "start_time": 1370979516, "radiant_win": true, "positive_votes": 79, "leagueid": 48, "game_mode": 1, "dire_name": "mousesports", "duration": 2219, "negative_votes": 8}