{"tower_status_radiant": 2046, "flags": 0, "radiant_team_complete": 1, "game_mode": 2, "radiant_score": 0, "match_id": 218069749, "lobby_name": "Practice", "dire_logo": 706274505311787193, "pre_game_duration": 0, "radiant_name": "Quantic|Gaming", "match_seq_num": 196751810, "dire_team_complete": 1, "start_time": 1371068958, "radiant_win": true, "positive_votes": 66, "leagueid": 51, "duration": 1041, "dire_score": 0, "lobby_type": 1, "cluster": 133, "engine": 0, "barracks_status_dire": 63, "barracks_status_radiant": 63, "cluster_name": "Europe West", "first_blood_time": 46, "radiant_team_id": 680683, "radiant_logo": 1117170899589104466, "human_players": 10, "game_mode_name": "Captains Mode", "tower_status_dire": 1952, "players": [{"item_2": 46, "assists": 9, "leaver_status": 0, "item_1": 73, "item_0": 180, "item_0_name": "Arcane Boots", "leaver_status_description": "finished match, no abandon", "level": 9, "player_slot": 0, "leaver_status_name": "NONE", "hero_id": 90, "last_hits": 52, "kills": 1, "account_id": 89137399, "item_3_name": "Magic Wand", "item_4": 30, "item_3": 36, "item_4_name": "Gem of True Sight", "item_5": 0, "xp_per_min": 288, "hero_name": "Keeper of the Light", "gold_per_min": 331, "deaths": 2, "denies": 2, "item_2_name": "Town Portal Scroll", "item_1_name": "Bracer"}, {"item_2": 36, "assists": 6, "leaver_status": 0, "item_1": 67, "item_0": 1, "item_0_name": "Blink Dagger", "leaver_status_description": "finished match, no abandon", "level": 11, "player_slot": 1, "leaver_status_name": "NONE", "hero_id": 13, "last_hits": 62, "kills": 8, "account_id": 29337472, "item_3_name": "Power Treads", "item_4": 41, "item_3": 63, "item_4_name": "Bottle", "item_5": 77, "xp_per_min": 460, "item_5_name": "Null Talisman", "hero_name": "Puck", "gold_per_min": 489, "deaths": 1, "denies": 11, "item_2_name": "Magic Wand", "item_1_name": "Oblivion Staff"}, {"item_2": 185, "assists": 10, "leaver_status": 1, "item_1": 116, "item_0": 63, "item_0_name": "Power Treads", "leaver_status_description": "player DC, no abandon", "level": 13, "player_slot": 2, "leaver_status_name": "DISCONNECTED", "hero_id": 81, "last_hits": 85, "kills": 5, "account_id": 16769223, "item_4": 36, "item_3": 0, "item_4_name": "Magic Wand", "item_5": 182, "xp_per_min": 545, "item_5_name": "Stout Shield", "hero_name": "Chaos Knight", "gold_per_min": 543, "deaths": 0, "denies": 23, "item_2_name": "Drum of Endurance", "item_1_name": "Black King Bar"}, {"item_2": 178, "assists": 8, "leaver_status": 0, "item_1": 79, "item_0": 1, "item_0_name": "Blink Dagger", "leaver_status_description": "finished match, no abandon", "level": 11, "player_slot": 3, "leaver_status_name": "NONE", "hero_id": 33, "last_hits": 98, "kills": 0, "account_id": 88271237, "item_3_name": "Town Portal Scroll", "item_4": 29, "item_3": 46, "item_4_name": "Boots of Speed", "item_5": 88, "xp_per_min": 421, "item_5_name": "Ring of Basilius", "hero_name": "Enigma", "gold_per_min": 423, "deaths": 0, "denies": 8, "item_2_name": "Soul Ring", "item_1_name": "Mekansm"}, {"item_2": 92, "assists": 10, "leaver_status": 0, "item_1": 36, "item_0": 0, "leaver_status_description": "finished match, no abandon", "level": 10, "player_slot": 4, "leaver_status_name": "NONE", "hero_id": 91, "last_hits": 27, "kills": 4, "account_id": 89269794, "item_4": 0, "item_3": 0, "item_5": 180, "xp_per_min": 311, "item_5_name": "Arcane Boots", "hero_name": "Io", "gold_per_min": 338, "deaths": 1, "denies": 1, "item_2_name": "Urn of Shadows", "item_1_name": "Magic Wand"}, {"item_2": 0, "assists": 1, "leaver_status": 0, "item_1": 36, "item_0": 41, "item_0_name": "Bottle", "leaver_status_description": "finished match, no abandon", "level": 9, "player_slot": 128, "leaver_status_name": "NONE", "hero_id": 46, "last_hits": 58, "kills": 1, "account_id": 24191321, "item_3_name": "Drum of Endurance", "item_4": 63, "item_3": 185, "item_4_name": "Power Treads", "item_5": 46, "xp_per_min": 287, "item_5_name": "Town Portal Scroll", "hero_name": "Templar Assassin", "gold_per_min": 281, "deaths": 3, "denies": 10, "item_1_name": "Magic Wand"}, {"item_2": 0, "assists": 3, "leaver_status": 1, "item_1": 39, "item_0": 16, "item_0_name": "Iron Branch", "leaver_status_description": "player DC, no abandon", "level": 9, "player_slot": 129, "leaver_status_name": "DISCONNECTED", "hero_id": 48, "last_hits": 56, "kills": 0, "account_id": 57835748, "item_3_name": "Power Treads", "item_4": 46, "item_3": 63, "item_4_name": "Town Portal Scroll", "item_5": 212, "xp_per_min": 278, "item_5_name": "Ring of Aquila", "hero_name": "Luna", "gold_per_min": 273, "deaths": 4, "denies": 12, "item_1_name": "Healing Salve"}, {"item_2": 0, "assists": 1, "leaver_status": 0, "item_1": 0, "item_0": 79, "item_0_name": "Mekansm", "leaver_status_description": "finished match, no abandon", "level": 8, "player_slot": 130, "leaver_status_name": "NONE", "hero_id": 66, "last_hits": 53, "kills": 2, "account_id": 2553754, "item_3_name": "Boots of Speed", "item_4": 0, "item_3": 29, "item_5": 0, "xp_per_min": 235, "hero_name": "Chen", "gold_per_min": 264, "deaths": 4, "denies": 0}, {"item_2": 16, "assists": 1, "leaver_status": 1, "item_1": 16, "item_0": 0, "additional_units": [{"item_2": 0, "item_1": 50, "item_4": 0, "item_0": 182, "item_3": 0, "item_5": 0, "unitname": "spirit_bear"}], "leaver_status_description": "player DC, no abandon", "level": 8, "player_slot": 131, "leaver_status_name": "DISCONNECTED", "hero_id": 80, "last_hits": 43, "kills": 0, "account_id": 27738470, "item_4": 0, "item_3": 0, "item_5": 29, "xp_per_min": 251, "item_5_name": "Boots of Speed", "hero_name": "Lone Druid", "gold_per_min": 222, "deaths": 5, "denies": 2, "item_2_name": "Iron Branch", "item_1_name": "Iron Branch"}, {"item_2": 46, "assists": 1, "leaver_status": 1, "item_1": 34, "item_0": 28, "item_0_name": "Sage's Mask", "leaver_status_description": "player DC, no abandon", "level": 7, "player_slot": 132, "leaver_status_name": "DISCONNECTED", "hero_id": 20, "last_hits": 7, "kills": 0, "account_id": 102336540, "item_3_name": "Iron Branch", "item_4": 29, "item_3": 16, "item_4_name": "Boots of Speed", "item_5": 0, "xp_per_min": 178, "hero_name": "Vengeful Spirit", "gold_per_min": 127, "deaths": 2, "denies": 1, "item_2_name": "Town Portal Scroll", "item_1_name": "Magic Stick"}], "dire_team_id": 41, "picks_bans": [{"order": 0, "is_pick": false, "hero_id": 79, "team": 0}, {"order": 1, "is_pick": false, "hero_id": 65, "team": 1}, {"order": 2, "is_pick": false, "hero_id": 55, "team": 0}, {"order": 3, "is_pick": false, "hero_id": 72, "team": 1}, {"order": 4, "is_pick": true, "hero_id": 91, "team": 0}, {"order": 5, "is_pick": true, "hero_id": 80, "team": 1}, {"order": 6, "is_pick": true, "hero_id": 66, "team": 1}, {"order": 7, "is_pick": true, "hero_id": 81, "team": 0}, {"order": 8, "is_pick": false, "hero_id": 53, "team": 1}, {"order": 9, "is_pick": false, "hero_id": 8, "team": 0}, {"order": 10, "is_pick": false, "hero_id": 54, "team": 1}, {"order": 11, "is_pick": false, "hero_id": 23, "team": 0}, {"order": 12, "is_pick": true, "hero_id": 48, "team": 1}, {"order": 13, "is_pick": true, "hero_id": 90, "team": 0}, {"order": 14, "is_pick": true, "hero_id": 20, "team": 1}, {"order": 15, "is_pick": true, "hero_id": 13, "team": 0}, {"order": 16, "is_pick": false, "hero_id": 15, "team": 1}, {"order": 17, "is_pick": false, "hero_id": 38, "team": 0}, {"order": 18, "is_pick": true, "hero_id": 46, "team": 1}, {"order": 19, "is_pick": true, "hero_id": 33, "team": 0}], "dire_name": "4 Friends + Chrillee", "negative_votes": 5}