{"tower_status_radiant": 1828, "flags": 0, "radiant_team_complete": 1, "game_mode": 2, "radiant_score": 0, "match_id": 218523241, "lobby_name": "Practice", "dire_logo": 612760050488516720, "pre_game_duration": 0, "radiant_name": "RaTtLeSnAkE. CN GaMiNg", "match_seq_num": 197179771, "dire_team_complete": 1, "start_time": 1371130882, "radiant_win": false, "positive_votes": 82, "leagueid": 42, "duration": 1308, "dire_score": 0, "lobby_type": 1, "cluster": 221, "engine": 0, "barracks_status_dire": 63, "barracks_status_radiant": 63, "cluster_name": "China", "first_blood_time": 50, "radiant_team_id": 496774, "radiant_logo": 1118300602706069935, "human_players": 10, "game_mode_name": "Captains Mode", "tower_status_dire": 2047, "players": [{"item_2": 15, "assists": 3, "leaver_status": 1, "item_1": 16, "item_0": 178, "item_0_name": "Soul Ring", "leaver_status_description": "player DC, no abandon", "level": 12, "player_slot": 0, "leaver_status_name": "DISCONNECTED", "hero_id": 34, "last_hits": 85, "kills": 2, "account_id": 89246836, "item_3_name": "Boots of Travel", "item_4": 41, "item_3": 48, "item_4_name": "Bottle", "item_5": 16, "xp_per_min": 394, "item_5_name": "Iron Branch", "hero_name": "Tinker", "gold_per_min": 282, "deaths": 1, "denies": 5, "item_2_name": "Mantle of Intelligence", "item_1_name": "Iron Branch"}, {"item_2": 0, "assists": 2, "leaver_status": 1, "item_1": 29, "item_0": 34, "item_0_name": "Magic Stick", "leaver_status_description": "player DC, no abandon", "level": 8, "player_slot": 1, "leaver_status_name": "DISCONNECTED", "hero_id": 68, "last_hits": 5, "kills": 1, "account_id": 99460568, "item_3_name": "Gauntlets of Strength", "item_4": 16, "item_3": 13, "item_4_name": "Iron Branch", "item_5": 16, "xp_per_min": 164, "item_5_name": "Iron Branch", "hero_name": "Ancient Apparition", "gold_per_min": 116, "deaths": 5, "denies": 9, "item_1_name": "Boots of Speed"}, {"item_2": 36, "assists": 3, "leaver_status": 1, "item_1": 43, "item_0": 40, "item_0_name": "Dust of Appearance", "leaver_status_description": "player DC, no abandon", "level": 8, "player_slot": 2, "leaver_status_name": "DISCONNECTED", "hero_id": 86, "last_hits": 20, "kills": 4, "account_id": 89296893, "item_3_name": "Bracer", "item_4": 29, "item_3": 73, "item_4_name": "Boots of Speed", "item_5": 46, "xp_per_min": 153, "item_5_name": "Town Portal Scroll", "hero_name": "Rubick", "gold_per_min": 176, "deaths": 4, "denies": 2, "item_2_name": "Magic Wand", "item_1_name": "Sentry Ward"}, {"item_2": 36, "assists": 3, "leaver_status": 1, "item_1": 29, "item_0": 41, "item_0_name": "Bottle", "leaver_status_description": "player DC, no abandon", "level": 11, "player_slot": 3, "leaver_status_name": "DISCONNECTED", "hero_id": 88, "last_hits": 56, "kills": 1, "account_id": 89423756, "item_3_name": "Town Portal Scroll", "item_4": 75, "item_3": 46, "item_4_name": "Wraith Band", "item_5": 0, "xp_per_min": 283, "hero_name": "Nyx Assassin", "gold_per_min": 217, "deaths": 5, "denies": 10, "item_2_name": "Magic Wand", "item_1_name": "Boots of Speed"}, {"item_2": 16, "assists": 5, "leaver_status": 1, "item_1": 34, "item_0": 50, "item_0_name": "Phase Boots", "leaver_status_description": "player DC, no abandon", "level": 10, "player_slot": 4, "leaver_status_name": "DISCONNECTED", "hero_id": 54, "last_hits": 59, "kills": 1, "account_id": 88521435, "item_3_name": "Drum of Endurance", "item_4": 46, "item_3": 185, "item_4_name": "Town Portal Scroll", "item_5": 182, "xp_per_min": 256, "item_5_name": "Stout Shield", "hero_name": "Lifestealer", "gold_per_min": 232, "deaths": 5, "denies": 7, "item_2_name": "Iron Branch", "item_1_name": "Magic Stick"}, {"item_2": 0, "assists": 7, "leaver_status": 0, "item_1": 34, "item_0": 180, "item_0_name": "Arcane Boots", "leaver_status_description": "finished match, no abandon", "level": 11, "player_slot": 128, "leaver_status_name": "NONE", "hero_id": 92, "last_hits": 10, "kills": 8, "account_id": 89330493, "item_3_name": "Medallion of Courage", "item_4": 0, "item_3": 187, "item_5": 79, "xp_per_min": 299, "item_5_name": "Mekansm", "hero_name": "Visage", "gold_per_min": 307, "deaths": 0, "denies": 4, "item_1_name": "Magic Stick"}, {"item_2": 46, "assists": 9, "leaver_status": 0, "item_1": 36, "item_0": 180, "item_0_name": "Arcane Boots", "leaver_status_description": "finished match, no abandon", "level": 9, "player_slot": 129, "leaver_status_name": "NONE", "hero_id": 16, "last_hits": 7, "kills": 2, "account_id": 89249333, "item_3_name": "Smoke of Deceit", "item_4": 0, "item_3": 188, "item_5": 0, "xp_per_min": 220, "hero_name": "Sand King", "gold_per_min": 242, "deaths": 4, "denies": 3, "item_2_name": "Town Portal Scroll", "item_1_name": "Magic Wand"}, {"item_2": 180, "assists": 8, "leaver_status": 0, "item_1": 36, "item_0": 185, "item_0_name": "Drum of Endurance", "leaver_status_description": "finished match, no abandon", "level": 11, "player_slot": 130, "leaver_status_name": "NONE", "hero_id": 50, "last_hits": 65, "kills": 3, "account_id": 89871557, "item_3_name": "Gem of True Sight", "item_4": 46, "item_3": 30, "item_4_name": "Town Portal Scroll", "item_5": 60, "xp_per_min": 319, "item_5_name": "Point Booster", "hero_name": "Dazzle", "gold_per_min": 368, "deaths": 2, "denies": 17, "item_2_name": "Arcane Boots", "item_1_name": "Magic Wand"}, {"item_2": 36, "assists": 4, "leaver_status": 0, "item_1": 116, "item_0": 170, "item_0_name": "Yasha", "leaver_status_description": "finished match, no abandon", "level": 14, "player_slot": 131, "leaver_status_name": "NONE", "hero_id": 46, "last_hits": 107, "kills": 5, "account_id": 93616251, "item_3_name": "Phase Boots", "item_4": 41, "item_3": 50, "item_4_name": "Bottle", "item_5": 73, "xp_per_min": 525, "item_5_name": "Bracer", "hero_name": "Templar Assassin", "gold_per_min": 505, "deaths": 1, "denies": 13, "item_2_name": "Magic Wand", "item_1_name": "Black King Bar"}, {"item_2": 46, "assists": 8, "leaver_status": 0, "item_1": 185, "item_0": 63, "item_0_name": "Power Treads", "leaver_status_description": "finished match, no abandon", "level": 14, "player_slot": 132, "leaver_status_name": "NONE", "hero_id": 72, "last_hits": 125, "kills": 2, "account_id": 91644707, "item_3_name": "Bottle", "item_4": 36, "item_3": 41, "item_4_name": "Magic Wand", "item_5": 21, "xp_per_min": 497, "item_5_name": "Ogre Club", "hero_name": "Gyrocopter", "gold_per_min": 471, "deaths": 2, "denies": 18, "item_2_name": "Town Portal Scroll", "item_1_name": "Drum of Endurance"}], "dire_team_id": 416900, "picks_bans": [{"order": 0, "is_pick": false, "hero_id": 76, "team": 0}, {"order": 1, "is_pick": false, "hero_id": 65, "team": 1}, {"order": 2, "is_pick": false, "hero_id": 79, "team": 0}, {"order": 3, "is_pick": false, "hero_id": 73, "team": 1}, {"order": 4, "is_pick": true, "hero_id": 88, "team": 0}, {"order": 5, "is_pick": true, "hero_id": 72, "team": 1}, {"order": 6, "is_pick": true, "hero_id": 92, "team": 1}, {"order": 7, "is_pick": true, "hero_id": 54, "team": 0}, {"order": 8, "is_pick": false, "hero_id": 55, "team": 1}, {"order": 9, "is_pick": false, "hero_id": 21, "team": 0}, {"order": 10, "is_pick": false, "hero_id": 17, "team": 1}, {"order": 11, "is_pick": false, "hero_id": 63, "team": 0}, {"order": 12, "is_pick": true, "hero_id": 16, "team": 1}, {"order": 13, "is_pick": true, "hero_id": 86, "team": 0}, {"order": 14, "is_pick": true, "hero_id": 50, "team": 1}, {"order": 15, "is_pick": true, "hero_id": 68, "team": 0}, {"order": 16, "is_pick": false, "hero_id": 51, "team": 1}, {"order": 17, "is_pick": false, "hero_id": 97, "team": 0}, {"order": 18, "is_pick": true, "hero_id": 46, "team": 1}, {"order": 19, "is_pick": true, "hero_id": 34, "team": 0}], "dire_name": "Orange.Neolution Esports", "negative_votes": 7}