{"tower_status_radiant": 1846, "flags": 0, "radiant_team_complete": 0, "game_mode": 2, "radiant_score": 0, "match_id": 218596659, "lobby_name": "Practice", "dire_logo": 921253447668725714, "pre_game_duration": 0, "radiant_name": "Team Empire", "match_seq_num": 197267348, "dire_team_complete": 0, "start_time": 1371136521, "radiant_win": true, "positive_votes": 137, "leagueid": 51, "duration": 2832, "dire_score": 0, "lobby_type": 1, "cluster": 133, "engine": 0, "barracks_status_dire": 0, "barracks_status_radiant": 63, "cluster_name": "Europe West", "first_blood_time": 89, "radiant_team_id": 46, "radiant_logo": 541924293718462159, "human_players": 10, "game_mode_name": "Captains Mode", "tower_status_dire": 0, "players": [{"item_2": 92, "assists": 18, "leaver_status": 0, "item_1": 36, "item_0": 180, "item_0_name": "Arcane Boots", "leaver_status_description": "finished match, no abandon", "level": 18, "player_slot": 0, "leaver_status_name": "NONE", "hero_id": 79, "last_hits": 44, "kills": 5, "account_id": 52341014, "item_3_name": "Town Portal Scroll", "item_4": 114, "item_3": 46, "item_4_name": "Heart of Tarrasque", "item_5": 0, "xp_per_min": 369, "hero_name": "Shadow Demon", "gold_per_min": 291, "deaths": 4, "denies": 6, "item_2_name": "Urn of Shadows", "item_1_name": "Magic Wand"}, {"item_2": 63, "assists": 15, "leaver_status": 0, "item_1": 208, "item_0": 152, "item_0_name": "Shadow Blade", "leaver_status_description": "finished match, no abandon", "level": 25, "player_slot": 1, "leaver_status_name": "NONE", "hero_id": 73, "last_hits": 315, "kills": 17, "account_id": 86750262, "item_3_name": "Black King Bar", "item_4": 117, "item_3": 116, "item_4_name": "Aegis of the Immortal", "item_5": 112, "xp_per_min": 692, "item_5_name": "Assault Cuirass", "hero_name": "Alchemist", "gold_per_min": 794, "deaths": 4, "denies": 25, "item_2_name": "Power Treads", "item_1_name": "Abyssal Blade"}, {"item_2": 30, "assists": 21, "leaver_status": 0, "item_1": 90, "item_0": 180, "item_0_name": "Arcane Boots", "leaver_status_description": "finished match, no abandon", "level": 20, "player_slot": 2, "leaver_status_name": "NONE", "hero_id": 64, "last_hits": 135, "kills": 3, "account_id": 94049589, "item_3_name": "Magic Wand", "item_4": 61, "item_3": 36, "item_4_name": "Vitality Booster", "item_5": 30, "xp_per_min": 459, "item_5_name": "Gem of True Sight", "hero_name": "Jakiro", "gold_per_min": 358, "deaths": 6, "denies": 3, "item_2_name": "Gem of True Sight", "item_1_name": "Pipe of Insight"}, {"item_2": 102, "assists": 6, "leaver_status": 0, "item_1": 206, "item_0": 1, "item_0_name": "Blink Dagger", "leaver_status_description": "finished match, no abandon", "level": 22, "player_slot": 3, "leaver_status_name": "NONE", "hero_id": 101, "last_hits": 133, "kills": 17, "account_id": 87201671, "item_3_name": "Boots of Travel", "item_4": 59, "item_3": 48, "item_4_name": "Energy Booster", "item_5": 58, "xp_per_min": 572, "item_5_name": "Mystic Staff", "hero_name": "Skywrath Mage", "gold_per_min": 424, "deaths": 2, "denies": 16, "item_2_name": "Force Staff", "item_1_name": "Rod of Atos"}, {"item_2": 0, "assists": 15, "leaver_status": 0, "item_1": 114, "item_0": 79, "item_0_name": "Mekansm", "leaver_status_description": "finished match, no abandon", "level": 25, "player_slot": 4, "leaver_status_name": "NONE", "hero_id": 55, "last_hits": 308, "kills": 10, "account_id": 89326318, "item_3_name": "Force Staff", "item_4": 96, "item_3": 102, "item_4_name": "Scythe of Vyse", "item_5": 48, "xp_per_min": 689, "item_5_name": "Boots of Travel", "hero_name": "Dark Seer", "gold_per_min": 546, "deaths": 5, "denies": 1, "item_1_name": "Heart of Tarrasque"}, {"item_2": 73, "assists": 12, "leaver_status": 1, "item_1": 29, "item_0": 23, "item_0_name": "Staff of Wizardry", "leaver_status_description": "player DC, no abandon", "level": 11, "player_slot": 128, "leaver_status_name": "DISCONNECTED", "hero_id": 51, "last_hits": 58, "kills": 2, "account_id": 133798465, "item_3_name": "Magic Wand", "item_4": 60, "item_3": 36, "item_4_name": "Point Booster", "item_5": 21, "xp_per_min": 154, "item_5_name": "Ogre Club", "hero_name": "Clockwerk", "gold_per_min": 176, "deaths": 15, "denies": 4, "item_2_name": "Bracer", "item_1_name": "Boots of Speed"}, {"item_2": 0, "assists": 10, "leaver_status": 1, "item_1": 96, "item_0": 48, "item_0_name": "Boots of Travel", "leaver_status_description": "player DC, no abandon", "level": 18, "player_slot": 129, "leaver_status_name": "DISCONNECTED", "hero_id": 34, "last_hits": 222, "kills": 4, "account_id": 96196828, "item_3_name": "Soul Ring", "item_4": 1, "item_3": 178, "item_4_name": "Blink Dagger", "item_5": 20, "xp_per_min": 376, "item_5_name": "Circlet", "hero_name": "Tinker", "gold_per_min": 383, "deaths": 9, "denies": 8, "item_1_name": "Scythe of Vyse"}, {"item_2": 152, "assists": 9, "leaver_status": 1, "item_1": 65, "item_0": 50, "item_0_name": "Phase Boots", "leaver_status_description": "player DC, no abandon", "level": 23, "player_slot": 130, "leaver_status_name": "DISCONNECTED", "hero_id": 53, "last_hits": 391, "kills": 4, "account_id": 89782335, "item_3_name": "Desolator", "item_4": 141, "item_3": 168, "item_4_name": "Daedalus", "item_5": 46, "xp_per_min": 609, "item_5_name": "Town Portal Scroll", "hero_name": "Nature's Prophet", "gold_per_min": 550, "deaths": 13, "denies": 21, "item_2_name": "Shadow Blade", "item_1_name": "Hand of Midas"}, {"item_2": 187, "assists": 7, "leaver_status": 0, "item_1": 36, "item_0": 27, "item_0_name": "Ring of Regen", "leaver_status_description": "finished match, no abandon", "level": 13, "player_slot": 131, "leaver_status_name": "NONE", "hero_id": 92, "last_hits": 30, "kills": 4, "account_id": 11550182, "item_3_name": "Town Portal Scroll", "item_4": 63, "item_3": 46, "item_4_name": "Power Treads", "item_5": 23, "xp_per_min": 203, "item_5_name": "Staff of Wizardry", "hero_name": "Visage", "gold_per_min": 184, "deaths": 12, "denies": 5, "item_2_name": "Medallion of Courage", "item_1_name": "Magic Wand"}, {"item_2": 185, "assists": 7, "leaver_status": 1, "item_1": 0, "item_0": 96, "item_0_name": "Scythe of Vyse", "leaver_status_description": "player DC, no abandon", "level": 22, "player_slot": 132, "leaver_status_name": "DISCONNECTED", "hero_id": 39, "last_hits": 232, "kills": 6, "account_id": 93614932, "item_3_name": "Power Treads", "item_4": 135, "item_3": 63, "item_4_name": "Monkey King Bar", "item_5": 0, "xp_per_min": 543, "hero_name": "Queen of Pain", "gold_per_min": 401, "deaths": 5, "denies": 22, "item_2_name": "Drum of Endurance"}], "dire_team_id": 293390, "picks_bans": [{"order": 0, "is_pick": false, "hero_id": 72, "team": 0}, {"order": 1, "is_pick": false, "hero_id": 91, "team": 1}, {"order": 2, "is_pick": false, "hero_id": 89, "team": 0}, {"order": 3, "is_pick": false, "hero_id": 65, "team": 1}, {"order": 4, "is_pick": true, "hero_id": 55, "team": 0}, {"order": 5, "is_pick": true, "hero_id": 92, "team": 1}, {"order": 6, "is_pick": true, "hero_id": 51, "team": 1}, {"order": 7, "is_pick": true, "hero_id": 79, "team": 0}, {"order": 8, "is_pick": false, "hero_id": 25, "team": 1}, {"order": 9, "is_pick": false, "hero_id": 13, "team": 0}, {"order": 10, "is_pick": false, "hero_id": 23, "team": 1}, {"order": 11, "is_pick": false, "hero_id": 97, "team": 0}, {"order": 12, "is_pick": true, "hero_id": 53, "team": 1}, {"order": 13, "is_pick": true, "hero_id": 64, "team": 0}, {"order": 14, "is_pick": true, "hero_id": 34, "team": 1}, {"order": 15, "is_pick": true, "hero_id": 73, "team": 0}, {"order": 16, "is_pick": false, "hero_id": 88, "team": 1}, {"order": 17, "is_pick": false, "hero_id": 63, "team": 0}, {"order": 18, "is_pick": true, "hero_id": 39, "team": 1}, {"order": 19, "is_pick": true, "hero_id": 101, "team": 0}], "dire_name": "Radical Online X-tremists", "negative_votes": 9}