{"tower_status_radiant": 1798, "flags": 0, "radiant_team_complete": 0, "game_mode": 2, "radiant_score": 0, "match_id": 220892650, "lobby_name": "Practice", "dire_logo": 307739466828348574, "pre_game_duration": 0, "radiant_name": "iNfernity.rs", "match_seq_num": 199430657, "dire_team_complete": 0, "start_time": 1371391559, "radiant_win": false, "positive_votes": 60, "leagueid": 53, "duration": 2125, "dire_score": 0, "lobby_type": 1, "cluster": 181, "engine": 0, "barracks_status_dire": 63, "barracks_status_radiant": 51, "cluster_name": "Russia", "first_blood_time": 463, "radiant_team_id": 545562, "radiant_logo": 919013244669836031, "human_players": 10, "game_mode_name": "Captains Mode", "tower_status_dire": 1972, "players": [{"item_2": 42, "assists": 2, "leaver_status": 0, "item_1": 36, "item_0": 0, "leaver_status_description": "finished match, no abandon", "level": 9, "player_slot": 0, "leaver_status_name": "NONE", "hero_id": 50, "last_hits": 25, "kills": 0, "account_id": 90200219, "item_4": 29, "item_3": 0, "item_4_name": "Boots of Speed", "item_5": 73, "xp_per_min": 130, "item_5_name": "Bracer", "hero_name": "Dazzle", "gold_per_min": 140, "deaths": 9, "denies": 6, "item_2_name": "Observer Ward", "item_1_name": "Magic Wand"}, {"item_2": 37, "assists": 3, "leaver_status": 0, "item_1": 102, "item_0": 1, "item_0_name": "Blink Dagger", "leaver_status_description": "finished match, no abandon", "level": 16, "player_slot": 1, "leaver_status_name": "NONE", "hero_id": 65, "last_hits": 151, "kills": 5, "account_id": 90199779, "item_3_name": "Boots of Travel", "item_4": 73, "item_3": 48, "item_4_name": "Bracer", "item_5": 0, "xp_per_min": 415, "hero_name": "Batrider", "gold_per_min": 348, "deaths": 4, "denies": 4, "item_2_name": "Ghost Scepter", "item_1_name": "Force Staff"}, {"item_2": 36, "assists": 2, "leaver_status": 0, "item_1": 63, "item_0": 46, "item_0_name": "Town Portal Scroll", "leaver_status_description": "finished match, no abandon", "level": 12, "player_slot": 2, "leaver_status_name": "NONE", "hero_id": 89, "last_hits": 119, "kills": 1, "account_id": 104441855, "item_3_name": "Blade of Alacrity", "item_4": 22, "item_3": 22, "item_4_name": "Blade of Alacrity", "item_5": 170, "xp_per_min": 238, "item_5_name": "Yasha", "hero_name": "Naga Siren", "gold_per_min": 268, "deaths": 7, "denies": 15, "item_2_name": "Magic Wand", "item_1_name": "Power Treads"}, {"item_2": 41, "assists": 4, "leaver_status": 0, "item_1": 63, "item_0": 71, "item_0_name": "Poor Man's Shield", "leaver_status_description": "finished match, no abandon", "level": 20, "player_slot": 3, "leaver_status_name": "NONE", "hero_id": 93, "last_hits": 162, "kills": 8, "account_id": 19757254, "item_3_name": "Magic Wand", "item_4": 0, "item_3": 36, "item_5": 116, "xp_per_min": 621, "item_5_name": "Black King Bar", "hero_name": "Slark", "gold_per_min": 393, "deaths": 3, "denies": 7, "item_2_name": "Bottle", "item_1_name": "Power Treads"}, {"item_2": 43, "assists": 2, "leaver_status": 0, "item_1": 94, "item_0": 63, "item_0_name": "Power Treads", "leaver_status_description": "finished match, no abandon", "level": 11, "player_slot": 4, "leaver_status_name": "NONE", "hero_id": 64, "last_hits": 46, "kills": 1, "account_id": 90793520, "item_3_name": "Magic Wand", "item_4": 0, "item_3": 36, "item_5": 0, "xp_per_min": 175, "hero_name": "Jakiro", "gold_per_min": 166, "deaths": 9, "denies": 3, "item_2_name": "Sentry Ward", "item_1_name": "Headdress"}, {"item_2": 102, "assists": 4, "leaver_status": 0, "item_1": 180, "item_0": 43, "item_0_name": "Sentry Ward", "leaver_status_description": "finished match, no abandon", "level": 12, "player_slot": 128, "leaver_status_name": "NONE", "hero_id": 25, "last_hits": 38, "kills": 2, "account_id": 94155156, "item_3_name": "Bracer", "item_4": 46, "item_3": 73, "item_4_name": "Town Portal Scroll", "item_5": 36, "xp_per_min": 240, "item_5_name": "Magic Wand", "hero_name": "Lina", "gold_per_min": 218, "deaths": 5, "denies": 3, "item_2_name": "Force Staff", "item_1_name": "Arcane Boots"}, {"item_2": 43, "assists": 7, "leaver_status": 0, "item_1": 188, "item_0": 214, "item_0_name": "Tranquil Boots", "leaver_status_description": "finished match, no abandon", "level": 11, "player_slot": 129, "leaver_status_name": "NONE", "hero_id": 79, "last_hits": 13, "kills": 1, "account_id": 19672354, "item_4": 92, "item_3": 0, "item_4_name": "Urn of Shadows", "item_5": 46, "xp_per_min": 215, "item_5_name": "Town Portal Scroll", "hero_name": "Shadow Demon", "gold_per_min": 189, "deaths": 3, "denies": 2, "item_2_name": "Sentry Ward", "item_1_name": "Smoke of Deceit"}, {"item_2": 151, "assists": 12, "leaver_status": 0, "item_1": 36, "item_0": 50, "item_0_name": "Phase Boots", "leaver_status_description": "finished match, no abandon", "level": 19, "player_slot": 130, "leaver_status_name": "NONE", "hero_id": 54, "last_hits": 137, "kills": 8, "account_id": 100317750, "item_3_name": "Drum of Endurance", "item_4": 143, "item_3": 185, "item_4_name": "Skull Basher", "item_5": 154, "xp_per_min": 559, "item_5_name": "Sange and Yasha", "hero_name": "Lifestealer", "gold_per_min": 459, "deaths": 3, "denies": 15, "item_2_name": "Armlet of Mordiggian", "item_1_name": "Magic Wand"}, {"item_2": 46, "assists": 9, "leaver_status": 0, "item_1": 135, "item_0": 164, "item_0_name": "Helm of the Dominator", "leaver_status_description": "finished match, no abandon", "level": 18, "player_slot": 131, "leaver_status_name": "NONE", "hero_id": 72, "last_hits": 242, "kills": 7, "account_id": 8712306, "item_3_name": "Black King Bar", "item_4": 36, "item_3": 116, "item_4_name": "Magic Wand", "item_5": 50, "xp_per_min": 531, "item_5_name": "Phase Boots", "hero_name": "Gyrocopter", "gold_per_min": 565, "deaths": 3, "denies": 25, "item_2_name": "Town Portal Scroll", "item_1_name": "Monkey King Bar"}, {"item_2": 63, "assists": 9, "leaver_status": 0, "item_1": 1, "item_0": 36, "item_0_name": "Magic Wand", "leaver_status_description": "finished match, no abandon", "level": 19, "player_slot": 132, "leaver_status_name": "NONE", "hero_id": 13, "last_hits": 120, "kills": 13, "account_id": 101707175, "item_3_name": "Orchid Malevolence", "item_4": 41, "item_3": 98, "item_4_name": "Bottle", "item_5": 46, "xp_per_min": 584, "item_5_name": "Town Portal Scroll", "hero_name": "Puck", "gold_per_min": 418, "deaths": 1, "denies": 23, "item_2_name": "Power Treads", "item_1_name": "Blink Dagger"}], "dire_team_id": 350190, "picks_bans": [{"order": 0, "is_pick": false, "hero_id": 91, "team": 0}, {"order": 1, "is_pick": false, "hero_id": 55, "team": 1}, {"order": 2, "is_pick": false, "hero_id": 53, "team": 0}, {"order": 3, "is_pick": false, "hero_id": 3, "team": 1}, {"order": 4, "is_pick": true, "hero_id": 65, "team": 0}, {"order": 5, "is_pick": true, "hero_id": 72, "team": 1}, {"order": 6, "is_pick": true, "hero_id": 54, "team": 1}, {"order": 7, "is_pick": true, "hero_id": 89, "team": 0}, {"order": 8, "is_pick": false, "hero_id": 63, "team": 1}, {"order": 9, "is_pick": false, "hero_id": 88, "team": 0}, {"order": 10, "is_pick": false, "hero_id": 80, "team": 1}, {"order": 11, "is_pick": false, "hero_id": 85, "team": 0}, {"order": 12, "is_pick": true, "hero_id": 79, "team": 1}, {"order": 13, "is_pick": true, "hero_id": 64, "team": 0}, {"order": 14, "is_pick": true, "hero_id": 13, "team": 1}, {"order": 15, "is_pick": true, "hero_id": 50, "team": 0}, {"order": 16, "is_pick": false, "hero_id": 46, "team": 1}, {"order": 17, "is_pick": false, "hero_id": 92, "team": 0}, {"order": 18, "is_pick": true, "hero_id": 25, "team": 1}, {"order": 19, "is_pick": true, "hero_id": 93, "team": 0}], "dire_name": "Fnatic", "negative_votes": 1}