{"tower_status_radiant": 1828, "flags": 0, "radiant_team_complete": 1, "game_mode": 2, "radiant_score": 0, "match_id": 234902712, "lobby_name": "Practice", "radiant_team_id": 1883502, "dire_logo": 576743332782064613, "pre_game_duration": 0, "radiant_name": "Virtus.pro", "match_seq_num": 212553818, "dire_team_complete": 1, "start_time": 1372959093, "radiant_guild_logo": 597007767936765031, "radiant_win": true, "positive_votes": 165, "leagueid": 46, "duration": 2581, "dire_score": 0, "lobby_type": 1, "cluster": 132, "radiant_guild_id": 7467, "engine": 0, "barracks_status_dire": 3, "barracks_status_radiant": 63, "cluster_name": "Europe West", "first_blood_time": 405, "radiant_guild_name": "Virtus.pro Elite", "radiant_logo": 642124127283031446, "human_players": 10, "game_mode_name": "Captains Mode", "tower_status_dire": 1540, "players": [{"item_2": 102, "assists": 10, "leaver_status": 0, "item_1": 1, "item_0": 180, "item_0_name": "Arcane Boots", "leaver_status_description": "finished match, no abandon", "level": 16, "player_slot": 0, "leaver_status_name": "NONE", "hero_id": 7, "last_hits": 91, "kills": 1, "account_id": 93712171, "item_3_name": "Dust of Appearance", "item_4": 46, "item_3": 40, "item_4_name": "Town Portal Scroll", "item_5": 24, "xp_per_min": 320, "item_5_name": "Ultimate Orb", "hero_name": "Earthshaker", "gold_per_min": 262, "deaths": 5, "denies": 3, "item_2_name": "Force Staff", "item_1_name": "Blink Dagger"}, {"item_2": 116, "assists": 10, "leaver_status": 0, "item_1": 158, "item_0": 112, "item_0_name": "Assault Cuirass", "leaver_status_description": "finished match, no abandon", "level": 24, "player_slot": 1, "leaver_status_name": "NONE", "hero_id": 73, "last_hits": 357, "kills": 9, "account_id": 26316691, "item_3_name": "Abyssal Blade", "item_4": 48, "item_3": 208, "item_4_name": "Boots of Travel", "item_5": 0, "xp_per_min": 731, "hero_name": "Alchemist", "gold_per_min": 814, "deaths": 1, "denies": 27, "item_2_name": "Black King Bar", "item_1_name": "Mjollnir"}, {"item_2": 108, "assists": 11, "leaver_status": 0, "item_1": 46, "item_0": 178, "item_0_name": "Soul Ring", "leaver_status_description": "finished match, no abandon", "level": 17, "player_slot": 2, "leaver_status_name": "NONE", "hero_id": 55, "last_hits": 190, "kills": 2, "account_id": 91931211, "item_3_name": "Mekansm", "item_4": 1, "item_3": 79, "item_4_name": "Blink Dagger", "item_5": 180, "xp_per_min": 368, "item_5_name": "Arcane Boots", "hero_name": "Dark Seer", "gold_per_min": 367, "deaths": 5, "denies": 3, "item_2_name": "Aghanim's Scepter", "item_1_name": "Town Portal Scroll"}, {"item_2": 46, "assists": 8, "leaver_status": 0, "item_1": 36, "item_0": 108, "item_0_name": "Aghanim's Scepter", "leaver_status_description": "finished match, no abandon", "level": 15, "player_slot": 3, "leaver_status_name": "NONE", "hero_id": 26, "last_hits": 60, "kills": 4, "account_id": 107644273, "item_3_name": "Arcane Boots", "item_4": 0, "item_3": 180, "item_5": 42, "xp_per_min": 313, "item_5_name": "Observer Ward", "hero_name": "Lion", "gold_per_min": 259, "deaths": 5, "denies": 4, "item_2_name": "Town Portal Scroll", "item_1_name": "Magic Wand"}, {"item_2": 176, "assists": 11, "leaver_status": 0, "item_1": 116, "item_0": 96, "item_0_name": "Scythe of Vyse", "leaver_status_description": "finished match, no abandon", "level": 23, "player_slot": 4, "leaver_status_name": "NONE", "hero_id": 39, "last_hits": 220, "kills": 8, "account_id": 86840554, "item_3_name": "Power Treads", "item_4": 0, "item_3": 63, "item_5": 30, "xp_per_min": 666, "item_5_name": "Gem of True Sight", "hero_name": "Queen of Pain", "gold_per_min": 474, "deaths": 4, "denies": 7, "item_2_name": "Ethereal Blade", "item_1_name": "Black King Bar"}, {"item_2": 152, "assists": 10, "leaver_status": 1, "item_1": 116, "item_0": 63, "item_0_name": "Power Treads", "leaver_status_description": "player DC, no abandon", "level": 19, "player_slot": 128, "leaver_status_name": "DISCONNECTED", "hero_id": 49, "last_hits": 180, "kills": 7, "account_id": 86725175, "item_3_name": "Assault Cuirass", "item_4": 0, "item_3": 112, "item_5": 0, "xp_per_min": 460, "hero_name": "Dragon Knight", "gold_per_min": 385, "deaths": 4, "denies": 24, "item_2_name": "Shadow Blade", "item_1_name": "Black King Bar"}, {"item_2": 0, "assists": 5, "leaver_status": 0, "item_1": 29, "item_0": 102, "item_0_name": "Force Staff", "leaver_status_description": "finished match, no abandon", "level": 13, "player_slot": 129, "leaver_status_name": "NONE", "hero_id": 66, "last_hits": 48, "kills": 2, "account_id": 113316122, "item_3_name": "Magic Wand", "item_4": 79, "item_3": 36, "item_4_name": "Mekansm", "item_5": 0, "xp_per_min": 217, "hero_name": "Chen", "gold_per_min": 193, "deaths": 5, "denies": 0, "item_1_name": "Boots of Speed"}, {"item_2": 180, "assists": 6, "leaver_status": 0, "item_1": 0, "item_0": 92, "item_0_name": "Urn of Shadows", "leaver_status_description": "finished match, no abandon", "level": 14, "player_slot": 130, "leaver_status_name": "NONE", "hero_id": 79, "last_hits": 47, "kills": 1, "account_id": 91064780, "item_3_name": "Magic Wand", "item_4": 73, "item_3": 36, "item_4_name": "Bracer", "item_5": 42, "xp_per_min": 243, "item_5_name": "Observer Ward", "hero_name": "Shadow Demon", "gold_per_min": 186, "deaths": 7, "denies": 0, "item_2_name": "Arcane Boots"}, {"item_2": 65, "assists": 9, "leaver_status": 0, "item_1": 63, "item_0": 152, "item_0_name": "Shadow Blade", "leaver_status_description": "finished match, no abandon", "level": 20, "player_slot": 131, "leaver_status_name": "NONE", "hero_id": 53, "last_hits": 284, "kills": 3, "account_id": 86802844, "item_3_name": "Scythe of Vyse", "item_4": 116, "item_3": 96, "item_4_name": "Black King Bar", "item_5": 0, "xp_per_min": 504, "hero_name": "Nature's Prophet", "gold_per_min": 487, "deaths": 6, "denies": 9, "item_2_name": "Hand of Midas", "item_1_name": "Power Treads"}, {"item_2": 139, "assists": 9, "leaver_status": 0, "item_1": 63, "item_0": 0, "leaver_status_description": "finished match, no abandon", "level": 22, "player_slot": 132, "leaver_status_name": "NONE", "hero_id": 48, "last_hits": 280, "kills": 7, "account_id": 90229954, "item_3_name": "Helm of the Dominator", "item_4": 116, "item_3": 164, "item_4_name": "Black King Bar", "item_5": 147, "xp_per_min": 592, "item_5_name": "Manta Style", "hero_name": "Luna", "gold_per_min": 518, "deaths": 3, "denies": 15, "item_2_name": "Butterfly", "item_1_name": "Power Treads"}], "dire_team_id": 134900, "picks_bans": [{"order": 0, "is_pick": false, "hero_id": 63, "team": 0}, {"order": 1, "is_pick": false, "hero_id": 91, "team": 1}, {"order": 2, "is_pick": false, "hero_id": 83, "team": 0}, {"order": 3, "is_pick": false, "hero_id": 65, "team": 1}, {"order": 4, "is_pick": true, "hero_id": 55, "team": 0}, {"order": 5, "is_pick": true, "hero_id": 53, "team": 1}, {"order": 6, "is_pick": true, "hero_id": 79, "team": 1}, {"order": 7, "is_pick": true, "hero_id": 73, "team": 0}, {"order": 8, "is_pick": false, "hero_id": 54, "team": 0}, {"order": 9, "is_pick": false, "hero_id": 76, "team": 1}, {"order": 10, "is_pick": false, "hero_id": 12, "team": 0}, {"order": 11, "is_pick": false, "hero_id": 87, "team": 1}, {"order": 12, "is_pick": true, "hero_id": 49, "team": 1}, {"order": 13, "is_pick": true, "hero_id": 26, "team": 0}, {"order": 14, "is_pick": true, "hero_id": 66, "team": 1}, {"order": 15, "is_pick": true, "hero_id": 39, "team": 0}, {"order": 16, "is_pick": false, "hero_id": 75, "team": 1}, {"order": 17, "is_pick": false, "hero_id": 89, "team": 0}, {"order": 18, "is_pick": true, "hero_id": 48, "team": 1}, {"order": 19, "is_pick": true, "hero_id": 7, "team": 0}], "dire_name": "iCCup Team", "negative_votes": 5}