{"tower_status_radiant": 1974, "flags": 0, "radiant_team_complete": 0, "game_mode": 2, "radiant_score": 0, "match_id": 236758407, "lobby_name": "Practice", "dire_logo": 595873628477068295, "pre_game_duration": 0, "radiant_name": "DCruX", "match_seq_num": 214264901, "dire_team_complete": 0, "start_time": 1373170867, "radiant_win": false, "positive_votes": 148, "leagueid": 65007, "duration": 892, "dire_score": 0, "lobby_type": 1, "cluster": 142, "engine": 0, "barracks_status_dire": 63, "barracks_status_radiant": 63, "cluster_name": "South Korea", "first_blood_time": 0, "radiant_team_id": 699613, "radiant_logo": 920141495649904899, "human_players": 10, "game_mode_name": "Captains Mode", "tower_status_dire": 2047, "players": [{"item_2": 182, "assists": 0, "leaver_status": 1, "item_1": 46, "item_0": 178, "item_0_name": "Soul Ring", "leaver_status_description": "player DC, no abandon", "level": 7, "player_slot": 0, "leaver_status_name": "DISCONNECTED", "hero_id": 55, "last_hits": 27, "kills": 0, "account_id": 53719208, "item_4": 34, "item_3": 0, "item_4_name": "Magic Stick", "item_5": 0, "xp_per_min": 183, "hero_name": "Dark Seer", "gold_per_min": 148, "deaths": 3, "denies": 4, "item_2_name": "Stout Shield", "item_1_name": "Town Portal Scroll"}, {"item_2": 44, "assists": 1, "leaver_status": 1, "item_1": 42, "item_0": 46, "item_0_name": "Town Portal Scroll", "leaver_status_description": "player DC, no abandon", "level": 3, "player_slot": 1, "leaver_status_name": "DISCONNECTED", "hero_id": 64, "last_hits": 2, "kills": 0, "account_id": 39804556, "item_4": 0, "item_3": 0, "item_5": 0, "xp_per_min": 59, "hero_name": "Jakiro", "gold_per_min": 82, "deaths": 5, "denies": 3, "item_2_name": "Tango", "item_1_name": "Observer Ward"}, {"item_2": 0, "assists": 1, "leaver_status": 1, "item_1": 182, "item_0": 46, "item_0_name": "Town Portal Scroll", "leaver_status_description": "player DC, no abandon", "level": 4, "player_slot": 2, "leaver_status_name": "DISCONNECTED", "hero_id": 85, "last_hits": 6, "kills": 0, "account_id": 52631104, "item_4": 0, "item_3": 0, "item_5": 44, "xp_per_min": 76, "item_5_name": "Tango", "hero_name": "Undying", "gold_per_min": 94, "deaths": 6, "denies": 0, "item_1_name": "Stout Shield"}, {"item_2": 0, "assists": 0, "leaver_status": 1, "item_1": 36, "item_0": 41, "item_0_name": "Bottle", "leaver_status_description": "player DC, no abandon", "level": 8, "player_slot": 3, "leaver_status_name": "DISCONNECTED", "hero_id": 93, "last_hits": 34, "kills": 1, "account_id": 114431708, "item_3_name": "Boots of Speed", "item_4": 0, "item_3": 29, "item_5": 182, "xp_per_min": 247, "item_5_name": "Stout Shield", "hero_name": "Slark", "gold_per_min": 199, "deaths": 4, "denies": 2, "item_1_name": "Magic Wand"}, {"item_2": 29, "assists": 1, "leaver_status": 1, "item_1": 46, "item_0": 13, "item_0_name": "Gauntlets of Strength", "leaver_status_description": "player DC, no abandon", "level": 5, "player_slot": 4, "leaver_status_name": "DISCONNECTED", "hero_id": 18, "last_hits": 16, "kills": 0, "account_id": 80813011, "item_3_name": "Circlet", "item_4": 0, "item_3": 20, "item_5": 0, "xp_per_min": 100, "hero_name": "Sven", "gold_per_min": 126, "deaths": 6, "denies": 0, "item_2_name": "Boots of Speed", "item_1_name": "Town Portal Scroll"}, {"item_2": 50, "assists": 10, "leaver_status": 1, "item_1": 46, "item_0": 30, "item_0_name": "Gem of True Sight", "leaver_status_description": "player DC, no abandon", "level": 11, "player_slot": 128, "leaver_status_name": "DISCONNECTED", "hero_id": 62, "last_hits": 40, "kills": 2, "account_id": 3940262, "item_3_name": "Poor Man's Shield", "item_4": 117, "item_3": 71, "item_4_name": "Aegis of the Immortal", "item_5": 185, "xp_per_min": 499, "item_5_name": "Drum of Endurance", "hero_name": "Bounty Hunter", "gold_per_min": 513, "deaths": 0, "denies": 7, "item_2_name": "Phase Boots", "item_1_name": "Town Portal Scroll"}, {"item_2": 46, "assists": 7, "leaver_status": 1, "item_1": 180, "item_0": 34, "item_0_name": "Magic Stick", "leaver_status_description": "player DC, no abandon", "level": 8, "player_slot": 129, "leaver_status_name": "DISCONNECTED", "hero_id": 88, "last_hits": 18, "kills": 1, "account_id": 112127585, "item_3_name": "Sentry Ward", "item_4": 0, "item_3": 43, "item_5": 0, "xp_per_min": 247, "hero_name": "Nyx Assassin", "gold_per_min": 245, "deaths": 0, "denies": 0, "item_2_name": "Town Portal Scroll", "item_1_name": "Arcane Boots"}, {"item_2": 46, "assists": 9, "leaver_status": 1, "item_1": 77, "item_0": 63, "item_0_name": "Power Treads", "leaver_status_description": "player DC, no abandon", "level": 11, "player_slot": 130, "leaver_status_name": "DISCONNECTED", "hero_id": 39, "last_hits": 64, "kills": 8, "account_id": 93119769, "item_3_name": "Oblivion Staff", "item_4": 41, "item_3": 67, "item_4_name": "Bottle", "item_5": 36, "xp_per_min": 475, "item_5_name": "Magic Wand", "hero_name": "Queen of Pain", "gold_per_min": 520, "deaths": 0, "denies": 14, "item_2_name": "Town Portal Scroll", "item_1_name": "Null Talisman"}, {"item_2": 36, "assists": 5, "leaver_status": 1, "item_1": 27, "item_0": 63, "item_0_name": "Power Treads", "leaver_status_description": "player DC, no abandon", "level": 11, "player_slot": 131, "leaver_status_name": "DISCONNECTED", "hero_id": 63, "last_hits": 64, "kills": 11, "account_id": 115166525, "item_3_name": "Ring of Basilius", "item_4": 123, "item_3": 88, "item_4_name": "Linken's Sphere", "item_5": 0, "xp_per_min": 503, "hero_name": "Weaver", "gold_per_min": 543, "deaths": 0, "denies": 6, "item_2_name": "Magic Wand", "item_1_name": "Ring of Regen"}, {"item_2": 42, "assists": 10, "leaver_status": 1, "item_1": 187, "item_0": 29, "item_0_name": "Boots of Speed", "leaver_status_description": "player DC, no abandon", "level": 8, "player_slot": 132, "leaver_status_name": "DISCONNECTED", "hero_id": 92, "last_hits": 19, "kills": 2, "account_id": 86770026, "item_3_name": "Iron Branch", "item_4": 34, "item_3": 16, "item_4_name": "Magic Stick", "item_5": 0, "xp_per_min": 294, "hero_name": "Visage", "gold_per_min": 261, "deaths": 1, "denies": 1, "item_2_name": "Observer Ward", "item_1_name": "Medallion of Courage"}], "dire_team_id": 498033, "picks_bans": [{"order": 0, "is_pick": false, "hero_id": 91, "team": 0}, {"order": 1, "is_pick": false, "hero_id": 65, "team": 1}, {"order": 2, "is_pick": false, "hero_id": 72, "team": 0}, {"order": 3, "is_pick": false, "hero_id": 83, "team": 1}, {"order": 4, "is_pick": true, "hero_id": 55, "team": 0}, {"order": 5, "is_pick": true, "hero_id": 88, "team": 1}, {"order": 6, "is_pick": true, "hero_id": 92, "team": 1}, {"order": 7, "is_pick": true, "hero_id": 64, "team": 0}, {"order": 8, "is_pick": false, "hero_id": 54, "team": 0}, {"order": 9, "is_pick": false, "hero_id": 89, "team": 1}, {"order": 10, "is_pick": false, "hero_id": 46, "team": 0}, {"order": 11, "is_pick": false, "hero_id": 79, "team": 1}, {"order": 12, "is_pick": true, "hero_id": 39, "team": 1}, {"order": 13, "is_pick": true, "hero_id": 18, "team": 0}, {"order": 14, "is_pick": true, "hero_id": 62, "team": 1}, {"order": 15, "is_pick": true, "hero_id": 93, "team": 0}, {"order": 16, "is_pick": false, "hero_id": 13, "team": 1}, {"order": 17, "is_pick": false, "hero_id": 73, "team": 0}, {"order": 18, "is_pick": true, "hero_id": 63, "team": 1}, {"order": 19, "is_pick": true, "hero_id": 85, "team": 0}], "dire_name": "FXOpen E-Sports", "negative_votes": 41}