{"tower_status_radiant": 2046, "flags": 0, "lobby_type": 1, "cluster": 133, "game_mode_name": "Captains Mode", "dire_logo": 558722001460412650, "engine": 0, "barracks_status_dire": 63, "barracks_status_radiant": 63, "cluster_name": "Europe West", "radiant_score": 0, "match_id": 237450091, "lobby_name": "Practice", "dire_score": 0, "first_blood_time": 0, "radiant_team_id": 26, "radiant_logo": 531766271384850245, "human_players": 10, "pre_game_duration": 0, "radiant_team_complete": 0, "tower_status_dire": 1847, "players": [{"item_2": 16, "assists": 4, "leaver_status": 0, "item_1": 16, "item_0": 29, "item_0_name": "Boots of Speed", "additional_units": [{"item_2": 11, "item_1": 182, "item_4": 0, "item_0": 181, "item_3": 65, "item_5": 0, "unitname": "spirit_bear"}], "leaver_status_description": "finished match, no abandon", "level": 8, "player_slot": 0, "leaver_status_name": "NONE", "hero_id": 80, "last_hits": 47, "kills": 1, "account_id": 86738694, "item_3_name": "Iron Branch", "item_4": 46, "item_3": 16, "item_4_name": "Town Portal Scroll", "item_5": 0, "xp_per_min": 216, "hero_name": "Lone Druid", "gold_per_min": 244, "deaths": 1, "denies": 5, "item_2_name": "Iron Branch", "item_1_name": "Iron Branch"}, {"item_2": 36, "assists": 5, "leaver_status": 0, "item_1": 41, "item_0": 77, "item_0_name": "Null Talisman", "leaver_status_description": "finished match, no abandon", "level": 8, "player_slot": 1, "leaver_status_name": "NONE", "hero_id": 13, "last_hits": 21, "kills": 2, "account_id": 86799300, "item_3_name": "Town Portal Scroll", "item_4": 0, "item_3": 46, "item_5": 29, "xp_per_min": 139, "item_5_name": "Boots of Speed", "hero_name": "Puck", "gold_per_min": 221, "deaths": 0, "denies": 7, "item_2_name": "Magic Wand", "item_1_name": "Bottle"}, {"item_2": 0, "assists": 5, "leaver_status": 1, "item_1": 36, "item_0": 180, "item_0_name": "Arcane Boots", "leaver_status_description": "player DC, no abandon", "level": 7, "player_slot": 2, "leaver_status_name": "DISCONNECTED", "hero_id": 25, "last_hits": 18, "kills": 4, "account_id": 87197791, "item_3_name": "Observer Ward", "item_4": 0, "item_3": 42, "item_5": 46, "xp_per_min": 125, "item_5_name": "Town Portal Scroll", "hero_name": "Lina", "gold_per_min": 203, "deaths": 0, "denies": 2, "item_1_name": "Magic Wand"}, {"item_2": 0, "assists": 9, "leaver_status": 0, "item_1": 28, "item_0": 36, "item_0_name": "Magic Wand", "leaver_status_description": "finished match, no abandon", "level": 7, "player_slot": 3, "leaver_status_name": "NONE", "hero_id": 79, "last_hits": 11, "kills": 1, "account_id": 37105332, "item_4": 46, "item_3": 0, "item_4_name": "Town Portal Scroll", "item_5": 29, "xp_per_min": 133, "item_5_name": "Boots of Speed", "hero_name": "Shadow Demon", "gold_per_min": 153, "deaths": 0, "denies": 1, "item_1_name": "Sage's Mask"}, {"item_2": 46, "assists": 3, "leaver_status": 0, "item_1": 50, "item_0": 0, "leaver_status_description": "finished match, no abandon", "level": 9, "player_slot": 4, "leaver_status_name": "NONE", "hero_id": 72, "last_hits": 66, "kills": 5, "account_id": 31078647, "item_3_name": "Magic Wand", "item_4": 185, "item_3": 36, "item_4_name": "Drum of Endurance", "item_5": 88, "xp_per_min": 223, "item_5_name": "Ring of Basilius", "hero_name": "Gyrocopter", "gold_per_min": 292, "deaths": 0, "denies": 10, "item_2_name": "Town Portal Scroll", "item_1_name": "Phase Boots"}, {"item_2": 0, "assists": 0, "leaver_status": 1, "item_1": 188, "item_0": 36, "item_0_name": "Magic Wand", "leaver_status_description": "player DC, no abandon", "level": 5, "player_slot": 128, "leaver_status_name": "DISCONNECTED", "hero_id": 89, "last_hits": 18, "kills": 1, "account_id": 38515149, "item_3_name": "Boots of Speed", "item_4": 20, "item_3": 29, "item_4_name": "Circlet", "item_5": 13, "xp_per_min": 91, "item_5_name": "Gauntlets of Strength", "hero_name": "Naga Siren", "gold_per_min": 99, "deaths": 2, "denies": 2, "item_1_name": "Smoke of Deceit"}, {"item_2": 0, "assists": 1, "leaver_status": 0, "item_1": 34, "item_0": 29, "item_0_name": "Boots of Speed", "leaver_status_description": "finished match, no abandon", "level": 4, "player_slot": 129, "leaver_status_name": "NONE", "hero_id": 86, "last_hits": 7, "kills": 0, "account_id": 5448108, "item_3_name": "Smoke of Deceit", "item_4": 16, "item_3": 188, "item_4_name": "Iron Branch", "item_5": 16, "xp_per_min": 58, "item_5_name": "Iron Branch", "hero_name": "Rubick", "gold_per_min": 73, "deaths": 2, "denies": 0, "item_1_name": "Magic Stick"}, {"item_2": 16, "assists": 0, "leaver_status": 1, "item_1": 16, "item_0": 12, "item_0_name": "Ring of Protection", "leaver_status_description": "player DC, no abandon", "level": 5, "player_slot": 130, "leaver_status_name": "DISCONNECTED", "hero_id": 92, "last_hits": 12, "kills": 0, "account_id": 40547474, "item_3_name": "Boots of Speed", "item_4": 0, "item_3": 29, "item_5": 39, "xp_per_min": 92, "item_5_name": "Healing Salve", "hero_name": "Visage", "gold_per_min": 83, "deaths": 3, "denies": 1, "item_2_name": "Iron Branch", "item_1_name": "Iron Branch"}, {"item_2": 50, "assists": 1, "leaver_status": 1, "item_1": 182, "item_0": 0, "leaver_status_description": "player DC, no abandon", "level": 8, "player_slot": 131, "leaver_status_name": "DISCONNECTED", "hero_id": 54, "last_hits": 56, "kills": 0, "account_id": 87276347, "item_3_name": "Orb of Venom", "item_4": 11, "item_3": 181, "item_4_name": "Quelling Blade", "item_5": 185, "xp_per_min": 152, "item_5_name": "Drum of Endurance", "hero_name": "Lifestealer", "gold_per_min": 196, "deaths": 2, "denies": 9, "item_2_name": "Phase Boots", "item_1_name": "Stout Shield"}, {"item_2": 0, "assists": 0, "leaver_status": 0, "item_1": 41, "item_0": 214, "item_0_name": "Tranquil Boots", "leaver_status_description": "finished match, no abandon", "level": 8, "player_slot": 132, "leaver_status_name": "NONE", "hero_id": 76, "last_hits": 40, "kills": 0, "account_id": 10366616, "item_3_name": "Null Talisman", "item_4": 0, "item_3": 77, "item_5": 46, "xp_per_min": 104, "item_5_name": "Town Portal Scroll", "hero_name": "Outworld Devourer", "gold_per_min": 121, "deaths": 4, "denies": 22, "item_1_name": "Bottle"}], "radiant_name": "mousesports", "match_seq_num": 214846079, "dire_team_id": 142, "dire_team_complete": 1, "start_time": 1373227526, "radiant_win": true, "positive_votes": 27, "leagueid": 48, "game_mode": 2, "dire_name": "Team Dignitas", "duration": 699, "negative_votes": 4}