{"tower_status_radiant": 1568, "flags": 0, "lobby_type": 1, "dire_guild_logo": 594755968094013050, "cluster": 133, "game_mode_name": "Captains Mode", "engine": 0, "barracks_status_dire": 48, "barracks_status_radiant": 47, "cluster_name": "Europe West", "radiant_score": 0, "match_id": 240483573, "lobby_name": "Practice", "dire_score": 0, "first_blood_time": 267, "radiant_team_id": 430906, "dire_guild_id": 3797, "radiant_logo": 613886036769051338, "human_players": 10, "pre_game_duration": 0, "radiant_team_complete": 1, "tower_status_dire": 1920, "players": [{"item_2": 63, "assists": 2, "leaver_status": 0, "item_1": 145, "item_0": 152, "item_0_name": "Shadow Blade", "leaver_status_description": "finished match, no abandon", "level": 25, "player_slot": 0, "leaver_status_name": "NONE", "hero_id": 8, "last_hits": 408, "kills": 13, "account_id": 70807240, "item_3_name": "Butterfly", "item_4": 143, "item_3": 139, "item_4_name": "Skull Basher", "item_5": 160, "xp_per_min": 767, "item_5_name": "Eye of Skadi", "hero_name": "Juggernaut", "gold_per_min": 673, "deaths": 1, "denies": 17, "item_2_name": "Power Treads", "item_1_name": "Battle Fury"}, {"item_2": 40, "assists": 11, "leaver_status": 0, "item_1": 34, "item_0": 63, "item_0_name": "Power Treads", "leaver_status_description": "finished match, no abandon", "level": 15, "player_slot": 1, "leaver_status_name": "NONE", "hero_id": 92, "last_hits": 41, "kills": 1, "account_id": 86664345, "item_3_name": "Sentry Ward", "item_4": 0, "item_3": 43, "item_5": 21, "xp_per_min": 281, "item_5_name": "Ogre Club", "hero_name": "Visage", "gold_per_min": 202, "deaths": 6, "denies": 0, "item_2_name": "Dust of Appearance", "item_1_name": "Magic Stick"}, {"item_2": 36, "assists": 7, "leaver_status": 0, "item_1": 46, "item_0": 180, "item_0_name": "Arcane Boots", "leaver_status_description": "finished match, no abandon", "level": 14, "player_slot": 2, "leaver_status_name": "NONE", "hero_id": 79, "last_hits": 56, "kills": 0, "account_id": 86714699, "item_3_name": "Dust of Appearance", "item_4": 37, "item_3": 40, "item_4_name": "Ghost Scepter", "item_5": 0, "xp_per_min": 268, "hero_name": "Shadow Demon", "gold_per_min": 211, "deaths": 5, "denies": 1, "item_2_name": "Magic Wand", "item_1_name": "Town Portal Scroll"}, {"item_2": 36, "assists": 12, "leaver_status": 0, "item_1": 96, "item_0": 1, "item_0_name": "Blink Dagger", "leaver_status_description": "finished match, no abandon", "level": 18, "player_slot": 3, "leaver_status_name": "NONE", "hero_id": 13, "last_hits": 156, "kills": 3, "account_id": 5246156, "item_3_name": "Power Treads", "item_4": 30, "item_3": 63, "item_4_name": "Gem of True Sight", "item_5": 46, "xp_per_min": 415, "item_5_name": "Town Portal Scroll", "hero_name": "Puck", "gold_per_min": 334, "deaths": 2, "denies": 16, "item_2_name": "Magic Wand", "item_1_name": "Scythe of Vyse"}, {"item_2": 37, "assists": 3, "leaver_status": 1, "item_1": 46, "item_0": 29, "item_0_name": "Boots of Speed", "additional_units": [{"item_2": 7, "item_1": 65, "item_4": 166, "item_0": 50, "item_3": 143, "item_5": 112, "unitname": "spirit_bear"}], "leaver_status_description": "player DC, no abandon", "level": 21, "player_slot": 4, "leaver_status_name": "DISCONNECTED", "hero_id": 80, "last_hits": 335, "kills": 2, "account_id": 31311002, "item_4": 182, "item_3": 0, "item_4_name": "Stout Shield", "item_5": 0, "xp_per_min": 578, "hero_name": "Lone Druid", "gold_per_min": 552, "deaths": 3, "denies": 6, "item_2_name": "Ghost Scepter", "item_1_name": "Town Portal Scroll"}, {"item_2": 63, "assists": 6, "leaver_status": 0, "item_1": 135, "item_0": 147, "item_0_name": "Manta Style", "leaver_status_description": "finished match, no abandon", "level": 19, "player_slot": 128, "leaver_status_name": "NONE", "hero_id": 63, "last_hits": 213, "kills": 3, "account_id": 85783343, "item_3_name": "Medallion of Courage", "item_4": 0, "item_3": 187, "item_5": 61, "xp_per_min": 467, "item_5_name": "Vitality Booster", "hero_name": "Weaver", "gold_per_min": 407, "deaths": 3, "denies": 15, "item_2_name": "Power Treads", "item_1_name": "Monkey King Bar"}, {"item_2": 0, "assists": 10, "leaver_status": 0, "item_1": 135, "item_0": 63, "item_0_name": "Power Treads", "leaver_status_description": "finished match, no abandon", "level": 20, "player_slot": 129, "leaver_status_name": "NONE", "hero_id": 93, "last_hits": 249, "kills": 4, "account_id": 74432222, "item_3_name": "Drum of Endurance", "item_4": 37, "item_3": 185, "item_4_name": "Ghost Scepter", "item_5": 147, "xp_per_min": 516, "item_5_name": "Manta Style", "hero_name": "Slark", "gold_per_min": 455, "deaths": 4, "denies": 14, "item_1_name": "Monkey King Bar"}, {"item_2": 92, "assists": 9, "leaver_status": 1, "item_1": 37, "item_0": 1, "item_0_name": "Blink Dagger", "leaver_status_description": "player DC, no abandon", "level": 15, "player_slot": 130, "leaver_status_name": "DISCONNECTED", "hero_id": 88, "last_hits": 75, "kills": 1, "account_id": 91988610, "item_3_name": "Bracer", "item_4": 180, "item_3": 73, "item_4_name": "Arcane Boots", "item_5": 46, "xp_per_min": 302, "item_5_name": "Town Portal Scroll", "hero_name": "Nyx Assassin", "gold_per_min": 254, "deaths": 5, "denies": 9, "item_2_name": "Urn of Shadows", "item_1_name": "Ghost Scepter"}, {"item_2": 79, "assists": 3, "leaver_status": 0, "item_1": 180, "item_0": 36, "item_0_name": "Magic Wand", "leaver_status_description": "finished match, no abandon", "level": 15, "player_slot": 131, "leaver_status_name": "NONE", "hero_id": 21, "last_hits": 98, "kills": 1, "account_id": 26682464, "item_3_name": "Ring of Basilius", "item_4": 37, "item_3": 88, "item_4_name": "Ghost Scepter", "item_5": 102, "xp_per_min": 307, "item_5_name": "Force Staff", "hero_name": "Windranger", "gold_per_min": 270, "deaths": 3, "denies": 2, "item_2_name": "Mekansm", "item_1_name": "Arcane Boots"}, {"item_2": 185, "assists": 5, "leaver_status": 1, "item_1": 0, "item_0": 208, "item_0_name": "Abyssal Blade", "leaver_status_description": "player DC, no abandon", "level": 21, "player_slot": 132, "leaver_status_name": "DISCONNECTED", "hero_id": 54, "last_hits": 254, "kills": 8, "account_id": 65623472, "item_3_name": "Armlet of Mordiggian", "item_4": 135, "item_3": 151, "item_4_name": "Monkey King Bar", "item_5": 50, "xp_per_min": 547, "item_5_name": "Phase Boots", "hero_name": "Lifestealer", "gold_per_min": 523, "deaths": 4, "denies": 0, "item_2_name": "Drum of Endurance"}], "radiant_name": "Keita-Gaming", "match_seq_num": 217684423, "start_time": 1373559067, "picks_bans": [{"order": 0, "is_pick": false, "hero_id": 83, "team": 1}, {"order": 1, "is_pick": false, "hero_id": 65, "team": 0}, {"order": 2, "is_pick": false, "hero_id": 55, "team": 1}, {"order": 3, "is_pick": false, "hero_id": 91, "team": 0}, {"order": 4, "is_pick": true, "hero_id": 63, "team": 1}, {"order": 5, "is_pick": true, "hero_id": 80, "team": 0}, {"order": 6, "is_pick": true, "hero_id": 92, "team": 0}, {"order": 7, "is_pick": true, "hero_id": 88, "team": 1}, {"order": 8, "is_pick": false, "hero_id": 76, "team": 1}, {"order": 9, "is_pick": false, "hero_id": 53, "team": 0}, {"order": 10, "is_pick": false, "hero_id": 62, "team": 1}, {"order": 11, "is_pick": false, "hero_id": 51, "team": 0}, {"order": 12, "is_pick": true, "hero_id": 79, "team": 0}, {"order": 13, "is_pick": true, "hero_id": 54, "team": 1}, {"order": 14, "is_pick": true, "hero_id": 13, "team": 0}, {"order": 15, "is_pick": true, "hero_id": 21, "team": 1}, {"order": 16, "is_pick": false, "hero_id": 17, "team": 0}, {"order": 17, "is_pick": false, "hero_id": 23, "team": 1}, {"order": 18, "is_pick": true, "hero_id": 8, "team": 0}, {"order": 19, "is_pick": true, "hero_id": 93, "team": 1}], "radiant_win": true, "positive_votes": 38, "leagueid": 57, "game_mode": 2, "duration": 2547, "dire_guild_name": "FlipSid3 Tactics", "negative_votes": 1}