{"tower_status_radiant": 1846, "flags": 0, "radiant_team_complete": 1, "dire_guild_logo": 901000742808783548, "game_mode": 1, "radiant_score": 0, "match_id": 244699399, "lobby_name": "Practice", "radiant_team_id": 350190, "dire_logo": 531766271384850245, "pre_game_duration": 0, "radiant_name": "Fnatic", "match_seq_num": 221638935, "dire_team_complete": 1, "start_time": 1373985087, "radiant_win": true, "positive_votes": 26, "leagueid": 57, "duration": 3121, "dire_score": 0, "lobby_type": 1, "cluster": 133, "engine": 0, "barracks_status_dire": 3, "barracks_status_radiant": 63, "cluster_name": "Europe West", "first_blood_time": 397, "dire_guild_id": 89, "radiant_logo": 307739466828348574, "human_players": 10, "game_mode_name": "All Pick", "dire_guild_name": "mousesports", "tower_status_dire": 4, "players": [{"item_2": 102, "assists": 11, "leaver_status": 0, "item_1": 180, "item_0": 30, "item_0_name": "Gem of True Sight", "leaver_status_description": "finished match, no abandon", "level": 19, "player_slot": 0, "leaver_status_name": "NONE", "hero_id": 21, "last_hits": 109, "kills": 2, "account_id": 94155156, "item_3_name": "Mekansm", "item_4": 42, "item_3": 79, "item_4_name": "Observer Ward", "item_5": 46, "xp_per_min": 375, "item_5_name": "Town Portal Scroll", "hero_name": "Windranger", "gold_per_min": 280, "deaths": 2, "denies": 0, "item_2_name": "Force Staff", "item_1_name": "Arcane Boots"}, {"item_2": 46, "assists": 16, "leaver_status": 0, "item_1": 214, "item_0": 108, "item_0_name": "Aghanim's Scepter", "leaver_status_description": "finished match, no abandon", "level": 19, "player_slot": 1, "leaver_status_name": "NONE", "hero_id": 92, "last_hits": 72, "kills": 8, "account_id": 19672354, "item_3_name": "Magic Wand", "item_4": 187, "item_3": 36, "item_4_name": "Medallion of Courage", "item_5": 102, "xp_per_min": 383, "item_5_name": "Force Staff", "hero_name": "Visage", "gold_per_min": 304, "deaths": 5, "denies": 1, "item_2_name": "Town Portal Scroll", "item_1_name": "Tranquil Boots"}, {"item_2": 151, "assists": 8, "leaver_status": 1, "item_1": 208, "item_0": 50, "item_0_name": "Phase Boots", "leaver_status_description": "player DC, no abandon", "level": 23, "player_slot": 2, "leaver_status_name": "DISCONNECTED", "hero_id": 54, "last_hits": 257, "kills": 7, "account_id": 100317750, "item_3_name": "Drum of Endurance", "item_4": 117, "item_3": 185, "item_4_name": "Aegis of the Immortal", "item_5": 154, "xp_per_min": 566, "item_5_name": "Sange and Yasha", "hero_name": "Lifestealer", "gold_per_min": 471, "deaths": 3, "denies": 10, "item_2_name": "Armlet of Mordiggian", "item_1_name": "Abyssal Blade"}, {"item_2": 152, "assists": 17, "leaver_status": 0, "item_1": 63, "item_0": 65, "item_0_name": "Hand of Midas", "leaver_status_description": "finished match, no abandon", "level": 25, "player_slot": 3, "leaver_status_name": "NONE", "hero_id": 53, "last_hits": 414, "kills": 8, "account_id": 8712306, "item_3_name": "Scythe of Vyse", "item_4": 116, "item_3": 96, "item_4_name": "Black King Bar", "item_5": 135, "xp_per_min": 623, "item_5_name": "Monkey King Bar", "hero_name": "Nature's Prophet", "gold_per_min": 659, "deaths": 7, "denies": 12, "item_2_name": "Shadow Blade", "item_1_name": "Power Treads"}, {"item_2": 63, "assists": 14, "leaver_status": 1, "item_1": 114, "item_0": 152, "item_0_name": "Shadow Blade", "leaver_status_description": "player DC, no abandon", "level": 23, "player_slot": 4, "leaver_status_name": "DISCONNECTED", "hero_id": 49, "last_hits": 225, "kills": 10, "account_id": 21265941, "item_3_name": "Black King Bar", "item_4": 46, "item_3": 116, "item_4_name": "Town Portal Scroll", "item_5": 55, "xp_per_min": 571, "item_5_name": "Hyperstone", "hero_name": "Dragon Knight", "gold_per_min": 471, "deaths": 5, "denies": 4, "item_2_name": "Power Treads", "item_1_name": "Heart of Tarrasque"}, {"item_2": 36, "assists": 6, "leaver_status": 1, "item_1": 79, "item_0": 180, "item_0_name": "Arcane Boots", "leaver_status_description": "player DC, no abandon", "level": 15, "player_slot": 128, "leaver_status_name": "DISCONNECTED", "hero_id": 89, "last_hits": 92, "kills": 2, "account_id": 4281729, "item_3_name": "Gauntlets of Strength", "item_4": 188, "item_3": 13, "item_4_name": "Smoke of Deceit", "item_5": 0, "xp_per_min": 246, "hero_name": "Naga Siren", "gold_per_min": 205, "deaths": 7, "denies": 4, "item_2_name": "Magic Wand", "item_1_name": "Mekansm"}, {"item_2": 37, "assists": 8, "leaver_status": 1, "item_1": 204, "item_0": 1, "item_0_name": "Blink Dagger", "leaver_status_description": "player DC, no abandon", "level": 24, "player_slot": 129, "leaver_status_name": "DISCONNECTED", "hero_id": 34, "last_hits": 354, "kills": 9, "account_id": 86738694, "item_3_name": "Scythe of Vyse", "item_4": 178, "item_3": 96, "item_4_name": "Soul Ring", "item_5": 48, "xp_per_min": 579, "item_5_name": "Boots of Travel", "hero_name": "Tinker", "gold_per_min": 494, "deaths": 4, "denies": 5, "item_2_name": "Ghost Scepter", "item_1_name": "Dagon"}, {"item_2": 46, "assists": 12, "leaver_status": 1, "item_1": 96, "item_0": 1, "item_0_name": "Blink Dagger", "leaver_status_description": "player DC, no abandon", "level": 20, "player_slot": 130, "leaver_status_name": "DISCONNECTED", "hero_id": 13, "last_hits": 266, "kills": 4, "account_id": 86799300, "item_3_name": "Ogre Club", "item_4": 63, "item_3": 21, "item_4_name": "Power Treads", "item_5": 41, "xp_per_min": 436, "item_5_name": "Bottle", "hero_name": "Puck", "gold_per_min": 365, "deaths": 8, "denies": 14, "item_2_name": "Town Portal Scroll", "item_1_name": "Scythe of Vyse"}, {"item_2": 46, "assists": 8, "leaver_status": 1, "item_1": 0, "item_0": 36, "item_0_name": "Magic Wand", "leaver_status_description": "player DC, no abandon", "level": 14, "player_slot": 131, "leaver_status_name": "DISCONNECTED", "hero_id": 3, "last_hits": 25, "kills": 3, "account_id": 31078647, "item_3_name": "Observer Ward", "item_4": 180, "item_3": 42, "item_4_name": "Arcane Boots", "item_5": 73, "xp_per_min": 200, "item_5_name": "Bracer", "hero_name": "Bane", "gold_per_min": 154, "deaths": 10, "denies": 3, "item_2_name": "Town Portal Scroll"}, {"item_2": 164, "assists": 9, "leaver_status": 1, "item_1": 116, "item_0": 36, "item_0_name": "Magic Wand", "leaver_status_description": "player DC, no abandon", "level": 20, "player_slot": 132, "leaver_status_name": "DISCONNECTED", "hero_id": 72, "last_hits": 307, "kills": 4, "account_id": 21289303, "item_3_name": "Butterfly", "item_4": 50, "item_3": 139, "item_4_name": "Phase Boots", "item_5": 51, "xp_per_min": 432, "item_5_name": "Demon Edge", "hero_name": "Gyrocopter", "gold_per_min": 396, "deaths": 7, "denies": 14, "item_2_name": "Helm of the Dominator", "item_1_name": "Black King Bar"}], "dire_team_id": 26, "dire_name": "mousesports", "negative_votes": 3}