{"tower_status_radiant": 0, "flags": 0, "radiant_team_complete": 1, "dire_guild_logo": 901000742808783548, "game_mode": 2, "radiant_score": 0, "match_id": 248146343, "lobby_name": "Practice", "radiant_team_id": 1883502, "radiant_guild_name": "Virtus.pro Elite", "dire_logo": 531766271384850245, "pre_game_duration": 0, "radiant_name": "Virtus.pro", "match_seq_num": 224875123, "dire_team_complete": 1, "start_time": 1374341534, "radiant_guild_logo": 597007767936765031, "radiant_win": false, "positive_votes": 395, "leagueid": 45, "duration": 3750, "dire_score": 0, "lobby_type": 1, "cluster": 132, "radiant_guild_id": 7467, "engine": 0, "barracks_status_dire": 63, "barracks_status_radiant": 0, "cluster_name": "Europe West", "first_blood_time": 88, "dire_guild_id": 89, "radiant_logo": 642124127283031446, "human_players": 10, "game_mode_name": "Captains Mode", "dire_guild_name": "mousesports", "tower_status_dire": 1958, "players": [{"item_2": 0, "assists": 11, "leaver_status": 1, "item_1": 92, "item_0": 63, "item_0_name": "Power Treads", "leaver_status_description": "player DC, no abandon", "level": 18, "player_slot": 0, "leaver_status_name": "DISCONNECTED", "hero_id": 52, "last_hits": 110, "kills": 4, "account_id": 93712171, "item_3_name": "Dust of Appearance", "item_4": 37, "item_3": 40, "item_4_name": "Ghost Scepter", "item_5": 36, "xp_per_min": 296, "item_5_name": "Magic Wand", "hero_name": "Leshrac", "gold_per_min": 217, "deaths": 15, "denies": 10, "item_1_name": "Urn of Shadows"}, {"item_2": 96, "assists": 5, "leaver_status": 0, "item_1": 1, "item_0": 116, "item_0_name": "Black King Bar", "leaver_status_description": "finished match, no abandon", "level": 25, "player_slot": 1, "leaver_status_name": "NONE", "hero_id": 76, "last_hits": 484, "kills": 16, "account_id": 26316691, "item_3_name": "Force Staff", "item_4": 123, "item_3": 102, "item_4_name": "Linken's Sphere", "item_5": 63, "xp_per_min": 528, "item_5_name": "Power Treads", "hero_name": "Outworld Devourer", "gold_per_min": 550, "deaths": 7, "denies": 29, "item_2_name": "Scythe of Vyse", "item_1_name": "Blink Dagger"}, {"item_2": 114, "assists": 8, "leaver_status": 0, "item_1": 168, "item_0": 46, "item_0_name": "Town Portal Scroll", "leaver_status_description": "finished match, no abandon", "level": 24, "player_slot": 2, "leaver_status_name": "NONE", "hero_id": 54, "last_hits": 282, "kills": 8, "account_id": 91931211, "item_3_name": "Armlet of Mordiggian", "item_4": 0, "item_3": 151, "item_5": 63, "xp_per_min": 496, "item_5_name": "Power Treads", "hero_name": "Lifestealer", "gold_per_min": 370, "deaths": 9, "denies": 26, "item_2_name": "Heart of Tarrasque", "item_1_name": "Desolator"}, {"item_2": 90, "assists": 14, "leaver_status": 0, "item_1": 119, "item_0": 96, "item_0_name": "Scythe of Vyse", "leaver_status_description": "finished match, no abandon", "level": 25, "player_slot": 3, "leaver_status_name": "NONE", "hero_id": 98, "last_hits": 464, "kills": 9, "account_id": 86840554, "item_3_name": "Boots of Travel", "item_4": 121, "item_3": 48, "item_4_name": "Bloodstone", "item_5": 127, "xp_per_min": 529, "item_5_name": "Blade Mail", "hero_name": "Timbersaw", "gold_per_min": 499, "deaths": 5, "denies": 14, "item_2_name": "Pipe of Insight", "item_1_name": "Shiva's Guard"}, {"item_2": 46, "assists": 10, "leaver_status": 0, "item_1": 36, "item_0": 63, "item_0_name": "Power Treads", "leaver_status_description": "finished match, no abandon", "level": 21, "player_slot": 4, "leaver_status_name": "NONE", "hero_id": 20, "last_hits": 140, "kills": 2, "account_id": 107644273, "item_3_name": "Cloak", "item_4": 0, "item_3": 31, "item_5": 108, "xp_per_min": 373, "item_5_name": "Aghanim's Scepter", "hero_name": "Vengeful Spirit", "gold_per_min": 225, "deaths": 11, "denies": 12, "item_2_name": "Town Portal Scroll", "item_1_name": "Magic Wand"}, {"item_2": 174, "assists": 14, "leaver_status": 0, "item_1": 79, "item_0": 180, "item_0_name": "Arcane Boots", "leaver_status_description": "finished match, no abandon", "level": 22, "player_slot": 128, "leaver_status_name": "NONE", "hero_id": 89, "last_hits": 191, "kills": 6, "account_id": 4281729, "item_3_name": "Gem of True Sight", "item_4": 36, "item_3": 30, "item_4_name": "Magic Wand", "item_5": 46, "xp_per_min": 406, "item_5_name": "Town Portal Scroll", "hero_name": "Naga Siren", "gold_per_min": 333, "deaths": 6, "denies": 5, "item_2_name": "Diffusal Blade", "item_1_name": "Mekansm"}, {"item_2": 180, "assists": 14, "leaver_status": 1, "item_1": 96, "item_0": 1, "item_0_name": "Blink Dagger", "leaver_status_description": "player DC, no abandon", "level": 25, "player_slot": 129, "leaver_status_name": "DISCONNECTED", "hero_id": 38, "last_hits": 344, "kills": 3, "account_id": 86799300, "item_3_name": "Necronomicon", "item_4": 46, "item_3": 194, "item_4_name": "Town Portal Scroll", "item_5": 41, "xp_per_min": 518, "item_5_name": "Bottle", "hero_name": "Beastmaster", "gold_per_min": 434, "deaths": 10, "denies": 3, "item_2_name": "Arcane Boots", "item_1_name": "Scythe of Vyse"}, {"item_2": 176, "assists": 17, "leaver_status": 0, "item_1": 204, "item_0": 1, "item_0_name": "Blink Dagger", "leaver_status_description": "finished match, no abandon", "level": 25, "player_slot": 130, "leaver_status_name": "NONE", "hero_id": 34, "last_hits": 409, "kills": 25, "account_id": 86738694, "item_3_name": "Scythe of Vyse", "item_4": 121, "item_3": 96, "item_4_name": "Bloodstone", "item_5": 48, "xp_per_min": 519, "item_5_name": "Boots of Travel", "hero_name": "Tinker", "gold_per_min": 658, "deaths": 4, "denies": 8, "item_2_name": "Ethereal Blade", "item_1_name": "Dagon"}, {"item_2": 0, "assists": 12, "leaver_status": 0, "item_1": 102, "item_0": 37, "item_0_name": "Ghost Scepter", "leaver_status_description": "finished match, no abandon", "level": 19, "player_slot": 131, "leaver_status_name": "NONE", "hero_id": 3, "last_hits": 61, "kills": 2, "account_id": 31078647, "item_3_name": "Bracer", "item_4": 180, "item_3": 73, "item_4_name": "Arcane Boots", "item_5": 36, "xp_per_min": 309, "item_5_name": "Magic Wand", "hero_name": "Bane", "gold_per_min": 226, "deaths": 11, "denies": 4, "item_1_name": "Force Staff"}, {"item_2": 141, "assists": 23, "leaver_status": 0, "item_1": 112, "item_0": 96, "item_0_name": "Scythe of Vyse", "leaver_status_description": "finished match, no abandon", "level": 25, "player_slot": 132, "leaver_status_name": "NONE", "hero_id": 53, "last_hits": 532, "kills": 8, "account_id": 21289303, "item_3_name": "Power Treads", "item_4": 116, "item_3": 63, "item_4_name": "Black King Bar", "item_5": 98, "xp_per_min": 518, "item_5_name": "Orchid Malevolence", "hero_name": "Nature's Prophet", "gold_per_min": 686, "deaths": 9, "denies": 6, "item_2_name": "Daedalus", "item_1_name": "Assault Cuirass"}], "dire_team_id": 26, "picks_bans": [{"order": 0, "is_pick": false, "hero_id": 91, "team": 1}, {"order": 1, "is_pick": false, "hero_id": 65, "team": 0}, {"order": 2, "is_pick": false, "hero_id": 66, "team": 1}, {"order": 3, "is_pick": false, "hero_id": 80, "team": 0}, {"order": 4, "is_pick": true, "hero_id": 53, "team": 1}, {"order": 5, "is_pick": true, "hero_id": 76, "team": 0}, {"order": 6, "is_pick": true, "hero_id": 54, "team": 0}, {"order": 7, "is_pick": true, "hero_id": 3, "team": 1}, {"order": 8, "is_pick": false, "hero_id": 87, "team": 1}, {"order": 9, "is_pick": false, "hero_id": 1, "team": 0}, {"order": 10, "is_pick": false, "hero_id": 55, "team": 1}, {"order": 11, "is_pick": false, "hero_id": 12, "team": 0}, {"order": 12, "is_pick": true, "hero_id": 20, "team": 0}, {"order": 13, "is_pick": true, "hero_id": 89, "team": 1}, {"order": 14, "is_pick": true, "hero_id": 52, "team": 0}, {"order": 15, "is_pick": true, "hero_id": 38, "team": 1}, {"order": 16, "is_pick": false, "hero_id": 90, "team": 0}, {"order": 17, "is_pick": false, "hero_id": 72, "team": 1}, {"order": 18, "is_pick": true, "hero_id": 98, "team": 0}, {"order": 19, "is_pick": true, "hero_id": 34, "team": 1}], "dire_name": "mousesports", "negative_votes": 22}