{"duration": 1502, "radiant_logo": 46499322609643214, "leagueid": 6, "game_mode": 0, "radiant_score": 0, "positive_votes": 0, "lobby_type": 1, "lobby_name": "Practice", "radiant_win": true, "engine": 0, "pre_game_duration": 0, "match_id": 25626380, "dire_team_complete": 1, "dire_team_id": 46, "flags": 0, "dire_logo": 541924293718462159, "cluster": 132, "negative_votes": 0, "players": [{"item_2": 79, "assists": 10, "item_4": 133, "item_4_name": "Divine Rapier", "leaver_status": 0, "leaver_status_description": "finished match, no abandon", "item_1": 180, "kills": 7, "hero_name": "Chen", "hero_id": 66, "level": 14, "item_0": 88, "gold_per_min": 428, "leaver_status_name": "NONE", "denies": 0, "player_slot": 0, "deaths": 0, "account_id": 87278757, "item_5": 0, "item_3": 108, "item_0_name": "Ring of Basilius", "item_3_name": "Aghanim's Scepter", "item_2_name": "Mekansm", "last_hits": 65, "item_1_name": "Arcane Boots", "xp_per_min": 442}, {"item_5_name": "Town Portal Scroll", "item_2": 60, "assists": 20, "item_4": 37, "item_4_name": "Ghost Scepter", "leaver_status": 0, "leaver_status_description": "finished match, no abandon", "item_1": 36, "kills": 3, "hero_name": "Sand King", "hero_id": 16, "level": 14, "item_0": 180, "gold_per_min": 395, "leaver_status_name": "NONE", "denies": 3, "player_slot": 1, "deaths": 4, "account_id": 89625472, "item_5": 46, "item_3": 1, "item_0_name": "Arcane Boots", "item_3_name": "Blink Dagger", "item_2_name": "Point Booster", "last_hits": 60, "item_1_name": "Magic Wand", "xp_per_min": 432}, {"item_5_name": "Point Booster", "item_2": 40, "assists": 13, "item_4": 31, "item_4_name": "Cloak", "leaver_status": 0, "leaver_status_description": "finished match, no abandon", "item_1": 36, "kills": 6, "hero_name": "Bane", "hero_id": 3, "level": 13, "item_0": 63, "gold_per_min": 362, "leaver_status_name": "NONE", "denies": 3, "player_slot": 2, "deaths": 5, "account_id": 89713365, "item_5": 60, "item_3": 48, "item_0_name": "Power Treads", "item_3_name": "Boots of Travel", "item_2_name": "Dust of Appearance", "last_hits": 28, "item_1_name": "Magic Wand", "xp_per_min": 370}, {"item_5_name": "Town Portal Scroll", "item_2": 65, "assists": 13, "item_4": 0, "leaver_status": 0, "leaver_status_description": "finished match, no abandon", "item_1": 63, "kills": 9, "hero_name": "Nature's Prophet", "hero_id": 53, "level": 16, "item_0": 88, "gold_per_min": 761, "leaver_status_name": "NONE", "denies": 2, "player_slot": 3, "deaths": 2, "account_id": 89326318, "item_5": 46, "item_3": 96, "item_0_name": "Ring of Basilius", "item_3_name": "Scythe of Vyse", "item_2_name": "Hand of Midas", "last_hits": 146, "item_1_name": "Power Treads", "xp_per_min": 561}, {"item_5_name": "Soul Ring", "item_2": 36, "assists": 14, "item_4": 41, "item_4_name": "Bottle", "leaver_status": 0, "leaver_status_description": "finished match, no abandon", "item_1": 0, "kills": 9, "hero_name": "Tinker", "hero_id": 34, "level": 15, "item_0": 24, "gold_per_min": 466, "leaver_status_name": "NONE", "denies": 20, "player_slot": 4, "deaths": 2, "account_id": 70388657, "item_5": 178, "item_3": 48, "item_0_name": "Ultimate Orb", "item_3_name": "Boots of Travel", "item_2_name": "Magic Wand", "last_hits": 76, "xp_per_min": 525}, {"item_5_name": "Drum of Endurance", "item_2": 46, "assists": 4, "item_4": 88, "item_4_name": "Ring of Basilius", "leaver_status": 0, "leaver_status_description": "finished match, no abandon", "item_1": 23, "kills": 3, "hero_name": "Invoker", "hero_id": 74, "level": 14, "item_0": 28, "gold_per_min": 285, "leaver_status_name": "NONE", "denies": 10, "player_slot": 128, "deaths": 5, "account_id": 87201671, "item_5": 185, "item_3": 50, "item_0_name": "Sage's Mask", "item_3_name": "Phase Boots", "item_2_name": "Town Portal Scroll", "last_hits": 104, "item_1_name": "Staff of Wizardry", "xp_per_min": 416}, {"item_5_name": "Boots of Speed", "item_2": 42, "assists": 8, "item_4": 73, "item_4_name": "Bracer", "leaver_status": 0, "leaver_status_description": "finished match, no abandon", "item_1": 0, "kills": 4, "hero_name": "Leshrac", "hero_id": 52, "level": 10, "item_0": 40, "gold_per_min": 164, "leaver_status_name": "NONE", "denies": 1, "player_slot": 129, "deaths": 9, "account_id": 91064780, "item_5": 29, "item_3": 34, "item_0_name": "Dust of Appearance", "item_3_name": "Magic Stick", "item_2_name": "Observer Ward", "last_hits": 17, "xp_per_min": 217}, {"item_5_name": "Iron Branch", "item_2": 16, "assists": 7, "item_4": 29, "item_4_name": "Boots of Speed", "leaver_status": 0, "leaver_status_description": "finished match, no abandon", "item_1": 44, "kills": 2, "hero_name": "Earthshaker", "hero_id": 7, "level": 7, "item_0": 46, "gold_per_min": 132, "leaver_status_name": "NONE", "denies": 0, "player_slot": 130, "deaths": 5, "account_id": 86750262, "item_5": 16, "item_3": 16, "item_0_name": "Town Portal Scroll", "item_3_name": "Iron Branch", "item_2_name": "Iron Branch", "last_hits": 19, "item_1_name": "Tango", "xp_per_min": 113}, {"item_2": 36, "assists": 3, "item_4": 0, "leaver_status": 0, "leaver_status_description": "finished match, no abandon", "item_1": 79, "kills": 2, "hero_name": "Windranger", "hero_id": 21, "level": 10, "item_0": 46, "gold_per_min": 203, "leaver_status_name": "NONE", "denies": 2, "player_slot": 131, "deaths": 9, "account_id": 75750590, "item_5": 0, "item_3": 29, "item_0_name": "Town Portal Scroll", "item_3_name": "Boots of Speed", "item_2_name": "Magic Wand", "last_hits": 63, "item_1_name": "Mekansm", "xp_per_min": 223}, {"item_5_name": "Town Portal Scroll", "item_2": 16, "assists": 6, "item_4": 63, "item_4_name": "Power Treads", "leaver_status": 0, "leaver_status_description": "finished match, no abandon", "item_1": 13, "kills": 1, "hero_name": "Chaos Knight", "hero_id": 81, "level": 11, "item_0": 73, "gold_per_min": 199, "leaver_status_name": "NONE", "denies": 3, "player_slot": 132, "deaths": 7, "account_id": 90229954, "item_5": 46, "item_3": 21, "item_0_name": "Bracer", "item_3_name": "Ogre Club", "item_2_name": "Iron Branch", "last_hits": 52, "item_1_name": "Gauntlets of Strength", "xp_per_min": 271}], "tower_status_radiant": 2047, "radiant_team_id": 36, "dire_score": 0, "human_players": 10, "match_seq_num": 25622864, "radiant_name": "Natus Vincere", "cluster_name": "Europe West", "radiant_team_complete": 1, "barracks_status_dire": 0, "start_time": 1342113717, "dire_name": "Team Empire", "first_blood_time": 127, "tower_status_dire": 0, "barracks_status_radiant": 63, "game_mode_name": "Unknown"}