{"tower_status_radiant": 1542, "flags": 0, "radiant_team_complete": 1, "dire_guild_logo": 920140862043711198, "game_mode": 2, "radiant_score": 0, "match_id": 262520933, "lobby_name": "Tournament", "radiant_team_id": 416900, "dire_logo": 451783905032671206, "pre_game_duration": 0, "radiant_name": "Orange.Neolution Esports", "match_seq_num": 238219113, "dire_team_complete": 1, "start_time": 1375572877, "radiant_win": true, "positive_votes": 2820, "leagueid": 65006, "duration": 4378, "dire_score": 0, "lobby_type": 2, "cluster": 111, "engine": 0, "barracks_status_dire": 0, "barracks_status_radiant": 51, "cluster_name": "US West", "first_blood_time": 151, "dire_guild_id": 20, "radiant_logo": 612760050488516720, "human_players": 10, "game_mode_name": "Captains Mode", "dire_guild_name": "TeamLiquid.net", "tower_status_dire": 0, "players": [{"item_2": 116, "assists": 20, "leaver_status": 0, "item_1": 50, "item_0": 96, "item_0_name": "Scythe of Vyse", "leaver_status_description": "finished match, no abandon", "level": 25, "player_slot": 0, "leaver_status_name": "NONE", "hero_id": 53, "last_hits": 633, "kills": 14, "account_id": 89871557, "item_3_name": "Orchid Malevolence", "item_4": 141, "item_3": 98, "item_4_name": "Daedalus", "item_5": 135, "xp_per_min": 457, "item_5_name": "Monkey King Bar", "hero_name": "Nature's Prophet", "gold_per_min": 678, "deaths": 9, "denies": 11, "item_2_name": "Black King Bar", "item_1_name": "Phase Boots"}, {"item_2": 46, "assists": 28, "leaver_status": 0, "item_1": 1, "item_0": 180, "item_0_name": "Arcane Boots", "leaver_status_description": "finished match, no abandon", "level": 21, "player_slot": 1, "leaver_status_name": "NONE", "hero_id": 16, "last_hits": 128, "kills": 1, "account_id": 89249333, "item_3_name": "Bracer", "item_4": 0, "item_3": 73, "item_5": 36, "xp_per_min": 323, "item_5_name": "Magic Wand", "hero_name": "Sand King", "gold_per_min": 242, "deaths": 10, "denies": 3, "item_2_name": "Town Portal Scroll", "item_1_name": "Blink Dagger"}, {"item_2": 90, "assists": 20, "leaver_status": 0, "item_1": 102, "item_0": 48, "item_0_name": "Boots of Travel", "leaver_status_description": "finished match, no abandon", "level": 25, "player_slot": 2, "leaver_status_name": "NONE", "hero_id": 92, "last_hits": 82, "kills": 18, "account_id": 89330493, "item_3_name": "Aghanim's Scepter", "item_4": 0, "item_3": 108, "item_5": 39, "xp_per_min": 444, "item_5_name": "Healing Salve", "hero_name": "Visage", "gold_per_min": 302, "deaths": 6, "denies": 3, "item_2_name": "Pipe of Insight", "item_1_name": "Force Staff"}, {"item_2": 119, "assists": 23, "leaver_status": 0, "item_1": 96, "item_0": 1, "item_0_name": "Blink Dagger", "leaver_status_description": "finished match, no abandon", "level": 24, "player_slot": 3, "leaver_status_name": "NONE", "hero_id": 55, "last_hits": 311, "kills": 8, "account_id": 93616251, "item_3_name": "Boots of Speed", "item_4": 79, "item_3": 29, "item_4_name": "Mekansm", "item_5": 46, "xp_per_min": 411, "item_5_name": "Town Portal Scroll", "hero_name": "Dark Seer", "gold_per_min": 375, "deaths": 7, "denies": 0, "item_2_name": "Shiva's Guard", "item_1_name": "Scythe of Vyse"}, {"item_2": 139, "assists": 14, "leaver_status": 0, "item_1": 112, "item_0": 131, "item_0_name": "Hood of Defiance", "additional_units": [{"item_2": 88, "item_1": 0, "item_4": 214, "item_0": 0, "item_3": 181, "item_5": 182, "unitname": "spirit_bear"}], "leaver_status_description": "finished match, no abandon", "level": 25, "player_slot": 4, "leaver_status_name": "NONE", "hero_id": 80, "last_hits": 473, "kills": 3, "account_id": 91644707, "item_3_name": "Skull Basher", "item_4": 50, "item_3": 143, "item_4_name": "Phase Boots", "item_5": 158, "xp_per_min": 444, "item_5_name": "Mjollnir", "hero_name": "Lone Druid", "gold_per_min": 492, "deaths": 6, "denies": 11, "item_2_name": "Butterfly", "item_1_name": "Assault Cuirass"}, {"item_2": 46, "assists": 22, "leaver_status": 0, "item_1": 210, "item_0": 108, "item_0_name": "Aghanim's Scepter", "leaver_status_description": "finished match, no abandon", "level": 25, "player_slot": 128, "leaver_status_name": "NONE", "hero_id": 15, "last_hits": 395, "kills": 8, "account_id": 67601693, "item_3_name": "Black King Bar", "item_4": 50, "item_3": 116, "item_4_name": "Phase Boots", "item_5": 112, "xp_per_min": 444, "item_5_name": "Assault Cuirass", "hero_name": "Razor", "gold_per_min": 424, "deaths": 9, "denies": 39, "item_2_name": "Town Portal Scroll", "item_1_name": "Heaven's Halberd"}, {"item_2": 116, "assists": 16, "leaver_status": 0, "item_1": 96, "item_0": 102, "item_0_name": "Force Staff", "leaver_status_description": "finished match, no abandon", "level": 25, "player_slot": 129, "leaver_status_name": "NONE", "hero_id": 76, "last_hits": 320, "kills": 12, "account_id": 1185644, "item_3_name": "Boots of Travel", "item_4": 176, "item_3": 48, "item_4_name": "Ethereal Blade", "item_5": 79, "xp_per_min": 444, "item_5_name": "Mekansm", "hero_name": "Outworld Devourer", "gold_per_min": 421, "deaths": 9, "denies": 22, "item_2_name": "Black King Bar", "item_1_name": "Scythe of Vyse"}, {"item_2": 0, "assists": 14, "leaver_status": 0, "item_1": 102, "item_0": 1, "item_0_name": "Blink Dagger", "leaver_status_description": "finished match, no abandon", "level": 21, "player_slot": 130, "leaver_status_name": "NONE", "hero_id": 86, "last_hits": 91, "kills": 9, "account_id": 41470731, "item_3_name": "Arcane Boots", "item_4": 116, "item_3": 180, "item_4_name": "Black King Bar", "item_5": 46, "xp_per_min": 319, "item_5_name": "Town Portal Scroll", "hero_name": "Rubick", "gold_per_min": 238, "deaths": 9, "denies": 1, "item_1_name": "Force Staff"}, {"item_2": 96, "assists": 24, "leaver_status": 0, "item_1": 178, "item_0": 48, "item_0_name": "Boots of Travel", "leaver_status_description": "finished match, no abandon", "level": 25, "player_slot": 131, "leaver_status_name": "NONE", "hero_id": 34, "last_hits": 469, "kills": 7, "account_id": 30237211, "item_3_name": "Blink Dagger", "item_4": 176, "item_3": 1, "item_4_name": "Ethereal Blade", "item_5": 204, "xp_per_min": 444, "item_5_name": "Dagon", "hero_name": "Tinker", "gold_per_min": 505, "deaths": 7, "denies": 7, "item_2_name": "Scythe of Vyse", "item_1_name": "Soul Ring"}, {"item_2": 180, "assists": 13, "leaver_status": 0, "item_1": 42, "item_0": 102, "item_0_name": "Force Staff", "leaver_status_description": "finished match, no abandon", "level": 15, "player_slot": 132, "leaver_status_name": "NONE", "hero_id": 89, "last_hits": 89, "kills": 1, "account_id": 86715129, "item_3_name": "Stout Shield", "item_4": 0, "item_3": 182, "item_5": 36, "xp_per_min": 184, "item_5_name": "Magic Wand", "hero_name": "Naga Siren", "gold_per_min": 183, "deaths": 11, "denies": 4, "item_2_name": "Arcane Boots", "item_1_name": "Observer Ward"}], "dire_team_id": 2163, "picks_bans": [{"order": 0, "is_pick": false, "hero_id": 73, "team": 0}, {"order": 1, "is_pick": false, "hero_id": 65, "team": 1}, {"order": 2, "is_pick": false, "hero_id": 91, "team": 0}, {"order": 3, "is_pick": false, "hero_id": 66, "team": 1}, {"order": 4, "is_pick": true, "hero_id": 92, "team": 0}, {"order": 5, "is_pick": true, "hero_id": 15, "team": 1}, {"order": 6, "is_pick": true, "hero_id": 89, "team": 1}, {"order": 7, "is_pick": true, "hero_id": 55, "team": 0}, {"order": 8, "is_pick": false, "hero_id": 33, "team": 0}, {"order": 9, "is_pick": false, "hero_id": 58, "team": 1}, {"order": 10, "is_pick": false, "hero_id": 63, "team": 0}, {"order": 11, "is_pick": false, "hero_id": 88, "team": 1}, {"order": 12, "is_pick": true, "hero_id": 76, "team": 1}, {"order": 13, "is_pick": true, "hero_id": 16, "team": 0}, {"order": 14, "is_pick": true, "hero_id": 86, "team": 1}, {"order": 15, "is_pick": true, "hero_id": 53, "team": 0}, {"order": 16, "is_pick": false, "hero_id": 67, "team": 1}, {"order": 17, "is_pick": false, "hero_id": 51, "team": 0}, {"order": 18, "is_pick": true, "hero_id": 34, "team": 1}, {"order": 19, "is_pick": true, "hero_id": 80, "team": 0}], "dire_name": "Team Liquid", "negative_votes": 228}