{"tower_status_radiant": 1828, "flags": 0, "radiant_team_complete": 1, "game_mode": 2, "radiant_score": 0, "match_id": 263481245, "lobby_name": "Tournament", "dire_logo": 438324451817706092, "pre_game_duration": 0, "radiant_name": "Natus Vincere", "match_seq_num": 239114926, "dire_team_complete": 1, "start_time": 1375648588, "radiant_win": true, "positive_votes": 17486, "leagueid": 65006, "duration": 3439, "dire_score": 0, "lobby_type": 2, "cluster": 114, "engine": 0, "barracks_status_dire": 63, "barracks_status_radiant": 63, "cluster_name": "US West", "first_blood_time": 62, "radiant_team_id": 36, "radiant_logo": 46499322609643214, "human_players": 10, "game_mode_name": "Captains Mode", "tower_status_dire": 1828, "players": [{"item_2": 46, "assists": 11, "leaver_status": 0, "item_1": 180, "item_0": 210, "item_0_name": "Heaven's Halberd", "leaver_status_description": "finished match, no abandon", "level": 17, "player_slot": 0, "leaver_status_name": "NONE", "hero_id": 66, "last_hits": 132, "kills": 3, "account_id": 87278757, "item_3_name": "Smoke of Deceit", "item_4": 60, "item_3": 188, "item_4_name": "Point Booster", "item_5": 92, "xp_per_min": 295, "item_5_name": "Urn of Shadows", "hero_name": "Chen", "gold_per_min": 251, "deaths": 3, "denies": 0, "item_2_name": "Town Portal Scroll", "item_1_name": "Arcane Boots"}, {"item_2": 116, "assists": 8, "leaver_status": 0, "item_1": 123, "item_0": 63, "item_0_name": "Power Treads", "leaver_status_description": "finished match, no abandon", "level": 25, "player_slot": 1, "leaver_status_name": "NONE", "hero_id": 63, "last_hits": 450, "kills": 14, "account_id": 89625472, "item_3_name": "Abyssal Blade", "item_4": 141, "item_3": 208, "item_4_name": "Daedalus", "item_5": 139, "xp_per_min": 574, "item_5_name": "Butterfly", "hero_name": "Weaver", "gold_per_min": 627, "deaths": 0, "denies": 25, "item_2_name": "Black King Bar", "item_1_name": "Linken's Sphere"}, {"item_2": 139, "assists": 15, "leaver_status": 0, "item_1": 46, "item_0": 185, "item_0_name": "Drum of Endurance", "leaver_status_description": "finished match, no abandon", "level": 24, "player_slot": 2, "leaver_status_name": "NONE", "hero_id": 15, "last_hits": 342, "kills": 4, "account_id": 70388657, "item_3_name": "Black King Bar", "item_4": 108, "item_3": 116, "item_4_name": "Aghanim's Scepter", "item_5": 50, "xp_per_min": 553, "item_5_name": "Phase Boots", "hero_name": "Razor", "gold_per_min": 427, "deaths": 5, "denies": 33, "item_2_name": "Butterfly", "item_1_name": "Town Portal Scroll"}, {"item_2": 30, "assists": 13, "leaver_status": 0, "item_1": 180, "item_0": 36, "item_0_name": "Magic Wand", "leaver_status_description": "finished match, no abandon", "level": 16, "player_slot": 3, "leaver_status_name": "NONE", "hero_id": 86, "last_hits": 67, "kills": 1, "account_id": 82262664, "item_3_name": "Blink Dagger", "item_4": 102, "item_3": 1, "item_4_name": "Force Staff", "item_5": 37, "xp_per_min": 254, "item_5_name": "Ghost Scepter", "hero_name": "Rubick", "gold_per_min": 193, "deaths": 5, "denies": 1, "item_2_name": "Gem of True Sight", "item_1_name": "Arcane Boots"}, {"item_2": 108, "assists": 17, "leaver_status": 0, "item_1": 116, "item_0": 79, "item_0_name": "Mekansm", "leaver_status_description": "finished match, no abandon", "level": 19, "player_slot": 4, "leaver_status_name": "NONE", "hero_id": 55, "last_hits": 259, "kills": 2, "account_id": 86723143, "item_3_name": "Arcane Boots", "item_4": 69, "item_3": 180, "item_4_name": "Perseverance", "item_5": 36, "xp_per_min": 358, "item_5_name": "Magic Wand", "hero_name": "Dark Seer", "gold_per_min": 335, "deaths": 3, "denies": 5, "item_2_name": "Aghanim's Scepter", "item_1_name": "Black King Bar"}, {"item_2": 110, "assists": 11, "leaver_status": 1, "item_1": 102, "item_0": 96, "item_0_name": "Scythe of Vyse", "leaver_status_description": "player DC, no abandon", "level": 22, "player_slot": 128, "leaver_status_name": "DISCONNECTED", "hero_id": 76, "last_hits": 376, "kills": 3, "account_id": 90892734, "item_3_name": "Ghost Scepter", "item_4": 79, "item_3": 37, "item_4_name": "Mekansm", "item_5": 63, "xp_per_min": 453, "item_5_name": "Power Treads", "hero_name": "Outworld Devourer", "gold_per_min": 427, "deaths": 5, "denies": 21, "item_2_name": "Refresher Orb", "item_1_name": "Force Staff"}, {"item_2": 149, "assists": 8, "leaver_status": 1, "item_1": 116, "item_0": 63, "item_0_name": "Power Treads", "leaver_status_description": "player DC, no abandon", "level": 23, "player_slot": 129, "leaver_status_name": "DISCONNECTED", "hero_id": 49, "last_hits": 339, "kills": 8, "account_id": 90882159, "item_3_name": "Monkey King Bar", "item_4": 112, "item_3": 135, "item_4_name": "Assault Cuirass", "item_5": 152, "xp_per_min": 497, "item_5_name": "Shadow Blade", "hero_name": "Dragon Knight", "gold_per_min": 444, "deaths": 3, "denies": 4, "item_2_name": "Crystalys", "item_1_name": "Black King Bar"}, {"item_2": 119, "assists": 9, "leaver_status": 0, "item_1": 34, "item_0": 121, "item_0_name": "Bloodstone", "leaver_status_description": "finished match, no abandon", "level": 19, "player_slot": 130, "leaver_status_name": "NONE", "hero_id": 98, "last_hits": 170, "kills": 3, "account_id": 91698091, "item_3_name": "Vanguard", "item_4": 0, "item_3": 125, "item_5": 29, "xp_per_min": 335, "item_5_name": "Boots of Speed", "hero_name": "Timbersaw", "gold_per_min": 272, "deaths": 4, "denies": 7, "item_2_name": "Shiva's Guard", "item_1_name": "Magic Stick"}, {"item_2": 0, "assists": 6, "leaver_status": 0, "item_1": 108, "item_0": 36, "item_0_name": "Magic Wand", "leaver_status_description": "finished match, no abandon", "level": 16, "player_slot": 131, "leaver_status_name": "NONE", "hero_id": 58, "last_hits": 153, "kills": 2, "account_id": 89399750, "item_3_name": "Urn of Shadows", "item_4": 63, "item_3": 92, "item_4_name": "Power Treads", "item_5": 37, "xp_per_min": 250, "item_5_name": "Ghost Scepter", "hero_name": "Enchantress", "gold_per_min": 220, "deaths": 7, "denies": 1, "item_1_name": "Aghanim's Scepter"}, {"item_2": 29, "assists": 4, "leaver_status": 0, "item_1": 187, "item_0": 102, "item_0_name": "Force Staff", "leaver_status_description": "finished match, no abandon", "level": 13, "player_slot": 132, "leaver_status_name": "NONE", "hero_id": 83, "last_hits": 51, "kills": 0, "account_id": 89407113, "item_4": 34, "item_3": 0, "item_4_name": "Magic Stick", "item_5": 43, "xp_per_min": 167, "item_5_name": "Sentry Ward", "hero_name": "Treant Protector", "gold_per_min": 146, "deaths": 5, "denies": 3, "item_2_name": "Boots of Speed", "item_1_name": "Medallion of Courage"}], "dire_team_id": 7, "picks_bans": [{"order": 0, "is_pick": false, "hero_id": 91, "team": 1}, {"order": 1, "is_pick": false, "hero_id": 65, "team": 0}, {"order": 2, "is_pick": false, "hero_id": 54, "team": 1}, {"order": 3, "is_pick": false, "hero_id": 73, "team": 0}, {"order": 4, "is_pick": true, "hero_id": 76, "team": 1}, {"order": 5, "is_pick": true, "hero_id": 55, "team": 0}, {"order": 6, "is_pick": true, "hero_id": 63, "team": 0}, {"order": 7, "is_pick": true, "hero_id": 83, "team": 1}, {"order": 8, "is_pick": false, "hero_id": 80, "team": 1}, {"order": 9, "is_pick": false, "hero_id": 1, "team": 0}, {"order": 10, "is_pick": false, "hero_id": 11, "team": 1}, {"order": 11, "is_pick": false, "hero_id": 72, "team": 0}, {"order": 12, "is_pick": true, "hero_id": 15, "team": 0}, {"order": 13, "is_pick": true, "hero_id": 49, "team": 1}, {"order": 14, "is_pick": true, "hero_id": 66, "team": 0}, {"order": 15, "is_pick": true, "hero_id": 98, "team": 1}, {"order": 16, "is_pick": false, "hero_id": 3, "team": 0}, {"order": 17, "is_pick": false, "hero_id": 64, "team": 1}, {"order": 18, "is_pick": true, "hero_id": 86, "team": 0}, {"order": 19, "is_pick": true, "hero_id": 58, "team": 1}], "dire_name": "DK", "negative_votes": 737}