{"tower_status_radiant": 772, "flags": 0, "radiant_team_complete": 1, "dire_guild_logo": 920140862043711198, "game_mode": 2, "radiant_score": 0, "match_id": 263688319, "lobby_name": "Tournament", "radiant_team_id": 77666, "dire_logo": 451783905032671206, "pre_game_duration": 0, "radiant_name": "LGD-GAMING.int", "match_seq_num": 239300750, "dire_team_complete": 1, "start_time": 1375675627, "radiant_win": false, "positive_votes": 4779, "leagueid": 65006, "duration": 3010, "dire_score": 0, "lobby_type": 2, "cluster": 111, "engine": 0, "barracks_status_dire": 63, "barracks_status_radiant": 51, "cluster_name": "US West", "first_blood_time": 0, "dire_guild_id": 20, "radiant_logo": 66747416081626662, "human_players": 10, "game_mode_name": "Captains Mode", "dire_guild_name": "TeamLiquid.net", "tower_status_dire": 1828, "players": [{"item_2": 46, "assists": 12, "leaver_status": 1, "item_1": 34, "item_0": 79, "item_0_name": "Mekansm", "leaver_status_description": "player DC, no abandon", "level": 13, "player_slot": 0, "leaver_status_name": "DISCONNECTED", "hero_id": 3, "last_hits": 41, "kills": 2, "account_id": 87382579, "item_3_name": "Ogre Club", "item_4": 0, "item_3": 21, "item_5": 180, "xp_per_min": 197, "item_5_name": "Arcane Boots", "hero_name": "Bane", "gold_per_min": 170, "deaths": 6, "denies": 2, "item_2_name": "Town Portal Scroll", "item_1_name": "Magic Stick"}, {"item_2": 46, "assists": 13, "leaver_status": 0, "item_1": 36, "item_0": 42, "item_0_name": "Observer Ward", "leaver_status_description": "finished match, no abandon", "level": 14, "player_slot": 1, "leaver_status_name": "NONE", "hero_id": 86, "last_hits": 49, "kills": 2, "account_id": 87196890, "item_3_name": "Arcane Boots", "item_4": 0, "item_3": 180, "item_5": 0, "xp_per_min": 217, "hero_name": "Rubick", "gold_per_min": 176, "deaths": 4, "denies": 3, "item_2_name": "Town Portal Scroll", "item_1_name": "Magic Wand"}, {"item_2": 46, "assists": 10, "leaver_status": 0, "item_1": 116, "item_0": 0, "leaver_status_description": "finished match, no abandon", "level": 17, "player_slot": 2, "leaver_status_name": "NONE", "hero_id": 49, "last_hits": 194, "kills": 5, "account_id": 87586992, "item_3_name": "Assault Cuirass", "item_4": 152, "item_3": 112, "item_4_name": "Shadow Blade", "item_5": 63, "xp_per_min": 332, "item_5_name": "Power Treads", "hero_name": "Dragon Knight", "gold_per_min": 318, "deaths": 6, "denies": 5, "item_2_name": "Town Portal Scroll", "item_1_name": "Black King Bar"}, {"item_2": 48, "assists": 10, "leaver_status": 0, "item_1": 102, "item_0": 1, "item_0_name": "Blink Dagger", "leaver_status_description": "finished match, no abandon", "level": 18, "player_slot": 3, "leaver_status_name": "NONE", "hero_id": 65, "last_hits": 240, "kills": 3, "account_id": 31818853, "item_3_name": "Black King Bar", "item_4": 36, "item_3": 116, "item_4_name": "Magic Wand", "item_5": 0, "xp_per_min": 349, "hero_name": "Batrider", "gold_per_min": 327, "deaths": 3, "denies": 1, "item_2_name": "Boots of Travel", "item_1_name": "Force Staff"}, {"item_2": 96, "assists": 11, "leaver_status": 0, "item_1": 139, "item_0": 36, "item_0_name": "Magic Wand", "leaver_status_description": "finished match, no abandon", "level": 18, "player_slot": 4, "leaver_status_name": "NONE", "hero_id": 15, "last_hits": 282, "kills": 10, "account_id": 87285329, "item_3_name": "Phase Boots", "item_4": 116, "item_3": 50, "item_4_name": "Black King Bar", "item_5": 0, "xp_per_min": 368, "hero_name": "Razor", "gold_per_min": 421, "deaths": 7, "denies": 19, "item_2_name": "Scythe of Vyse", "item_1_name": "Butterfly"}, {"item_2": 123, "assists": 11, "leaver_status": 0, "item_1": 48, "item_0": 137, "item_0_name": "Radiance", "leaver_status_description": "finished match, no abandon", "level": 25, "player_slot": 128, "leaver_status_name": "NONE", "hero_id": 63, "last_hits": 380, "kills": 10, "account_id": 67601693, "item_3_name": "Butterfly", "item_4": 116, "item_3": 139, "item_4_name": "Black King Bar", "item_5": 135, "xp_per_min": 651, "item_5_name": "Monkey King Bar", "hero_name": "Weaver", "gold_per_min": 655, "deaths": 1, "denies": 11, "item_2_name": "Linken's Sphere", "item_1_name": "Boots of Travel"}, {"item_2": 46, "assists": 10, "leaver_status": 0, "item_1": 185, "item_0": 147, "item_0_name": "Manta Style", "leaver_status_description": "finished match, no abandon", "level": 20, "player_slot": 129, "leaver_status_name": "NONE", "hero_id": 9, "last_hits": 200, "kills": 4, "account_id": 1185644, "item_3_name": "Phase Boots", "item_4": 0, "item_3": 50, "item_5": 139, "xp_per_min": 422, "item_5_name": "Butterfly", "hero_name": "Mirana", "gold_per_min": 362, "deaths": 3, "denies": 6, "item_2_name": "Town Portal Scroll", "item_1_name": "Drum of Endurance"}, {"item_2": 36, "assists": 10, "leaver_status": 0, "item_1": 108, "item_0": 187, "item_0_name": "Medallion of Courage", "leaver_status_description": "finished match, no abandon", "level": 13, "player_slot": 130, "leaver_status_name": "NONE", "hero_id": 92, "last_hits": 51, "kills": 4, "account_id": 41470731, "item_3_name": "Gem of True Sight", "item_4": 214, "item_3": 30, "item_4_name": "Tranquil Boots", "item_5": 46, "xp_per_min": 197, "item_5_name": "Town Portal Scroll", "hero_name": "Visage", "gold_per_min": 219, "deaths": 7, "denies": 0, "item_2_name": "Magic Wand", "item_1_name": "Aghanim's Scepter"}, {"item_2": 48, "assists": 12, "leaver_status": 0, "item_1": 36, "item_0": 108, "item_0_name": "Aghanim's Scepter", "leaver_status_description": "finished match, no abandon", "level": 18, "player_slot": 131, "leaver_status_name": "NONE", "hero_id": 38, "last_hits": 159, "kills": 3, "account_id": 30237211, "item_3_name": "Mekansm", "item_4": 33, "item_3": 79, "item_4_name": "Cheese", "item_5": 1, "xp_per_min": 342, "item_5_name": "Blink Dagger", "hero_name": "Beastmaster", "gold_per_min": 327, "deaths": 5, "denies": 5, "item_2_name": "Boots of Travel", "item_1_name": "Magic Wand"}, {"item_2": 102, "assists": 7, "leaver_status": 0, "item_1": 92, "item_0": 42, "item_0_name": "Observer Ward", "leaver_status_description": "finished match, no abandon", "level": 13, "player_slot": 132, "leaver_status_name": "NONE", "hero_id": 79, "last_hits": 23, "kills": 5, "account_id": 86715129, "item_3_name": "Boots of Speed", "item_4": 30, "item_3": 29, "item_4_name": "Gem of True Sight", "item_5": 36, "xp_per_min": 206, "item_5_name": "Magic Wand", "hero_name": "Shadow Demon", "gold_per_min": 205, "deaths": 7, "denies": 0, "item_2_name": "Force Staff", "item_1_name": "Urn of Shadows"}], "dire_team_id": 2163, "picks_bans": [{"order": 0, "is_pick": false, "hero_id": 89, "team": 0}, {"order": 1, "is_pick": false, "hero_id": 66, "team": 1}, {"order": 2, "is_pick": false, "hero_id": 76, "team": 0}, {"order": 3, "is_pick": false, "hero_id": 91, "team": 1}, {"order": 4, "is_pick": true, "hero_id": 65, "team": 0}, {"order": 5, "is_pick": true, "hero_id": 63, "team": 1}, {"order": 6, "is_pick": true, "hero_id": 92, "team": 1}, {"order": 7, "is_pick": true, "hero_id": 49, "team": 0}, {"order": 8, "is_pick": false, "hero_id": 47, "team": 0}, {"order": 9, "is_pick": false, "hero_id": 72, "team": 1}, {"order": 10, "is_pick": false, "hero_id": 54, "team": 0}, {"order": 11, "is_pick": false, "hero_id": 58, "team": 1}, {"order": 12, "is_pick": true, "hero_id": 79, "team": 1}, {"order": 13, "is_pick": true, "hero_id": 15, "team": 0}, {"order": 14, "is_pick": true, "hero_id": 38, "team": 1}, {"order": 15, "is_pick": true, "hero_id": 86, "team": 0}, {"order": 16, "is_pick": false, "hero_id": 88, "team": 1}, {"order": 17, "is_pick": false, "hero_id": 8, "team": 0}, {"order": 18, "is_pick": true, "hero_id": 9, "team": 1}, {"order": 19, "is_pick": true, "hero_id": 3, "team": 0}], "dire_name": "Team Liquid", "negative_votes": 441}