{"duration": 1859, "radiant_logo": 531766271384850245, "leagueid": 7, "game_mode": 0, "radiant_score": 0, "positive_votes": 0, "lobby_type": 1, "lobby_name": "Practice", "radiant_win": true, "engine": 0, "pre_game_duration": 0, "match_id": 27266583, "dire_team_complete": 1, "dire_team_id": 7, "flags": 0, "dire_logo": 438324451817706092, "cluster": 111, "negative_votes": 0, "players": [{"item_5_name": "Town Portal Scroll", "item_2": 1, "assists": 8, "item_4": 108, "item_4_name": "Aghanim's Scepter", "leaver_status": 0, "leaver_status_description": "finished match, no abandon", "item_1": 40, "kills": 11, "hero_name": "Invoker", "hero_id": 74, "level": 16, "item_0": 180, "gold_per_min": 481, "leaver_status_name": "NONE", "denies": 12, "player_slot": 0, "deaths": 3, "account_id": 85375207, "item_5": 46, "item_3": 102, "item_0_name": "Arcane Boots", "item_3_name": "Force Staff", "item_2_name": "Blink Dagger", "last_hits": 129, "item_1_name": "Dust of Appearance", "xp_per_min": 438}, {"item_2": 0, "assists": 5, "item_4": 180, "item_4_name": "Arcane Boots", "leaver_status": 0, "leaver_status_description": "finished match, no abandon", "item_1": 1, "kills": 2, "hero_name": "Earthshaker", "hero_id": 7, "level": 12, "item_0": 16, "gold_per_min": 244, "leaver_status_name": "NONE", "denies": 2, "player_slot": 1, "deaths": 5, "account_id": 32895399, "item_5": 0, "item_3": 46, "item_0_name": "Iron Branch", "item_3_name": "Town Portal Scroll", "last_hits": 34, "item_1_name": "Blink Dagger", "xp_per_min": 286}, {"item_2": 102, "assists": 9, "item_4": 40, "item_4_name": "Dust of Appearance", "leaver_status": 0, "leaver_status_description": "finished match, no abandon", "item_1": 180, "kills": 6, "hero_id": 86, "level": 13, "item_0": 0, "gold_per_min": 287, "leaver_status_name": "NONE", "denies": 0, "player_slot": 2, "deaths": 5, "account_id": 19757254, "item_5": 0, "item_3": 36, "hero_name": "Rubick", "item_3_name": "Magic Wand", "item_2_name": "Force Staff", "last_hits": 43, "item_1_name": "Arcane Boots", "xp_per_min": 312}, {"item_5_name": "Cloak", "item_2": 16, "assists": 8, "item_4": 16, "item_4_name": "Iron Branch", "leaver_status": 0, "leaver_status_description": "finished match, no abandon", "item_1": 46, "kills": 4, "hero_name": "Lone Druid", "hero_id": 80, "level": 16, "item_0": 50, "gold_per_min": 493, "leaver_status_name": "NONE", "denies": 10, "player_slot": 3, "deaths": 3, "account_id": 21289303, "item_5": 31, "item_3": 16, "item_0_name": "Phase Boots", "item_3_name": "Iron Branch", "item_2_name": "Iron Branch", "last_hits": 162, "item_1_name": "Town Portal Scroll", "xp_per_min": 452}, {"item_5_name": "Phase Boots", "item_2": 117, "assists": 12, "item_4": 30, "item_4_name": "Gem of True Sight", "leaver_status": 0, "leaver_status_description": "finished match, no abandon", "item_1": 147, "kills": 8, "hero_name": "Templar Assassin", "hero_id": 46, "level": 20, "item_0": 1, "gold_per_min": 448, "leaver_status_name": "NONE", "denies": 11, "player_slot": 4, "deaths": 1, "account_id": 20321748, "item_5": 50, "item_3": 41, "item_0_name": "Blink Dagger", "item_3_name": "Bottle", "item_2_name": "Aegis of the Immortal", "last_hits": 92, "item_1_name": "Manta Style", "xp_per_min": 700}, {"item_5_name": "Ogre Club", "item_2": 50, "assists": 5, "item_4": 46, "item_4_name": "Town Portal Scroll", "leaver_status": 1, "leaver_status_description": "player DC, no abandon", "item_1": 36, "kills": 3, "hero_name": "Bounty Hunter", "hero_id": 62, "level": 13, "item_0": 41, "gold_per_min": 262, "leaver_status_name": "DISCONNECTED", "denies": 5, "player_slot": 128, "deaths": 7, "account_id": 91698091, "item_5": 21, "item_3": 185, "item_0_name": "Bottle", "item_3_name": "Drum of Endurance", "item_2_name": "Phase Boots", "last_hits": 55, "item_1_name": "Magic Wand", "xp_per_min": 334}, {"item_5_name": "Bracer", "item_2": 43, "assists": 7, "item_4": 46, "item_4_name": "Town Portal Scroll", "leaver_status": 1, "leaver_status_description": "player DC, no abandon", "item_1": 63, "kills": 1, "hero_name": "Leshrac", "hero_id": 52, "level": 11, "item_0": 92, "gold_per_min": 197, "leaver_status_name": "DISCONNECTED", "denies": 2, "player_slot": 129, "deaths": 12, "account_id": 90892194, "item_5": 73, "item_3": 36, "item_0_name": "Urn of Shadows", "item_3_name": "Magic Wand", "item_2_name": "Sentry Ward", "last_hits": 42, "item_1_name": "Power Treads", "xp_per_min": 240}, {"item_5_name": "Iron Branch", "item_2": 46, "assists": 5, "item_4": 188, "item_4_name": "Smoke of Deceit", "leaver_status": 1, "leaver_status_description": "player DC, no abandon", "item_1": 0, "kills": 3, "hero_name": "Shadow Demon", "hero_id": 79, "level": 10, "item_0": 36, "gold_per_min": 189, "leaver_status_name": "DISCONNECTED", "denies": 1, "player_slot": 130, "deaths": 6, "account_id": 90881881, "item_5": 16, "item_3": 29, "item_0_name": "Magic Wand", "item_3_name": "Boots of Speed", "item_2_name": "Town Portal Scroll", "last_hits": 28, "xp_per_min": 204}, {"item_5_name": "Town Portal Scroll", "item_2": 81, "assists": 6, "item_4": 40, "item_4_name": "Dust of Appearance", "leaver_status": 1, "leaver_status_description": "player DC, no abandon", "item_1": 180, "kills": 5, "hero_name": "Brewmaster", "hero_id": 78, "level": 14, "item_0": 1, "gold_per_min": 277, "leaver_status_name": "DISCONNECTED", "denies": 8, "player_slot": 131, "deaths": 3, "account_id": 90892734, "item_5": 46, "item_3": 36, "item_0_name": "Blink Dagger", "item_3_name": "Magic Wand", "item_2_name": "Vladmir's Offering", "last_hits": 88, "item_1_name": "Arcane Boots", "xp_per_min": 365}, {"item_5_name": "Ghost Scepter", "item_2": 46, "assists": 7, "item_4": 41, "item_4_name": "Bottle", "leaver_status": 1, "leaver_status_description": "player DC, no abandon", "item_1": 79, "kills": 4, "hero_name": "Dark Seer", "hero_id": 55, "level": 14, "item_0": 180, "gold_per_min": 295, "leaver_status_name": "DISCONNECTED", "denies": 3, "player_slot": 132, "deaths": 6, "account_id": 90882159, "item_5": 37, "item_3": 36, "item_0_name": "Arcane Boots", "item_3_name": "Magic Wand", "item_2_name": "Town Portal Scroll", "last_hits": 99, "item_1_name": "Mekansm", "xp_per_min": 354}], "tower_status_radiant": 1982, "radiant_team_id": 26, "dire_score": 0, "human_players": 10, "match_seq_num": 27262899, "radiant_name": "mousesports", "cluster_name": "US West", "radiant_team_complete": 0, "barracks_status_dire": 3, "start_time": 1342805332, "dire_name": "DK", "first_blood_time": 129, "tower_status_dire": 516, "barracks_status_radiant": 63, "game_mode_name": "Unknown"}