{"duration": 4019, "radiant_logo": 711904559424929169, "leagueid": 8, "game_mode": 0, "radiant_score": 0, "positive_votes": 0, "lobby_type": 1, "lobby_name": "Practice", "radiant_win": false, "engine": 0, "pre_game_duration": 0, "match_id": 30043607, "dire_team_complete": 0, "dire_team_id": 79, "flags": 0, "dire_logo": 956139850555203939, "cluster": 111, "negative_votes": 0, "players": [{"item_5_name": "Scythe of Vyse", "item_2": 46, "assists": 12, "item_4": 102, "item_4_name": "Force Staff", "leaver_status": 0, "leaver_status_description": "finished match, no abandon", "item_1": 112, "kills": 13, "hero_name": "Invoker", "hero_id": 74, "level": 25, "item_0": 36, "gold_per_min": 391, "leaver_status_name": "NONE", "denies": 5, "player_slot": 0, "deaths": 13, "account_id": 84772440, "item_5": 96, "item_3": 63, "item_0_name": "Magic Wand", "item_3_name": "Power Treads", "item_2_name": "Town Portal Scroll", "last_hits": 291, "item_1_name": "Assault Cuirass", "xp_per_min": 488}, {"item_5_name": "Drum of Endurance", "item_2": 46, "assists": 15, "item_4": 36, "item_4_name": "Magic Wand", "leaver_status": 0, "leaver_status_description": "finished match, no abandon", "item_1": 81, "kills": 6, "hero_name": "Bounty Hunter", "hero_id": 62, "level": 24, "item_0": 116, "gold_per_min": 349, "leaver_status_name": "NONE", "denies": 1, "player_slot": 1, "deaths": 16, "account_id": 33485719, "item_5": 185, "item_3": 50, "item_0_name": "Black King Bar", "item_3_name": "Phase Boots", "item_2_name": "Town Portal Scroll", "last_hits": 145, "item_1_name": "Vladmir's Offering", "xp_per_min": 450}, {"item_5_name": "Aghanim's Scepter", "item_2": 46, "assists": 15, "item_4": 116, "item_4_name": "Black King Bar", "leaver_status": 0, "leaver_status_description": "finished match, no abandon", "item_1": 37, "kills": 13, "hero_name": "Queen of Pain", "hero_id": 39, "level": 25, "item_0": 96, "gold_per_min": 409, "leaver_status_name": "NONE", "denies": 9, "player_slot": 2, "deaths": 12, "account_id": 68740191, "item_5": 108, "item_3": 63, "item_0_name": "Scythe of Vyse", "item_3_name": "Power Treads", "item_2_name": "Town Portal Scroll", "last_hits": 314, "item_1_name": "Ghost Scepter", "xp_per_min": 497}, {"item_5_name": "Town Portal Scroll", "item_2": 63, "assists": 17, "item_4": 108, "item_4_name": "Aghanim's Scepter", "leaver_status": 0, "leaver_status_description": "finished match, no abandon", "item_1": 79, "kills": 11, "hero_name": "Nature's Prophet", "hero_id": 53, "level": 25, "item_0": 135, "gold_per_min": 532, "leaver_status_name": "NONE", "denies": 3, "player_slot": 3, "deaths": 10, "account_id": 82630959, "item_5": 46, "item_3": 96, "item_0_name": "Monkey King Bar", "item_3_name": "Scythe of Vyse", "item_2_name": "Power Treads", "last_hits": 428, "item_1_name": "Mekansm", "xp_per_min": 485}, {"item_5_name": "Platemail", "item_2": 36, "assists": 18, "item_4": 37, "item_4_name": "Ghost Scepter", "leaver_status": 0, "leaver_status_description": "finished match, no abandon", "item_1": 180, "kills": 3, "hero_name": "Tidehunter", "hero_id": 29, "level": 22, "item_0": 1, "gold_per_min": 254, "leaver_status_name": "NONE", "denies": 4, "player_slot": 4, "deaths": 13, "account_id": 89699739, "item_5": 9, "item_3": 125, "item_0_name": "Blink Dagger", "item_3_name": "Vanguard", "item_2_name": "Magic Wand", "last_hits": 129, "item_1_name": "Arcane Boots", "xp_per_min": 408}, {"item_2": 116, "assists": 22, "item_4": 48, "item_4_name": "Boots of Travel", "leaver_status": 0, "leaver_status_description": "finished match, no abandon", "item_1": 141, "kills": 11, "hero_name": "Templar Assassin", "hero_id": 46, "level": 25, "item_0": 123, "gold_per_min": 504, "leaver_status_name": "NONE", "denies": 10, "player_slot": 128, "deaths": 5, "account_id": 32995405, "item_5": 0, "item_3": 1, "item_0_name": "Linken's Sphere", "item_3_name": "Blink Dagger", "item_2_name": "Black King Bar", "last_hits": 388, "item_1_name": "Daedalus", "xp_per_min": 484}, {"item_5_name": "Black King Bar", "item_2": 36, "assists": 25, "item_4": 108, "item_4_name": "Aghanim's Scepter", "leaver_status": 0, "leaver_status_description": "finished match, no abandon", "item_1": 185, "kills": 19, "hero_name": "Enchantress", "hero_id": 58, "level": 25, "item_0": 180, "gold_per_min": 382, "leaver_status_name": "NONE", "denies": 4, "player_slot": 129, "deaths": 11, "account_id": 34128052, "item_5": 116, "item_3": 0, "item_0_name": "Arcane Boots", "item_2_name": "Magic Wand", "last_hits": 178, "item_1_name": "Drum of Endurance", "xp_per_min": 483}, {"item_5_name": "Black King Bar", "item_2": 63, "assists": 17, "item_4": 147, "item_4_name": "Manta Style", "leaver_status": 0, "leaver_status_description": "finished match, no abandon", "item_1": 0, "kills": 15, "hero_name": "Mirana", "hero_id": 9, "level": 25, "item_0": 98, "gold_per_min": 481, "leaver_status_name": "NONE", "denies": 4, "player_slot": 130, "deaths": 11, "account_id": 3916428, "item_5": 116, "item_3": 0, "item_0_name": "Orchid Malevolence", "item_2_name": "Power Treads", "last_hits": 338, "xp_per_min": 493}, {"item_5_name": "Arcane Boots", "item_2": 46, "assists": 38, "item_4": 92, "item_4_name": "Urn of Shadows", "leaver_status": 0, "leaver_status_description": "finished match, no abandon", "item_1": 90, "kills": 5, "hero_name": "Venomancer", "hero_id": 40, "level": 23, "item_0": 108, "gold_per_min": 301, "leaver_status_name": "NONE", "denies": 1, "player_slot": 131, "deaths": 11, "account_id": 40602549, "item_5": 180, "item_3": 0, "item_0_name": "Aghanim's Scepter", "item_2_name": "Town Portal Scroll", "last_hits": 156, "item_1_name": "Pipe of Insight", "xp_per_min": 446}, {"item_5_name": "Mekansm", "item_2": 50, "assists": 27, "item_4": 96, "item_4_name": "Scythe of Vyse", "leaver_status": 0, "leaver_status_description": "finished match, no abandon", "item_1": 0, "kills": 13, "hero_name": "Windranger", "hero_id": 21, "level": 25, "item_0": 1, "gold_per_min": 439, "leaver_status_name": "NONE", "denies": 10, "player_slot": 132, "deaths": 8, "account_id": 29904110, "item_5": 79, "item_3": 102, "item_0_name": "Blink Dagger", "item_3_name": "Force Staff", "item_2_name": "Phase Boots", "last_hits": 271, "xp_per_min": 484}], "tower_status_radiant": 0, "radiant_team_id": 2, "dire_score": 0, "human_players": 10, "match_seq_num": 30039495, "radiant_name": "Zenith", "cluster_name": "US West", "radiant_team_complete": 0, "barracks_status_dire": 35, "start_time": 1343930205, "dire_name": "Infused", "first_blood_time": 109, "tower_status_dire": 1540, "barracks_status_radiant": 0, "game_mode_name": "Unknown"}