{"tower_status_radiant": 1568, "flags": 0, "radiant_team_complete": 1, "game_mode": 2, "radiant_score": 0, "match_id": 303080156, "lobby_name": "Practice", "dire_logo": 642124127283031446, "pre_game_duration": 0, "radiant_name": "Fnatic", "match_seq_num": 276098679, "dire_team_complete": 0, "start_time": 1378653786, "radiant_win": false, "positive_votes": 846, "leagueid": 69, "duration": 1690, "dire_score": 0, "lobby_type": 1, "cluster": 135, "engine": 0, "barracks_status_dire": 63, "barracks_status_radiant": 12, "cluster_name": "Europe West", "first_blood_time": 183, "radiant_team_id": 350190, "radiant_logo": 307739466828348574, "human_players": 10, "game_mode_name": "Captains Mode", "tower_status_dire": 1846, "players": [{"item_2": 187, "assists": 2, "leaver_status": 0, "item_1": 29, "item_0": 0, "leaver_status_description": "finished match, no abandon", "level": 8, "player_slot": 0, "leaver_status_name": "NONE", "hero_id": 92, "last_hits": 43, "kills": 0, "account_id": 94155156, "item_3_name": "Sentry Ward", "item_4": 46, "item_3": 43, "item_4_name": "Town Portal Scroll", "item_5": 34, "xp_per_min": 149, "item_5_name": "Magic Stick", "hero_name": "Visage", "gold_per_min": 170, "deaths": 4, "denies": 7, "item_2_name": "Medallion of Courage", "item_1_name": "Boots of Speed"}, {"item_2": 46, "assists": 2, "leaver_status": 0, "item_1": 29, "item_0": 0, "additional_units": [{"item_2": 182, "item_1": 50, "item_4": 0, "item_0": 55, "item_3": 143, "item_5": 11, "unitname": "spirit_bear"}], "leaver_status_description": "finished match, no abandon", "level": 14, "player_slot": 1, "leaver_status_name": "NONE", "hero_id": 80, "last_hits": 124, "kills": 0, "account_id": 19672354, "item_3_name": "Iron Branch", "item_4": 0, "item_3": 16, "item_5": 0, "xp_per_min": 402, "hero_name": "Lone Druid", "gold_per_min": 324, "deaths": 3, "denies": 8, "item_2_name": "Town Portal Scroll", "item_1_name": "Boots of Speed"}, {"item_2": 11, "assists": 0, "leaver_status": 0, "item_1": 147, "item_0": 182, "item_0_name": "Stout Shield", "leaver_status_description": "finished match, no abandon", "level": 16, "player_slot": 2, "leaver_status_name": "NONE", "hero_id": 1, "last_hits": 188, "kills": 3, "account_id": 100317750, "item_3_name": "Power Treads", "item_4": 46, "item_3": 63, "item_4_name": "Town Portal Scroll", "item_5": 145, "xp_per_min": 493, "item_5_name": "Battle Fury", "hero_name": "Anti-Mage", "gold_per_min": 460, "deaths": 2, "denies": 10, "item_2_name": "Quelling Blade", "item_1_name": "Manta Style"}, {"item_2": 180, "assists": 1, "leaver_status": 0, "item_1": 67, "item_0": 46, "item_0_name": "Town Portal Scroll", "leaver_status_description": "finished match, no abandon", "level": 13, "player_slot": 3, "leaver_status_name": "NONE", "hero_id": 97, "last_hits": 125, "kills": 1, "account_id": 8712306, "item_3_name": "Blink Dagger", "item_4": 36, "item_3": 1, "item_4_name": "Magic Wand", "item_5": 41, "xp_per_min": 356, "item_5_name": "Bottle", "hero_name": "Magnus", "gold_per_min": 318, "deaths": 4, "denies": 19, "item_2_name": "Arcane Boots", "item_1_name": "Oblivion Staff"}, {"item_2": 180, "assists": 3, "leaver_status": 0, "item_1": 1, "item_0": 46, "item_0_name": "Town Portal Scroll", "leaver_status_description": "finished match, no abandon", "level": 9, "player_slot": 4, "leaver_status_name": "NONE", "hero_id": 88, "last_hits": 33, "kills": 0, "account_id": 21265941, "item_3_name": "Smoke of Deceit", "item_4": 0, "item_3": 188, "item_5": 0, "xp_per_min": 183, "hero_name": "Nyx Assassin", "gold_per_min": 170, "deaths": 3, "denies": 1, "item_2_name": "Arcane Boots", "item_1_name": "Blink Dagger"}, {"item_2": 63, "assists": 9, "leaver_status": 0, "item_1": 210, "item_0": 36, "item_0_name": "Magic Wand", "leaver_status_description": "finished match, no abandon", "level": 12, "player_slot": 128, "leaver_status_name": "NONE", "hero_id": 89, "last_hits": 43, "kills": 1, "account_id": 89137399, "item_3_name": "Town Portal Scroll", "item_4": 20, "item_3": 46, "item_4_name": "Circlet", "item_5": 30, "xp_per_min": 318, "item_5_name": "Gem of True Sight", "hero_name": "Naga Siren", "gold_per_min": 311, "deaths": 0, "denies": 1, "item_2_name": "Power Treads", "item_1_name": "Heaven's Halberd"}, {"item_2": 46, "assists": 8, "leaver_status": 0, "item_1": 116, "item_0": 63, "item_0_name": "Power Treads", "leaver_status_description": "finished match, no abandon", "level": 15, "player_slot": 129, "leaver_status_name": "NONE", "hero_id": 63, "last_hits": 164, "kills": 6, "account_id": 86725175, "item_3_name": "Ring of Aquila", "item_4": 168, "item_3": 212, "item_4_name": "Desolator", "item_5": 36, "xp_per_min": 443, "item_5_name": "Magic Wand", "hero_name": "Weaver", "gold_per_min": 564, "deaths": 1, "denies": 38, "item_2_name": "Town Portal Scroll", "item_1_name": "Black King Bar"}, {"item_2": 46, "assists": 6, "leaver_status": 0, "item_1": 102, "item_0": 34, "item_0_name": "Magic Stick", "leaver_status_description": "finished match, no abandon", "level": 15, "player_slot": 130, "leaver_status_name": "NONE", "hero_id": 76, "last_hits": 152, "kills": 5, "account_id": 87586992, "item_3_name": "Black King Bar", "item_4": 79, "item_3": 116, "item_4_name": "Mekansm", "item_5": 63, "xp_per_min": 475, "item_5_name": "Power Treads", "hero_name": "Outworld Devourer", "gold_per_min": 492, "deaths": 1, "denies": 32, "item_2_name": "Town Portal Scroll", "item_1_name": "Force Staff"}, {"item_2": 178, "assists": 10, "leaver_status": 0, "item_1": 60, "item_0": 182, "item_0_name": "Stout Shield", "leaver_status_description": "finished match, no abandon", "level": 14, "player_slot": 131, "leaver_status_name": "NONE", "hero_id": 55, "last_hits": 108, "kills": 1, "account_id": 89326318, "item_3_name": "Arcane Boots", "item_4": 90, "item_3": 180, "item_4_name": "Pipe of Insight", "item_5": 46, "xp_per_min": 385, "item_5_name": "Town Portal Scroll", "hero_name": "Dark Seer", "gold_per_min": 370, "deaths": 2, "denies": 7, "item_2_name": "Soul Ring", "item_1_name": "Point Booster"}, {"item_2": 36, "assists": 6, "leaver_status": 0, "item_1": 46, "item_0": 180, "item_0_name": "Arcane Boots", "leaver_status_description": "finished match, no abandon", "level": 11, "player_slot": 132, "leaver_status_name": "NONE", "hero_id": 3, "last_hits": 15, "kills": 3, "account_id": 93712171, "item_3_name": "Observer Ward", "item_4": 43, "item_3": 42, "item_4_name": "Sentry Ward", "item_5": 0, "xp_per_min": 290, "hero_name": "Bane", "gold_per_min": 254, "deaths": 0, "denies": 9, "item_2_name": "Magic Wand", "item_1_name": "Town Portal Scroll"}], "dire_team_id": 1883502, "picks_bans": [{"order": 0, "is_pick": false, "hero_id": 53, "team": 0}, {"order": 1, "is_pick": false, "hero_id": 91, "team": 1}, {"order": 2, "is_pick": false, "hero_id": 65, "team": 0}, {"order": 3, "is_pick": false, "hero_id": 51, "team": 1}, {"order": 4, "is_pick": true, "hero_id": 92, "team": 0}, {"order": 5, "is_pick": true, "hero_id": 76, "team": 1}, {"order": 6, "is_pick": true, "hero_id": 3, "team": 1}, {"order": 7, "is_pick": true, "hero_id": 88, "team": 0}, {"order": 8, "is_pick": false, "hero_id": 54, "team": 0}, {"order": 9, "is_pick": false, "hero_id": 15, "team": 1}, {"order": 10, "is_pick": false, "hero_id": 66, "team": 0}, {"order": 11, "is_pick": false, "hero_id": 11, "team": 1}, {"order": 12, "is_pick": true, "hero_id": 63, "team": 1}, {"order": 13, "is_pick": true, "hero_id": 80, "team": 0}, {"order": 14, "is_pick": true, "hero_id": 55, "team": 1}, {"order": 15, "is_pick": true, "hero_id": 1, "team": 0}, {"order": 16, "is_pick": false, "hero_id": 72, "team": 1}, {"order": 17, "is_pick": false, "hero_id": 102, "team": 0}, {"order": 18, "is_pick": true, "hero_id": 89, "team": 1}, {"order": 19, "is_pick": true, "hero_id": 97, "team": 0}], "dire_name": "Virtus.pro", "negative_votes": 51}