{"tower_status_radiant": 1792, "flags": 0, "lobby_type": 1, "cluster": 123, "game_mode_name": "All Pick", "dire_logo": 577877533500375019, "engine": 0, "barracks_status_dire": 63, "barracks_status_radiant": 48, "cluster_name": "US East", "radiant_score": 0, "match_id": 304921554, "lobby_name": "Practice", "dire_score": 0, "first_blood_time": 208, "radiant_team_id": 947639, "radiant_logo": 903258706333057637, "human_players": 10, "pre_game_duration": 0, "radiant_team_complete": 0, "tower_status_dire": 1958, "players": [{"item_2": 92, "assists": 8, "leaver_status": 0, "item_1": 41, "item_0": 46, "item_0_name": "Town Portal Scroll", "leaver_status_description": "finished match, no abandon", "level": 13, "player_slot": 0, "leaver_status_name": "NONE", "hero_id": 91, "last_hits": 30, "kills": 4, "account_id": 84105632, "item_3_name": "Ogre Club", "item_4": 63, "item_3": 21, "item_4_name": "Power Treads", "item_5": 42, "xp_per_min": 259, "item_5_name": "Observer Ward", "hero_name": "Io", "gold_per_min": 206, "deaths": 13, "denies": 2, "item_2_name": "Urn of Shadows", "item_1_name": "Bottle"}, {"item_2": 116, "assists": 6, "leaver_status": 0, "item_1": 50, "item_0": 36, "item_0_name": "Magic Wand", "leaver_status_description": "finished match, no abandon", "level": 17, "player_slot": 1, "leaver_status_name": "NONE", "hero_id": 62, "last_hits": 60, "kills": 4, "account_id": 32922146, "item_3_name": "Vladmir's Offering", "item_4": 7, "item_3": 81, "item_4_name": "Javelin", "item_5": 46, "xp_per_min": 446, "item_5_name": "Town Portal Scroll", "hero_name": "Bounty Hunter", "gold_per_min": 331, "deaths": 8, "denies": 5, "item_2_name": "Black King Bar", "item_1_name": "Phase Boots"}, {"item_2": 36, "assists": 13, "leaver_status": 0, "item_1": 116, "item_0": 0, "leaver_status_description": "finished match, no abandon", "level": 17, "player_slot": 2, "leaver_status_name": "NONE", "hero_id": 81, "last_hits": 86, "kills": 6, "account_id": 104275965, "item_3_name": "Stout Shield", "item_4": 73, "item_3": 182, "item_4_name": "Bracer", "item_5": 63, "xp_per_min": 422, "item_5_name": "Power Treads", "hero_name": "Chaos Knight", "gold_per_min": 333, "deaths": 11, "denies": 11, "item_2_name": "Magic Wand", "item_1_name": "Black King Bar"}, {"item_2": 32, "assists": 9, "leaver_status": 0, "item_1": 164, "item_0": 141, "item_0_name": "Daedalus", "leaver_status_description": "finished match, no abandon", "level": 20, "player_slot": 3, "leaver_status_name": "NONE", "hero_id": 11, "last_hits": 262, "kills": 13, "account_id": 86743641, "item_3_name": "Power Treads", "item_4": 170, "item_3": 63, "item_4_name": "Yasha", "item_5": 116, "xp_per_min": 626, "item_5_name": "Black King Bar", "hero_name": "Shadow Fiend", "gold_per_min": 584, "deaths": 6, "denies": 16, "item_2_name": "Talisman of Evasion", "item_1_name": "Helm of the Dominator"}, {"item_2": 23, "assists": 14, "leaver_status": 1, "item_1": 79, "item_0": 180, "item_0_name": "Arcane Boots", "leaver_status_description": "player DC, no abandon", "level": 12, "player_slot": 4, "leaver_status_name": "DISCONNECTED", "hero_id": 66, "last_hits": 104, "kills": 0, "account_id": 83625397, "item_4": 27, "item_3": 0, "item_4_name": "Ring of Regen", "item_5": 88, "xp_per_min": 247, "item_5_name": "Ring of Basilius", "hero_name": "Chen", "gold_per_min": 218, "deaths": 6, "denies": 1, "item_2_name": "Staff of Wizardry", "item_1_name": "Mekansm"}, {"item_2": 79, "assists": 18, "leaver_status": 0, "item_1": 63, "item_0": 41, "item_0_name": "Bottle", "leaver_status_description": "finished match, no abandon", "level": 16, "player_slot": 128, "leaver_status_name": "NONE", "hero_id": 33, "last_hits": 129, "kills": 2, "account_id": 86828698, "item_3_name": "Black King Bar", "item_4": 0, "item_3": 116, "item_5": 88, "xp_per_min": 381, "item_5_name": "Ring of Basilius", "hero_name": "Enigma", "gold_per_min": 354, "deaths": 4, "denies": 4, "item_2_name": "Mekansm", "item_1_name": "Power Treads"}, {"item_2": 208, "assists": 9, "leaver_status": 0, "item_1": 50, "item_0": 151, "item_0_name": "Armlet of Mordiggian", "leaver_status_description": "finished match, no abandon", "level": 24, "player_slot": 129, "leaver_status_name": "NONE", "hero_id": 54, "last_hits": 221, "kills": 20, "account_id": 32940748, "item_3_name": "Town Portal Scroll", "item_4": 112, "item_3": 46, "item_4_name": "Assault Cuirass", "item_5": 117, "xp_per_min": 878, "item_5_name": "Aegis of the Immortal", "hero_name": "Lifestealer", "gold_per_min": 710, "deaths": 1, "denies": 26, "item_2_name": "Abyssal Blade", "item_1_name": "Phase Boots"}, {"item_2": 30, "assists": 17, "leaver_status": 0, "item_1": 36, "item_0": 121, "item_0_name": "Bloodstone", "leaver_status_description": "finished match, no abandon", "level": 22, "player_slot": 130, "leaver_status_name": "NONE", "hero_id": 98, "last_hits": 165, "kills": 12, "account_id": 86768178, "item_3_name": "Boots of Travel", "item_4": 37, "item_3": 48, "item_4_name": "Ghost Scepter", "item_5": 31, "xp_per_min": 754, "item_5_name": "Cloak", "hero_name": "Timbersaw", "gold_per_min": 508, "deaths": 6, "denies": 14, "item_2_name": "Gem of True Sight", "item_1_name": "Magic Wand"}, {"item_2": 36, "assists": 8, "leaver_status": 0, "item_1": 92, "item_0": 1, "item_0_name": "Blink Dagger", "leaver_status_description": "finished match, no abandon", "level": 12, "player_slot": 131, "leaver_status_name": "NONE", "hero_id": 86, "last_hits": 19, "kills": 2, "account_id": 54903529, "item_3_name": "Observer Ward", "item_4": 29, "item_3": 42, "item_4_name": "Boots of Speed", "item_5": 46, "xp_per_min": 237, "item_5_name": "Town Portal Scroll", "hero_name": "Rubick", "gold_per_min": 229, "deaths": 12, "denies": 1, "item_2_name": "Magic Wand", "item_1_name": "Urn of Shadows"}, {"item_2": 180, "assists": 25, "leaver_status": 0, "item_1": 36, "item_0": 46, "item_0_name": "Town Portal Scroll", "leaver_status_description": "finished match, no abandon", "level": 20, "player_slot": 132, "leaver_status_name": "NONE", "hero_id": 55, "last_hits": 95, "kills": 7, "account_id": 73562326, "item_3_name": "Blink Dagger", "item_4": 116, "item_3": 1, "item_4_name": "Black King Bar", "item_5": 102, "xp_per_min": 631, "item_5_name": "Force Staff", "hero_name": "Dark Seer", "gold_per_min": 444, "deaths": 6, "denies": 1, "item_2_name": "Arcane Boots", "item_1_name": "Magic Wand"}], "radiant_name": "Pretty Boy Swag.", "match_seq_num": 277441747, "dire_team_id": 883783, "dire_team_complete": 0, "start_time": 1378774875, "radiant_win": false, "positive_votes": 35, "leagueid": 67, "game_mode": 1, "dire_name": "Stay - Free", "duration": 2170, "negative_votes": 10}