{"tower_status_radiant": 1974, "flags": 0, "lobby_type": 1, "cluster": 123, "game_mode_name": "Captains Mode", "engine": 0, "barracks_status_dire": 3, "barracks_status_radiant": 63, "cluster_name": "US East", "radiant_score": 0, "match_id": 311711314, "lobby_name": "Practice", "dire_score": 0, "first_blood_time": 176, "human_players": 10, "pre_game_duration": 0, "tower_status_dire": 1540, "players": [{"item_2": 30, "assists": 17, "leaver_status": 0, "item_1": 185, "item_0": 63, "item_0_name": "Power Treads", "leaver_status_description": "finished match, no abandon", "level": 18, "player_slot": 0, "leaver_status_name": "NONE", "hero_id": 63, "last_hits": 134, "kills": 6, "account_id": 121847953, "item_3_name": "Linken's Sphere", "item_4": 21, "item_3": 123, "item_4_name": "Ogre Club", "item_5": 212, "xp_per_min": 505, "item_5_name": "Ring of Aquila", "hero_name": "Weaver", "gold_per_min": 432, "deaths": 2, "denies": 3, "item_2_name": "Gem of True Sight", "item_1_name": "Drum of Endurance"}, {"item_2": 102, "assists": 16, "leaver_status": 0, "item_1": 36, "item_0": 214, "item_0_name": "Tranquil Boots", "leaver_status_description": "finished match, no abandon", "level": 14, "player_slot": 1, "leaver_status_name": "NONE", "hero_id": 89, "last_hits": 19, "kills": 3, "account_id": 88127555, "item_3_name": "Town Portal Scroll", "item_4": 23, "item_3": 46, "item_4_name": "Staff of Wizardry", "item_5": 0, "xp_per_min": 326, "hero_name": "Naga Siren", "gold_per_min": 269, "deaths": 6, "denies": 0, "item_2_name": "Force Staff", "item_1_name": "Magic Wand"}, {"item_2": 214, "assists": 16, "leaver_status": 0, "item_1": 178, "item_0": 36, "item_0_name": "Magic Wand", "leaver_status_description": "finished match, no abandon", "level": 17, "player_slot": 2, "leaver_status_name": "NONE", "hero_id": 55, "last_hits": 185, "kills": 4, "account_id": 67601693, "item_3_name": "Mekansm", "item_4": 102, "item_3": 79, "item_4_name": "Force Staff", "item_5": 96, "xp_per_min": 461, "item_5_name": "Scythe of Vyse", "hero_name": "Dark Seer", "gold_per_min": 471, "deaths": 2, "denies": 2, "item_2_name": "Tranquil Boots", "item_1_name": "Soul Ring"}, {"item_2": 172, "assists": 9, "leaver_status": 0, "item_1": 116, "item_0": 152, "item_0_name": "Shadow Blade", "leaver_status_description": "finished match, no abandon", "level": 22, "player_slot": 3, "leaver_status_name": "NONE", "hero_id": 11, "last_hits": 253, "kills": 14, "account_id": 85805514, "item_3_name": "Manta Style", "item_4": 149, "item_3": 147, "item_4_name": "Crystalys", "item_5": 63, "xp_per_min": 746, "item_5_name": "Power Treads", "hero_name": "Shadow Fiend", "gold_per_min": 652, "deaths": 5, "denies": 17, "item_2_name": "Mask of Madness", "item_1_name": "Black King Bar"}, {"item_2": 112, "assists": 11, "leaver_status": 0, "item_1": 36, "item_0": 214, "item_0_name": "Tranquil Boots", "leaver_status_description": "finished match, no abandon", "level": 18, "player_slot": 4, "leaver_status_name": "NONE", "hero_id": 69, "last_hits": 83, "kills": 8, "account_id": 86727555, "item_3_name": "Drum of Endurance", "item_4": 81, "item_3": 185, "item_4_name": "Vladmir's Offering", "item_5": 46, "xp_per_min": 490, "item_5_name": "Town Portal Scroll", "hero_name": "Doom", "gold_per_min": 367, "deaths": 3, "denies": 1, "item_2_name": "Assault Cuirass", "item_1_name": "Magic Wand"}, {"item_2": 108, "assists": 6, "leaver_status": 0, "item_1": 214, "item_0": 172, "item_0_name": "Mask of Madness", "leaver_status_description": "finished match, no abandon", "level": 15, "player_slot": 128, "leaver_status_name": "NONE", "hero_id": 58, "last_hits": 95, "kills": 6, "account_id": 87177591, "item_3_name": "Hand of Midas", "item_4": 0, "item_3": 65, "item_5": 0, "xp_per_min": 348, "hero_name": "Enchantress", "gold_per_min": 333, "deaths": 7, "denies": 1, "item_2_name": "Aghanim's Scepter", "item_1_name": "Tranquil Boots"}, {"item_2": 34, "assists": 3, "leaver_status": 0, "item_1": 71, "item_0": 50, "item_0_name": "Phase Boots", "leaver_status_description": "finished match, no abandon", "level": 13, "player_slot": 129, "leaver_status_name": "NONE", "hero_id": 62, "last_hits": 97, "kills": 4, "account_id": 86811043, "item_3_name": "Desolator", "item_4": 46, "item_3": 168, "item_4_name": "Town Portal Scroll", "item_5": 81, "xp_per_min": 288, "item_5_name": "Vladmir's Offering", "hero_name": "Bounty Hunter", "gold_per_min": 315, "deaths": 7, "denies": 9, "item_2_name": "Magic Stick", "item_1_name": "Poor Man's Shield"}, {"item_2": 102, "assists": 7, "leaver_status": 0, "item_1": 63, "item_0": 21, "item_0_name": "Ogre Club", "leaver_status_description": "finished match, no abandon", "level": 14, "player_slot": 130, "leaver_status_name": "NONE", "hero_id": 3, "last_hits": 90, "kills": 2, "account_id": 86745912, "item_3_name": "Magic Wand", "item_4": 73, "item_3": 36, "item_4_name": "Bracer", "item_5": 60, "xp_per_min": 305, "item_5_name": "Point Booster", "hero_name": "Bane", "gold_per_min": 275, "deaths": 6, "denies": 12, "item_2_name": "Force Staff", "item_1_name": "Power Treads"}, {"item_2": 36, "assists": 3, "leaver_status": 0, "item_1": 41, "item_0": 63, "item_0_name": "Power Treads", "leaver_status_description": "finished match, no abandon", "level": 15, "player_slot": 131, "leaver_status_name": "NONE", "hero_id": 98, "last_hits": 126, "kills": 5, "account_id": 30237211, "item_3_name": "Orchid Malevolence", "item_4": 0, "item_3": 98, "item_5": 46, "xp_per_min": 359, "item_5_name": "Town Portal Scroll", "hero_name": "Timbersaw", "gold_per_min": 331, "deaths": 9, "denies": 12, "item_2_name": "Magic Wand", "item_1_name": "Bottle"}, {"item_2": 34, "assists": 3, "leaver_status": 0, "item_1": 180, "item_0": 102, "item_0_name": "Force Staff", "leaver_status_description": "finished match, no abandon", "level": 9, "player_slot": 132, "leaver_status_name": "NONE", "hero_id": 88, "last_hits": 35, "kills": 1, "account_id": 44463405, "item_3_name": "Iron Branch", "item_4": 16, "item_3": 16, "item_4_name": "Iron Branch", "item_5": 30, "xp_per_min": 149, "item_5_name": "Gem of True Sight", "hero_name": "Nyx Assassin", "gold_per_min": 160, "deaths": 7, "denies": 1, "item_2_name": "Magic Stick", "item_1_name": "Arcane Boots"}], "match_seq_num": 283737496, "start_time": 1379292133, "picks_bans": [{"order": 0, "is_pick": false, "hero_id": 92, "team": 1}, {"order": 1, "is_pick": false, "hero_id": 102, "team": 0}, {"order": 2, "is_pick": false, "hero_id": 76, "team": 1}, {"order": 3, "is_pick": false, "hero_id": 65, "team": 0}, {"order": 4, "is_pick": true, "hero_id": 98, "team": 1}, {"order": 5, "is_pick": true, "hero_id": 63, "team": 0}, {"order": 6, "is_pick": true, "hero_id": 89, "team": 0}, {"order": 7, "is_pick": true, "hero_id": 3, "team": 1}, {"order": 8, "is_pick": false, "hero_id": 82, "team": 1}, {"order": 9, "is_pick": false, "hero_id": 15, "team": 0}, {"order": 10, "is_pick": false, "hero_id": 56, "team": 1}, {"order": 11, "is_pick": false, "hero_id": 1, "team": 0}, {"order": 12, "is_pick": true, "hero_id": 55, "team": 0}, {"order": 13, "is_pick": true, "hero_id": 58, "team": 1}, {"order": 14, "is_pick": true, "hero_id": 11, "team": 0}, {"order": 15, "is_pick": true, "hero_id": 88, "team": 1}, {"order": 16, "is_pick": false, "hero_id": 12, "team": 0}, {"order": 17, "is_pick": false, "hero_id": 74, "team": 1}, {"order": 18, "is_pick": true, "hero_id": 69, "team": 0}, {"order": 19, "is_pick": true, "hero_id": 62, "team": 1}], "radiant_win": true, "positive_votes": 15, "leagueid": 74, "game_mode": 2, "duration": 2117, "negative_votes": 7}