{"duration": 1223, "radiant_logo": 531766271384850245, "leagueid": 7, "game_mode": 0, "radiant_score": 0, "positive_votes": 43, "lobby_type": 1, "lobby_name": "Practice", "radiant_win": true, "engine": 0, "pre_game_duration": 0, "match_id": 31193906, "dire_team_complete": 0, "dire_team_id": 42, "flags": 0, "dire_logo": 540680885227208923, "cluster": 111, "negative_votes": 23, "players": [{"item_2": 0, "assists": 3, "item_4": 16, "item_4_name": "Iron Branch", "leaver_status": 1, "leaver_status_description": "player DC, no abandon", "item_1": 0, "kills": 1, "hero_name": "Sand King", "hero_id": 16, "level": 8, "item_0": 180, "item_3_name": "Iron Branch", "leaver_status_name": "DISCONNECTED", "denies": 2, "player_slot": 0, "deaths": 1, "account_id": 87196890, "item_5": 0, "item_3": 16, "item_0_name": "Arcane Boots", "gold_per_min": 162, "last_hits": 20, "xp_per_min": 192}, {"item_5_name": "Mantle of Intelligence", "item_2": 41, "assists": 6, "item_4": 0, "leaver_status": 1, "leaver_status_description": "player DC, no abandon", "item_1": 36, "kills": 2, "hero_name": "Tinker", "hero_id": 34, "level": 11, "item_0": 48, "gold_per_min": 272, "leaver_status_name": "DISCONNECTED", "denies": 4, "player_slot": 1, "deaths": 1, "account_id": 85375207, "item_5": 15, "item_3": 178, "item_0_name": "Boots of Travel", "item_3_name": "Soul Ring", "item_2_name": "Bottle", "last_hits": 58, "item_1_name": "Magic Wand", "xp_per_min": 341}, {"item_5_name": "Cloak", "item_2": 41, "assists": 3, "item_4": 42, "item_4_name": "Observer Ward", "leaver_status": 1, "leaver_status_description": "player DC, no abandon", "item_1": 50, "kills": 5, "hero_name": "Windranger", "hero_id": 21, "level": 9, "item_0": 46, "gold_per_min": 225, "leaver_status_name": "DISCONNECTED", "denies": 4, "player_slot": 2, "deaths": 0, "account_id": 19757254, "item_5": 31, "item_3": 36, "item_0_name": "Town Portal Scroll", "item_3_name": "Magic Wand", "item_2_name": "Bottle", "last_hits": 25, "item_1_name": "Phase Boots", "xp_per_min": 236}, {"item_2": 125, "assists": 3, "item_4": 63, "item_4_name": "Power Treads", "leaver_status": 0, "leaver_status_description": "finished match, no abandon", "item_1": 36, "kills": 2, "hero_name": "Slardar", "hero_id": 28, "level": 12, "item_0": 1, "gold_per_min": 409, "leaver_status_name": "NONE", "denies": 36, "player_slot": 3, "deaths": 0, "account_id": 21289303, "item_5": 0, "item_3": 0, "item_0_name": "Blink Dagger", "item_2_name": "Vanguard", "last_hits": 129, "item_1_name": "Magic Wand", "xp_per_min": 437}, {"item_5_name": "Phase Boots", "item_2": 170, "assists": 4, "item_4": 0, "leaver_status": 1, "leaver_status_description": "player DC, no abandon", "item_1": 36, "kills": 4, "hero_name": "Mirana", "hero_id": 9, "level": 11, "item_0": 41, "gold_per_min": 304, "leaver_status_name": "DISCONNECTED", "denies": 15, "player_slot": 4, "deaths": 0, "account_id": 20321748, "item_5": 50, "item_3": 0, "item_0_name": "Bottle", "item_2_name": "Yasha", "last_hits": 59, "item_1_name": "Magic Wand", "xp_per_min": 341}, {"item_5_name": "Iron Branch", "item_2": 73, "assists": 1, "item_4": 16, "item_4_name": "Iron Branch", "leaver_status": 1, "leaver_status_description": "player DC, no abandon", "item_1": 180, "kills": 0, "hero_name": "Leshrac", "hero_id": 52, "level": 8, "item_0": 46, "gold_per_min": 243, "leaver_status_name": "DISCONNECTED", "denies": 19, "player_slot": 128, "deaths": 4, "account_id": 94362277, "item_5": 16, "item_3": 60, "item_0_name": "Town Portal Scroll", "item_3_name": "Point Booster", "item_2_name": "Bracer", "last_hits": 64, "item_1_name": "Arcane Boots", "xp_per_min": 205}, {"item_5_name": "Iron Branch", "item_2": 38, "assists": 0, "item_4": 16, "item_4_name": "Iron Branch", "leaver_status": 1, "leaver_status_description": "player DC, no abandon", "item_1": 180, "kills": 1, "hero_id": 66, "level": 8, "item_0": 0, "gold_per_min": 184, "leaver_status_name": "DISCONNECTED", "denies": 0, "player_slot": 129, "deaths": 1, "account_id": 89330493, "item_5": 16, "item_3": 16, "hero_name": "Chen", "item_3_name": "Iron Branch", "item_2_name": "Clarity", "last_hits": 49, "item_1_name": "Arcane Boots", "xp_per_min": 183}, {"item_2": 23, "assists": 0, "item_4": 46, "item_4_name": "Town Portal Scroll", "leaver_status": 1, "leaver_status_description": "player DC, no abandon", "item_1": 50, "kills": 1, "hero_name": "Tiny", "hero_id": 19, "level": 8, "item_0": 41, "gold_per_min": 226, "leaver_status_name": "DISCONNECTED", "denies": 3, "player_slot": 130, "deaths": 3, "account_id": 89871557, "item_5": 0, "item_3": 16, "item_0_name": "Bottle", "item_3_name": "Iron Branch", "item_2_name": "Staff of Wizardry", "last_hits": 47, "item_1_name": "Phase Boots", "xp_per_min": 205}, {"item_2": 29, "assists": 0, "item_4": 39, "item_4_name": "Healing Salve", "leaver_status": 1, "leaver_status_description": "player DC, no abandon", "item_1": 36, "kills": 0, "hero_name": "Venomancer", "hero_id": 40, "level": 8, "item_0": 44, "gold_per_min": 158, "leaver_status_name": "DISCONNECTED", "denies": 2, "player_slot": 131, "deaths": 3, "account_id": 93670407, "item_5": 0, "item_3": 13, "item_0_name": "Tango", "item_3_name": "Gauntlets of Strength", "item_2_name": "Boots of Speed", "last_hits": 27, "item_1_name": "Magic Wand", "xp_per_min": 174}, {"item_5_name": "Town Portal Scroll", "item_2": 0, "assists": 0, "item_4": 63, "item_4_name": "Power Treads", "leaver_status": 1, "leaver_status_description": "player DC, no abandon", "item_1": 36, "kills": 0, "hero_id": 33, "level": 8, "item_0": 0, "item_3_name": "Soul Ring", "leaver_status_name": "DISCONNECTED", "denies": 8, "player_slot": 132, "deaths": 3, "account_id": 91644707, "item_5": 46, "item_3": 178, "hero_name": "Enigma", "gold_per_min": 192, "last_hits": 39, "item_1_name": "Magic Wand", "xp_per_min": 172}], "tower_status_radiant": 2036, "radiant_team_id": 26, "dire_score": 0, "human_players": 10, "match_seq_num": 31054034, "radiant_name": "mousesports", "cluster_name": "US West", "radiant_team_complete": 1, "barracks_status_dire": 63, "start_time": 1344353052, "dire_name": "Orange E-Sports", "first_blood_time": 262, "tower_status_dire": 1982, "barracks_status_radiant": 63, "game_mode_name": "Unknown"}