{"tower_status_radiant": 2046, "flags": 0, "radiant_team_complete": 1, "game_mode": 2, "radiant_score": 0, "match_id": 312450355, "lobby_name": "Practice", "dire_logo": 595888097559896275, "pre_game_duration": 0, "radiant_name": "Fnatic", "match_seq_num": 284433293, "dire_team_complete": 1, "start_time": 1379351088, "radiant_win": true, "positive_votes": 590, "leagueid": 69, "duration": 1943, "dire_score": 0, "lobby_type": 1, "cluster": 132, "engine": 0, "barracks_status_dire": 15, "barracks_status_radiant": 63, "cluster_name": "Europe West", "first_blood_time": 268, "radiant_team_id": 350190, "radiant_logo": 307739466828348574, "human_players": 10, "game_mode_name": "Captains Mode", "tower_status_dire": 1572, "players": [{"item_2": 92, "assists": 8, "leaver_status": 0, "item_1": 63, "item_0": 36, "item_0_name": "Magic Wand", "leaver_status_description": "finished match, no abandon", "level": 14, "player_slot": 0, "leaver_status_name": "NONE", "hero_id": 71, "last_hits": 62, "kills": 8, "account_id": 94155156, "item_3_name": "Black King Bar", "item_4": 172, "item_3": 116, "item_4_name": "Mask of Madness", "item_5": 40, "xp_per_min": 366, "item_5_name": "Dust of Appearance", "hero_name": "Spirit Breaker", "gold_per_min": 369, "deaths": 3, "denies": 4, "item_2_name": "Urn of Shadows", "item_1_name": "Power Treads"}, {"item_2": 79, "assists": 8, "leaver_status": 0, "item_1": 29, "item_0": 46, "item_0_name": "Town Portal Scroll", "leaver_status_description": "finished match, no abandon", "level": 13, "player_slot": 1, "leaver_status_name": "NONE", "hero_id": 92, "last_hits": 28, "kills": 4, "account_id": 19672354, "item_3_name": "Magic Wand", "item_4": 187, "item_3": 36, "item_4_name": "Medallion of Courage", "item_5": 0, "xp_per_min": 296, "hero_name": "Visage", "gold_per_min": 268, "deaths": 1, "denies": 3, "item_2_name": "Mekansm", "item_1_name": "Boots of Speed"}, {"item_2": 151, "assists": 16, "leaver_status": 0, "item_1": 208, "item_0": 50, "item_0_name": "Phase Boots", "leaver_status_description": "finished match, no abandon", "level": 21, "player_slot": 2, "leaver_status_name": "NONE", "hero_id": 54, "last_hits": 178, "kills": 14, "account_id": 100317750, "item_3_name": "Drum of Endurance", "item_4": 32, "item_3": 185, "item_4_name": "Talisman of Evasion", "item_5": 123, "xp_per_min": 720, "item_5_name": "Linken's Sphere", "hero_name": "Lifestealer", "gold_per_min": 648, "deaths": 1, "denies": 28, "item_2_name": "Armlet of Mordiggian", "item_1_name": "Abyssal Blade"}, {"item_2": 46, "assists": 9, "leaver_status": 0, "item_1": 104, "item_0": 63, "item_0_name": "Power Treads", "leaver_status_description": "finished match, no abandon", "level": 15, "player_slot": 3, "leaver_status_name": "NONE", "hero_id": 62, "last_hits": 88, "kills": 3, "account_id": 8712306, "item_3_name": "Orchid Malevolence", "item_4": 81, "item_3": 98, "item_4_name": "Vladmir's Offering", "item_5": 36, "xp_per_min": 415, "item_5_name": "Magic Wand", "hero_name": "Bounty Hunter", "gold_per_min": 419, "deaths": 3, "denies": 15, "item_2_name": "Town Portal Scroll", "item_1_name": "Dagon"}, {"item_2": 63, "assists": 11, "leaver_status": 0, "item_1": 1, "item_0": 30, "item_0_name": "Gem of True Sight", "leaver_status_description": "finished match, no abandon", "level": 17, "player_slot": 4, "leaver_status_name": "NONE", "hero_id": 13, "last_hits": 142, "kills": 3, "account_id": 21265941, "item_3_name": "Town Portal Scroll", "item_4": 41, "item_3": 46, "item_4_name": "Bottle", "item_5": 96, "xp_per_min": 490, "item_5_name": "Scythe of Vyse", "hero_name": "Puck", "gold_per_min": 413, "deaths": 3, "denies": 11, "item_2_name": "Power Treads", "item_1_name": "Blink Dagger"}, {"item_2": 50, "assists": 3, "leaver_status": 0, "item_1": 152, "item_0": 0, "leaver_status_description": "finished match, no abandon", "level": 16, "player_slot": 128, "leaver_status_name": "NONE", "hero_id": 69, "last_hits": 167, "kills": 3, "account_id": 26316691, "item_3_name": "Hand of Midas", "item_4": 112, "item_3": 65, "item_4_name": "Assault Cuirass", "item_5": 0, "xp_per_min": 441, "hero_name": "Doom", "gold_per_min": 468, "deaths": 5, "denies": 18, "item_2_name": "Phase Boots", "item_1_name": "Shadow Blade"}, {"item_2": 92, "assists": 5, "leaver_status": 0, "item_1": 34, "item_0": 29, "item_0_name": "Boots of Speed", "leaver_status_description": "finished match, no abandon", "level": 11, "player_slot": 129, "leaver_status_name": "NONE", "hero_id": 89, "last_hits": 13, "kills": 0, "account_id": 36547811, "item_4": 46, "item_3": 0, "item_4_name": "Town Portal Scroll", "item_5": 0, "xp_per_min": 195, "hero_name": "Naga Siren", "gold_per_min": 132, "deaths": 6, "denies": 0, "item_2_name": "Urn of Shadows", "item_1_name": "Magic Stick"}, {"item_2": 73, "assists": 5, "leaver_status": 1, "item_1": 73, "item_0": 29, "item_0_name": "Boots of Speed", "leaver_status_description": "player DC, no abandon", "level": 10, "player_slot": 130, "leaver_status_name": "DISCONNECTED", "hero_id": 51, "last_hits": 32, "kills": 0, "account_id": 91931211, "item_4": 20, "item_3": 0, "item_4_name": "Circlet", "item_5": 0, "xp_per_min": 178, "hero_name": "Clockwerk", "gold_per_min": 144, "deaths": 10, "denies": 1, "item_2_name": "Bracer", "item_1_name": "Bracer"}, {"item_2": 36, "assists": 0, "leaver_status": 1, "item_1": 98, "item_0": 41, "item_0_name": "Bottle", "leaver_status_description": "player DC, no abandon", "level": 16, "player_slot": 131, "leaver_status_name": "DISCONNECTED", "hero_id": 39, "last_hits": 142, "kills": 8, "account_id": 86840554, "item_3_name": "Power Treads", "item_4": 21, "item_3": 63, "item_4_name": "Ogre Club", "item_5": 46, "xp_per_min": 451, "item_5_name": "Town Portal Scroll", "hero_name": "Queen of Pain", "gold_per_min": 368, "deaths": 6, "denies": 20, "item_2_name": "Magic Wand", "item_1_name": "Orchid Malevolence"}, {"item_2": 43, "assists": 2, "leaver_status": 0, "item_1": 86, "item_0": 94, "item_0_name": "Headdress", "leaver_status_description": "finished match, no abandon", "level": 9, "player_slot": 132, "leaver_status_name": "NONE", "hero_id": 90, "last_hits": 55, "kills": 0, "account_id": 124049453, "item_3_name": "Boots of Speed", "item_4": 46, "item_3": 29, "item_4_name": "Town Portal Scroll", "item_5": 42, "xp_per_min": 149, "item_5_name": "Observer Ward", "hero_name": "Keeper of the Light", "gold_per_min": 158, "deaths": 5, "denies": 1, "item_2_name": "Sentry Ward", "item_1_name": "Buckler"}], "dire_team_id": 953172, "picks_bans": [{"order": 0, "is_pick": false, "hero_id": 55, "team": 0}, {"order": 1, "is_pick": false, "hero_id": 91, "team": 1}, {"order": 2, "is_pick": false, "hero_id": 53, "team": 0}, {"order": 3, "is_pick": false, "hero_id": 65, "team": 1}, {"order": 4, "is_pick": true, "hero_id": 92, "team": 0}, {"order": 5, "is_pick": true, "hero_id": 89, "team": 1}, {"order": 6, "is_pick": true, "hero_id": 90, "team": 1}, {"order": 7, "is_pick": true, "hero_id": 62, "team": 0}, {"order": 8, "is_pick": false, "hero_id": 1, "team": 0}, {"order": 9, "is_pick": false, "hero_id": 88, "team": 1}, {"order": 10, "is_pick": false, "hero_id": 12, "team": 0}, {"order": 11, "is_pick": false, "hero_id": 76, "team": 1}, {"order": 12, "is_pick": true, "hero_id": 51, "team": 1}, {"order": 13, "is_pick": true, "hero_id": 54, "team": 0}, {"order": 14, "is_pick": true, "hero_id": 69, "team": 1}, {"order": 15, "is_pick": true, "hero_id": 71, "team": 0}, {"order": 16, "is_pick": false, "hero_id": 17, "team": 1}, {"order": 17, "is_pick": false, "hero_id": 73, "team": 0}, {"order": 18, "is_pick": true, "hero_id": 39, "team": 1}, {"order": 19, "is_pick": true, "hero_id": 13, "team": 0}], "dire_name": "PO5EiDON", "negative_votes": 50}