{"tower_status_radiant": 1572, "flags": 0, "radiant_team_complete": 0, "game_mode": 2, "radiant_score": 0, "match_id": 314563774, "lobby_name": "Practice", "dire_logo": 706274505311787193, "pre_game_duration": 0, "radiant_name": "Team Dignitas", "match_seq_num": 286399272, "dire_team_complete": 0, "start_time": 1379527391, "radiant_win": false, "positive_votes": 82, "leagueid": 78, "duration": 1637, "dire_score": 0, "lobby_type": 1, "cluster": 134, "engine": 0, "barracks_status_dire": 63, "barracks_status_radiant": 15, "cluster_name": "Europe West", "first_blood_time": 267, "radiant_team_id": 142, "radiant_logo": 558722001460412650, "human_players": 10, "game_mode_name": "Captains Mode", "tower_status_dire": 2038, "players": [{"item_2": 180, "assists": 4, "leaver_status": 0, "item_1": 79, "item_0": 34, "item_0_name": "Magic Stick", "leaver_status_description": "finished match, no abandon", "level": 10, "player_slot": 0, "leaver_status_name": "NONE", "hero_id": 66, "last_hits": 70, "kills": 0, "account_id": 87196890, "item_4": 0, "item_3": 0, "item_5": 46, "xp_per_min": 215, "item_5_name": "Town Portal Scroll", "hero_name": "Chen", "gold_per_min": 192, "deaths": 3, "denies": 1, "item_2_name": "Arcane Boots", "item_1_name": "Mekansm"}, {"item_2": 36, "assists": 1, "leaver_status": 0, "item_1": 67, "item_0": 116, "item_0_name": "Black King Bar", "leaver_status_description": "finished match, no abandon", "level": 14, "player_slot": 1, "leaver_status_name": "NONE", "hero_id": 39, "last_hits": 135, "kills": 4, "account_id": 1185644, "item_3_name": "Power Treads", "item_4": 46, "item_3": 63, "item_4_name": "Town Portal Scroll", "item_5": 73, "xp_per_min": 402, "item_5_name": "Bracer", "hero_name": "Queen of Pain", "gold_per_min": 362, "deaths": 3, "denies": 12, "item_2_name": "Magic Wand", "item_1_name": "Oblivion Staff"}, {"item_2": 43, "assists": 3, "leaver_status": 0, "item_1": 36, "item_0": 29, "item_0_name": "Boots of Speed", "leaver_status_description": "finished match, no abandon", "level": 8, "player_slot": 2, "leaver_status_name": "NONE", "hero_id": 3, "last_hits": 14, "kills": 0, "account_id": 86727555, "item_3_name": "Dust of Appearance", "item_4": 46, "item_3": 40, "item_4_name": "Town Portal Scroll", "item_5": 0, "xp_per_min": 129, "hero_name": "Bane", "gold_per_min": 132, "deaths": 3, "denies": 0, "item_2_name": "Sentry Ward", "item_1_name": "Magic Wand"}, {"item_2": 36, "assists": 3, "leaver_status": 1, "item_1": 46, "item_0": 50, "item_0_name": "Phase Boots", "leaver_status_description": "player DC, no abandon", "level": 13, "player_slot": 3, "leaver_status_name": "DISCONNECTED", "hero_id": 15, "last_hits": 128, "kills": 1, "account_id": 3246092, "item_3_name": "Ring of Basilius", "item_4": 116, "item_3": 88, "item_4_name": "Black King Bar", "item_5": 185, "xp_per_min": 333, "item_5_name": "Drum of Endurance", "hero_name": "Razor", "gold_per_min": 348, "deaths": 3, "denies": 11, "item_2_name": "Magic Wand", "item_1_name": "Town Portal Scroll"}, {"item_2": 1, "assists": 2, "leaver_status": 0, "item_1": 102, "item_0": 29, "item_0_name": "Boots of Speed", "leaver_status_description": "finished match, no abandon", "level": 13, "player_slot": 4, "leaver_status_name": "NONE", "hero_id": 65, "last_hits": 107, "kills": 1, "account_id": 121847953, "item_3_name": "Magic Wand", "item_4": 46, "item_3": 36, "item_4_name": "Town Portal Scroll", "item_5": 21, "xp_per_min": 338, "item_5_name": "Ogre Club", "hero_name": "Batrider", "gold_per_min": 295, "deaths": 4, "denies": 15, "item_2_name": "Blink Dagger", "item_1_name": "Force Staff"}, {"item_2": 90, "assists": 10, "leaver_status": 0, "item_1": 79, "item_0": 41, "item_0_name": "Bottle", "leaver_status_description": "finished match, no abandon", "level": 14, "player_slot": 128, "leaver_status_name": "NONE", "hero_id": 55, "last_hits": 123, "kills": 4, "account_id": 24191321, "item_3_name": "Stout Shield", "item_4": 180, "item_3": 182, "item_4_name": "Arcane Boots", "item_5": 46, "xp_per_min": 391, "item_5_name": "Town Portal Scroll", "hero_name": "Dark Seer", "gold_per_min": 430, "deaths": 2, "denies": 4, "item_2_name": "Pipe of Insight", "item_1_name": "Mekansm"}, {"item_2": 212, "assists": 6, "leaver_status": 0, "item_1": 63, "item_0": 36, "item_0_name": "Magic Wand", "leaver_status_description": "finished match, no abandon", "level": 14, "player_slot": 129, "leaver_status_name": "NONE", "hero_id": 9, "last_hits": 94, "kills": 6, "account_id": 57835748, "item_3_name": "Drum of Endurance", "item_4": 170, "item_3": 185, "item_4_name": "Yasha", "item_5": 46, "xp_per_min": 432, "item_5_name": "Town Portal Scroll", "hero_name": "Mirana", "gold_per_min": 426, "deaths": 1, "denies": 11, "item_2_name": "Ring of Aquila", "item_1_name": "Power Treads"}, {"item_2": 43, "assists": 10, "leaver_status": 0, "item_1": 180, "item_0": 46, "item_0_name": "Town Portal Scroll", "leaver_status_description": "finished match, no abandon", "level": 8, "player_slot": 130, "leaver_status_name": "NONE", "hero_id": 87, "last_hits": 8, "kills": 1, "account_id": 2553754, "item_3_name": "Magic Wand", "item_4": 188, "item_3": 36, "item_4_name": "Smoke of Deceit", "item_5": 188, "xp_per_min": 151, "item_5_name": "Smoke of Deceit", "hero_name": "Disruptor", "gold_per_min": 207, "deaths": 1, "denies": 2, "item_2_name": "Sentry Ward", "item_1_name": "Arcane Boots"}, {"item_2": 214, "assists": 6, "leaver_status": 0, "item_1": 16, "item_0": 0, "additional_units": [{"item_2": 182, "item_1": 65, "item_4": 55, "item_0": 50, "item_3": 4, "item_5": 137, "unitname": "spirit_bear"}], "leaver_status_description": "finished match, no abandon", "level": 16, "player_slot": 131, "leaver_status_name": "NONE", "hero_id": 80, "last_hits": 163, "kills": 3, "account_id": 27738470, "item_3_name": "Town Portal Scroll", "item_4": 16, "item_3": 46, "item_4_name": "Iron Branch", "item_5": 0, "xp_per_min": 549, "hero_name": "Lone Druid", "gold_per_min": 528, "deaths": 1, "denies": 7, "item_2_name": "Tranquil Boots", "item_1_name": "Iron Branch"}, {"item_2": 36, "assists": 10, "leaver_status": 0, "item_1": 46, "item_0": 180, "item_0_name": "Arcane Boots", "leaver_status_description": "finished match, no abandon", "level": 11, "player_slot": 132, "leaver_status_name": "NONE", "hero_id": 89, "last_hits": 16, "kills": 0, "account_id": 77138773, "item_3_name": "Sange", "item_4": 30, "item_3": 162, "item_4_name": "Gem of True Sight", "item_5": 0, "xp_per_min": 258, "hero_name": "Naga Siren", "gold_per_min": 237, "deaths": 1, "denies": 0, "item_2_name": "Magic Wand", "item_1_name": "Town Portal Scroll"}], "dire_team_id": 41, "picks_bans": [{"order": 0, "is_pick": false, "hero_id": 63, "team": 0}, {"order": 1, "is_pick": false, "hero_id": 91, "team": 1}, {"order": 2, "is_pick": false, "hero_id": 92, "team": 0}, {"order": 3, "is_pick": false, "hero_id": 76, "team": 1}, {"order": 4, "is_pick": true, "hero_id": 65, "team": 0}, {"order": 5, "is_pick": true, "hero_id": 89, "team": 1}, {"order": 6, "is_pick": true, "hero_id": 80, "team": 1}, {"order": 7, "is_pick": true, "hero_id": 39, "team": 0}, {"order": 8, "is_pick": false, "hero_id": 13, "team": 0}, {"order": 9, "is_pick": false, "hero_id": 54, "team": 1}, {"order": 10, "is_pick": false, "hero_id": 64, "team": 0}, {"order": 11, "is_pick": false, "hero_id": 102, "team": 1}, {"order": 12, "is_pick": true, "hero_id": 87, "team": 1}, {"order": 13, "is_pick": true, "hero_id": 3, "team": 0}, {"order": 14, "is_pick": true, "hero_id": 9, "team": 1}, {"order": 15, "is_pick": true, "hero_id": 66, "team": 0}, {"order": 16, "is_pick": false, "hero_id": 72, "team": 1}, {"order": 17, "is_pick": false, "hero_id": 98, "team": 0}, {"order": 18, "is_pick": true, "hero_id": 55, "team": 1}, {"order": 19, "is_pick": true, "hero_id": 15, "team": 0}], "dire_name": "4 Friends + Chrillee", "negative_votes": 5}