{"tower_status_radiant": 1974, "flags": 0, "lobby_type": 1, "cluster": 123, "game_mode_name": "Captains Mode", "engine": 0, "barracks_status_dire": 59, "barracks_status_radiant": 63, "cluster_name": "US East", "radiant_score": 0, "match_id": 315006522, "lobby_name": "Practice", "dire_score": 0, "first_blood_time": 198, "human_players": 10, "pre_game_duration": 0, "tower_status_dire": 1924, "players": [{"item_2": 30, "assists": 8, "leaver_status": 0, "item_1": 185, "item_0": 63, "item_0_name": "Power Treads", "leaver_status_description": "finished match, no abandon", "level": 20, "player_slot": 0, "leaver_status_name": "NONE", "hero_id": 93, "last_hits": 230, "kills": 9, "account_id": 121847953, "item_3_name": "Eye of Skadi", "item_4": 154, "item_3": 160, "item_4_name": "Sange and Yasha", "item_5": 0, "xp_per_min": 634, "hero_name": "Slark", "gold_per_min": 480, "deaths": 2, "denies": 13, "item_2_name": "Gem of True Sight", "item_1_name": "Drum of Endurance"}, {"item_2": 36, "assists": 6, "leaver_status": 0, "item_1": 92, "item_0": 102, "item_0_name": "Force Staff", "leaver_status_description": "finished match, no abandon", "level": 13, "player_slot": 1, "leaver_status_name": "NONE", "hero_id": 89, "last_hits": 55, "kills": 1, "account_id": 89248546, "item_3_name": "Boots of Speed", "item_4": 46, "item_3": 29, "item_4_name": "Town Portal Scroll", "item_5": 0, "xp_per_min": 266, "hero_name": "Naga Siren", "gold_per_min": 236, "deaths": 5, "denies": 0, "item_2_name": "Magic Wand", "item_1_name": "Urn of Shadows"}, {"item_2": 41, "assists": 9, "leaver_status": 0, "item_1": 79, "item_0": 180, "item_0_name": "Arcane Boots", "leaver_status_description": "finished match, no abandon", "level": 16, "player_slot": 2, "leaver_status_name": "NONE", "hero_id": 55, "last_hits": 135, "kills": 3, "account_id": 6670, "item_3_name": "Pipe of Insight", "item_4": 182, "item_3": 90, "item_4_name": "Stout Shield", "item_5": 36, "xp_per_min": 422, "item_5_name": "Magic Wand", "hero_name": "Dark Seer", "gold_per_min": 336, "deaths": 4, "denies": 3, "item_2_name": "Bottle", "item_1_name": "Mekansm"}, {"item_2": 34, "assists": 4, "leaver_status": 0, "item_1": 63, "item_0": 123, "item_0_name": "Linken's Sphere", "leaver_status_description": "finished match, no abandon", "level": 24, "player_slot": 3, "leaver_status_name": "NONE", "hero_id": 63, "last_hits": 266, "kills": 17, "account_id": 86745912, "item_3_name": "Manta Style", "item_4": 168, "item_3": 147, "item_4_name": "Desolator", "item_5": 135, "xp_per_min": 908, "item_5_name": "Monkey King Bar", "hero_name": "Weaver", "gold_per_min": 666, "deaths": 1, "denies": 17, "item_2_name": "Magic Stick", "item_1_name": "Power Treads"}, {"item_2": 36, "assists": 11, "leaver_status": 0, "item_1": 214, "item_0": 102, "item_0_name": "Force Staff", "leaver_status_description": "finished match, no abandon", "level": 14, "player_slot": 4, "leaver_status_name": "NONE", "hero_id": 21, "last_hits": 53, "kills": 0, "account_id": 44463405, "item_4": 43, "item_3": 0, "item_4_name": "Sentry Ward", "item_5": 0, "xp_per_min": 319, "hero_name": "Windranger", "gold_per_min": 237, "deaths": 6, "denies": 5, "item_2_name": "Magic Wand", "item_1_name": "Tranquil Boots"}, {"item_2": 71, "assists": 9, "leaver_status": 0, "item_1": 185, "item_0": 11, "item_0_name": "Quelling Blade", "leaver_status_description": "finished match, no abandon", "level": 15, "player_slot": 128, "leaver_status_name": "NONE", "hero_id": 67, "last_hits": 132, "kills": 3, "account_id": 85805514, "item_3_name": "Tranquil Boots", "item_4": 46, "item_3": 214, "item_4_name": "Town Portal Scroll", "item_5": 137, "xp_per_min": 369, "item_5_name": "Radiance", "hero_name": "Spectre", "gold_per_min": 313, "deaths": 4, "denies": 7, "item_2_name": "Poor Man's Shield", "item_1_name": "Drum of Endurance"}, {"item_2": 77, "assists": 6, "leaver_status": 0, "item_1": 46, "item_0": 41, "item_0_name": "Bottle", "leaver_status_description": "finished match, no abandon", "level": 17, "player_slot": 129, "leaver_status_name": "NONE", "hero_id": 39, "last_hits": 158, "kills": 4, "account_id": 14429114, "item_3_name": "Magic Wand", "item_4": 123, "item_3": 36, "item_4_name": "Linken's Sphere", "item_5": 63, "xp_per_min": 470, "item_5_name": "Power Treads", "hero_name": "Queen of Pain", "gold_per_min": 340, "deaths": 6, "denies": 23, "item_2_name": "Null Talisman", "item_1_name": "Town Portal Scroll"}, {"item_2": 42, "assists": 1, "leaver_status": 0, "item_1": 34, "item_0": 79, "item_0_name": "Mekansm", "leaver_status_description": "finished match, no abandon", "level": 9, "player_slot": 130, "leaver_status_name": "NONE", "hero_id": 90, "last_hits": 47, "kills": 4, "account_id": 5571849, "item_3_name": "Sentry Ward", "item_4": 29, "item_3": 43, "item_4_name": "Boots of Speed", "item_5": 0, "xp_per_min": 124, "hero_name": "Keeper of the Light", "gold_per_min": 180, "deaths": 5, "denies": 0, "item_2_name": "Observer Ward", "item_1_name": "Magic Stick"}, {"item_2": 96, "assists": 2, "leaver_status": 0, "item_1": 50, "item_0": 88, "item_0_name": "Ring of Basilius", "leaver_status_description": "finished match, no abandon", "level": 17, "player_slot": 131, "leaver_status_name": "NONE", "hero_id": 53, "last_hits": 222, "kills": 3, "account_id": 106497354, "item_3_name": "Hand of Midas", "item_4": 46, "item_3": 65, "item_4_name": "Town Portal Scroll", "item_5": 0, "xp_per_min": 466, "hero_name": "Nature's Prophet", "gold_per_min": 435, "deaths": 8, "denies": 4, "item_2_name": "Scythe of Vyse", "item_1_name": "Phase Boots"}, {"item_2": 36, "assists": 5, "leaver_status": 0, "item_1": 0, "item_0": 0, "leaver_status_description": "finished match, no abandon", "level": 11, "player_slot": 132, "leaver_status_name": "NONE", "hero_id": 92, "last_hits": 34, "kills": 3, "account_id": 86828698, "item_3_name": "Power Treads", "item_4": 187, "item_3": 63, "item_4_name": "Medallion of Courage", "item_5": 0, "xp_per_min": 178, "hero_name": "Visage", "gold_per_min": 172, "deaths": 8, "denies": 3, "item_2_name": "Magic Wand"}], "match_seq_num": 286809567, "start_time": 1379575642, "picks_bans": [{"order": 0, "is_pick": false, "hero_id": 102, "team": 1}, {"order": 1, "is_pick": false, "hero_id": 65, "team": 0}, {"order": 2, "is_pick": false, "hero_id": 76, "team": 1}, {"order": 3, "is_pick": false, "hero_id": 15, "team": 0}, {"order": 4, "is_pick": true, "hero_id": 92, "team": 1}, {"order": 5, "is_pick": true, "hero_id": 89, "team": 0}, {"order": 6, "is_pick": true, "hero_id": 55, "team": 0}, {"order": 7, "is_pick": true, "hero_id": 53, "team": 1}, {"order": 8, "is_pick": false, "hero_id": 64, "team": 1}, {"order": 9, "is_pick": false, "hero_id": 1, "team": 0}, {"order": 10, "is_pick": false, "hero_id": 11, "team": 1}, {"order": 11, "is_pick": false, "hero_id": 88, "team": 0}, {"order": 12, "is_pick": true, "hero_id": 21, "team": 0}, {"order": 13, "is_pick": true, "hero_id": 39, "team": 1}, {"order": 14, "is_pick": true, "hero_id": 63, "team": 0}, {"order": 15, "is_pick": true, "hero_id": 67, "team": 1}, {"order": 16, "is_pick": false, "hero_id": 40, "team": 0}, {"order": 17, "is_pick": false, "hero_id": 3, "team": 1}, {"order": 18, "is_pick": true, "hero_id": 93, "team": 0}, {"order": 19, "is_pick": true, "hero_id": 90, "team": 1}], "radiant_win": true, "positive_votes": 20, "leagueid": 74, "game_mode": 2, "duration": 2124, "negative_votes": 1}