{"tower_status_radiant": 1792, "flags": 0, "radiant_team_complete": 1, "game_mode": 2, "radiant_score": 0, "match_id": 327373432, "lobby_name": "Practice", "dire_logo": 1117170899589104466, "pre_game_duration": 0, "radiant_name": "Ahead.kz", "match_seq_num": 298154367, "dire_team_complete": 0, "start_time": 1380475747, "radiant_win": false, "positive_votes": 531, "leagueid": 69, "duration": 2112, "dire_score": 0, "lobby_type": 1, "cluster": 132, "engine": 0, "barracks_status_dire": 63, "barracks_status_radiant": 51, "cluster_name": "Europe West", "first_blood_time": 270, "radiant_team_id": 12, "radiant_logo": 903258706267744502, "human_players": 10, "game_mode_name": "Captains Mode", "tower_status_dire": 1980, "players": [{"item_2": 36, "assists": 3, "leaver_status": 0, "item_1": 1, "item_0": 41, "item_0_name": "Bottle", "leaver_status_description": "finished match, no abandon", "level": 15, "player_slot": 0, "leaver_status_name": "NONE", "hero_id": 97, "last_hits": 95, "kills": 5, "account_id": 86747757, "item_3_name": "Arcane Boots", "item_4": 46, "item_3": 180, "item_4_name": "Town Portal Scroll", "item_5": 182, "xp_per_min": 374, "item_5_name": "Stout Shield", "hero_name": "Magnus", "gold_per_min": 293, "deaths": 9, "denies": 6, "item_2_name": "Magic Wand", "item_1_name": "Blink Dagger"}, {"item_2": 50, "assists": 8, "leaver_status": 0, "item_1": 51, "item_0": 36, "item_0_name": "Magic Wand", "leaver_status_description": "finished match, no abandon", "level": 15, "player_slot": 1, "leaver_status_name": "NONE", "hero_id": 72, "last_hits": 183, "kills": 2, "account_id": 69325073, "item_3_name": "Town Portal Scroll", "item_4": 116, "item_3": 46, "item_4_name": "Black King Bar", "item_5": 164, "xp_per_min": 358, "item_5_name": "Helm of the Dominator", "hero_name": "Gyrocopter", "gold_per_min": 365, "deaths": 5, "denies": 13, "item_2_name": "Phase Boots", "item_1_name": "Demon Edge"}, {"item_2": 60, "assists": 9, "leaver_status": 0, "item_1": 40, "item_0": 92, "item_0_name": "Urn of Shadows", "leaver_status_description": "finished match, no abandon", "level": 11, "player_slot": 2, "leaver_status_name": "NONE", "hero_id": 58, "last_hits": 100, "kills": 0, "account_id": 88792641, "item_3_name": "Smoke of Deceit", "item_4": 63, "item_3": 188, "item_4_name": "Power Treads", "item_5": 16, "xp_per_min": 188, "item_5_name": "Iron Branch", "hero_name": "Enchantress", "gold_per_min": 200, "deaths": 6, "denies": 1, "item_2_name": "Point Booster", "item_1_name": "Dust of Appearance"}, {"item_2": 46, "assists": 8, "leaver_status": 0, "item_1": 0, "item_0": 180, "item_0_name": "Arcane Boots", "leaver_status_description": "finished match, no abandon", "level": 13, "player_slot": 3, "leaver_status_name": "NONE", "hero_id": 89, "last_hits": 30, "kills": 2, "account_id": 89742217, "item_3_name": "Stout Shield", "item_4": 79, "item_3": 182, "item_4_name": "Mekansm", "item_5": 34, "xp_per_min": 263, "item_5_name": "Magic Stick", "hero_name": "Naga Siren", "gold_per_min": 195, "deaths": 6, "denies": 0, "item_2_name": "Town Portal Scroll"}, {"item_2": 75, "assists": 6, "leaver_status": 0, "item_1": 170, "item_0": 149, "item_0_name": "Crystalys", "leaver_status_description": "finished match, no abandon", "level": 16, "player_slot": 4, "leaver_status_name": "NONE", "hero_id": 63, "last_hits": 144, "kills": 4, "account_id": 91918857, "item_3_name": "Power Treads", "item_4": 166, "item_3": 63, "item_4_name": "Maelstrom", "item_5": 36, "xp_per_min": 418, "item_5_name": "Magic Wand", "hero_name": "Weaver", "gold_per_min": 345, "deaths": 5, "denies": 9, "item_2_name": "Wraith Band", "item_1_name": "Yasha"}, {"item_2": 180, "assists": 14, "leaver_status": 0, "item_1": 92, "item_0": 102, "item_0_name": "Force Staff", "leaver_status_description": "finished match, no abandon", "level": 17, "player_slot": 128, "leaver_status_name": "NONE", "hero_id": 83, "last_hits": 61, "kills": 2, "account_id": 88271237, "item_4": 34, "item_3": 0, "item_4_name": "Magic Stick", "item_5": 188, "xp_per_min": 439, "item_5_name": "Smoke of Deceit", "hero_name": "Treant Protector", "gold_per_min": 320, "deaths": 4, "denies": 7, "item_2_name": "Arcane Boots", "item_1_name": "Urn of Shadows"}, {"item_2": 180, "assists": 14, "leaver_status": 0, "item_1": 43, "item_0": 79, "item_0_name": "Mekansm", "leaver_status_description": "finished match, no abandon", "level": 13, "player_slot": 129, "leaver_status_name": "NONE", "hero_id": 102, "last_hits": 31, "kills": 1, "account_id": 85783343, "item_4": 46, "item_3": 0, "item_4_name": "Town Portal Scroll", "item_5": 36, "xp_per_min": 290, "item_5_name": "Magic Wand", "hero_name": "Abaddon", "gold_per_min": 239, "deaths": 2, "denies": 0, "item_2_name": "Arcane Boots", "item_1_name": "Sentry Ward"}, {"item_2": 123, "assists": 16, "leaver_status": 0, "item_1": 121, "item_0": 41, "item_0_name": "Bottle", "leaver_status_description": "finished match, no abandon", "level": 19, "player_slot": 130, "leaver_status_name": "NONE", "hero_id": 98, "last_hits": 156, "kills": 8, "account_id": 16769223, "item_3_name": "Boots of Travel", "item_4": 36, "item_3": 48, "item_4_name": "Magic Wand", "item_5": 0, "xp_per_min": 588, "hero_name": "Timbersaw", "gold_per_min": 466, "deaths": 2, "denies": 13, "item_2_name": "Linken's Sphere", "item_1_name": "Bloodstone"}, {"item_2": 36, "assists": 9, "leaver_status": 0, "item_1": 75, "item_0": 50, "item_0_name": "Phase Boots", "leaver_status_description": "finished match, no abandon", "level": 19, "player_slot": 131, "leaver_status_name": "NONE", "hero_id": 9, "last_hits": 155, "kills": 12, "account_id": 74432222, "item_3_name": "Yasha", "item_4": 135, "item_3": 170, "item_4_name": "Monkey King Bar", "item_5": 30, "xp_per_min": 543, "item_5_name": "Gem of True Sight", "hero_name": "Mirana", "gold_per_min": 504, "deaths": 2, "denies": 12, "item_2_name": "Magic Wand", "item_1_name": "Wraith Band"}, {"item_2": 41, "assists": 12, "leaver_status": 0, "item_1": 36, "item_0": 151, "item_0_name": "Armlet of Mordiggian", "leaver_status_description": "finished match, no abandon", "level": 19, "player_slot": 132, "leaver_status_name": "NONE", "hero_id": 49, "last_hits": 162, "kills": 8, "account_id": 25907144, "item_3_name": "Power Treads", "item_4": 152, "item_3": 63, "item_4_name": "Shadow Blade", "item_5": 9, "xp_per_min": 590, "item_5_name": "Platemail", "hero_name": "Dragon Knight", "gold_per_min": 492, "deaths": 3, "denies": 7, "item_2_name": "Bottle", "item_1_name": "Magic Wand"}], "dire_team_id": 680683, "picks_bans": [{"order": 0, "is_pick": false, "hero_id": 76, "team": 1}, {"order": 1, "is_pick": false, "hero_id": 91, "team": 0}, {"order": 2, "is_pick": false, "hero_id": 92, "team": 1}, {"order": 3, "is_pick": false, "hero_id": 65, "team": 0}, {"order": 4, "is_pick": true, "hero_id": 102, "team": 1}, {"order": 5, "is_pick": true, "hero_id": 63, "team": 0}, {"order": 6, "is_pick": true, "hero_id": 89, "team": 0}, {"order": 7, "is_pick": true, "hero_id": 83, "team": 1}, {"order": 8, "is_pick": false, "hero_id": 55, "team": 1}, {"order": 9, "is_pick": false, "hero_id": 47, "team": 0}, {"order": 10, "is_pick": false, "hero_id": 86, "team": 1}, {"order": 11, "is_pick": false, "hero_id": 17, "team": 0}, {"order": 12, "is_pick": true, "hero_id": 72, "team": 0}, {"order": 13, "is_pick": true, "hero_id": 98, "team": 1}, {"order": 14, "is_pick": true, "hero_id": 58, "team": 0}, {"order": 15, "is_pick": true, "hero_id": 9, "team": 1}, {"order": 16, "is_pick": false, "hero_id": 80, "team": 0}, {"order": 17, "is_pick": false, "hero_id": 53, "team": 1}, {"order": 18, "is_pick": true, "hero_id": 97, "team": 0}, {"order": 19, "is_pick": true, "hero_id": 49, "team": 1}], "dire_name": "Quantic|Gaming", "negative_votes": 52}