{"tower_status_radiant": 2046, "flags": 0, "radiant_team_complete": 0, "game_mode": 2, "radiant_score": 0, "match_id": 329647760, "lobby_name": "Practice", "dire_logo": 558756884477177362, "pre_game_duration": 0, "radiant_name": ".RUSSIAN DOTO BEST DOTO.", "match_seq_num": 300233352, "dire_team_complete": 0, "start_time": 1380649003, "radiant_win": true, "positive_votes": 20, "leagueid": 71, "duration": 1197, "dire_score": 0, "lobby_type": 1, "cluster": 132, "engine": 0, "barracks_status_dire": 59, "barracks_status_radiant": 63, "cluster_name": "Europe West", "first_blood_time": 304, "radiant_team_id": 576019, "radiant_logo": 45369907219305352, "human_players": 10, "game_mode_name": "Captains Mode", "tower_status_dire": 1796, "players": [{"item_2": 123, "assists": 3, "leaver_status": 0, "item_1": 63, "item_0": 168, "item_0_name": "Desolator", "leaver_status_description": "finished match, no abandon", "level": 15, "player_slot": 0, "leaver_status_name": "NONE", "hero_id": 63, "last_hits": 127, "kills": 6, "account_id": 91646642, "item_3_name": "Iron Branch", "item_4": 117, "item_3": 16, "item_4_name": "Aegis of the Immortal", "item_5": 46, "xp_per_min": 631, "item_5_name": "Town Portal Scroll", "hero_name": "Weaver", "gold_per_min": 619, "deaths": 0, "denies": 9, "item_2_name": "Linken's Sphere", "item_1_name": "Power Treads"}, {"item_2": 46, "assists": 6, "leaver_status": 0, "item_1": 36, "item_0": 187, "item_0_name": "Medallion of Courage", "leaver_status_description": "finished match, no abandon", "level": 9, "player_slot": 1, "leaver_status_name": "NONE", "hero_id": 92, "last_hits": 34, "kills": 3, "account_id": 117106239, "item_3_name": "Ogre Club", "item_4": 43, "item_3": 21, "item_4_name": "Sentry Ward", "item_5": 180, "xp_per_min": 246, "item_5_name": "Arcane Boots", "hero_name": "Visage", "gold_per_min": 319, "deaths": 2, "denies": 0, "item_2_name": "Town Portal Scroll", "item_1_name": "Magic Wand"}, {"item_2": 46, "assists": 7, "leaver_status": 0, "item_1": 212, "item_0": 36, "item_0_name": "Magic Wand", "leaver_status_description": "finished match, no abandon", "level": 14, "player_slot": 2, "leaver_status_name": "NONE", "hero_id": 11, "last_hits": 97, "kills": 4, "account_id": 5150808, "item_3_name": "Blink Dagger", "item_4": 52, "item_3": 1, "item_4_name": "Eaglesong", "item_5": 63, "xp_per_min": 546, "item_5_name": "Power Treads", "hero_name": "Shadow Fiend", "gold_per_min": 530, "deaths": 1, "denies": 10, "item_2_name": "Town Portal Scroll", "item_1_name": "Ring of Aquila"}, {"item_2": 46, "assists": 4, "leaver_status": 0, "item_1": 79, "item_0": 178, "item_0_name": "Soul Ring", "leaver_status_description": "finished match, no abandon", "level": 12, "player_slot": 3, "leaver_status_name": "NONE", "hero_id": 33, "last_hits": 109, "kills": 2, "account_id": 86851657, "item_3_name": "Black King Bar", "item_4": 29, "item_3": 116, "item_4_name": "Boots of Speed", "item_5": 0, "xp_per_min": 419, "hero_name": "Enigma", "gold_per_min": 440, "deaths": 0, "denies": 2, "item_2_name": "Town Portal Scroll", "item_1_name": "Mekansm"}, {"item_2": 50, "assists": 8, "leaver_status": 0, "item_1": 182, "item_0": 46, "item_0_name": "Town Portal Scroll", "leaver_status_description": "finished match, no abandon", "level": 11, "player_slot": 4, "leaver_status_name": "NONE", "hero_id": 62, "last_hits": 10, "kills": 3, "account_id": 86785083, "item_3_name": "Iron Branch", "item_4": 185, "item_3": 16, "item_4_name": "Drum of Endurance", "item_5": 181, "xp_per_min": 332, "item_5_name": "Orb of Venom", "hero_name": "Bounty Hunter", "gold_per_min": 375, "deaths": 3, "denies": 0, "item_2_name": "Phase Boots", "item_1_name": "Stout Shield"}, {"item_2": 182, "assists": 1, "leaver_status": 0, "item_1": 63, "item_0": 46, "item_0_name": "Town Portal Scroll", "leaver_status_description": "finished match, no abandon", "level": 11, "player_slot": 128, "leaver_status_name": "NONE", "hero_id": 28, "last_hits": 69, "kills": 0, "account_id": 96415341, "item_3_name": "Bottle", "item_4": 36, "item_3": 41, "item_4_name": "Magic Wand", "item_5": 0, "xp_per_min": 351, "hero_name": "Slardar", "gold_per_min": 265, "deaths": 5, "denies": 18, "item_2_name": "Stout Shield", "item_1_name": "Power Treads"}, {"item_2": 0, "assists": 1, "leaver_status": 0, "item_1": 0, "item_0": 180, "item_0_name": "Arcane Boots", "leaver_status_description": "finished match, no abandon", "level": 8, "player_slot": 129, "leaver_status_name": "NONE", "hero_id": 86, "last_hits": 35, "kills": 1, "account_id": 96661329, "item_4": 16, "item_3": 0, "item_4_name": "Iron Branch", "item_5": 0, "xp_per_min": 220, "hero_name": "Rubick", "gold_per_min": 177, "deaths": 3, "denies": 0}, {"item_2": 65, "assists": 3, "leaver_status": 0, "item_1": 50, "item_0": 151, "item_0_name": "Armlet of Mordiggian", "leaver_status_description": "finished match, no abandon", "level": 12, "player_slot": 130, "leaver_status_name": "NONE", "hero_id": 54, "last_hits": 93, "kills": 2, "account_id": 102038636, "item_3_name": "Stout Shield", "item_4": 46, "item_3": 182, "item_4_name": "Town Portal Scroll", "item_5": 17, "xp_per_min": 411, "item_5_name": "Belt of Strength", "hero_name": "Lifestealer", "gold_per_min": 360, "deaths": 1, "denies": 7, "item_2_name": "Hand of Midas", "item_1_name": "Phase Boots"}, {"item_2": 29, "assists": 3, "leaver_status": 0, "item_1": 41, "item_0": 1, "item_0_name": "Blink Dagger", "leaver_status_description": "finished match, no abandon", "level": 10, "player_slot": 131, "leaver_status_name": "NONE", "hero_id": 65, "last_hits": 80, "kills": 1, "account_id": 91482895, "item_3_name": "Staff of Wizardry", "item_4": 0, "item_3": 23, "item_5": 0, "xp_per_min": 275, "hero_name": "Batrider", "gold_per_min": 237, "deaths": 4, "denies": 0, "item_2_name": "Boots of Speed", "item_1_name": "Bottle"}, {"item_2": 0, "assists": 0, "leaver_status": 0, "item_1": 0, "item_0": 43, "item_0_name": "Sentry Ward", "leaver_status_description": "finished match, no abandon", "level": 8, "player_slot": 132, "leaver_status_name": "NONE", "hero_id": 64, "last_hits": 11, "kills": 2, "account_id": 87678698, "item_3_name": "Boots of Speed", "item_4": 0, "item_3": 29, "item_5": 36, "xp_per_min": 177, "item_5_name": "Magic Wand", "hero_name": "Jakiro", "gold_per_min": 138, "deaths": 5, "denies": 4}], "dire_team_id": 22906, "picks_bans": [{"order": 0, "is_pick": false, "hero_id": 51, "team": 0}, {"order": 1, "is_pick": false, "hero_id": 55, "team": 1}, {"order": 2, "is_pick": false, "hero_id": 89, "team": 0}, {"order": 3, "is_pick": false, "hero_id": 76, "team": 1}, {"order": 4, "is_pick": true, "hero_id": 92, "team": 0}, {"order": 5, "is_pick": true, "hero_id": 54, "team": 1}, {"order": 6, "is_pick": true, "hero_id": 65, "team": 1}, {"order": 7, "is_pick": true, "hero_id": 63, "team": 0}, {"order": 8, "is_pick": false, "hero_id": 88, "team": 0}, {"order": 9, "is_pick": false, "hero_id": 102, "team": 1}, {"order": 10, "is_pick": false, "hero_id": 53, "team": 0}, {"order": 11, "is_pick": false, "hero_id": 46, "team": 1}, {"order": 12, "is_pick": true, "hero_id": 86, "team": 1}, {"order": 13, "is_pick": true, "hero_id": 33, "team": 0}, {"order": 14, "is_pick": true, "hero_id": 64, "team": 1}, {"order": 15, "is_pick": true, "hero_id": 62, "team": 0}, {"order": 16, "is_pick": false, "hero_id": 95, "team": 1}, {"order": 17, "is_pick": false, "hero_id": 13, "team": 0}, {"order": 18, "is_pick": true, "hero_id": 28, "team": 1}, {"order": 19, "is_pick": true, "hero_id": 11, "team": 0}], "dire_name": "WOND5.", "negative_votes": 3}