{"duration": 1887, "radiant_logo": 52122954231169668, "leagueid": 10, "game_mode": 0, "radiant_score": 0, "positive_votes": 28, "lobby_type": 1, "lobby_name": "Practice", "radiant_win": false, "engine": 0, "pre_game_duration": 0, "match_id": 33088690, "dire_team_complete": 1, "dire_team_id": 7, "flags": 0, "dire_logo": 438324451817706092, "cluster": 151, "negative_votes": 7, "players": [{"item_5_name": "Vitality Booster", "item_2": 29, "assists": 5, "item_4": 178, "item_4_name": "Soul Ring", "leaver_status": 1, "leaver_status_description": "player DC, no abandon", "item_1": 61, "kills": 0, "hero_name": "Dark Seer", "hero_id": 55, "level": 11, "item_0": 34, "gold_per_min": 216, "leaver_status_name": "DISCONNECTED", "denies": 0, "player_slot": 0, "deaths": 9, "account_id": 89399750, "item_5": 61, "item_3": 46, "item_0_name": "Magic Stick", "item_3_name": "Town Portal Scroll", "item_2_name": "Boots of Speed", "last_hits": 78, "item_1_name": "Vitality Booster", "xp_per_min": 234}, {"item_5_name": "Observer Ward", "item_2": 29, "assists": 6, "item_4": 31, "item_4_name": "Cloak", "leaver_status": 1, "leaver_status_description": "player DC, no abandon", "item_1": 0, "kills": 2, "hero_name": "Keeper of the Light", "hero_id": 90, "level": 12, "item_0": 79, "gold_per_min": 230, "leaver_status_name": "DISCONNECTED", "denies": 0, "player_slot": 1, "deaths": 2, "account_id": 89423756, "item_5": 42, "item_3": 0, "item_0_name": "Mekansm", "item_2_name": "Boots of Speed", "last_hits": 86, "xp_per_min": 250}, {"item_5_name": "Vanguard", "item_2": 46, "assists": 7, "item_4": 185, "item_4_name": "Drum of Endurance", "leaver_status": 1, "leaver_status_description": "player DC, no abandon", "item_1": 4, "kills": 1, "hero_name": "Chaos Knight", "hero_id": 81, "level": 14, "item_0": 36, "gold_per_min": 276, "leaver_status_name": "DISCONNECTED", "denies": 8, "player_slot": 2, "deaths": 7, "account_id": 89427480, "item_5": 125, "item_3": 63, "item_0_name": "Magic Wand", "item_3_name": "Power Treads", "item_2_name": "Town Portal Scroll", "last_hits": 105, "item_1_name": "Chainmail", "xp_per_min": 374}, {"item_5_name": "Bracer", "item_2": 178, "assists": 8, "item_4": 46, "item_4_name": "Town Portal Scroll", "leaver_status": 1, "leaver_status_description": "player DC, no abandon", "item_1": 63, "kills": 0, "hero_name": "Enigma", "hero_id": 33, "level": 12, "item_0": 1, "gold_per_min": 259, "leaver_status_name": "DISCONNECTED", "denies": 5, "player_slot": 3, "deaths": 7, "account_id": 89230834, "item_5": 73, "item_3": 31, "item_0_name": "Blink Dagger", "item_3_name": "Cloak", "item_2_name": "Soul Ring", "last_hits": 111, "item_1_name": "Power Treads", "xp_per_min": 284}, {"item_5_name": "Null Talisman", "item_2": 63, "assists": 4, "item_4": 36, "item_4_name": "Magic Wand", "leaver_status": 1, "leaver_status_description": "player DC, no abandon", "item_1": 41, "kills": 12, "hero_name": "Storm Spirit", "hero_id": 17, "level": 19, "item_0": 98, "gold_per_min": 390, "leaver_status_name": "DISCONNECTED", "denies": 13, "player_slot": 4, "deaths": 5, "account_id": 89407113, "item_5": 77, "item_3": 46, "item_0_name": "Orchid Malevolence", "item_3_name": "Town Portal Scroll", "item_2_name": "Power Treads", "last_hits": 134, "item_1_name": "Bottle", "xp_per_min": 651}, {"item_5_name": "Aegis of the Immortal", "item_2": 36, "assists": 5, "item_4": 123, "item_4_name": "Linken's Sphere", "leaver_status": 1, "leaver_status_description": "player DC, no abandon", "item_1": 147, "kills": 16, "hero_name": "Morphling", "hero_id": 10, "level": 21, "item_0": 176, "gold_per_min": 625, "leaver_status_name": "DISCONNECTED", "denies": 52, "player_slot": 128, "deaths": 0, "account_id": 90892734, "item_5": 117, "item_3": 63, "item_0_name": "Ethereal Blade", "item_3_name": "Power Treads", "item_2_name": "Magic Wand", "last_hits": 219, "item_1_name": "Manta Style", "xp_per_min": 734}, {"item_5_name": "Ogre Club", "item_2": 0, "assists": 10, "item_4": 0, "leaver_status": 1, "leaver_status_description": "player DC, no abandon", "item_1": 1, "kills": 3, "hero_name": "Shadow Shaman", "hero_id": 27, "level": 14, "item_0": 8, "gold_per_min": 287, "leaver_status_name": "DISCONNECTED", "denies": 1, "player_slot": 129, "deaths": 5, "account_id": 90881881, "item_5": 21, "item_3": 180, "item_0_name": "Mithril Hammer", "item_3_name": "Arcane Boots", "last_hits": 48, "item_1_name": "Blink Dagger", "xp_per_min": 349}, {"item_5_name": "Staff of Wizardry", "item_2": 46, "assists": 9, "item_4": 180, "item_4_name": "Arcane Boots", "leaver_status": 1, "leaver_status_description": "player DC, no abandon", "item_1": 102, "kills": 5, "hero_name": "Chen", "hero_id": 66, "level": 15, "item_0": 79, "gold_per_min": 347, "leaver_status_name": "DISCONNECTED", "denies": 1, "player_slot": 130, "deaths": 2, "account_id": 90892194, "item_5": 23, "item_3": 88, "item_0_name": "Mekansm", "item_3_name": "Ring of Basilius", "item_2_name": "Town Portal Scroll", "last_hits": 123, "item_1_name": "Force Staff", "xp_per_min": 401}, {"item_2": 178, "assists": 14, "item_4": 0, "leaver_status": 1, "leaver_status_description": "player DC, no abandon", "item_1": 36, "kills": 2, "hero_name": "Beastmaster", "hero_id": 38, "level": 14, "item_0": 63, "gold_per_min": 289, "leaver_status_name": "DISCONNECTED", "denies": 1, "player_slot": 131, "deaths": 5, "account_id": 91698091, "item_5": 0, "item_3": 90, "item_0_name": "Power Treads", "item_3_name": "Pipe of Insight", "item_2_name": "Soul Ring", "last_hits": 77, "item_1_name": "Magic Wand", "xp_per_min": 330}, {"item_5_name": "Ghost Scepter", "item_2": 0, "assists": 14, "item_4": 41, "item_4_name": "Bottle", "leaver_status": 1, "leaver_status_description": "player DC, no abandon", "item_1": 178, "kills": 4, "hero_name": "Tinker", "hero_id": 34, "level": 18, "item_0": 48, "gold_per_min": 415, "leaver_status_name": "DISCONNECTED", "denies": 10, "player_slot": 132, "deaths": 5, "account_id": 90882159, "item_5": 37, "item_3": 102, "item_0_name": "Boots of Travel", "item_3_name": "Force Staff", "last_hits": 114, "item_1_name": "Soul Ring", "xp_per_min": 552}], "tower_status_radiant": 1796, "radiant_team_id": 4, "dire_score": 0, "human_players": 10, "match_seq_num": 32700093, "radiant_name": "EHOME", "cluster_name": "Southeast Asia", "radiant_team_complete": 1, "barracks_status_dire": 63, "start_time": 1345039269, "dire_name": "DK", "first_blood_time": 63, "tower_status_dire": 1982, "barracks_status_radiant": 51, "game_mode_name": "Unknown"}