{"tower_status_radiant": 1792, "flags": 0, "lobby_type": 1, "cluster": 123, "game_mode_name": "Captains Mode", "engine": 0, "barracks_status_dire": 63, "barracks_status_radiant": 48, "cluster_name": "US East", "radiant_score": 0, "match_id": 332310739, "lobby_name": "Practice", "dire_score": 0, "first_blood_time": 101, "human_players": 10, "pre_game_duration": 0, "tower_status_dire": 1982, "players": [{"item_2": 145, "assists": 2, "leaver_status": 0, "item_1": 170, "item_0": 63, "item_0_name": "Power Treads", "leaver_status_description": "finished match, no abandon", "level": 18, "player_slot": 0, "leaver_status_name": "NONE", "hero_id": 1, "last_hits": 265, "kills": 1, "account_id": 121847953, "item_3_name": "Quelling Blade", "item_4": 116, "item_3": 11, "item_4_name": "Black King Bar", "item_5": 0, "xp_per_min": 651, "hero_name": "Anti-Mage", "gold_per_min": 564, "deaths": 2, "denies": 12, "item_2_name": "Battle Fury", "item_1_name": "Yasha"}, {"item_2": 98, "assists": 5, "leaver_status": 0, "item_1": 41, "item_0": 63, "item_0_name": "Power Treads", "leaver_status_description": "finished match, no abandon", "level": 14, "player_slot": 1, "leaver_status_name": "NONE", "hero_id": 17, "last_hits": 122, "kills": 3, "account_id": 49399398, "item_3_name": "Town Portal Scroll", "item_4": 77, "item_3": 46, "item_4_name": "Null Talisman", "item_5": 0, "xp_per_min": 423, "hero_name": "Storm Spirit", "gold_per_min": 348, "deaths": 9, "denies": 2, "item_2_name": "Orchid Malevolence", "item_1_name": "Bottle"}, {"item_2": 21, "assists": 5, "leaver_status": 0, "item_1": 185, "item_0": 50, "item_0_name": "Phase Boots", "leaver_status_description": "finished match, no abandon", "level": 14, "player_slot": 2, "leaver_status_name": "NONE", "hero_id": 62, "last_hits": 20, "kills": 5, "account_id": 92513570, "item_3_name": "Town Portal Scroll", "item_4": 182, "item_3": 46, "item_4_name": "Stout Shield", "item_5": 36, "xp_per_min": 390, "item_5_name": "Magic Wand", "hero_name": "Bounty Hunter", "gold_per_min": 307, "deaths": 6, "denies": 0, "item_2_name": "Ogre Club", "item_1_name": "Drum of Endurance"}, {"item_2": 180, "assists": 10, "leaver_status": 0, "item_1": 102, "item_0": 46, "item_0_name": "Town Portal Scroll", "leaver_status_description": "finished match, no abandon", "level": 14, "player_slot": 3, "leaver_status_name": "NONE", "hero_id": 88, "last_hits": 38, "kills": 4, "account_id": 86715129, "item_3_name": "Sentry Ward", "item_4": 40, "item_3": 43, "item_4_name": "Dust of Appearance", "item_5": 34, "xp_per_min": 393, "item_5_name": "Magic Stick", "hero_name": "Nyx Assassin", "gold_per_min": 275, "deaths": 4, "denies": 3, "item_2_name": "Arcane Boots", "item_1_name": "Force Staff"}, {"item_2": 36, "assists": 0, "leaver_status": 0, "item_1": 46, "item_0": 29, "item_0_name": "Boots of Speed", "leaver_status_description": "finished match, no abandon", "level": 10, "player_slot": 4, "leaver_status_name": "NONE", "hero_id": 102, "last_hits": 17, "kills": 1, "account_id": 96246590, "item_3_name": "Urn of Shadows", "item_4": 188, "item_3": 92, "item_4_name": "Smoke of Deceit", "item_5": 43, "xp_per_min": 195, "item_5_name": "Sentry Ward", "hero_name": "Abaddon", "gold_per_min": 147, "deaths": 3, "denies": 1, "item_2_name": "Magic Wand", "item_1_name": "Town Portal Scroll"}, {"item_2": 92, "assists": 11, "leaver_status": 0, "item_1": 1, "item_0": 34, "item_0_name": "Magic Stick", "leaver_status_description": "finished match, no abandon", "level": 14, "player_slot": 128, "leaver_status_name": "NONE", "hero_id": 89, "last_hits": 42, "kills": 1, "account_id": 104275965, "item_3_name": "Gem of True Sight", "item_4": 0, "item_3": 30, "item_5": 180, "xp_per_min": 411, "item_5_name": "Arcane Boots", "hero_name": "Naga Siren", "gold_per_min": 312, "deaths": 0, "denies": 1, "item_2_name": "Urn of Shadows", "item_1_name": "Blink Dagger"}, {"item_2": 58, "assists": 14, "leaver_status": 0, "item_1": 46, "item_0": 65, "item_0_name": "Hand of Midas", "leaver_status_description": "finished match, no abandon", "level": 15, "player_slot": 129, "leaver_status_name": "NONE", "hero_id": 53, "last_hits": 125, "kills": 1, "account_id": 5571849, "item_3_name": "Shadow Blade", "item_4": 63, "item_3": 152, "item_4_name": "Power Treads", "item_5": 16, "xp_per_min": 471, "item_5_name": "Iron Branch", "hero_name": "Nature's Prophet", "gold_per_min": 498, "deaths": 3, "denies": 0, "item_2_name": "Mystic Staff", "item_1_name": "Town Portal Scroll"}, {"item_2": 36, "assists": 3, "leaver_status": 0, "item_1": 116, "item_0": 1, "item_0_name": "Blink Dagger", "leaver_status_description": "finished match, no abandon", "level": 18, "player_slot": 130, "leaver_status_name": "NONE", "hero_id": 11, "last_hits": 174, "kills": 14, "account_id": 85805514, "item_3_name": "Power Treads", "item_4": 170, "item_3": 63, "item_4_name": "Yasha", "item_5": 24, "xp_per_min": 611, "item_5_name": "Ultimate Orb", "hero_name": "Shadow Fiend", "gold_per_min": 622, "deaths": 5, "denies": 24, "item_2_name": "Magic Wand", "item_1_name": "Black King Bar"}, {"item_2": 212, "assists": 9, "leaver_status": 0, "item_1": 164, "item_0": 50, "item_0_name": "Phase Boots", "leaver_status_description": "finished match, no abandon", "level": 16, "player_slot": 131, "leaver_status_name": "NONE", "hero_id": 95, "last_hits": 164, "kills": 3, "account_id": 3916428, "item_3_name": "Aegis of the Immortal", "item_4": 116, "item_3": 117, "item_4_name": "Black King Bar", "item_5": 152, "xp_per_min": 532, "item_5_name": "Shadow Blade", "hero_name": "Troll Warlord", "gold_per_min": 550, "deaths": 2, "denies": 11, "item_2_name": "Ring of Aquila", "item_1_name": "Helm of the Dominator"}, {"item_2": 0, "assists": 12, "leaver_status": 0, "item_1": 50, "item_0": 36, "item_0_name": "Magic Wand", "leaver_status_description": "finished match, no abandon", "level": 13, "player_slot": 132, "leaver_status_name": "NONE", "hero_id": 51, "last_hits": 14, "kills": 4, "account_id": 7910302, "item_3_name": "Orchid Malevolence", "item_4": 0, "item_3": 98, "item_5": 46, "xp_per_min": 336, "item_5_name": "Town Portal Scroll", "hero_name": "Clockwerk", "gold_per_min": 294, "deaths": 6, "denies": 2, "item_1_name": "Phase Boots"}], "match_seq_num": 302675751, "start_time": 1380867693, "picks_bans": [{"order": 0, "is_pick": false, "hero_id": 65, "team": 0}, {"order": 1, "is_pick": false, "hero_id": 103, "team": 1}, {"order": 2, "is_pick": false, "hero_id": 76, "team": 0}, {"order": 3, "is_pick": false, "hero_id": 63, "team": 1}, {"order": 4, "is_pick": true, "hero_id": 102, "team": 0}, {"order": 5, "is_pick": true, "hero_id": 89, "team": 1}, {"order": 6, "is_pick": true, "hero_id": 53, "team": 1}, {"order": 7, "is_pick": true, "hero_id": 88, "team": 0}, {"order": 8, "is_pick": false, "hero_id": 92, "team": 0}, {"order": 9, "is_pick": false, "hero_id": 55, "team": 1}, {"order": 10, "is_pick": false, "hero_id": 73, "team": 0}, {"order": 11, "is_pick": false, "hero_id": 39, "team": 1}, {"order": 12, "is_pick": true, "hero_id": 11, "team": 1}, {"order": 13, "is_pick": true, "hero_id": 17, "team": 0}, {"order": 14, "is_pick": true, "hero_id": 95, "team": 1}, {"order": 15, "is_pick": true, "hero_id": 62, "team": 0}, {"order": 16, "is_pick": false, "hero_id": 6, "team": 1}, {"order": 17, "is_pick": false, "hero_id": 86, "team": 0}, {"order": 18, "is_pick": true, "hero_id": 51, "team": 1}, {"order": 19, "is_pick": true, "hero_id": 1, "team": 0}], "radiant_win": false, "positive_votes": 10, "leagueid": 74, "game_mode": 2, "duration": 1670, "negative_votes": 1}