{"tower_status_radiant": 2047, "flags": 0, "dire_guild_logo": 578993369415644333, "game_mode": 11, "radiant_score": 0, "match_id": 333357703, "lobby_name": "Practice", "radiant_guild_name": "NADotA", "dire_logo": 884119748687027366, "pre_game_duration": 0, "match_seq_num": 303630588, "dire_team_complete": 0, "start_time": 1380930887, "radiant_guild_logo": 612770366644475634, "radiant_win": false, "positive_votes": 0, "leagueid": 74, "duration": 387, "dire_score": 0, "lobby_type": 1, "cluster": 123, "radiant_guild_id": 2701, "engine": 0, "barracks_status_dire": 63, "barracks_status_radiant": 63, "cluster_name": "US East", "first_blood_time": 374, "dire_guild_id": 16339, "human_players": 2, "game_mode_name": "Mid Only", "dire_guild_name": "ixmike dota league", "tower_status_dire": 2047, "players": [{"item_2": 0, "assists": 0, "leaver_status": 1, "item_1": 77, "item_0": 41, "item_0_name": "Bottle", "leaver_status_description": "player DC, no abandon", "level": 5, "player_slot": 0, "leaver_status_name": "DISCONNECTED", "hero_id": 13, "last_hits": 14, "kills": 0, "account_id": 86811043, "item_4": 0, "item_3": 0, "item_5": 0, "xp_per_min": 232, "hero_name": "Puck", "gold_per_min": 173, "deaths": 1, "denies": 5, "item_1_name": "Null Talisman"}, {"item_2": 41, "assists": 0, "leaver_status": 1, "item_1": 77, "item_0": 73, "item_0_name": "Bracer", "leaver_status_description": "player DC, no abandon", "level": 7, "player_slot": 128, "leaver_status_name": "DISCONNECTED", "hero_id": 39, "last_hits": 30, "kills": 1, "account_id": 10366616, "item_3_name": "Iron Branch", "item_4": 16, "item_3": 16, "item_4_name": "Iron Branch", "item_5": 16, "xp_per_min": 484, "item_5_name": "Iron Branch", "hero_name": "Queen of Pain", "gold_per_min": 351, "deaths": 0, "denies": 20, "item_2_name": "Bottle", "item_1_name": "Null Talisman"}], "dire_team_id": 995682, "dire_name": "SuperStrongDinosaurs", "negative_votes": 1}