{"tower_status_radiant": 2044, "flags": 0, "radiant_team_complete": 1, "game_mode": 2, "radiant_score": 0, "match_id": 334566453, "lobby_name": "Practice", "dire_logo": 921253447668725714, "pre_game_duration": 0, "radiant_name": "Life.", "match_seq_num": 304733859, "dire_team_complete": 0, "start_time": 1381001490, "radiant_win": true, "positive_votes": 8, "leagueid": 61, "duration": 1232, "dire_score": 0, "lobby_type": 1, "cluster": 135, "engine": 0, "barracks_status_dire": 15, "barracks_status_radiant": 63, "cluster_name": "Europe West", "first_blood_time": 223, "radiant_team_id": 485526, "radiant_logo": 903254994325386629, "human_players": 10, "game_mode_name": "Captains Mode", "tower_status_dire": 1588, "players": [{"item_2": 34, "assists": 9, "leaver_status": 0, "item_1": 46, "item_0": 60, "item_0_name": "Point Booster", "leaver_status_description": "finished match, no abandon", "level": 11, "player_slot": 0, "leaver_status_name": "NONE", "hero_id": 20, "last_hits": 45, "kills": 0, "account_id": 20237599, "item_3_name": "Urn of Shadows", "item_4": 21, "item_3": 92, "item_4_name": "Ogre Club", "item_5": 29, "xp_per_min": 316, "item_5_name": "Boots of Speed", "hero_name": "Vengeful Spirit", "gold_per_min": 299, "deaths": 2, "denies": 2, "item_2_name": "Magic Stick", "item_1_name": "Town Portal Scroll"}, {"item_2": 170, "assists": 2, "leaver_status": 0, "item_1": 63, "item_0": 46, "item_0_name": "Town Portal Scroll", "leaver_status_description": "finished match, no abandon", "level": 12, "player_slot": 1, "leaver_status_name": "NONE", "hero_id": 6, "last_hits": 106, "kills": 6, "account_id": 97590558, "item_3_name": "Black King Bar", "item_4": 44, "item_3": 116, "item_4_name": "Tango", "item_5": 212, "xp_per_min": 431, "item_5_name": "Ring of Aquila", "hero_name": "Drow Ranger", "gold_per_min": 531, "deaths": 1, "denies": 20, "item_2_name": "Yasha", "item_1_name": "Power Treads"}, {"item_2": 41, "assists": 6, "leaver_status": 0, "item_1": 116, "item_0": 36, "item_0_name": "Magic Wand", "leaver_status_description": "finished match, no abandon", "level": 12, "player_slot": 2, "leaver_status_name": "NONE", "hero_id": 49, "last_hits": 62, "kills": 1, "account_id": 43619695, "item_3_name": "Power Treads", "item_4": 16, "item_3": 63, "item_4_name": "Iron Branch", "item_5": 0, "xp_per_min": 405, "hero_name": "Dragon Knight", "gold_per_min": 369, "deaths": 1, "denies": 6, "item_2_name": "Bottle", "item_1_name": "Black King Bar"}, {"item_2": 63, "assists": 6, "leaver_status": 0, "item_1": 65, "item_0": 152, "item_0_name": "Shadow Blade", "leaver_status_description": "finished match, no abandon", "level": 11, "player_slot": 3, "leaver_status_name": "NONE", "hero_id": 53, "last_hits": 74, "kills": 2, "account_id": 23883296, "item_3_name": "Ring of Basilius", "item_4": 16, "item_3": 88, "item_4_name": "Iron Branch", "item_5": 46, "xp_per_min": 364, "item_5_name": "Town Portal Scroll", "hero_name": "Nature's Prophet", "gold_per_min": 424, "deaths": 2, "denies": 2, "item_2_name": "Power Treads", "item_1_name": "Hand of Midas"}, {"item_2": 0, "assists": 6, "leaver_status": 0, "item_1": 180, "item_0": 79, "item_0_name": "Mekansm", "leaver_status_description": "finished match, no abandon", "level": 11, "player_slot": 4, "leaver_status_name": "NONE", "hero_id": 66, "last_hits": 53, "kills": 1, "account_id": 25907144, "item_3_name": "Staff of Wizardry", "item_4": 0, "item_3": 23, "item_5": 0, "xp_per_min": 329, "hero_name": "Chen", "gold_per_min": 316, "deaths": 2, "denies": 0, "item_1_name": "Arcane Boots"}, {"item_2": 185, "assists": 4, "leaver_status": 0, "item_1": 0, "item_0": 50, "item_0_name": "Phase Boots", "leaver_status_description": "finished match, no abandon", "level": 12, "player_slot": 128, "leaver_status_name": "NONE", "hero_id": 54, "last_hits": 113, "kills": 2, "account_id": 93614932, "item_3_name": "Armlet of Mordiggian", "item_4": 34, "item_3": 151, "item_4_name": "Magic Stick", "item_5": 11, "xp_per_min": 431, "item_5_name": "Quelling Blade", "hero_name": "Lifestealer", "gold_per_min": 413, "deaths": 1, "denies": 10, "item_2_name": "Drum of Endurance"}, {"item_2": 46, "assists": 3, "leaver_status": 0, "item_1": 41, "item_0": 29, "item_0_name": "Boots of Speed", "leaver_status_description": "finished match, no abandon", "level": 11, "player_slot": 129, "leaver_status_name": "NONE", "hero_id": 65, "last_hits": 82, "kills": 2, "account_id": 96196828, "item_3_name": "Force Staff", "item_4": 1, "item_3": 102, "item_4_name": "Blink Dagger", "item_5": 0, "xp_per_min": 318, "hero_name": "Batrider", "gold_per_min": 309, "deaths": 2, "denies": 11, "item_2_name": "Town Portal Scroll", "item_1_name": "Bottle"}, {"item_2": 0, "assists": 6, "leaver_status": 1, "item_1": 0, "item_0": 180, "item_0_name": "Arcane Boots", "leaver_status_description": "player DC, no abandon", "level": 9, "player_slot": 130, "leaver_status_name": "DISCONNECTED", "hero_id": 86, "last_hits": 54, "kills": 0, "account_id": 134556694, "item_3_name": "Magic Wand", "item_4": 79, "item_3": 36, "item_4_name": "Mekansm", "item_5": 16, "xp_per_min": 220, "item_5_name": "Iron Branch", "hero_name": "Rubick", "gold_per_min": 230, "deaths": 4, "denies": 5}, {"item_2": 16, "assists": 4, "leaver_status": 0, "item_1": 21, "item_0": 16, "item_0_name": "Iron Branch", "leaver_status_description": "finished match, no abandon", "level": 11, "player_slot": 131, "leaver_status_name": "NONE", "hero_id": 58, "last_hits": 60, "kills": 2, "account_id": 76600360, "item_3_name": "Urn of Shadows", "item_4": 0, "item_3": 92, "item_5": 63, "xp_per_min": 314, "item_5_name": "Power Treads", "hero_name": "Enchantress", "gold_per_min": 249, "deaths": 3, "denies": 2, "item_2_name": "Iron Branch", "item_1_name": "Ogre Club"}, {"item_2": 0, "assists": 2, "leaver_status": 0, "item_1": 212, "item_0": 36, "item_0_name": "Magic Wand", "leaver_status_description": "finished match, no abandon", "level": 11, "player_slot": 132, "leaver_status_name": "NONE", "hero_id": 9, "last_hits": 50, "kills": 2, "account_id": 53178236, "item_3_name": "Band of Elvenskin", "item_4": 0, "item_3": 18, "item_5": 63, "xp_per_min": 297, "item_5_name": "Power Treads", "hero_name": "Mirana", "gold_per_min": 241, "deaths": 2, "denies": 3, "item_1_name": "Ring of Aquila"}], "dire_team_id": 293390, "picks_bans": [{"order": 0, "is_pick": false, "hero_id": 92, "team": 1}, {"order": 1, "is_pick": false, "hero_id": 91, "team": 0}, {"order": 2, "is_pick": false, "hero_id": 76, "team": 1}, {"order": 3, "is_pick": false, "hero_id": 89, "team": 0}, {"order": 4, "is_pick": true, "hero_id": 65, "team": 1}, {"order": 5, "is_pick": true, "hero_id": 49, "team": 0}, {"order": 6, "is_pick": true, "hero_id": 53, "team": 0}, {"order": 7, "is_pick": true, "hero_id": 54, "team": 1}, {"order": 8, "is_pick": false, "hero_id": 63, "team": 1}, {"order": 9, "is_pick": false, "hero_id": 98, "team": 0}, {"order": 10, "is_pick": false, "hero_id": 21, "team": 1}, {"order": 11, "is_pick": false, "hero_id": 88, "team": 0}, {"order": 12, "is_pick": true, "hero_id": 20, "team": 0}, {"order": 13, "is_pick": true, "hero_id": 86, "team": 1}, {"order": 14, "is_pick": true, "hero_id": 66, "team": 0}, {"order": 15, "is_pick": true, "hero_id": 9, "team": 1}, {"order": 16, "is_pick": false, "hero_id": 79, "team": 0}, {"order": 17, "is_pick": false, "hero_id": 11, "team": 1}, {"order": 18, "is_pick": true, "hero_id": 6, "team": 0}, {"order": 19, "is_pick": true, "hero_id": 58, "team": 1}], "dire_name": "Radical Online X-tremists", "negative_votes": 0}