{"tower_status_radiant": 1846, "flags": 0, "lobby_type": 1, "cluster": 124, "game_mode_name": "Captains Mode", "engine": 0, "barracks_status_dire": 63, "barracks_status_radiant": 63, "cluster_name": "US East", "radiant_score": 0, "match_id": 342927423, "lobby_name": "Practice", "dire_score": 0, "first_blood_time": 105, "human_players": 10, "pre_game_duration": 0, "tower_status_dire": 2046, "players": [{"item_2": 36, "assists": 1, "leaver_status": 0, "item_1": 63, "item_0": 41, "item_0_name": "Bottle", "leaver_status_description": "finished match, no abandon", "level": 10, "player_slot": 0, "leaver_status_name": "NONE", "hero_id": 11, "last_hits": 100, "kills": 0, "account_id": 86745912, "item_3_name": "Wraith Band", "item_4": 0, "item_3": 75, "item_5": 46, "xp_per_min": 407, "item_5_name": "Town Portal Scroll", "hero_name": "Shadow Fiend", "gold_per_min": 384, "deaths": 6, "denies": 10, "item_2_name": "Magic Wand", "item_1_name": "Power Treads"}, {"item_2": 42, "assists": 1, "leaver_status": 0, "item_1": 180, "item_0": 16, "item_0_name": "Iron Branch", "leaver_status_description": "finished match, no abandon", "level": 6, "player_slot": 1, "leaver_status_name": "NONE", "hero_id": 89, "last_hits": 27, "kills": 1, "account_id": 87177591, "item_3_name": "Smoke of Deceit", "item_4": 46, "item_3": 188, "item_4_name": "Town Portal Scroll", "item_5": 34, "xp_per_min": 185, "item_5_name": "Magic Stick", "hero_name": "Naga Siren", "gold_per_min": 179, "deaths": 2, "denies": 1, "item_2_name": "Observer Ward", "item_1_name": "Arcane Boots"}, {"item_2": 152, "assists": 0, "leaver_status": 0, "item_1": 88, "item_0": 63, "item_0_name": "Power Treads", "leaver_status_description": "finished match, no abandon", "level": 10, "player_slot": 2, "leaver_status_name": "NONE", "hero_id": 6, "last_hits": 85, "kills": 1, "account_id": 121847953, "item_3_name": "Iron Branch", "item_4": 16, "item_3": 16, "item_4_name": "Iron Branch", "item_5": 46, "xp_per_min": 420, "item_5_name": "Town Portal Scroll", "hero_name": "Drow Ranger", "gold_per_min": 389, "deaths": 0, "denies": 13, "item_2_name": "Shadow Blade", "item_1_name": "Ring of Basilius"}, {"item_2": 46, "assists": 0, "leaver_status": 0, "item_1": 178, "item_0": 79, "item_0_name": "Mekansm", "leaver_status_description": "finished match, no abandon", "level": 8, "player_slot": 3, "leaver_status_name": "NONE", "hero_id": 55, "last_hits": 63, "kills": 0, "account_id": 73562326, "item_3_name": "Boots of Speed", "item_4": 182, "item_3": 29, "item_4_name": "Stout Shield", "item_5": 0, "xp_per_min": 296, "hero_name": "Dark Seer", "gold_per_min": 296, "deaths": 1, "denies": 0, "item_2_name": "Town Portal Scroll", "item_1_name": "Soul Ring"}, {"item_2": 43, "assists": 1, "leaver_status": 0, "item_1": 29, "item_0": 0, "leaver_status_description": "finished match, no abandon", "level": 5, "player_slot": 4, "leaver_status_name": "NONE", "hero_id": 64, "last_hits": 7, "kills": 0, "account_id": 44463405, "item_4": 0, "item_3": 0, "item_5": 0, "xp_per_min": 125, "hero_name": "Jakiro", "gold_per_min": 121, "deaths": 1, "denies": 0, "item_2_name": "Sentry Ward", "item_1_name": "Boots of Speed"}, {"item_2": 187, "assists": 3, "leaver_status": 0, "item_1": 81, "item_0": 0, "leaver_status_description": "finished match, no abandon", "level": 11, "player_slot": 128, "leaver_status_name": "NONE", "hero_id": 77, "last_hits": 96, "kills": 1, "account_id": 30237211, "item_3_name": "Power Treads", "item_4": 117, "item_3": 63, "item_4_name": "Aegis of the Immortal", "item_5": 11, "xp_per_min": 514, "item_5_name": "Quelling Blade", "hero_name": "Lycan", "gold_per_min": 541, "deaths": 0, "denies": 18, "item_2_name": "Medallion of Courage", "item_1_name": "Vladmir's Offering"}, {"item_2": 36, "assists": 6, "leaver_status": 0, "item_1": 46, "item_0": 180, "item_0_name": "Arcane Boots", "leaver_status_description": "finished match, no abandon", "level": 9, "player_slot": 129, "leaver_status_name": "NONE", "hero_id": 86, "last_hits": 20, "kills": 0, "account_id": 86828698, "item_3_name": "Observer Ward", "item_4": 0, "item_3": 42, "item_5": 44, "xp_per_min": 325, "item_5_name": "Tango", "hero_name": "Rubick", "gold_per_min": 312, "deaths": 0, "denies": 5, "item_2_name": "Magic Wand", "item_1_name": "Town Portal Scroll"}, {"item_2": 36, "assists": 5, "leaver_status": 0, "item_1": 152, "item_0": 50, "item_0_name": "Phase Boots", "leaver_status_description": "finished match, no abandon", "level": 12, "player_slot": 130, "leaver_status_name": "NONE", "hero_id": 95, "last_hits": 74, "kills": 5, "account_id": 86726887, "item_3_name": "Wraith Band", "item_4": 41, "item_3": 75, "item_4_name": "Bottle", "item_5": 0, "xp_per_min": 613, "hero_name": "Troll Warlord", "gold_per_min": 592, "deaths": 1, "denies": 12, "item_2_name": "Magic Wand", "item_1_name": "Shadow Blade"}, {"item_2": 46, "assists": 1, "leaver_status": 0, "item_1": 0, "item_0": 79, "item_0_name": "Mekansm", "leaver_status_description": "finished match, no abandon", "level": 8, "player_slot": 131, "leaver_status_name": "NONE", "hero_id": 92, "last_hits": 13, "kills": 4, "account_id": 84176344, "item_3_name": "Magic Wand", "item_4": 0, "item_3": 36, "item_5": 29, "xp_per_min": 274, "item_5_name": "Boots of Speed", "hero_name": "Visage", "gold_per_min": 326, "deaths": 0, "denies": 3, "item_2_name": "Town Portal Scroll"}, {"item_2": 92, "assists": 0, "leaver_status": 0, "item_1": 36, "item_0": 50, "item_0_name": "Phase Boots", "leaver_status_description": "finished match, no abandon", "level": 8, "player_slot": 132, "leaver_status_name": "NONE", "hero_id": 103, "last_hits": 28, "kills": 0, "account_id": 86727555, "item_4": 182, "item_3": 0, "item_4_name": "Stout Shield", "item_5": 73, "xp_per_min": 243, "item_5_name": "Bracer", "hero_name": "Elder Titan", "gold_per_min": 274, "deaths": 1, "denies": 1, "item_2_name": "Urn of Shadows", "item_1_name": "Magic Wand"}], "match_seq_num": 312445266, "start_time": 1381617967, "picks_bans": [{"order": 0, "is_pick": false, "hero_id": 65, "team": 0}, {"order": 1, "is_pick": false, "hero_id": 88, "team": 1}, {"order": 2, "is_pick": false, "hero_id": 51, "team": 0}, {"order": 3, "is_pick": false, "hero_id": 76, "team": 1}, {"order": 4, "is_pick": true, "hero_id": 89, "team": 0}, {"order": 5, "is_pick": true, "hero_id": 92, "team": 1}, {"order": 6, "is_pick": true, "hero_id": 103, "team": 1}, {"order": 7, "is_pick": true, "hero_id": 11, "team": 0}, {"order": 8, "is_pick": false, "hero_id": 62, "team": 0}, {"order": 9, "is_pick": false, "hero_id": 5, "team": 1}, {"order": 10, "is_pick": false, "hero_id": 34, "team": 0}, {"order": 11, "is_pick": false, "hero_id": 3, "team": 1}, {"order": 12, "is_pick": true, "hero_id": 86, "team": 1}, {"order": 13, "is_pick": true, "hero_id": 55, "team": 0}, {"order": 14, "is_pick": true, "hero_id": 95, "team": 1}, {"order": 15, "is_pick": true, "hero_id": 64, "team": 0}, {"order": 16, "is_pick": false, "hero_id": 15, "team": 1}, {"order": 17, "is_pick": false, "hero_id": 97, "team": 0}, {"order": 18, "is_pick": true, "hero_id": 77, "team": 1}, {"order": 19, "is_pick": true, "hero_id": 6, "team": 0}], "radiant_win": false, "positive_votes": 9, "leagueid": 74, "game_mode": 2, "duration": 831, "negative_votes": 1}