{"tower_status_radiant": 2047, "flags": 0, "radiant_team_complete": 1, "game_mode": 2, "radiant_score": 0, "match_id": 343973096, "lobby_name": "Practice", "radiant_team_id": 111474, "dire_logo": 46499322609643214, "pre_game_duration": 0, "radiant_name": "Alliance", "match_seq_num": 313400626, "dire_team_complete": 1, "start_time": 1381681611, "radiant_guild_logo": 901000742757135593, "radiant_win": false, "positive_votes": 558, "leagueid": 69, "duration": 30, "dire_score": 0, "lobby_type": 1, "cluster": 133, "radiant_guild_id": 383, "engine": 0, "barracks_status_dire": 63, "barracks_status_radiant": 63, "cluster_name": "Europe West", "first_blood_time": 0, "radiant_guild_name": "The Alliance", "radiant_logo": 392172445572106046, "human_players": 10, "game_mode_name": "Captains Mode", "tower_status_dire": 2047, "players": [{"item_2": 39, "assists": 0, "leaver_status": 1, "item_1": 16, "item_0": 71, "item_0_name": "Poor Man's Shield", "leaver_status_description": "player DC, no abandon", "level": 1, "player_slot": 0, "leaver_status_name": "DISCONNECTED", "hero_id": 95, "last_hits": 0, "kills": 0, "account_id": 41231571, "item_3_name": "Tango", "item_4": 0, "item_3": 44, "item_5": 0, "xp_per_min": 0, "hero_name": "Troll Warlord", "gold_per_min": 75, "deaths": 0, "denies": 0, "item_2_name": "Healing Salve", "item_1_name": "Iron Branch"}, {"item_2": 38, "assists": 0, "leaver_status": 1, "item_1": 188, "item_0": 43, "item_0_name": "Sentry Ward", "leaver_status_description": "player DC, no abandon", "level": 1, "player_slot": 1, "leaver_status_name": "DISCONNECTED", "hero_id": 66, "last_hits": 0, "kills": 0, "account_id": 41288955, "item_4": 0, "item_3": 0, "item_5": 0, "xp_per_min": 0, "hero_name": "Chen", "gold_per_min": 75, "deaths": 0, "denies": 0, "item_2_name": "Clarity", "item_1_name": "Smoke of Deceit"}, {"item_2": 44, "assists": 0, "leaver_status": 1, "item_1": 16, "item_0": 16, "item_0_name": "Iron Branch", "leaver_status_description": "player DC, no abandon", "level": 1, "player_slot": 2, "leaver_status_name": "DISCONNECTED", "hero_id": 102, "last_hits": 0, "kills": 0, "account_id": 101495620, "item_3_name": "Healing Salve", "item_4": 0, "item_3": 39, "item_5": 0, "xp_per_min": 0, "hero_name": "Abaddon", "gold_per_min": 75, "deaths": 0, "denies": 0, "item_2_name": "Tango", "item_1_name": "Iron Branch"}, {"item_2": 0, "assists": 0, "leaver_status": 1, "item_1": 39, "item_0": 44, "item_0_name": "Tango", "leaver_status_description": "player DC, no abandon", "level": 1, "player_slot": 3, "leaver_status_name": "DISCONNECTED", "hero_id": 86, "last_hits": 0, "kills": 0, "account_id": 3916428, "item_4": 0, "item_3": 0, "item_5": 42, "xp_per_min": 0, "item_5_name": "Observer Ward", "hero_name": "Rubick", "gold_per_min": 75, "deaths": 0, "denies": 0, "item_1_name": "Healing Salve"}, {"item_2": 0, "kills": 0, "leaver_status": 1, "account_id": 76482434, "item_1": 0, "item_4": 0, "item_0": 0, "item_3": 0, "denies": 0, "leaver_status_description": "player DC, no abandon", "xp_per_min": 0, "last_hits": 0, "hero_name": "Nature's Prophet", "level": 1, "player_slot": 4, "gold_per_min": 75, "deaths": 0, "leaver_status_name": "DISCONNECTED", "hero_id": 53, "assists": 0, "item_5": 0}, {"item_2": 0, "assists": 0, "leaver_status": 1, "item_1": 38, "item_0": 43, "item_0_name": "Sentry Ward", "leaver_status_description": "player DC, no abandon", "level": 1, "player_slot": 128, "leaver_status_name": "DISCONNECTED", "hero_id": 5, "last_hits": 0, "kills": 0, "account_id": 87278757, "item_4": 0, "item_3": 0, "item_5": 0, "xp_per_min": 0, "hero_name": "Crystal Maiden", "gold_per_min": 75, "deaths": 0, "denies": 0, "item_1_name": "Clarity"}, {"item_2": 44, "assists": 0, "leaver_status": 1, "item_1": 0, "item_0": 0, "leaver_status_description": "player DC, no abandon", "level": 1, "player_slot": 129, "leaver_status_name": "DISCONNECTED", "hero_id": 1, "last_hits": 0, "kills": 0, "account_id": 89625472, "item_4": 71, "item_3": 0, "item_4_name": "Poor Man's Shield", "item_5": 16, "xp_per_min": 0, "item_5_name": "Iron Branch", "hero_name": "Anti-Mage", "gold_per_min": 75, "deaths": 0, "denies": 0, "item_2_name": "Tango"}, {"item_2": 16, "assists": 0, "leaver_status": 1, "item_1": 39, "item_0": 77, "item_0_name": "Null Talisman", "leaver_status_description": "player DC, no abandon", "level": 1, "player_slot": 130, "leaver_status_name": "DISCONNECTED", "hero_id": 76, "last_hits": 0, "kills": 0, "account_id": 70388657, "item_3_name": "Iron Branch", "item_4": 44, "item_3": 16, "item_4_name": "Tango", "item_5": 0, "xp_per_min": 0, "hero_name": "Outworld Devourer", "gold_per_min": 75, "deaths": 0, "denies": 0, "item_2_name": "Iron Branch", "item_1_name": "Healing Salve"}, {"item_2": 16, "assists": 0, "leaver_status": 1, "item_1": 16, "item_0": 42, "item_0_name": "Observer Ward", "leaver_status_description": "player DC, no abandon", "level": 1, "player_slot": 131, "leaver_status_name": "DISCONNECTED", "hero_id": 103, "last_hits": 0, "kills": 0, "account_id": 82262664, "item_3_name": "Tango", "item_4": 38, "item_3": 44, "item_4_name": "Clarity", "item_5": 0, "xp_per_min": 0, "hero_name": "Elder Titan", "gold_per_min": 75, "deaths": 0, "denies": 0, "item_2_name": "Iron Branch", "item_1_name": "Iron Branch"}, {"item_2": 39, "assists": 0, "leaver_status": 1, "item_1": 44, "item_0": 182, "item_0_name": "Stout Shield", "leaver_status_description": "player DC, no abandon", "level": 1, "player_slot": 132, "leaver_status_name": "DISCONNECTED", "hero_id": 98, "last_hits": 0, "kills": 0, "account_id": 86723143, "item_3_name": "Iron Branch", "item_4": 0, "item_3": 16, "item_5": 0, "xp_per_min": 0, "hero_name": "Timbersaw", "gold_per_min": 75, "deaths": 0, "denies": 0, "item_2_name": "Healing Salve", "item_1_name": "Tango"}], "dire_team_id": 36, "picks_bans": [{"order": 0, "is_pick": false, "hero_id": 89, "team": 1}, {"order": 1, "is_pick": false, "hero_id": 91, "team": 0}, {"order": 2, "is_pick": false, "hero_id": 65, "team": 1}, {"order": 3, "is_pick": false, "hero_id": 54, "team": 0}, {"order": 4, "is_pick": true, "hero_id": 103, "team": 1}, {"order": 5, "is_pick": true, "hero_id": 95, "team": 0}, {"order": 6, "is_pick": true, "hero_id": 66, "team": 0}, {"order": 7, "is_pick": true, "hero_id": 76, "team": 1}, {"order": 8, "is_pick": false, "hero_id": 15, "team": 1}, {"order": 9, "is_pick": false, "hero_id": 58, "team": 0}, {"order": 10, "is_pick": false, "hero_id": 80, "team": 1}, {"order": 11, "is_pick": false, "hero_id": 62, "team": 0}, {"order": 12, "is_pick": true, "hero_id": 53, "team": 0}, {"order": 13, "is_pick": true, "hero_id": 5, "team": 1}, {"order": 14, "is_pick": true, "hero_id": 102, "team": 0}, {"order": 15, "is_pick": true, "hero_id": 98, "team": 1}, {"order": 16, "is_pick": false, "hero_id": 92, "team": 0}, {"order": 17, "is_pick": false, "hero_id": 23, "team": 1}, {"order": 18, "is_pick": true, "hero_id": 86, "team": 0}, {"order": 19, "is_pick": true, "hero_id": 1, "team": 1}], "dire_name": "Natus Vincere", "negative_votes": 14}