{"tower_status_radiant": 1847, "flags": 0, "lobby_type": 1, "cluster": 123, "game_mode_name": "Captains Mode", "dire_logo": 577877533500375019, "engine": 0, "barracks_status_dire": 48, "barracks_status_radiant": 63, "cluster_name": "US East", "radiant_score": 0, "match_id": 346667482, "lobby_name": "Practice", "dire_score": 0, "first_blood_time": 206, "human_players": 10, "pre_game_duration": 0, "tower_status_dire": 1920, "players": [{"item_2": 50, "assists": 10, "leaver_status": 0, "item_1": 152, "item_0": 96, "item_0_name": "Scythe of Vyse", "leaver_status_description": "finished match, no abandon", "level": 17, "player_slot": 0, "leaver_status_name": "NONE", "hero_id": 72, "last_hits": 185, "kills": 9, "account_id": 31039408, "item_3_name": "Magic Wand", "item_4": 56, "item_3": 36, "item_4_name": "Ring of Health", "item_5": 21, "xp_per_min": 543, "item_5_name": "Ogre Club", "hero_name": "Gyrocopter", "gold_per_min": 592, "deaths": 4, "denies": 18, "item_2_name": "Phase Boots", "item_1_name": "Shadow Blade"}, {"item_2": 98, "assists": 16, "leaver_status": 0, "item_1": 178, "item_0": 214, "item_0_name": "Tranquil Boots", "leaver_status_description": "finished match, no abandon", "level": 21, "player_slot": 1, "leaver_status_name": "NONE", "hero_id": 17, "last_hits": 226, "kills": 9, "account_id": 121847953, "item_3_name": "Bloodstone", "item_4": 69, "item_3": 121, "item_4_name": "Perseverance", "item_5": 41, "xp_per_min": 826, "item_5_name": "Bottle", "hero_name": "Storm Spirit", "gold_per_min": 598, "deaths": 3, "denies": 1, "item_2_name": "Orchid Malevolence", "item_1_name": "Soul Ring"}, {"item_2": 41, "assists": 22, "leaver_status": 0, "item_1": 108, "item_0": 187, "item_0_name": "Medallion of Courage", "leaver_status_description": "finished match, no abandon", "level": 18, "player_slot": 2, "leaver_status_name": "NONE", "hero_id": 92, "last_hits": 19, "kills": 14, "account_id": 92706637, "item_3_name": "Power Treads", "item_4": 0, "item_3": 63, "item_5": 34, "xp_per_min": 565, "item_5_name": "Magic Stick", "hero_name": "Visage", "gold_per_min": 370, "deaths": 4, "denies": 5, "item_2_name": "Bottle", "item_1_name": "Aghanim's Scepter"}, {"item_2": 108, "assists": 23, "leaver_status": 0, "item_1": 127, "item_0": 50, "item_0_name": "Phase Boots", "leaver_status_description": "finished match, no abandon", "level": 20, "player_slot": 3, "leaver_status_name": "NONE", "hero_id": 51, "last_hits": 100, "kills": 8, "account_id": 118032120, "item_3_name": "Bottle", "item_4": 46, "item_3": 41, "item_4_name": "Town Portal Scroll", "item_5": 185, "xp_per_min": 707, "item_5_name": "Drum of Endurance", "hero_name": "Clockwerk", "gold_per_min": 468, "deaths": 4, "denies": 7, "item_2_name": "Aghanim's Scepter", "item_1_name": "Blade Mail"}, {"item_2": 92, "assists": 14, "leaver_status": 0, "item_1": 110, "item_0": 185, "item_0_name": "Drum of Endurance", "leaver_status_description": "finished match, no abandon", "level": 16, "player_slot": 4, "leaver_status_name": "NONE", "hero_id": 89, "last_hits": 60, "kills": 6, "account_id": 104275965, "item_3_name": "Magic Stick", "item_4": 0, "item_3": 34, "item_5": 180, "xp_per_min": 472, "item_5_name": "Arcane Boots", "hero_name": "Naga Siren", "gold_per_min": 374, "deaths": 2, "denies": 2, "item_2_name": "Urn of Shadows", "item_1_name": "Refresher Orb"}, {"item_2": 34, "assists": 5, "leaver_status": 0, "item_1": 71, "item_0": 214, "item_0_name": "Tranquil Boots", "leaver_status_description": "finished match, no abandon", "level": 15, "player_slot": 128, "leaver_status_name": "NONE", "hero_id": 1, "last_hits": 170, "kills": 2, "account_id": 86745912, "item_3_name": "Quelling Blade", "item_4": 145, "item_3": 11, "item_4_name": "Battle Fury", "item_5": 170, "xp_per_min": 416, "item_5_name": "Yasha", "hero_name": "Anti-Mage", "gold_per_min": 367, "deaths": 10, "denies": 3, "item_2_name": "Magic Stick", "item_1_name": "Poor Man's Shield"}, {"item_2": 36, "assists": 7, "leaver_status": 0, "item_1": 46, "item_0": 50, "item_0_name": "Phase Boots", "leaver_status_description": "finished match, no abandon", "level": 12, "player_slot": 129, "leaver_status_name": "NONE", "hero_id": 64, "last_hits": 21, "kills": 4, "account_id": 86828698, "item_3_name": "Observer Ward", "item_4": 92, "item_3": 42, "item_4_name": "Urn of Shadows", "item_5": 43, "xp_per_min": 283, "item_5_name": "Sentry Ward", "hero_name": "Jakiro", "gold_per_min": 206, "deaths": 8, "denies": 2, "item_2_name": "Magic Wand", "item_1_name": "Town Portal Scroll"}, {"item_2": 178, "assists": 7, "leaver_status": 0, "item_1": 79, "item_0": 180, "item_0_name": "Arcane Boots", "leaver_status_description": "finished match, no abandon", "level": 13, "player_slot": 130, "leaver_status_name": "NONE", "hero_id": 55, "last_hits": 120, "kills": 2, "account_id": 92513570, "item_3_name": "Town Portal Scroll", "item_4": 182, "item_3": 46, "item_4_name": "Stout Shield", "item_5": 43, "xp_per_min": 334, "item_5_name": "Sentry Ward", "hero_name": "Dark Seer", "gold_per_min": 303, "deaths": 8, "denies": 1, "item_2_name": "Soul Ring", "item_1_name": "Mekansm"}, {"item_2": 36, "assists": 11, "leaver_status": 0, "item_1": 46, "item_0": 180, "item_0_name": "Arcane Boots", "leaver_status_description": "finished match, no abandon", "level": 12, "player_slot": 131, "leaver_status_name": "NONE", "hero_id": 7, "last_hits": 10, "kills": 3, "account_id": 86727555, "item_4": 0, "item_3": 0, "item_5": 0, "xp_per_min": 292, "hero_name": "Earthshaker", "gold_per_min": 205, "deaths": 7, "denies": 1, "item_2_name": "Magic Wand", "item_1_name": "Town Portal Scroll"}, {"item_2": 36, "assists": 8, "leaver_status": 0, "item_1": 63, "item_0": 41, "item_0_name": "Bottle", "leaver_status_description": "finished match, no abandon", "level": 15, "player_slot": 132, "leaver_status_name": "NONE", "hero_id": 103, "last_hits": 116, "kills": 4, "account_id": 44463405, "item_3_name": "Void Stone", "item_4": 185, "item_3": 57, "item_4_name": "Drum of Endurance", "item_5": 46, "xp_per_min": 409, "item_5_name": "Town Portal Scroll", "hero_name": "Elder Titan", "gold_per_min": 319, "deaths": 13, "denies": 2, "item_2_name": "Magic Wand", "item_1_name": "Power Treads"}], "match_seq_num": 315909075, "dire_team_id": 883783, "dire_team_complete": 0, "start_time": 1381889854, "picks_bans": [{"order": 0, "is_pick": false, "hero_id": 15, "team": 1}, {"order": 1, "is_pick": false, "hero_id": 76, "team": 0}, {"order": 2, "is_pick": false, "hero_id": 88, "team": 1}, {"order": 3, "is_pick": false, "hero_id": 95, "team": 0}, {"order": 4, "is_pick": true, "hero_id": 103, "team": 1}, {"order": 5, "is_pick": true, "hero_id": 89, "team": 0}, {"order": 6, "is_pick": true, "hero_id": 92, "team": 0}, {"order": 7, "is_pick": true, "hero_id": 55, "team": 1}, {"order": 8, "is_pick": false, "hero_id": 65, "team": 1}, {"order": 9, "is_pick": false, "hero_id": 53, "team": 0}, {"order": 10, "is_pick": false, "hero_id": 63, "team": 1}, {"order": 11, "is_pick": false, "hero_id": 11, "team": 0}, {"order": 12, "is_pick": true, "hero_id": 51, "team": 0}, {"order": 13, "is_pick": true, "hero_id": 64, "team": 1}, {"order": 14, "is_pick": true, "hero_id": 72, "team": 0}, {"order": 15, "is_pick": true, "hero_id": 7, "team": 1}, {"order": 16, "is_pick": false, "hero_id": 94, "team": 0}, {"order": 17, "is_pick": false, "hero_id": 54, "team": 1}, {"order": 18, "is_pick": true, "hero_id": 17, "team": 0}, {"order": 19, "is_pick": true, "hero_id": 1, "team": 1}], "radiant_win": true, "positive_votes": 14, "leagueid": 74, "game_mode": 2, "dire_name": "Stay - Free", "duration": 1809, "negative_votes": 3}