{"tower_status_radiant": 1846, "flags": 0, "lobby_type": 1, "cluster": 124, "game_mode_name": "Captains Mode", "engine": 0, "barracks_status_dire": 63, "barracks_status_radiant": 63, "cluster_name": "US East", "radiant_score": 0, "match_id": 346718247, "lobby_name": "Practice", "dire_score": 0, "first_blood_time": 278, "human_players": 10, "pre_game_duration": 0, "tower_status_dire": 2047, "players": [{"item_2": 16, "assists": 2, "leaver_status": 1, "item_1": 16, "item_0": 46, "item_0_name": "Town Portal Scroll", "leaver_status_description": "player DC, no abandon", "level": 6, "player_slot": 0, "leaver_status_name": "DISCONNECTED", "hero_id": 31, "last_hits": 6, "kills": 0, "account_id": 14429114, "item_3_name": "Iron Branch", "item_4": 0, "item_3": 16, "item_5": 29, "xp_per_min": 105, "item_5_name": "Boots of Speed", "hero_name": "Lich", "gold_per_min": 98, "deaths": 5, "denies": 2, "item_2_name": "Iron Branch", "item_1_name": "Iron Branch"}, {"item_2": 12, "assists": 4, "leaver_status": 1, "item_1": 63, "item_0": 79, "item_0_name": "Mekansm", "leaver_status_description": "player DC, no abandon", "level": 12, "player_slot": 1, "leaver_status_name": "DISCONNECTED", "hero_id": 47, "last_hits": 70, "kills": 3, "account_id": 92706637, "item_4": 46, "item_3": 0, "item_4_name": "Town Portal Scroll", "item_5": 36, "xp_per_min": 442, "item_5_name": "Magic Wand", "hero_name": "Viper", "gold_per_min": 300, "deaths": 3, "denies": 24, "item_2_name": "Ring of Protection", "item_1_name": "Power Treads"}, {"item_2": 50, "assists": 1, "leaver_status": 1, "item_1": 182, "item_0": 46, "item_0_name": "Town Portal Scroll", "leaver_status_description": "player DC, no abandon", "level": 11, "player_slot": 2, "leaver_status_name": "DISCONNECTED", "hero_id": 73, "last_hits": 74, "kills": 2, "account_id": 87276347, "item_3_name": "Shadow Blade", "item_4": 34, "item_3": 152, "item_4_name": "Magic Stick", "item_5": 16, "xp_per_min": 342, "item_5_name": "Iron Branch", "hero_name": "Alchemist", "gold_per_min": 323, "deaths": 2, "denies": 16, "item_2_name": "Phase Boots", "item_1_name": "Stout Shield"}, {"item_2": 36, "assists": 1, "leaver_status": 1, "item_1": 29, "item_0": 42, "item_0_name": "Observer Ward", "leaver_status_description": "player DC, no abandon", "level": 9, "player_slot": 3, "leaver_status_name": "DISCONNECTED", "hero_id": 102, "last_hits": 16, "kills": 1, "account_id": 93460770, "item_4": 46, "item_3": 0, "item_4_name": "Town Portal Scroll", "item_5": 13, "xp_per_min": 254, "item_5_name": "Gauntlets of Strength", "hero_name": "Abaddon", "gold_per_min": 149, "deaths": 0, "denies": 4, "item_2_name": "Magic Wand", "item_1_name": "Boots of Speed"}, {"item_2": 0, "assists": 2, "leaver_status": 1, "item_1": 29, "item_0": 34, "item_0_name": "Magic Stick", "leaver_status_description": "player DC, no abandon", "level": 7, "player_slot": 4, "leaver_status_name": "DISCONNECTED", "hero_id": 92, "last_hits": 13, "kills": 2, "account_id": 102141440, "item_3_name": "Iron Branch", "item_4": 46, "item_3": 16, "item_4_name": "Town Portal Scroll", "item_5": 0, "xp_per_min": 150, "hero_name": "Visage", "gold_per_min": 154, "deaths": 3, "denies": 1, "item_1_name": "Boots of Speed"}, {"item_2": 98, "assists": 2, "leaver_status": 1, "item_1": 178, "item_0": 214, "item_0_name": "Tranquil Boots", "leaver_status_description": "player DC, no abandon", "level": 13, "player_slot": 128, "leaver_status_name": "DISCONNECTED", "hero_id": 39, "last_hits": 87, "kills": 5, "account_id": 86745912, "item_3_name": "Iron Branch", "item_4": 16, "item_3": 16, "item_4_name": "Iron Branch", "item_5": 16, "xp_per_min": 517, "item_5_name": "Iron Branch", "hero_name": "Queen of Pain", "gold_per_min": 410, "deaths": 1, "denies": 11, "item_2_name": "Orchid Malevolence", "item_1_name": "Soul Ring"}, {"item_2": 41, "assists": 3, "leaver_status": 1, "item_1": 185, "item_0": 36, "item_0_name": "Magic Wand", "leaver_status_description": "player DC, no abandon", "level": 9, "player_slot": 129, "leaver_status_name": "DISCONNECTED", "hero_id": 103, "last_hits": 43, "kills": 2, "account_id": 86727555, "item_4": 29, "item_3": 0, "item_4_name": "Boots of Speed", "item_5": 46, "xp_per_min": 248, "item_5_name": "Town Portal Scroll", "hero_name": "Elder Titan", "gold_per_min": 265, "deaths": 4, "denies": 1, "item_2_name": "Bottle", "item_1_name": "Drum of Endurance"}, {"item_2": 0, "assists": 6, "leaver_status": 1, "item_1": 180, "item_0": 34, "item_0_name": "Magic Stick", "leaver_status_description": "player DC, no abandon", "level": 9, "player_slot": 130, "leaver_status_name": "DISCONNECTED", "hero_id": 3, "last_hits": 24, "kills": 1, "account_id": 39173624, "item_3_name": "Town Portal Scroll", "item_4": 0, "item_3": 46, "item_5": 0, "xp_per_min": 240, "hero_name": "Bane", "gold_per_min": 218, "deaths": 1, "denies": 6, "item_1_name": "Arcane Boots"}, {"item_2": 36, "assists": 2, "leaver_status": 1, "item_1": 151, "item_0": 50, "item_0_name": "Phase Boots", "leaver_status_description": "player DC, no abandon", "level": 12, "player_slot": 131, "leaver_status_name": "DISCONNECTED", "hero_id": 54, "last_hits": 123, "kills": 2, "account_id": 118032120, "item_4": 182, "item_3": 0, "item_4_name": "Stout Shield", "item_5": 65, "xp_per_min": 442, "item_5_name": "Hand of Midas", "hero_name": "Lifestealer", "gold_per_min": 515, "deaths": 1, "denies": 19, "item_2_name": "Magic Wand", "item_1_name": "Armlet of Mordiggian"}, {"item_2": 36, "assists": 5, "leaver_status": 1, "item_1": 0, "item_0": 180, "item_0_name": "Arcane Boots", "leaver_status_description": "player DC, no abandon", "level": 9, "player_slot": 132, "leaver_status_name": "DISCONNECTED", "hero_id": 89, "last_hits": 38, "kills": 3, "account_id": 86828698, "item_4": 71, "item_3": 0, "item_4_name": "Poor Man's Shield", "item_5": 0, "xp_per_min": 270, "hero_name": "Naga Siren", "gold_per_min": 276, "deaths": 1, "denies": 6, "item_2_name": "Magic Wand"}], "match_seq_num": 315949770, "start_time": 1381896496, "picks_bans": [{"order": 0, "is_pick": false, "hero_id": 15, "team": 1}, {"order": 1, "is_pick": false, "hero_id": 76, "team": 0}, {"order": 2, "is_pick": false, "hero_id": 71, "team": 1}, {"order": 3, "is_pick": false, "hero_id": 88, "team": 0}, {"order": 4, "is_pick": true, "hero_id": 103, "team": 1}, {"order": 5, "is_pick": true, "hero_id": 102, "team": 0}, {"order": 6, "is_pick": true, "hero_id": 92, "team": 0}, {"order": 7, "is_pick": true, "hero_id": 89, "team": 1}, {"order": 8, "is_pick": false, "hero_id": 65, "team": 1}, {"order": 9, "is_pick": false, "hero_id": 63, "team": 0}, {"order": 10, "is_pick": false, "hero_id": 95, "team": 1}, {"order": 11, "is_pick": false, "hero_id": 11, "team": 0}, {"order": 12, "is_pick": true, "hero_id": 73, "team": 0}, {"order": 13, "is_pick": true, "hero_id": 39, "team": 1}, {"order": 14, "is_pick": true, "hero_id": 47, "team": 0}, {"order": 15, "is_pick": true, "hero_id": 3, "team": 1}, {"order": 16, "is_pick": false, "hero_id": 48, "team": 0}, {"order": 17, "is_pick": false, "hero_id": 7, "team": 1}, {"order": 18, "is_pick": true, "hero_id": 31, "team": 0}, {"order": 19, "is_pick": true, "hero_id": 54, "team": 1}], "radiant_win": false, "positive_votes": 6, "leagueid": 74, "game_mode": 2, "duration": 1162, "negative_votes": 3}