{"tower_status_radiant": 2046, "flags": 0, "radiant_team_complete": 0, "game_mode": 2, "radiant_score": 0, "match_id": 347983846, "lobby_name": "Practice", "dire_logo": 44248446488388348, "pre_game_duration": 0, "radiant_name": "LGD-GAMING.int", "match_seq_num": 317116229, "dire_team_complete": 0, "start_time": 1381998684, "radiant_win": true, "positive_votes": 102, "leagueid": 81, "duration": 1793, "dire_score": 0, "lobby_type": 1, "cluster": 223, "engine": 0, "barracks_status_dire": 63, "barracks_status_radiant": 63, "cluster_name": "China", "first_blood_time": 153, "radiant_team_id": 77666, "radiant_logo": 66747416081626662, "human_players": 10, "game_mode_name": "Captains Mode", "tower_status_dire": 1828, "players": [{"item_2": 168, "assists": 7, "leaver_status": 0, "item_1": 143, "item_0": 151, "item_0_name": "Armlet of Mordiggian", "leaver_status_description": "finished match, no abandon", "level": 19, "player_slot": 0, "leaver_status_name": "NONE", "hero_id": 54, "last_hits": 198, "kills": 10, "account_id": 21289303, "item_3_name": "Aegis of the Immortal", "item_4": 50, "item_3": 117, "item_4_name": "Phase Boots", "item_5": 185, "xp_per_min": 685, "item_5_name": "Drum of Endurance", "hero_name": "Lifestealer", "gold_per_min": 660, "deaths": 0, "denies": 24, "item_2_name": "Desolator", "item_1_name": "Skull Basher"}, {"item_2": 1, "assists": 13, "leaver_status": 0, "item_1": 36, "item_0": 46, "item_0_name": "Town Portal Scroll", "leaver_status_description": "finished match, no abandon", "level": 17, "player_slot": 1, "leaver_status_name": "NONE", "hero_id": 13, "last_hits": 132, "kills": 3, "account_id": 87285329, "item_3_name": "Scythe of Vyse", "item_4": 63, "item_3": 96, "item_4_name": "Power Treads", "item_5": 41, "xp_per_min": 511, "item_5_name": "Bottle", "hero_name": "Puck", "gold_per_min": 432, "deaths": 4, "denies": 20, "item_2_name": "Blink Dagger", "item_1_name": "Magic Wand"}, {"item_2": 46, "assists": 12, "leaver_status": 0, "item_1": 29, "item_0": 79, "item_0_name": "Mekansm", "leaver_status_description": "finished match, no abandon", "level": 11, "player_slot": 2, "leaver_status_name": "NONE", "hero_id": 103, "last_hits": 52, "kills": 4, "account_id": 82630959, "item_3_name": "Soul Ring", "item_4": 19, "item_3": 178, "item_4_name": "Robe of the Magi", "item_5": 36, "xp_per_min": 266, "item_5_name": "Magic Wand", "hero_name": "Elder Titan", "gold_per_min": 282, "deaths": 2, "denies": 1, "item_2_name": "Town Portal Scroll", "item_1_name": "Boots of Speed"}, {"item_2": 92, "assists": 8, "leaver_status": 0, "item_1": 0, "item_0": 0, "leaver_status_description": "finished match, no abandon", "level": 11, "player_slot": 3, "leaver_status_name": "NONE", "hero_id": 86, "last_hits": 55, "kills": 1, "account_id": 87382579, "item_3_name": "Arcane Boots", "item_4": 34, "item_3": 180, "item_4_name": "Magic Stick", "item_5": 0, "xp_per_min": 247, "hero_name": "Rubick", "gold_per_min": 245, "deaths": 3, "denies": 3, "item_2_name": "Urn of Shadows"}, {"item_2": 182, "assists": 6, "leaver_status": 0, "item_1": 41, "item_0": 50, "item_0_name": "Phase Boots", "leaver_status_description": "finished match, no abandon", "level": 15, "player_slot": 4, "leaver_status_name": "NONE", "hero_id": 62, "last_hits": 84, "kills": 3, "account_id": 31818853, "item_3_name": "Magic Wand", "item_4": 185, "item_3": 36, "item_4_name": "Drum of Endurance", "item_5": 81, "xp_per_min": 403, "item_5_name": "Vladmir's Offering", "hero_name": "Bounty Hunter", "gold_per_min": 364, "deaths": 4, "denies": 9, "item_2_name": "Stout Shield", "item_1_name": "Bottle"}, {"item_2": 0, "assists": 3, "leaver_status": 0, "item_1": 36, "item_0": 0, "leaver_status_description": "finished match, no abandon", "level": 18, "player_slot": 128, "leaver_status_name": "NONE", "hero_id": 63, "last_hits": 153, "kills": 6, "account_id": 136339142, "item_3_name": "Black King Bar", "item_4": 63, "item_3": 116, "item_4_name": "Power Treads", "item_5": 168, "xp_per_min": 575, "item_5_name": "Desolator", "hero_name": "Weaver", "gold_per_min": 382, "deaths": 3, "denies": 10, "item_1_name": "Magic Wand"}, {"item_2": 116, "assists": 7, "leaver_status": 0, "item_1": 63, "item_0": 41, "item_0_name": "Bottle", "leaver_status_description": "finished match, no abandon", "level": 14, "player_slot": 129, "leaver_status_name": "NONE", "hero_id": 49, "last_hits": 130, "kills": 3, "account_id": 117281554, "item_3_name": "Town Portal Scroll", "item_4": 36, "item_3": 46, "item_4_name": "Magic Wand", "item_5": 32, "xp_per_min": 385, "item_5_name": "Talisman of Evasion", "hero_name": "Dragon Knight", "gold_per_min": 317, "deaths": 5, "denies": 7, "item_2_name": "Black King Bar", "item_1_name": "Power Treads"}, {"item_2": 40, "assists": 3, "leaver_status": 0, "item_1": 29, "item_0": 92, "item_0_name": "Urn of Shadows", "leaver_status_description": "finished match, no abandon", "level": 9, "player_slot": 130, "leaver_status_name": "NONE", "hero_id": 91, "last_hits": 18, "kills": 1, "account_id": 149531087, "item_3_name": "Magic Stick", "item_4": 42, "item_3": 34, "item_4_name": "Observer Ward", "item_5": 46, "xp_per_min": 179, "item_5_name": "Town Portal Scroll", "hero_name": "Io", "gold_per_min": 120, "deaths": 5, "denies": 1, "item_2_name": "Dust of Appearance", "item_1_name": "Boots of Speed"}, {"item_2": 73, "assists": 5, "leaver_status": 0, "item_1": 73, "item_0": 73, "item_0_name": "Bracer", "leaver_status_description": "finished match, no abandon", "level": 10, "player_slot": 131, "leaver_status_name": "NONE", "hero_id": 51, "last_hits": 50, "kills": 1, "account_id": 103203845, "item_3_name": "Power Treads", "item_4": 0, "item_3": 63, "item_5": 36, "xp_per_min": 200, "item_5_name": "Magic Wand", "hero_name": "Clockwerk", "gold_per_min": 176, "deaths": 5, "denies": 4, "item_2_name": "Bracer", "item_1_name": "Bracer"}, {"item_2": 34, "assists": 3, "leaver_status": 0, "item_1": 188, "item_0": 79, "item_0_name": "Mekansm", "leaver_status_description": "finished match, no abandon", "level": 11, "player_slot": 132, "leaver_status_name": "NONE", "hero_id": 66, "last_hits": 86, "kills": 2, "account_id": 100974894, "item_3_name": "Boots of Speed", "item_4": 0, "item_3": 29, "item_5": 88, "xp_per_min": 203, "item_5_name": "Ring of Basilius", "hero_name": "Chen", "gold_per_min": 191, "deaths": 3, "denies": 0, "item_2_name": "Magic Stick", "item_1_name": "Smoke of Deceit"}], "dire_team_id": 995707, "picks_bans": [{"order": 0, "is_pick": false, "hero_id": 89, "team": 0}, {"order": 1, "is_pick": false, "hero_id": 65, "team": 1}, {"order": 2, "is_pick": false, "hero_id": 95, "team": 0}, {"order": 3, "is_pick": false, "hero_id": 76, "team": 1}, {"order": 4, "is_pick": true, "hero_id": 103, "team": 0}, {"order": 5, "is_pick": true, "hero_id": 91, "team": 1}, {"order": 6, "is_pick": true, "hero_id": 63, "team": 1}, {"order": 7, "is_pick": true, "hero_id": 86, "team": 0}, {"order": 8, "is_pick": false, "hero_id": 81, "team": 0}, {"order": 9, "is_pick": false, "hero_id": 53, "team": 1}, {"order": 10, "is_pick": false, "hero_id": 88, "team": 0}, {"order": 11, "is_pick": false, "hero_id": 1, "team": 1}, {"order": 12, "is_pick": true, "hero_id": 66, "team": 1}, {"order": 13, "is_pick": true, "hero_id": 13, "team": 0}, {"order": 14, "is_pick": true, "hero_id": 49, "team": 1}, {"order": 15, "is_pick": true, "hero_id": 54, "team": 0}, {"order": 16, "is_pick": false, "hero_id": 90, "team": 1}, {"order": 17, "is_pick": false, "hero_id": 8, "team": 0}, {"order": 18, "is_pick": true, "hero_id": 51, "team": 1}, {"order": 19, "is_pick": true, "hero_id": 62, "team": 0}], "dire_name": "TongFu.WanZhou", "negative_votes": 10}