{"tower_status_radiant": 2039, "flags": 0, "lobby_type": 1, "cluster": 124, "game_mode_name": "Captains Mode", "engine": 0, "barracks_status_dire": 63, "barracks_status_radiant": 63, "cluster_name": "US East", "radiant_score": 0, "match_id": 351487314, "lobby_name": "Practice", "dire_score": 0, "first_blood_time": 107, "human_players": 10, "pre_game_duration": 0, "tower_status_dire": 1828, "players": [{"item_2": 36, "assists": 11, "leaver_status": 0, "item_1": 188, "item_0": 180, "item_0_name": "Arcane Boots", "leaver_status_description": "finished match, no abandon", "level": 13, "player_slot": 0, "leaver_status_name": "NONE", "hero_id": 3, "last_hits": 47, "kills": 4, "account_id": 86727555, "item_4": 73, "item_3": 0, "item_4_name": "Bracer", "item_5": 46, "xp_per_min": 393, "item_5_name": "Town Portal Scroll", "hero_name": "Bane", "gold_per_min": 319, "deaths": 4, "denies": 1, "item_2_name": "Magic Wand", "item_1_name": "Smoke of Deceit"}, {"item_2": 36, "assists": 13, "leaver_status": 0, "item_1": 98, "item_0": 24, "item_0_name": "Ultimate Orb", "leaver_status_description": "finished match, no abandon", "level": 16, "player_slot": 1, "leaver_status_name": "NONE", "hero_id": 17, "last_hits": 118, "kills": 11, "account_id": 32895399, "item_3_name": "Point Booster", "item_4": 214, "item_3": 60, "item_4_name": "Tranquil Boots", "item_5": 0, "xp_per_min": 591, "hero_name": "Storm Spirit", "gold_per_min": 534, "deaths": 2, "denies": 5, "item_2_name": "Magic Wand", "item_1_name": "Orchid Malevolence"}, {"item_2": 34, "assists": 14, "leaver_status": 0, "item_1": 102, "item_0": 214, "item_0_name": "Tranquil Boots", "leaver_status_description": "finished match, no abandon", "level": 11, "player_slot": 2, "leaver_status_name": "NONE", "hero_id": 5, "last_hits": 10, "kills": 4, "account_id": 115658756, "item_3_name": "Dust of Appearance", "item_4": 73, "item_3": 40, "item_4_name": "Bracer", "item_5": 42, "xp_per_min": 291, "item_5_name": "Observer Ward", "hero_name": "Crystal Maiden", "gold_per_min": 261, "deaths": 7, "denies": 4, "item_2_name": "Magic Stick", "item_1_name": "Force Staff"}, {"item_2": 152, "assists": 13, "leaver_status": 0, "item_1": 65, "item_0": 88, "item_0_name": "Ring of Basilius", "leaver_status_description": "finished match, no abandon", "level": 16, "player_slot": 3, "leaver_status_name": "NONE", "hero_id": 53, "last_hits": 145, "kills": 7, "account_id": 92706637, "item_3_name": "Phase Boots", "item_4": 46, "item_3": 50, "item_4_name": "Town Portal Scroll", "item_5": 96, "xp_per_min": 554, "item_5_name": "Scythe of Vyse", "hero_name": "Nature's Prophet", "gold_per_min": 587, "deaths": 4, "denies": 8, "item_2_name": "Shadow Blade", "item_1_name": "Hand of Midas"}, {"item_2": 0, "assists": 15, "leaver_status": 0, "item_1": 50, "item_0": 41, "item_0_name": "Bottle", "leaver_status_description": "finished match, no abandon", "level": 16, "player_slot": 4, "leaver_status_name": "NONE", "hero_id": 103, "last_hits": 127, "kills": 2, "account_id": 73562326, "item_3_name": "Drum of Endurance", "item_4": 119, "item_3": 185, "item_4_name": "Shiva's Guard", "item_5": 4, "xp_per_min": 571, "item_5_name": "Chainmail", "hero_name": "Elder Titan", "gold_per_min": 448, "deaths": 4, "denies": 2, "item_1_name": "Phase Boots"}, {"item_2": 185, "assists": 10, "leaver_status": 0, "item_1": 63, "item_0": 41, "item_0_name": "Bottle", "leaver_status_description": "finished match, no abandon", "level": 14, "player_slot": 128, "leaver_status_name": "NONE", "hero_id": 48, "last_hits": 132, "kills": 2, "account_id": 86745912, "item_3_name": "Magic Wand", "item_4": 21, "item_3": 36, "item_4_name": "Ogre Club", "item_5": 0, "xp_per_min": 439, "hero_name": "Luna", "gold_per_min": 360, "deaths": 6, "denies": 13, "item_2_name": "Drum of Endurance", "item_1_name": "Power Treads"}, {"item_2": 0, "assists": 6, "leaver_status": 0, "item_1": 29, "item_0": 86, "item_0_name": "Buckler", "leaver_status_description": "finished match, no abandon", "level": 11, "player_slot": 129, "leaver_status_name": "NONE", "hero_id": 92, "last_hits": 22, "kills": 4, "account_id": 22915626, "item_3_name": "Magic Stick", "item_4": 94, "item_3": 34, "item_4_name": "Headdress", "item_5": 0, "xp_per_min": 268, "hero_name": "Visage", "gold_per_min": 205, "deaths": 6, "denies": 3, "item_1_name": "Boots of Speed"}, {"item_2": 92, "assists": 6, "leaver_status": 0, "item_1": 29, "item_0": 34, "item_0_name": "Magic Stick", "leaver_status_description": "finished match, no abandon", "level": 9, "player_slot": 130, "leaver_status_name": "NONE", "hero_id": 89, "last_hits": 23, "kills": 2, "account_id": 87088433, "item_4": 43, "item_3": 0, "item_4_name": "Sentry Ward", "item_5": 0, "xp_per_min": 202, "hero_name": "Naga Siren", "gold_per_min": 170, "deaths": 7, "denies": 2, "item_2_name": "Urn of Shadows", "item_1_name": "Boots of Speed"}, {"item_2": 50, "assists": 2, "leaver_status": 0, "item_1": 11, "item_0": 41, "item_0_name": "Bottle", "leaver_status_description": "finished match, no abandon", "level": 13, "player_slot": 131, "leaver_status_name": "NONE", "hero_id": 62, "last_hits": 52, "kills": 6, "account_id": 86715129, "item_3_name": "Ogre Club", "item_4": 0, "item_3": 21, "item_5": 36, "xp_per_min": 366, "item_5_name": "Magic Wand", "hero_name": "Bounty Hunter", "gold_per_min": 313, "deaths": 7, "denies": 0, "item_2_name": "Phase Boots", "item_1_name": "Quelling Blade"}, {"item_2": 143, "assists": 8, "leaver_status": 0, "item_1": 0, "item_0": 50, "item_0_name": "Phase Boots", "leaver_status_description": "finished match, no abandon", "level": 14, "player_slot": 132, "leaver_status_name": "NONE", "hero_id": 54, "last_hits": 66, "kills": 6, "account_id": 40586005, "item_3_name": "Magic Stick", "item_4": 181, "item_3": 34, "item_4_name": "Orb of Venom", "item_5": 73, "xp_per_min": 461, "item_5_name": "Bracer", "hero_name": "Lifestealer", "gold_per_min": 354, "deaths": 5, "denies": 2, "item_2_name": "Skull Basher"}], "match_seq_num": 320312224, "start_time": 1382217931, "picks_bans": [{"order": 0, "is_pick": false, "hero_id": 95, "team": 0}, {"order": 1, "is_pick": false, "hero_id": 65, "team": 1}, {"order": 2, "is_pick": false, "hero_id": 76, "team": 0}, {"order": 3, "is_pick": false, "hero_id": 88, "team": 1}, {"order": 4, "is_pick": true, "hero_id": 103, "team": 0}, {"order": 5, "is_pick": true, "hero_id": 92, "team": 1}, {"order": 6, "is_pick": true, "hero_id": 89, "team": 1}, {"order": 7, "is_pick": true, "hero_id": 17, "team": 0}, {"order": 8, "is_pick": false, "hero_id": 11, "team": 0}, {"order": 9, "is_pick": false, "hero_id": 63, "team": 1}, {"order": 10, "is_pick": false, "hero_id": 55, "team": 0}, {"order": 11, "is_pick": false, "hero_id": 86, "team": 1}, {"order": 12, "is_pick": true, "hero_id": 48, "team": 1}, {"order": 13, "is_pick": true, "hero_id": 53, "team": 0}, {"order": 14, "is_pick": true, "hero_id": 54, "team": 1}, {"order": 15, "is_pick": true, "hero_id": 3, "team": 0}, {"order": 16, "is_pick": false, "hero_id": 72, "team": 1}, {"order": 17, "is_pick": false, "hero_id": 51, "team": 0}, {"order": 18, "is_pick": true, "hero_id": 62, "team": 1}, {"order": 19, "is_pick": true, "hero_id": 5, "team": 0}], "radiant_win": true, "positive_votes": 4, "leagueid": 74, "game_mode": 2, "duration": 1531, "negative_votes": 1}