{"tower_status_radiant": 1796, "flags": 0, "lobby_type": 1, "cluster": 123, "game_mode_name": "Captains Mode", "engine": 0, "barracks_status_dire": 63, "barracks_status_radiant": 63, "cluster_name": "US East", "radiant_score": 0, "match_id": 357890475, "lobby_name": "Practice", "dire_score": 0, "first_blood_time": 101, "human_players": 10, "pre_game_duration": 0, "tower_status_dire": 1974, "players": [{"item_2": 98, "assists": 8, "leaver_status": 0, "item_1": 116, "item_0": 63, "item_0_name": "Power Treads", "leaver_status_description": "finished match, no abandon", "level": 18, "player_slot": 0, "leaver_status_name": "NONE", "hero_id": 39, "last_hits": 117, "kills": 11, "account_id": 36262367, "item_3_name": "Dust of Appearance", "item_4": 0, "item_3": 40, "item_5": 41, "xp_per_min": 528, "item_5_name": "Bottle", "hero_name": "Queen of Pain", "gold_per_min": 411, "deaths": 5, "denies": 12, "item_2_name": "Orchid Malevolence", "item_1_name": "Black King Bar"}, {"item_2": 178, "assists": 11, "leaver_status": 0, "item_1": 46, "item_0": 21, "item_0_name": "Ogre Club", "leaver_status_description": "finished match, no abandon", "level": 14, "player_slot": 1, "leaver_status_name": "NONE", "hero_id": 55, "last_hits": 97, "kills": 4, "account_id": 5448108, "item_3_name": "Arcane Boots", "item_4": 41, "item_3": 180, "item_4_name": "Bottle", "item_5": 37, "xp_per_min": 353, "item_5_name": "Ghost Scepter", "hero_name": "Dark Seer", "gold_per_min": 296, "deaths": 7, "denies": 0, "item_2_name": "Soul Ring", "item_1_name": "Town Portal Scroll"}, {"item_2": 1, "assists": 10, "leaver_status": 0, "item_1": 178, "item_0": 79, "item_0_name": "Mekansm", "leaver_status_description": "finished match, no abandon", "level": 16, "player_slot": 2, "leaver_status_name": "NONE", "hero_id": 33, "last_hits": 167, "kills": 3, "account_id": 39173624, "item_4": 29, "item_3": 0, "item_4_name": "Boots of Speed", "item_5": 116, "xp_per_min": 451, "item_5_name": "Black King Bar", "hero_name": "Enigma", "gold_per_min": 414, "deaths": 4, "denies": 3, "item_2_name": "Blink Dagger", "item_1_name": "Soul Ring"}, {"item_2": 206, "assists": 3, "leaver_status": 0, "item_1": 102, "item_0": 63, "item_0_name": "Power Treads", "leaver_status_description": "finished match, no abandon", "level": 14, "player_slot": 3, "leaver_status_name": "NONE", "hero_id": 76, "last_hits": 137, "kills": 6, "account_id": 86726887, "item_3_name": "Town Portal Scroll", "item_4": 21, "item_3": 46, "item_4_name": "Ogre Club", "item_5": 36, "xp_per_min": 343, "item_5_name": "Magic Wand", "hero_name": "Outworld Devourer", "gold_per_min": 385, "deaths": 5, "denies": 16, "item_2_name": "Rod of Atos", "item_1_name": "Force Staff"}, {"item_2": 46, "assists": 16, "leaver_status": 0, "item_1": 214, "item_0": 92, "item_0_name": "Urn of Shadows", "leaver_status_description": "finished match, no abandon", "level": 13, "player_slot": 4, "leaver_status_name": "NONE", "hero_id": 40, "last_hits": 34, "kills": 0, "account_id": 7910302, "item_3_name": "Ring of Regen", "item_4": 23, "item_3": 27, "item_4_name": "Staff of Wizardry", "item_5": 0, "xp_per_min": 304, "hero_name": "Venomancer", "gold_per_min": 219, "deaths": 7, "denies": 2, "item_2_name": "Town Portal Scroll", "item_1_name": "Tranquil Boots"}, {"item_2": 172, "assists": 6, "leaver_status": 0, "item_1": 147, "item_0": 63, "item_0_name": "Power Treads", "leaver_status_description": "finished match, no abandon", "level": 23, "player_slot": 128, "leaver_status_name": "NONE", "hero_id": 11, "last_hits": 287, "kills": 9, "account_id": 121847953, "item_3_name": "Ultimate Orb", "item_4": 24, "item_3": 24, "item_4_name": "Ultimate Orb", "item_5": 116, "xp_per_min": 856, "item_5_name": "Black King Bar", "hero_name": "Shadow Fiend", "gold_per_min": 667, "deaths": 2, "denies": 15, "item_2_name": "Mask of Madness", "item_1_name": "Manta Style"}, {"item_2": 30, "assists": 9, "leaver_status": 0, "item_1": 96, "item_0": 152, "item_0_name": "Shadow Blade", "leaver_status_description": "finished match, no abandon", "level": 19, "player_slot": 129, "leaver_status_name": "NONE", "hero_id": 53, "last_hits": 236, "kills": 5, "account_id": 85805514, "item_3_name": "Power Treads", "item_4": 98, "item_3": 63, "item_4_name": "Orchid Malevolence", "item_5": 46, "xp_per_min": 639, "item_5_name": "Town Portal Scroll", "hero_name": "Nature's Prophet", "gold_per_min": 611, "deaths": 5, "denies": 1, "item_2_name": "Gem of True Sight", "item_1_name": "Scythe of Vyse"}, {"item_2": 92, "assists": 11, "leaver_status": 0, "item_1": 180, "item_0": 1, "item_0_name": "Blink Dagger", "leaver_status_description": "finished match, no abandon", "level": 15, "player_slot": 130, "leaver_status_name": "NONE", "hero_id": 88, "last_hits": 29, "kills": 2, "account_id": 87177591, "item_3_name": "Void Stone", "item_4": 0, "item_3": 57, "item_5": 36, "xp_per_min": 380, "item_5_name": "Magic Wand", "hero_name": "Nyx Assassin", "gold_per_min": 278, "deaths": 6, "denies": 0, "item_2_name": "Urn of Shadows", "item_1_name": "Arcane Boots"}, {"item_2": 60, "assists": 10, "leaver_status": 0, "item_1": 0, "item_0": 36, "item_0_name": "Magic Wand", "leaver_status_description": "finished match, no abandon", "level": 11, "player_slot": 131, "leaver_status_name": "NONE", "hero_id": 92, "last_hits": 29, "kills": 5, "account_id": 5571849, "item_3_name": "Medallion of Courage", "item_4": 63, "item_3": 187, "item_4_name": "Power Treads", "item_5": 46, "xp_per_min": 240, "item_5_name": "Town Portal Scroll", "hero_name": "Visage", "gold_per_min": 300, "deaths": 3, "denies": 0, "item_2_name": "Point Booster"}, {"item_2": 36, "assists": 8, "leaver_status": 0, "item_1": 185, "item_0": 46, "item_0_name": "Town Portal Scroll", "leaver_status_description": "finished match, no abandon", "level": 17, "player_slot": 132, "leaver_status_name": "NONE", "hero_id": 15, "last_hits": 151, "kills": 7, "account_id": 72981488, "item_3_name": "Phase Boots", "item_4": 108, "item_3": 50, "item_4_name": "Aghanim's Scepter", "item_5": 170, "xp_per_min": 504, "item_5_name": "Yasha", "hero_name": "Razor", "gold_per_min": 451, "deaths": 8, "denies": 13, "item_2_name": "Magic Wand", "item_1_name": "Drum of Endurance"}], "match_seq_num": 326181775, "start_time": 1382686799, "picks_bans": [{"order": 0, "is_pick": false, "hero_id": 103, "team": 1}, {"order": 1, "is_pick": false, "hero_id": 31, "team": 0}, {"order": 2, "is_pick": false, "hero_id": 51, "team": 1}, {"order": 3, "is_pick": false, "hero_id": 65, "team": 0}, {"order": 4, "is_pick": true, "hero_id": 92, "team": 1}, {"order": 5, "is_pick": true, "hero_id": 76, "team": 0}, {"order": 6, "is_pick": true, "hero_id": 55, "team": 0}, {"order": 7, "is_pick": true, "hero_id": 15, "team": 1}, {"order": 8, "is_pick": false, "hero_id": 89, "team": 1}, {"order": 9, "is_pick": false, "hero_id": 86, "team": 0}, {"order": 10, "is_pick": false, "hero_id": 71, "team": 1}, {"order": 11, "is_pick": false, "hero_id": 5, "team": 0}, {"order": 12, "is_pick": true, "hero_id": 40, "team": 0}, {"order": 13, "is_pick": true, "hero_id": 88, "team": 1}, {"order": 14, "is_pick": true, "hero_id": 33, "team": 0}, {"order": 15, "is_pick": true, "hero_id": 53, "team": 1}, {"order": 16, "is_pick": false, "hero_id": 48, "team": 0}, {"order": 17, "is_pick": false, "hero_id": 63, "team": 1}, {"order": 18, "is_pick": true, "hero_id": 39, "team": 0}, {"order": 19, "is_pick": true, "hero_id": 11, "team": 1}], "radiant_win": false, "positive_votes": 7, "leagueid": 74, "game_mode": 2, "duration": 1951, "negative_votes": 5}