{"duration": 2947, "radiant_logo": 558695283834486272, "leagueid": 65001, "game_mode": 0, "radiant_score": 0, "positive_votes": 1055, "lobby_type": 1, "lobby_name": "Practice", "radiant_win": true, "engine": 0, "pre_game_duration": 0, "match_id": 35901467, "dire_team_complete": 1, "dire_team_id": 31, "flags": 0, "dire_logo": 560947083524689087, "cluster": 111, "negative_votes": 199, "players": [{"item_5_name": "Vladmir's Offering", "item_2": 194, "assists": 18, "item_4": 135, "item_4_name": "Monkey King Bar", "leaver_status": 0, "leaver_status_description": "finished match, no abandon", "item_1": 116, "kills": 12, "hero_name": "Lycan", "hero_id": 77, "level": 25, "item_0": 208, "gold_per_min": 671, "leaver_status_name": "NONE", "denies": 0, "player_slot": 0, "deaths": 3, "account_id": 88271237, "item_5": 81, "item_3": 63, "item_0_name": "Abyssal Blade", "item_3_name": "Power Treads", "item_2_name": "Necronomicon", "last_hits": 352, "item_1_name": "Black King Bar", "xp_per_min": 664}, {"item_5_name": "Sange and Yasha", "item_2": 127, "assists": 12, "item_4": 50, "item_4_name": "Phase Boots", "leaver_status": 0, "leaver_status_description": "finished match, no abandon", "item_1": 185, "kills": 4, "hero_name": "Bounty Hunter", "hero_id": 62, "level": 22, "item_0": 116, "gold_per_min": 401, "leaver_status_name": "NONE", "denies": 5, "player_slot": 1, "deaths": 4, "account_id": 29337472, "item_5": 154, "item_3": 0, "item_0_name": "Black King Bar", "item_2_name": "Blade Mail", "last_hits": 138, "item_1_name": "Drum of Endurance", "xp_per_min": 521}, {"item_5_name": "Boots of Travel", "item_2": 108, "assists": 24, "item_4": 127, "item_4_name": "Blade Mail", "leaver_status": 0, "leaver_status_description": "finished match, no abandon", "item_1": 190, "kills": 9, "hero_name": "Sand King", "hero_id": 16, "level": 24, "item_0": 1, "gold_per_min": 489, "leaver_status_name": "NONE", "denies": 16, "player_slot": 2, "deaths": 6, "account_id": 16769223, "item_5": 48, "item_3": 116, "item_0_name": "Blink Dagger", "item_3_name": "Black King Bar", "item_2_name": "Aghanim's Scepter", "last_hits": 244, "item_1_name": "Veil of Discord", "xp_per_min": 615}, {"item_5_name": "Town Portal Scroll", "item_2": 116, "assists": 24, "item_4": 127, "item_4_name": "Blade Mail", "leaver_status": 0, "leaver_status_description": "finished match, no abandon", "item_1": 96, "kills": 12, "hero_name": "Queen of Pain", "hero_id": 39, "level": 25, "item_0": 63, "gold_per_min": 488, "leaver_status_name": "NONE", "denies": 13, "player_slot": 3, "deaths": 5, "account_id": 4281729, "item_5": 46, "item_3": 48, "item_0_name": "Power Treads", "item_3_name": "Boots of Travel", "item_2_name": "Black King Bar", "last_hits": 220, "item_1_name": "Scythe of Vyse", "xp_per_min": 666}, {"item_5_name": "Vitality Booster", "item_2": 180, "assists": 12, "item_4": 125, "item_4_name": "Vanguard", "leaver_status": 0, "leaver_status_description": "finished match, no abandon", "item_1": 1, "kills": 4, "hero_name": "Rubick", "hero_id": 86, "level": 18, "item_0": 61, "gold_per_min": 300, "leaver_status_name": "NONE", "denies": 2, "player_slot": 4, "deaths": 8, "account_id": 96873088, "item_5": 61, "item_3": 61, "item_0_name": "Vitality Booster", "item_3_name": "Vitality Booster", "item_2_name": "Arcane Boots", "last_hits": 125, "item_1_name": "Blink Dagger", "xp_per_min": 347}, {"item_5_name": "Power Treads", "item_2": 114, "assists": 15, "item_4": 0, "leaver_status": 1, "leaver_status_description": "player DC, no abandon", "item_1": 65, "kills": 3, "hero_name": "Nature's Prophet", "hero_id": 53, "level": 21, "item_0": 127, "gold_per_min": 446, "leaver_status_name": "DISCONNECTED", "denies": 0, "player_slot": 128, "deaths": 7, "account_id": 89137399, "item_5": 63, "item_3": 108, "item_0_name": "Blade Mail", "item_3_name": "Aghanim's Scepter", "item_2_name": "Heart of Tarrasque", "last_hits": 315, "item_1_name": "Hand of Midas", "xp_per_min": 490}, {"item_5_name": "Bloodstone", "item_2": 116, "assists": 4, "item_4": 29, "item_4_name": "Boots of Speed", "leaver_status": 0, "leaver_status_description": "finished match, no abandon", "item_1": 37, "kills": 7, "hero_name": "Leshrac", "hero_id": 52, "level": 21, "item_0": 36, "gold_per_min": 370, "leaver_status_name": "NONE", "denies": 10, "player_slot": 129, "deaths": 8, "account_id": 88456234, "item_5": 121, "item_3": 0, "item_0_name": "Magic Wand", "item_2_name": "Black King Bar", "last_hits": 236, "item_1_name": "Ghost Scepter", "xp_per_min": 495}, {"item_5_name": "Boots of Travel", "item_2": 119, "assists": 10, "item_4": 178, "item_4_name": "Soul Ring", "leaver_status": 0, "leaver_status_description": "finished match, no abandon", "item_1": 102, "kills": 12, "hero_name": "Tinker", "hero_id": 34, "level": 22, "item_0": 36, "gold_per_min": 430, "leaver_status_name": "NONE", "denies": 6, "player_slot": 130, "deaths": 9, "account_id": 87586992, "item_5": 48, "item_3": 24, "item_0_name": "Magic Wand", "item_3_name": "Ultimate Orb", "item_2_name": "Shiva's Guard", "last_hits": 274, "item_1_name": "Force Staff", "xp_per_min": 521}, {"item_5_name": "Bracer", "item_2": 23, "assists": 7, "item_4": 46, "item_4_name": "Town Portal Scroll", "leaver_status": 1, "leaver_status_description": "player DC, no abandon", "item_1": 180, "kills": 1, "hero_name": "Windranger", "hero_id": 21, "level": 15, "item_0": 34, "gold_per_min": 205, "leaver_status_name": "DISCONNECTED", "denies": 5, "player_slot": 131, "deaths": 9, "account_id": 86802844, "item_5": 73, "item_3": 79, "item_0_name": "Magic Stick", "item_3_name": "Mekansm", "item_2_name": "Staff of Wizardry", "last_hits": 80, "item_1_name": "Arcane Boots", "xp_per_min": 261}, {"item_5_name": "Robe of the Magi", "item_2": 92, "assists": 13, "item_4": 4, "item_4_name": "Chainmail", "leaver_status": 0, "leaver_status_description": "finished match, no abandon", "item_1": 36, "kills": 2, "hero_name": "Tidehunter", "hero_id": 29, "level": 19, "item_0": 29, "gold_per_min": 211, "leaver_status_name": "NONE", "denies": 1, "player_slot": 132, "deaths": 8, "account_id": 86723143, "item_5": 19, "item_3": 131, "item_0_name": "Boots of Speed", "item_3_name": "Hood of Defiance", "item_2_name": "Urn of Shadows", "last_hits": 57, "item_1_name": "Magic Wand", "xp_per_min": 425}], "tower_status_radiant": 1844, "radiant_team_id": 30, "dire_score": 0, "human_players": 10, "match_seq_num": 35101483, "radiant_name": "mTw", "cluster_name": "US West", "radiant_team_complete": 1, "barracks_status_dire": 0, "start_time": 1346042100, "dire_name": "Darer", "first_blood_time": 333, "tower_status_dire": 512, "barracks_status_radiant": 63, "game_mode_name": "Unknown"}