{"tower_status_radiant": 1792, "flags": 0, "radiant_team_complete": 1, "game_mode": 2, "radiant_score": 0, "match_id": 359828522, "lobby_name": "Practice", "dire_logo": 541924293718462159, "pre_game_duration": 0, "radiant_name": "Evil Geniuses", "match_seq_num": 327978315, "dire_team_complete": 0, "start_time": 1382805198, "radiant_win": false, "positive_votes": 120, "leagueid": 97, "duration": 2683, "dire_score": 0, "lobby_type": 1, "cluster": 136, "engine": 0, "barracks_status_dire": 63, "barracks_status_radiant": 49, "cluster_name": "Europe West", "first_blood_time": 128, "radiant_team_id": 39, "radiant_logo": 631980045785959337, "human_players": 10, "game_mode_name": "Captains Mode", "tower_status_dire": 1956, "players": [{"item_2": 92, "assists": 20, "leaver_status": 0, "item_1": 63, "item_0": 1, "item_0_name": "Blink Dagger", "leaver_status_description": "finished match, no abandon", "level": 14, "player_slot": 0, "leaver_status_name": "NONE", "hero_id": 40, "last_hits": 85, "kills": 3, "account_id": 87177591, "item_3_name": "Aghanim's Scepter", "item_4": 0, "item_3": 108, "item_5": 36, "xp_per_min": 260, "item_5_name": "Magic Wand", "hero_name": "Venomancer", "gold_per_min": 280, "deaths": 6, "denies": 2, "item_2_name": "Urn of Shadows", "item_1_name": "Power Treads"}, {"item_2": 208, "assists": 13, "leaver_status": 0, "item_1": 185, "item_0": 151, "item_0_name": "Armlet of Mordiggian", "leaver_status_description": "finished match, no abandon", "level": 19, "player_slot": 1, "leaver_status_name": "NONE", "hero_id": 54, "last_hits": 217, "kills": 8, "account_id": 87360406, "item_3_name": "Monkey King Bar", "item_4": 50, "item_3": 135, "item_4_name": "Phase Boots", "item_5": 46, "xp_per_min": 467, "item_5_name": "Town Portal Scroll", "hero_name": "Lifestealer", "gold_per_min": 450, "deaths": 3, "denies": 14, "item_2_name": "Abyssal Blade", "item_1_name": "Drum of Endurance"}, {"item_2": 0, "assists": 16, "leaver_status": 0, "item_1": 46, "item_0": 73, "item_0_name": "Bracer", "leaver_status_description": "finished match, no abandon", "level": 15, "player_slot": 2, "leaver_status_name": "NONE", "hero_id": 5, "last_hits": 57, "kills": 4, "account_id": 5448108, "item_3_name": "Phase Boots", "item_4": 36, "item_3": 50, "item_4_name": "Magic Wand", "item_5": 21, "xp_per_min": 284, "item_5_name": "Ogre Club", "hero_name": "Crystal Maiden", "gold_per_min": 254, "deaths": 6, "denies": 1, "item_1_name": "Town Portal Scroll"}, {"item_2": 121, "assists": 6, "leaver_status": 0, "item_1": 116, "item_0": 180, "item_0_name": "Arcane Boots", "leaver_status_description": "finished match, no abandon", "level": 22, "player_slot": 3, "leaver_status_name": "NONE", "hero_id": 98, "last_hits": 234, "kills": 9, "account_id": 86726887, "item_3_name": "Town Portal Scroll", "item_4": 41, "item_3": 46, "item_4_name": "Bottle", "item_5": 112, "xp_per_min": 599, "item_5_name": "Assault Cuirass", "hero_name": "Timbersaw", "gold_per_min": 433, "deaths": 6, "denies": 9, "item_2_name": "Bloodstone", "item_1_name": "Black King Bar"}, {"item_2": 119, "assists": 18, "leaver_status": 0, "item_1": 29, "item_0": 60, "item_0_name": "Point Booster", "leaver_status_description": "finished match, no abandon", "level": 17, "player_slot": 4, "leaver_status_name": "NONE", "hero_id": 55, "last_hits": 222, "kills": 3, "account_id": 87276347, "item_3_name": "Mekansm", "item_4": 116, "item_3": 79, "item_4_name": "Black King Bar", "item_5": 178, "xp_per_min": 367, "item_5_name": "Soul Ring", "hero_name": "Dark Seer", "gold_per_min": 383, "deaths": 6, "denies": 0, "item_2_name": "Shiva's Guard", "item_1_name": "Boots of Speed"}, {"item_2": 50, "assists": 16, "leaver_status": 0, "item_1": 147, "item_0": 116, "item_0_name": "Black King Bar", "leaver_status_description": "finished match, no abandon", "level": 25, "player_slot": 128, "leaver_status_name": "NONE", "hero_id": 48, "last_hits": 419, "kills": 6, "account_id": 86750262, "item_3_name": "Aegis of the Immortal", "item_4": 156, "item_3": 117, "item_4_name": "Satanic", "item_5": 139, "xp_per_min": 729, "item_5_name": "Butterfly", "hero_name": "Luna", "gold_per_min": 750, "deaths": 5, "denies": 12, "item_2_name": "Phase Boots", "item_1_name": "Manta Style"}, {"item_2": 46, "assists": 5, "leaver_status": 0, "item_1": 185, "item_0": 0, "leaver_status_description": "finished match, no abandon", "level": 16, "player_slot": 129, "leaver_status_name": "NONE", "hero_id": 62, "last_hits": 80, "kills": 2, "account_id": 86802844, "item_3_name": "Phase Boots", "item_4": 116, "item_3": 50, "item_4_name": "Black King Bar", "item_5": 71, "xp_per_min": 323, "item_5_name": "Poor Man's Shield", "hero_name": "Bounty Hunter", "gold_per_min": 328, "deaths": 6, "denies": 0, "item_2_name": "Town Portal Scroll", "item_1_name": "Drum of Endurance"}, {"item_2": 108, "assists": 13, "leaver_status": 0, "item_1": 46, "item_0": 34, "item_0_name": "Magic Stick", "leaver_status_description": "finished match, no abandon", "level": 16, "player_slot": 130, "leaver_status_name": "NONE", "hero_id": 92, "last_hits": 99, "kills": 10, "account_id": 91064780, "item_3_name": "Medallion of Courage", "item_4": 48, "item_3": 187, "item_4_name": "Boots of Travel", "item_5": 112, "xp_per_min": 312, "item_5_name": "Assault Cuirass", "hero_name": "Visage", "gold_per_min": 390, "deaths": 5, "denies": 6, "item_2_name": "Aghanim's Scepter", "item_1_name": "Town Portal Scroll"}, {"item_2": 79, "assists": 9, "leaver_status": 0, "item_1": 102, "item_0": 180, "item_0_name": "Arcane Boots", "leaver_status_description": "finished match, no abandon", "level": 16, "player_slot": 131, "leaver_status_name": "NONE", "hero_id": 66, "last_hits": 83, "kills": 4, "account_id": 11550182, "item_3_name": "Ghost Scepter", "item_4": 0, "item_3": 37, "item_5": 0, "xp_per_min": 309, "hero_name": "Chen", "gold_per_min": 315, "deaths": 9, "denies": 0, "item_2_name": "Mekansm", "item_1_name": "Force Staff"}, {"item_2": 1, "assists": 18, "leaver_status": 0, "item_1": 63, "item_0": 96, "item_0_name": "Scythe of Vyse", "leaver_status_description": "finished match, no abandon", "level": 21, "player_slot": 132, "leaver_status_name": "NONE", "hero_id": 13, "last_hits": 219, "kills": 5, "account_id": 86725175, "item_3_name": "Shiva's Guard", "item_4": 30, "item_3": 119, "item_4_name": "Gem of True Sight", "item_5": 46, "xp_per_min": 555, "item_5_name": "Town Portal Scroll", "hero_name": "Puck", "gold_per_min": 480, "deaths": 4, "denies": 13, "item_2_name": "Blink Dagger", "item_1_name": "Power Treads"}], "dire_team_id": 46, "picks_bans": [{"order": 0, "is_pick": false, "hero_id": 65, "team": 0}, {"order": 1, "is_pick": false, "hero_id": 31, "team": 1}, {"order": 2, "is_pick": false, "hero_id": 69, "team": 0}, {"order": 3, "is_pick": false, "hero_id": 103, "team": 1}, {"order": 4, "is_pick": true, "hero_id": 98, "team": 0}, {"order": 5, "is_pick": true, "hero_id": 62, "team": 1}, {"order": 6, "is_pick": true, "hero_id": 66, "team": 1}, {"order": 7, "is_pick": true, "hero_id": 54, "team": 0}, {"order": 8, "is_pick": false, "hero_id": 89, "team": 0}, {"order": 9, "is_pick": false, "hero_id": 60, "team": 1}, {"order": 10, "is_pick": false, "hero_id": 3, "team": 0}, {"order": 11, "is_pick": false, "hero_id": 76, "team": 1}, {"order": 12, "is_pick": true, "hero_id": 92, "team": 1}, {"order": 13, "is_pick": true, "hero_id": 5, "team": 0}, {"order": 14, "is_pick": true, "hero_id": 13, "team": 1}, {"order": 15, "is_pick": true, "hero_id": 55, "team": 0}, {"order": 16, "is_pick": false, "hero_id": 86, "team": 1}, {"order": 17, "is_pick": false, "hero_id": 63, "team": 0}, {"order": 18, "is_pick": true, "hero_id": 48, "team": 1}, {"order": 19, "is_pick": true, "hero_id": 40, "team": 0}], "dire_name": "Team Empire", "negative_votes": 6}