{"tower_status_radiant": 518, "flags": 0, "lobby_type": 1, "cluster": 136, "game_mode_name": "Captains Mode", "dire_logo": 0, "engine": 0, "barracks_status_dire": 51, "barracks_status_radiant": 3, "cluster_name": "Europe West", "radiant_score": 0, "match_id": 360245738, "lobby_name": "Practice", "dire_score": 0, "first_blood_time": 20, "human_players": 10, "pre_game_duration": 0, "tower_status_dire": 260, "players": [{"item_2": 127, "assists": 21, "leaver_status": 0, "item_1": 119, "item_0": 121, "item_0_name": "Bloodstone", "leaver_status_description": "finished match, no abandon", "level": 23, "player_slot": 0, "leaver_status_name": "NONE", "hero_id": 98, "last_hits": 155, "kills": 13, "account_id": 91364912, "item_3_name": "Bottle", "item_4": 36, "item_3": 41, "item_4_name": "Magic Wand", "item_5": 29, "xp_per_min": 619, "item_5_name": "Boots of Speed", "hero_name": "Timbersaw", "gold_per_min": 462, "deaths": 10, "denies": 5, "item_2_name": "Blade Mail", "item_1_name": "Shiva's Guard"}, {"item_2": 98, "assists": 19, "leaver_status": 0, "item_1": 36, "item_0": 41, "item_0_name": "Bottle", "leaver_status_description": "finished match, no abandon", "level": 25, "player_slot": 1, "leaver_status_name": "NONE", "hero_id": 17, "last_hits": 229, "kills": 8, "account_id": 41231571, "item_3_name": "Power Treads", "item_4": 121, "item_3": 63, "item_4_name": "Bloodstone", "item_5": 46, "xp_per_min": 687, "item_5_name": "Town Portal Scroll", "hero_name": "Storm Spirit", "gold_per_min": 520, "deaths": 11, "denies": 11, "item_2_name": "Orchid Malevolence", "item_1_name": "Magic Wand"}, {"item_2": 21, "assists": 22, "leaver_status": 0, "item_1": 63, "item_0": 36, "item_0_name": "Magic Wand", "leaver_status_description": "finished match, no abandon", "level": 16, "player_slot": 2, "leaver_status_name": "NONE", "hero_id": 92, "last_hits": 47, "kills": 6, "account_id": 86811043, "item_3_name": "Mekansm", "item_4": 23, "item_3": 79, "item_4_name": "Staff of Wizardry", "item_5": 22, "xp_per_min": 313, "item_5_name": "Blade of Alacrity", "hero_name": "Visage", "gold_per_min": 300, "deaths": 15, "denies": 2, "item_2_name": "Ogre Club", "item_1_name": "Power Treads"}, {"item_2": 168, "assists": 18, "leaver_status": 0, "item_1": 158, "item_0": 32, "item_0_name": "Talisman of Evasion", "leaver_status_description": "finished match, no abandon", "level": 25, "player_slot": 3, "leaver_status_name": "NONE", "hero_id": 44, "last_hits": 307, "kills": 20, "account_id": 101495620, "item_3_name": "Phase Boots", "item_4": 116, "item_3": 50, "item_4_name": "Black King Bar", "item_5": 81, "xp_per_min": 683, "item_5_name": "Vladmir's Offering", "hero_name": "Phantom Assassin", "gold_per_min": 661, "deaths": 8, "denies": 11, "item_2_name": "Desolator", "item_1_name": "Mjollnir"}, {"item_2": 30, "assists": 23, "leaver_status": 0, "item_1": 34, "item_0": 102, "item_0_name": "Force Staff", "leaver_status_description": "finished match, no abandon", "level": 18, "player_slot": 4, "leaver_status_name": "NONE", "hero_id": 88, "last_hits": 32, "kills": 4, "account_id": 19195168, "item_3_name": "Arcane Boots", "item_4": 185, "item_3": 180, "item_4_name": "Drum of Endurance", "item_5": 46, "xp_per_min": 386, "item_5_name": "Town Portal Scroll", "hero_name": "Nyx Assassin", "gold_per_min": 289, "deaths": 13, "denies": 0, "item_2_name": "Gem of True Sight", "item_1_name": "Magic Stick"}, {"item_2": 36, "assists": 9, "leaver_status": 0, "item_1": 123, "item_0": 63, "item_0_name": "Power Treads", "leaver_status_description": "finished match, no abandon", "level": 25, "player_slot": 128, "leaver_status_name": "NONE", "hero_id": 63, "last_hits": 229, "kills": 14, "account_id": 59360853, "item_3_name": "Monkey King Bar", "item_4": 0, "item_3": 135, "item_5": 185, "xp_per_min": 684, "item_5_name": "Drum of Endurance", "hero_name": "Weaver", "gold_per_min": 507, "deaths": 8, "denies": 15, "item_2_name": "Magic Wand", "item_1_name": "Linken's Sphere"}, {"item_2": 60, "assists": 13, "leaver_status": 0, "item_1": 46, "item_0": 1, "item_0_name": "Blink Dagger", "leaver_status_description": "finished match, no abandon", "level": 16, "player_slot": 129, "leaver_status_name": "NONE", "hero_id": 86, "last_hits": 37, "kills": 6, "account_id": 86731061, "item_3_name": "Ghost Scepter", "item_4": 180, "item_3": 37, "item_4_name": "Arcane Boots", "item_5": 21, "xp_per_min": 300, "item_5_name": "Ogre Club", "hero_name": "Rubick", "gold_per_min": 283, "deaths": 11, "denies": 0, "item_2_name": "Point Booster", "item_1_name": "Town Portal Scroll"}, {"item_2": 63, "assists": 27, "leaver_status": 0, "item_1": 9, "item_0": 114, "item_0_name": "Heart of Tarrasque", "leaver_status_description": "finished match, no abandon", "level": 25, "player_slot": 130, "leaver_status_name": "NONE", "hero_id": 99, "last_hits": 280, "kills": 10, "account_id": 85375207, "item_3_name": "Urn of Shadows", "item_4": 112, "item_3": 92, "item_4_name": "Assault Cuirass", "item_5": 154, "xp_per_min": 715, "item_5_name": "Sange and Yasha", "hero_name": "Bristleback", "gold_per_min": 602, "deaths": 13, "denies": 3, "item_2_name": "Power Treads", "item_1_name": "Platemail"}, {"item_2": 180, "assists": 24, "leaver_status": 0, "item_1": 108, "item_0": 46, "item_0_name": "Town Portal Scroll", "leaver_status_description": "finished match, no abandon", "level": 16, "player_slot": 131, "leaver_status_name": "NONE", "hero_id": 40, "last_hits": 65, "kills": 6, "account_id": 88011895, "item_3_name": "Observer Ward", "item_4": 37, "item_3": 42, "item_4_name": "Ghost Scepter", "item_5": 0, "xp_per_min": 291, "hero_name": "Venomancer", "gold_per_min": 314, "deaths": 12, "denies": 0, "item_2_name": "Arcane Boots", "item_1_name": "Aghanim's Scepter"}, {"item_2": 108, "assists": 20, "leaver_status": 0, "item_1": 63, "item_0": 41, "item_0_name": "Bottle", "leaver_status_description": "finished match, no abandon", "level": 24, "player_slot": 132, "leaver_status_name": "NONE", "hero_id": 51, "last_hits": 93, "kills": 17, "account_id": 92104713, "item_3_name": "Black King Bar", "item_4": 0, "item_3": 116, "item_5": 127, "xp_per_min": 672, "item_5_name": "Blade Mail", "hero_name": "Clockwerk", "gold_per_min": 425, "deaths": 7, "denies": 0, "item_2_name": "Aghanim's Scepter", "item_1_name": "Power Treads"}], "match_seq_num": 328344200, "dire_team_id": 1085755, "dire_team_complete": 0, "start_time": 1382828777, "picks_bans": [{"order": 0, "is_pick": false, "hero_id": 31, "team": 0}, {"order": 1, "is_pick": false, "hero_id": 89, "team": 1}, {"order": 2, "is_pick": false, "hero_id": 76, "team": 0}, {"order": 3, "is_pick": false, "hero_id": 103, "team": 1}, {"order": 4, "is_pick": true, "hero_id": 92, "team": 0}, {"order": 5, "is_pick": true, "hero_id": 51, "team": 1}, {"order": 6, "is_pick": true, "hero_id": 40, "team": 1}, {"order": 7, "is_pick": true, "hero_id": 98, "team": 0}, {"order": 8, "is_pick": false, "hero_id": 47, "team": 0}, {"order": 9, "is_pick": false, "hero_id": 48, "team": 1}, {"order": 10, "is_pick": false, "hero_id": 60, "team": 0}, {"order": 11, "is_pick": false, "hero_id": 72, "team": 1}, {"order": 12, "is_pick": true, "hero_id": 63, "team": 1}, {"order": 13, "is_pick": true, "hero_id": 88, "team": 0}, {"order": 14, "is_pick": true, "hero_id": 86, "team": 1}, {"order": 15, "is_pick": true, "hero_id": 44, "team": 0}, {"order": 16, "is_pick": false, "hero_id": 13, "team": 1}, {"order": 17, "is_pick": false, "hero_id": 39, "team": 0}, {"order": 18, "is_pick": true, "hero_id": 99, "team": 1}, {"order": 19, "is_pick": true, "hero_id": 17, "team": 0}], "radiant_win": true, "positive_votes": 13, "leagueid": 108, "game_mode": 2, "dire_name": "Cela i drugari", "duration": 2843, "negative_votes": 1}