{"duration": 1762, "radiant_logo": 540680885227208923, "leagueid": 65001, "game_mode": 0, "radiant_score": 0, "positive_votes": 1111, "lobby_type": 1, "lobby_name": "Practice", "radiant_win": true, "engine": 0, "pre_game_duration": 0, "match_id": 36287292, "dire_team_complete": 1, "dire_team_id": 4, "flags": 0, "dire_logo": 52122954231169668, "cluster": 111, "negative_votes": 111, "players": [{"item_5_name": "Smoke of Deceit", "item_2": 0, "assists": 8, "item_4": 30, "item_4_name": "Gem of True Sight", "leaver_status": 0, "leaver_status_description": "finished match, no abandon", "item_1": 180, "kills": 4, "hero_name": "Chen", "hero_id": 66, "level": 14, "item_0": 46, "gold_per_min": 331, "leaver_status_name": "NONE", "denies": 2, "player_slot": 0, "deaths": 0, "account_id": 89330493, "item_5": 188, "item_3": 79, "item_0_name": "Town Portal Scroll", "item_3_name": "Mekansm", "last_hits": 71, "item_1_name": "Arcane Boots", "xp_per_min": 376}, {"item_2": 63, "assists": 3, "item_4": 46, "item_4_name": "Town Portal Scroll", "leaver_status": 1, "leaver_status_description": "player DC, no abandon", "item_1": 147, "kills": 6, "hero_name": "Broodmother", "hero_id": 61, "level": 18, "item_0": 98, "gold_per_min": 604, "leaver_status_name": "DISCONNECTED", "denies": 6, "player_slot": 1, "deaths": 3, "account_id": 89871557, "item_5": 0, "item_3": 178, "item_0_name": "Orchid Malevolence", "item_3_name": "Soul Ring", "item_2_name": "Power Treads", "last_hits": 234, "item_1_name": "Manta Style", "xp_per_min": 631}, {"item_5_name": "Iron Branch", "item_2": 63, "assists": 6, "item_4": 121, "item_4_name": "Bloodstone", "leaver_status": 0, "leaver_status_description": "finished match, no abandon", "item_1": 46, "kills": 5, "hero_name": "Leshrac", "hero_id": 52, "level": 15, "item_0": 96, "gold_per_min": 571, "leaver_status_name": "NONE", "denies": 28, "player_slot": 2, "deaths": 4, "account_id": 94362277, "item_5": 16, "item_3": 20, "item_0_name": "Scythe of Vyse", "item_3_name": "Circlet", "item_2_name": "Power Treads", "last_hits": 192, "item_1_name": "Town Portal Scroll", "xp_per_min": 428}, {"item_5_name": "Observer Ward", "item_2": 73, "assists": 6, "item_4": 29, "item_4_name": "Boots of Speed", "leaver_status": 1, "leaver_status_description": "player DC, no abandon", "item_1": 36, "kills": 6, "hero_name": "Sand King", "hero_id": 16, "level": 13, "item_0": 1, "gold_per_min": 279, "leaver_status_name": "DISCONNECTED", "denies": 4, "player_slot": 3, "deaths": 2, "account_id": 93670407, "item_5": 42, "item_3": 46, "item_0_name": "Blink Dagger", "item_3_name": "Town Portal Scroll", "item_2_name": "Bracer", "last_hits": 13, "item_1_name": "Magic Wand", "xp_per_min": 312}, {"item_5_name": "Vitality Booster", "item_2": 180, "assists": 14, "item_4": 46, "item_4_name": "Town Portal Scroll", "leaver_status": 0, "leaver_status_description": "finished match, no abandon", "item_1": 36, "kills": 0, "hero_name": "Tidehunter", "hero_id": 29, "level": 16, "item_0": 90, "gold_per_min": 353, "leaver_status_name": "NONE", "denies": 3, "player_slot": 4, "deaths": 0, "account_id": 86762037, "item_5": 61, "item_3": 41, "item_0_name": "Pipe of Insight", "item_3_name": "Bottle", "item_2_name": "Arcane Boots", "last_hits": 83, "item_1_name": "Magic Wand", "xp_per_min": 482}, {"item_5_name": "Town Portal Scroll", "item_2": 29, "assists": 7, "item_4": 0, "leaver_status": 1, "leaver_status_description": "player DC, no abandon", "item_1": 42, "kills": 2, "hero_name": "Shadow Demon", "hero_id": 79, "level": 10, "item_0": 36, "gold_per_min": 138, "leaver_status_name": "DISCONNECTED", "denies": 2, "player_slot": 128, "deaths": 4, "account_id": 89399750, "item_5": 46, "item_3": 43, "item_0_name": "Magic Wand", "item_3_name": "Sentry Ward", "item_2_name": "Boots of Speed", "last_hits": 15, "item_1_name": "Observer Ward", "xp_per_min": 211}, {"item_5_name": "Null Talisman", "item_2": 0, "assists": 4, "item_4": 36, "item_4_name": "Magic Wand", "leaver_status": 1, "leaver_status_description": "player DC, no abandon", "item_1": 21, "kills": 2, "hero_name": "Storm Spirit", "hero_id": 17, "level": 13, "item_0": 41, "gold_per_min": 211, "leaver_status_name": "DISCONNECTED", "denies": 3, "player_slot": 129, "deaths": 4, "account_id": 89427480, "item_5": 77, "item_3": 63, "item_0_name": "Bottle", "item_3_name": "Power Treads", "last_hits": 78, "item_1_name": "Ogre Club", "xp_per_min": 320}, {"item_5_name": "Bracer", "item_2": 42, "assists": 5, "item_4": 73, "item_4_name": "Bracer", "leaver_status": 1, "leaver_status_description": "player DC, no abandon", "item_1": 88, "kills": 0, "hero_name": "Enchantress", "hero_id": 58, "level": 10, "item_0": 29, "gold_per_min": 164, "leaver_status_name": "DISCONNECTED", "denies": 1, "player_slot": 130, "deaths": 5, "account_id": 89230834, "item_5": 73, "item_3": 36, "item_0_name": "Boots of Speed", "item_3_name": "Magic Wand", "item_2_name": "Observer Ward", "last_hits": 72, "item_1_name": "Ring of Basilius", "xp_per_min": 217}, {"item_5_name": "Ghost Scepter", "item_2": 36, "assists": 4, "item_4": 63, "item_4_name": "Power Treads", "leaver_status": 0, "leaver_status_description": "finished match, no abandon", "item_1": 69, "kills": 3, "hero_name": "Morphling", "hero_id": 10, "level": 15, "item_0": 41, "gold_per_min": 315, "leaver_status_name": "NONE", "denies": 6, "player_slot": 131, "deaths": 5, "account_id": 89423756, "item_5": 37, "item_3": 46, "item_0_name": "Bottle", "item_3_name": "Town Portal Scroll", "item_2_name": "Magic Wand", "last_hits": 156, "item_1_name": "Perseverance", "xp_per_min": 443}, {"item_5_name": "Magic Wand", "item_2": 63, "assists": 6, "item_4": 24, "item_4_name": "Ultimate Orb", "leaver_status": 0, "leaver_status_description": "finished match, no abandon", "item_1": 65, "kills": 1, "hero_name": "Invoker", "hero_id": 74, "level": 14, "item_0": 102, "gold_per_min": 329, "leaver_status_name": "NONE", "denies": 44, "player_slot": 132, "deaths": 3, "account_id": 89407113, "item_5": 36, "item_3": 46, "item_0_name": "Force Staff", "item_3_name": "Town Portal Scroll", "item_2_name": "Power Treads", "last_hits": 132, "item_1_name": "Hand of Midas", "xp_per_min": 363}], "tower_status_radiant": 2047, "radiant_team_id": 42, "dire_score": 0, "human_players": 10, "match_seq_num": 35430740, "radiant_name": "Orange E-Sports", "cluster_name": "US West", "radiant_team_complete": 1, "barracks_status_dire": 48, "start_time": 1346181395, "dire_name": "EHOME", "first_blood_time": 196, "tower_status_dire": 0, "barracks_status_radiant": 63, "game_mode_name": "Unknown"}