{"tower_status_radiant": 2047, "flags": 0, "lobby_type": 1, "cluster": 136, "game_mode_name": "Captains Mode", "engine": 0, "barracks_status_dire": 63, "barracks_status_radiant": 63, "cluster_name": "Europe West", "radiant_score": 0, "match_id": 364050261, "lobby_name": "Practice", "dire_score": 0, "first_blood_time": 0, "radiant_team_id": 826752, "radiant_logo": 631913746686205669, "human_players": 10, "pre_game_duration": 0, "radiant_team_complete": 0, "tower_status_dire": 1974, "players": [{"item_2": 0, "assists": 8, "leaver_status": 0, "item_1": 0, "item_0": 41, "item_0_name": "Bottle", "leaver_status_description": "finished match, no abandon", "level": 11, "player_slot": 0, "leaver_status_name": "NONE", "hero_id": 103, "last_hits": 68, "kills": 0, "account_id": 86870856, "item_3_name": "Magic Stick", "item_4": 180, "item_3": 34, "item_4_name": "Arcane Boots", "item_5": 182, "xp_per_min": 410, "item_5_name": "Stout Shield", "hero_name": "Elder Titan", "gold_per_min": 375, "deaths": 5, "denies": 0}, {"item_2": 34, "assists": 7, "leaver_status": 0, "item_1": 46, "item_0": 170, "item_0_name": "Yasha", "leaver_status_description": "finished match, no abandon", "level": 10, "player_slot": 1, "leaver_status_name": "NONE", "hero_id": 9, "last_hits": 72, "kills": 2, "account_id": 98018029, "item_3_name": "Drum of Endurance", "item_4": 88, "item_3": 185, "item_4_name": "Ring of Basilius", "item_5": 50, "xp_per_min": 343, "item_5_name": "Phase Boots", "hero_name": "Mirana", "gold_per_min": 411, "deaths": 0, "denies": 8, "item_2_name": "Magic Stick", "item_1_name": "Town Portal Scroll"}, {"item_2": 46, "assists": 3, "leaver_status": 0, "item_1": 63, "item_0": 98, "item_0_name": "Orchid Malevolence", "leaver_status_description": "finished match, no abandon", "level": 13, "player_slot": 2, "leaver_status_name": "NONE", "hero_id": 56, "last_hits": 65, "kills": 10, "account_id": 86725175, "item_3_name": "Bottle", "item_4": 75, "item_3": 41, "item_4_name": "Wraith Band", "item_5": 0, "xp_per_min": 565, "hero_name": "Clinkz", "gold_per_min": 495, "deaths": 0, "denies": 5, "item_2_name": "Town Portal Scroll", "item_1_name": "Power Treads"}, {"item_2": 63, "assists": 3, "leaver_status": 0, "item_1": 46, "item_0": 187, "item_0_name": "Medallion of Courage", "leaver_status_description": "finished match, no abandon", "level": 9, "player_slot": 3, "leaver_status_name": "NONE", "hero_id": 79, "last_hits": 8, "kills": 6, "account_id": 113316122, "item_3_name": "Magic Wand", "item_4": 0, "item_3": 36, "item_5": 43, "xp_per_min": 286, "item_5_name": "Sentry Ward", "hero_name": "Shadow Demon", "gold_per_min": 285, "deaths": 1, "denies": 2, "item_2_name": "Power Treads", "item_1_name": "Town Portal Scroll"}, {"item_2": 46, "assists": 12, "leaver_status": 0, "item_1": 34, "item_0": 79, "item_0_name": "Mekansm", "leaver_status_description": "finished match, no abandon", "level": 10, "player_slot": 4, "leaver_status_name": "NONE", "hero_id": 85, "last_hits": 17, "kills": 4, "account_id": 49711312, "item_3_name": "Arcane Boots", "item_4": 0, "item_3": 180, "item_5": 0, "xp_per_min": 340, "hero_name": "Undying", "gold_per_min": 307, "deaths": 0, "denies": 4, "item_2_name": "Town Portal Scroll", "item_1_name": "Magic Stick"}, {"item_2": 63, "assists": 1, "leaver_status": 1, "item_1": 16, "item_0": 0, "leaver_status_description": "player DC, no abandon", "level": 10, "player_slot": 128, "leaver_status_name": "DISCONNECTED", "hero_id": 13, "last_hits": 56, "kills": 2, "account_id": 151776657, "item_3_name": "Null Talisman", "item_4": 37, "item_3": 77, "item_4_name": "Ghost Scepter", "item_5": 41, "xp_per_min": 340, "item_5_name": "Bottle", "hero_name": "Puck", "gold_per_min": 286, "deaths": 2, "denies": 9, "item_2_name": "Power Treads", "item_1_name": "Iron Branch"}, {"item_2": 36, "assists": 0, "leaver_status": 0, "item_1": 29, "item_0": 46, "item_0_name": "Town Portal Scroll", "leaver_status_description": "finished match, no abandon", "level": 8, "player_slot": 129, "leaver_status_name": "NONE", "hero_id": 51, "last_hits": 30, "kills": 1, "account_id": 89782335, "item_3_name": "Bottle", "item_4": 182, "item_3": 41, "item_4_name": "Stout Shield", "item_5": 40, "xp_per_min": 222, "item_5_name": "Dust of Appearance", "hero_name": "Clockwerk", "gold_per_min": 205, "deaths": 6, "denies": 8, "item_2_name": "Magic Wand", "item_1_name": "Boots of Speed"}, {"item_2": 0, "assists": 1, "leaver_status": 0, "item_1": 29, "item_0": 34, "item_0_name": "Magic Stick", "leaver_status_description": "finished match, no abandon", "level": 6, "player_slot": 130, "leaver_status_name": "NONE", "hero_id": 86, "last_hits": 18, "kills": 0, "account_id": 59780391, "item_3_name": "Iron Branch", "item_4": 42, "item_3": 16, "item_4_name": "Observer Ward", "item_5": 16, "xp_per_min": 129, "item_5_name": "Iron Branch", "hero_name": "Rubick", "gold_per_min": 144, "deaths": 5, "denies": 0, "item_1_name": "Boots of Speed"}, {"item_2": 46, "assists": 1, "leaver_status": 0, "item_1": 75, "item_0": 34, "item_0_name": "Magic Stick", "leaver_status_description": "finished match, no abandon", "level": 11, "player_slot": 131, "leaver_status_name": "NONE", "hero_id": 63, "last_hits": 65, "kills": 2, "account_id": 87586992, "item_4": 69, "item_3": 0, "item_4_name": "Perseverance", "item_5": 63, "xp_per_min": 393, "item_5_name": "Power Treads", "hero_name": "Weaver", "gold_per_min": 306, "deaths": 5, "denies": 5, "item_2_name": "Town Portal Scroll", "item_1_name": "Wraith Band"}, {"item_2": 46, "assists": 2, "leaver_status": 0, "item_1": 0, "item_0": 30, "item_0_name": "Gem of True Sight", "leaver_status_description": "finished match, no abandon", "level": 7, "player_slot": 132, "leaver_status_name": "NONE", "hero_id": 66, "last_hits": 35, "kills": 0, "account_id": 70388657, "item_4": 0, "item_3": 0, "item_5": 29, "xp_per_min": 166, "item_5_name": "Boots of Speed", "hero_name": "Chen", "gold_per_min": 157, "deaths": 4, "denies": 1, "item_2_name": "Town Portal Scroll"}], "radiant_name": "CAINA VAIVAIEF", "match_seq_num": 331821706, "start_time": 1383088061, "picks_bans": [{"order": 0, "is_pick": false, "hero_id": 31, "team": 0}, {"order": 1, "is_pick": false, "hero_id": 82, "team": 1}, {"order": 2, "is_pick": false, "hero_id": 45, "team": 0}, {"order": 3, "is_pick": false, "hero_id": 94, "team": 1}, {"order": 4, "is_pick": true, "hero_id": 103, "team": 0}, {"order": 5, "is_pick": true, "hero_id": 51, "team": 1}, {"order": 6, "is_pick": true, "hero_id": 63, "team": 1}, {"order": 7, "is_pick": true, "hero_id": 79, "team": 0}, {"order": 8, "is_pick": false, "hero_id": 5, "team": 0}, {"order": 9, "is_pick": false, "hero_id": 25, "team": 1}, {"order": 10, "is_pick": false, "hero_id": 88, "team": 0}, {"order": 11, "is_pick": false, "hero_id": 52, "team": 1}, {"order": 12, "is_pick": true, "hero_id": 86, "team": 1}, {"order": 13, "is_pick": true, "hero_id": 9, "team": 0}, {"order": 14, "is_pick": true, "hero_id": 13, "team": 1}, {"order": 15, "is_pick": true, "hero_id": 85, "team": 0}, {"order": 16, "is_pick": false, "hero_id": 101, "team": 1}, {"order": 17, "is_pick": false, "hero_id": 7, "team": 0}, {"order": 18, "is_pick": true, "hero_id": 66, "team": 1}, {"order": 19, "is_pick": true, "hero_id": 56, "team": 0}], "radiant_win": true, "positive_votes": 1, "leagueid": 108, "game_mode": 2, "duration": 1041, "negative_votes": 1}