{"tower_status_radiant": 1828, "flags": 0, "lobby_type": 1, "cluster": 181, "game_mode_name": "Captains Mode", "engine": 0, "barracks_status_dire": 0, "barracks_status_radiant": 63, "cluster_name": "Russia", "radiant_score": 0, "match_id": 364061396, "lobby_name": "Practice", "dire_score": 0, "first_blood_time": 0, "human_players": 10, "pre_game_duration": 0, "tower_status_dire": 0, "players": [{"item_2": 58, "assists": 22, "leaver_status": 0, "item_1": 102, "item_0": 58, "item_0_name": "Mystic Staff", "leaver_status_description": "finished match, no abandon", "level": 25, "player_slot": 0, "leaver_status_name": "NONE", "hero_id": 76, "last_hits": 213, "kills": 7, "account_id": 70388657, "item_3_name": "Black King Bar", "item_4": 96, "item_3": 116, "item_4_name": "Scythe of Vyse", "item_5": 63, "xp_per_min": 611, "item_5_name": "Power Treads", "hero_name": "Outworld Devourer", "gold_per_min": 491, "deaths": 10, "denies": 60, "item_2_name": "Mystic Staff", "item_1_name": "Force Staff"}, {"item_2": 79, "assists": 18, "leaver_status": 0, "item_1": 48, "item_0": 116, "item_0_name": "Black King Bar", "leaver_status_description": "finished match, no abandon", "level": 23, "player_slot": 1, "leaver_status_name": "NONE", "hero_id": 31, "last_hits": 131, "kills": 15, "account_id": 151776657, "item_3_name": "Aghanim's Scepter", "item_4": 102, "item_3": 108, "item_4_name": "Force Staff", "item_5": 0, "xp_per_min": 545, "hero_name": "Lich", "gold_per_min": 419, "deaths": 10, "denies": 7, "item_2_name": "Mekansm", "item_1_name": "Boots of Travel"}, {"item_2": 48, "assists": 21, "leaver_status": 0, "item_1": 108, "item_0": 1, "item_0_name": "Blink Dagger", "leaver_status_description": "finished match, no abandon", "level": 23, "player_slot": 2, "leaver_status_name": "NONE", "hero_id": 33, "last_hits": 263, "kills": 9, "account_id": 89782335, "item_3_name": "Hand of Midas", "item_4": 116, "item_3": 65, "item_4_name": "Black King Bar", "item_5": 110, "xp_per_min": 526, "item_5_name": "Refresher Orb", "hero_name": "Enigma", "gold_per_min": 517, "deaths": 10, "denies": 11, "item_2_name": "Boots of Travel", "item_1_name": "Aghanim's Scepter"}, {"item_2": 108, "assists": 28, "leaver_status": 0, "item_1": 63, "item_0": 36, "item_0_name": "Magic Wand", "leaver_status_description": "finished match, no abandon", "level": 19, "player_slot": 3, "leaver_status_name": "NONE", "hero_id": 40, "last_hits": 94, "kills": 9, "account_id": 59780391, "item_3_name": "Pipe of Insight", "item_4": 190, "item_3": 90, "item_4_name": "Veil of Discord", "item_5": 37, "xp_per_min": 359, "item_5_name": "Ghost Scepter", "hero_name": "Venomancer", "gold_per_min": 366, "deaths": 12, "denies": 3, "item_2_name": "Aghanim's Scepter", "item_1_name": "Power Treads"}, {"item_2": 119, "assists": 24, "leaver_status": 0, "item_1": 110, "item_0": 48, "item_0_name": "Boots of Travel", "leaver_status_description": "finished match, no abandon", "level": 25, "player_slot": 4, "leaver_status_name": "NONE", "hero_id": 69, "last_hits": 263, "kills": 12, "account_id": 89625472, "item_3_name": "Black King Bar", "item_4": 114, "item_3": 116, "item_4_name": "Heart of Tarrasque", "item_5": 0, "xp_per_min": 608, "hero_name": "Doom", "gold_per_min": 605, "deaths": 7, "denies": 16, "item_2_name": "Shiva's Guard", "item_1_name": "Refresher Orb"}, {"item_2": 0, "assists": 20, "leaver_status": 0, "item_1": 112, "item_0": 63, "item_0_name": "Power Treads", "leaver_status_description": "finished match, no abandon", "level": 25, "player_slot": 128, "leaver_status_name": "NONE", "hero_id": 99, "last_hits": 230, "kills": 11, "account_id": 124049453, "item_3_name": "Drum of Endurance", "item_4": 114, "item_3": 185, "item_4_name": "Heart of Tarrasque", "item_5": 32, "xp_per_min": 608, "item_5_name": "Talisman of Evasion", "hero_name": "Bristleback", "gold_per_min": 468, "deaths": 8, "denies": 7, "item_1_name": "Assault Cuirass"}, {"item_2": 79, "assists": 13, "leaver_status": 0, "item_1": 194, "item_0": 63, "item_0_name": "Power Treads", "leaver_status_description": "finished match, no abandon", "level": 21, "player_slot": 129, "leaver_status_name": "NONE", "hero_id": 45, "last_hits": 176, "kills": 4, "account_id": 129340473, "item_3_name": "Magic Wand", "item_4": 46, "item_3": 36, "item_4_name": "Town Portal Scroll", "item_5": 21, "xp_per_min": 456, "item_5_name": "Ogre Club", "hero_name": "Pugna", "gold_per_min": 342, "deaths": 13, "denies": 3, "item_2_name": "Mekansm", "item_1_name": "Necronomicon"}, {"item_2": 92, "assists": 12, "leaver_status": 0, "item_1": 37, "item_0": 36, "item_0_name": "Magic Wand", "leaver_status_description": "finished match, no abandon", "level": 20, "player_slot": 130, "leaver_status_name": "NONE", "hero_id": 29, "last_hits": 71, "kills": 9, "account_id": 35504297, "item_3_name": "Blink Dagger", "item_4": 102, "item_3": 1, "item_4_name": "Force Staff", "item_5": 180, "xp_per_min": 394, "item_5_name": "Arcane Boots", "hero_name": "Tidehunter", "gold_per_min": 289, "deaths": 13, "denies": 1, "item_2_name": "Urn of Shadows", "item_1_name": "Ghost Scepter"}, {"item_2": 116, "assists": 24, "leaver_status": 0, "item_1": 36, "item_0": 102, "item_0_name": "Force Staff", "leaver_status_description": "finished match, no abandon", "level": 20, "player_slot": 131, "leaver_status_name": "NONE", "hero_id": 5, "last_hits": 74, "kills": 4, "account_id": 105939162, "item_3_name": "Power Treads", "item_4": 73, "item_3": 63, "item_4_name": "Bracer", "item_5": 73, "xp_per_min": 392, "item_5_name": "Bracer", "hero_name": "Crystal Maiden", "gold_per_min": 269, "deaths": 11, "denies": 1, "item_2_name": "Black King Bar", "item_1_name": "Magic Wand"}, {"item_2": 63, "assists": 14, "leaver_status": 0, "item_1": 96, "item_0": 123, "item_0_name": "Linken's Sphere", "leaver_status_description": "finished match, no abandon", "level": 25, "player_slot": 132, "leaver_status_name": "NONE", "hero_id": 39, "last_hits": 337, "kills": 18, "account_id": 85375207, "item_3_name": "Necronomicon", "item_4": 37, "item_3": 194, "item_4_name": "Ghost Scepter", "item_5": 166, "xp_per_min": 616, "item_5_name": "Maelstrom", "hero_name": "Queen of Pain", "gold_per_min": 538, "deaths": 8, "denies": 9, "item_2_name": "Power Treads", "item_1_name": "Scythe of Vyse"}], "match_seq_num": 331838325, "start_time": 1383091675, "picks_bans": [{"order": 0, "is_pick": false, "hero_id": 51, "team": 0}, {"order": 1, "is_pick": false, "hero_id": 63, "team": 1}, {"order": 2, "is_pick": false, "hero_id": 103, "team": 0}, {"order": 3, "is_pick": false, "hero_id": 102, "team": 1}, {"order": 4, "is_pick": true, "hero_id": 31, "team": 0}, {"order": 5, "is_pick": true, "hero_id": 5, "team": 1}, {"order": 6, "is_pick": true, "hero_id": 39, "team": 1}, {"order": 7, "is_pick": true, "hero_id": 40, "team": 0}, {"order": 8, "is_pick": false, "hero_id": 47, "team": 0}, {"order": 9, "is_pick": false, "hero_id": 54, "team": 1}, {"order": 10, "is_pick": false, "hero_id": 7, "team": 0}, {"order": 11, "is_pick": false, "hero_id": 15, "team": 1}, {"order": 12, "is_pick": true, "hero_id": 99, "team": 1}, {"order": 13, "is_pick": true, "hero_id": 69, "team": 0}, {"order": 14, "is_pick": true, "hero_id": 45, "team": 1}, {"order": 15, "is_pick": true, "hero_id": 76, "team": 0}, {"order": 16, "is_pick": false, "hero_id": 67, "team": 1}, {"order": 17, "is_pick": false, "hero_id": 88, "team": 0}, {"order": 18, "is_pick": true, "hero_id": 29, "team": 1}, {"order": 19, "is_pick": true, "hero_id": 33, "team": 0}], "radiant_win": true, "positive_votes": 19, "leagueid": 108, "game_mode": 2, "duration": 3199, "negative_votes": 6}