{"tower_status_radiant": 1974, "flags": 0, "radiant_team_complete": 0, "game_mode": 2, "radiant_score": 0, "match_id": 364477162, "lobby_name": "Practice", "dire_logo": 558736503122018684, "pre_game_duration": 0, "radiant_name": "Team Subvert", "match_seq_num": 332212632, "dire_team_complete": 1, "start_time": 1383132095, "radiant_win": false, "positive_votes": 18, "leagueid": 91, "duration": 1761, "dire_score": 0, "lobby_type": 1, "cluster": 222, "engine": 0, "barracks_status_dire": 63, "barracks_status_radiant": 63, "cluster_name": "China", "first_blood_time": 271, "radiant_team_id": 795155, "radiant_logo": 828953209046696655, "human_players": 10, "game_mode_name": "Captains Mode", "tower_status_dire": 1974, "players": [{"item_2": 92, "assists": 4, "leaver_status": 0, "item_1": 36, "item_0": 193, "item_0_name": "Necronomicon", "leaver_status_description": "finished match, no abandon", "level": 11, "player_slot": 0, "leaver_status_name": "NONE", "hero_id": 40, "last_hits": 99, "kills": 1, "account_id": 134276083, "item_3_name": "Boots of Speed", "item_4": 46, "item_3": 29, "item_4_name": "Town Portal Scroll", "item_5": 88, "xp_per_min": 274, "item_5_name": "Ring of Basilius", "hero_name": "Venomancer", "gold_per_min": 287, "deaths": 4, "denies": 3, "item_2_name": "Urn of Shadows", "item_1_name": "Magic Wand"}, {"item_2": 46, "assists": 2, "leaver_status": 0, "item_1": 214, "item_0": 73, "item_0_name": "Bracer", "leaver_status_description": "finished match, no abandon", "level": 10, "player_slot": 1, "leaver_status_name": "NONE", "hero_id": 86, "last_hits": 36, "kills": 2, "account_id": 106255438, "item_3_name": "Magic Wand", "item_4": 23, "item_3": 36, "item_4_name": "Staff of Wizardry", "item_5": 188, "xp_per_min": 198, "item_5_name": "Smoke of Deceit", "hero_name": "Rubick", "gold_per_min": 206, "deaths": 4, "denies": 3, "item_2_name": "Town Portal Scroll", "item_1_name": "Tranquil Boots"}, {"item_2": 36, "assists": 1, "leaver_status": 0, "item_1": 50, "item_0": 88, "item_0_name": "Ring of Basilius", "leaver_status_description": "finished match, no abandon", "level": 13, "player_slot": 2, "leaver_status_name": "NONE", "hero_id": 72, "last_hits": 151, "kills": 2, "account_id": 133138436, "item_3_name": "Black King Bar", "item_4": 46, "item_3": 116, "item_4_name": "Town Portal Scroll", "item_5": 51, "xp_per_min": 344, "item_5_name": "Demon Edge", "hero_name": "Gyrocopter", "gold_per_min": 417, "deaths": 5, "denies": 14, "item_2_name": "Magic Wand", "item_1_name": "Phase Boots"}, {"item_2": 79, "assists": 3, "leaver_status": 0, "item_1": 34, "item_0": 41, "item_0_name": "Bottle", "leaver_status_description": "finished match, no abandon", "level": 12, "player_slot": 3, "leaver_status_name": "NONE", "hero_id": 38, "last_hits": 72, "kills": 0, "account_id": 138885864, "item_3_name": "Arcane Boots", "item_4": 23, "item_3": 180, "item_4_name": "Staff of Wizardry", "item_5": 46, "xp_per_min": 289, "item_5_name": "Town Portal Scroll", "hero_name": "Beastmaster", "gold_per_min": 262, "deaths": 5, "denies": 2, "item_2_name": "Mekansm", "item_1_name": "Magic Stick"}, {"item_2": 46, "assists": 2, "leaver_status": 0, "item_1": 92, "item_0": 34, "item_0_name": "Magic Stick", "leaver_status_description": "finished match, no abandon", "level": 11, "player_slot": 4, "leaver_status_name": "NONE", "hero_id": 92, "last_hits": 16, "kills": 3, "account_id": 96038942, "item_4": 16, "item_3": 0, "item_4_name": "Iron Branch", "item_5": 180, "xp_per_min": 204, "item_5_name": "Arcane Boots", "hero_name": "Visage", "gold_per_min": 183, "deaths": 4, "denies": 2, "item_2_name": "Town Portal Scroll", "item_1_name": "Urn of Shadows"}, {"item_2": 188, "assists": 6, "leaver_status": 0, "item_1": 178, "item_0": 0, "leaver_status_description": "finished match, no abandon", "level": 10, "player_slot": 128, "leaver_status_name": "NONE", "hero_id": 7, "last_hits": 26, "kills": 0, "account_id": 103039499, "item_3_name": "Urn of Shadows", "item_4": 41, "item_3": 92, "item_4_name": "Bottle", "item_5": 180, "xp_per_min": 197, "item_5_name": "Arcane Boots", "hero_name": "Earthshaker", "gold_per_min": 177, "deaths": 2, "denies": 1, "item_2_name": "Smoke of Deceit", "item_1_name": "Soul Ring"}, {"item_2": 102, "assists": 10, "leaver_status": 0, "item_1": 63, "item_0": 36, "item_0_name": "Magic Wand", "leaver_status_description": "finished match, no abandon", "level": 16, "player_slot": 129, "leaver_status_name": "NONE", "hero_id": 68, "last_hits": 153, "kills": 7, "account_id": 113055496, "item_3_name": "Ultimate Orb", "item_4": 77, "item_3": 24, "item_4_name": "Null Talisman", "item_5": 108, "xp_per_min": 505, "item_5_name": "Aghanim's Scepter", "hero_name": "Ancient Apparition", "gold_per_min": 459, "deaths": 1, "denies": 39, "item_2_name": "Force Staff", "item_1_name": "Power Treads"}, {"item_2": 116, "assists": 13, "leaver_status": 0, "item_1": 1, "item_0": 41, "item_0_name": "Bottle", "leaver_status_description": "finished match, no abandon", "level": 16, "player_slot": 130, "leaver_status_name": "NONE", "hero_id": 65, "last_hits": 153, "kills": 0, "account_id": 111291593, "item_3_name": "Gem of True Sight", "item_4": 16, "item_3": 30, "item_4_name": "Iron Branch", "item_5": 29, "xp_per_min": 480, "item_5_name": "Boots of Speed", "hero_name": "Batrider", "gold_per_min": 377, "deaths": 3, "denies": 1, "item_2_name": "Black King Bar", "item_1_name": "Blink Dagger"}, {"item_2": 117, "assists": 6, "leaver_status": 0, "item_1": 123, "item_0": 36, "item_0_name": "Magic Wand", "leaver_status_description": "finished match, no abandon", "level": 21, "player_slot": 131, "leaver_status_name": "NONE", "hero_id": 63, "last_hits": 179, "kills": 10, "account_id": 117199412, "item_3_name": "Desolator", "item_4": 65, "item_3": 168, "item_4_name": "Hand of Midas", "item_5": 63, "xp_per_min": 783, "item_5_name": "Power Treads", "hero_name": "Weaver", "gold_per_min": 564, "deaths": 0, "denies": 13, "item_2_name": "Aegis of the Immortal", "item_1_name": "Linken's Sphere"}, {"item_2": 65, "assists": 5, "leaver_status": 0, "item_1": 214, "item_0": 1, "item_0_name": "Blink Dagger", "leaver_status_description": "finished match, no abandon", "level": 14, "player_slot": 132, "leaver_status_name": "NONE", "hero_id": 5, "last_hits": 77, "kills": 5, "account_id": 92588070, "item_3_name": "Mekansm", "item_4": 23, "item_3": 79, "item_4_name": "Staff of Wizardry", "item_5": 0, "xp_per_min": 361, "hero_name": "Crystal Maiden", "gold_per_min": 374, "deaths": 2, "denies": 0, "item_2_name": "Hand of Midas", "item_1_name": "Tranquil Boots"}], "dire_team_id": 1059824, "picks_bans": [{"order": 0, "is_pick": false, "hero_id": 103, "team": 0}, {"order": 1, "is_pick": false, "hero_id": 51, "team": 1}, {"order": 2, "is_pick": false, "hero_id": 54, "team": 0}, {"order": 3, "is_pick": false, "hero_id": 31, "team": 1}, {"order": 4, "is_pick": true, "hero_id": 92, "team": 0}, {"order": 5, "is_pick": true, "hero_id": 63, "team": 1}, {"order": 6, "is_pick": true, "hero_id": 7, "team": 1}, {"order": 7, "is_pick": true, "hero_id": 86, "team": 0}, {"order": 8, "is_pick": false, "hero_id": 98, "team": 0}, {"order": 9, "is_pick": false, "hero_id": 67, "team": 1}, {"order": 10, "is_pick": false, "hero_id": 21, "team": 0}, {"order": 11, "is_pick": false, "hero_id": 1, "team": 1}, {"order": 12, "is_pick": true, "hero_id": 65, "team": 1}, {"order": 13, "is_pick": true, "hero_id": 40, "team": 0}, {"order": 14, "is_pick": true, "hero_id": 5, "team": 1}, {"order": 15, "is_pick": true, "hero_id": 72, "team": 0}, {"order": 16, "is_pick": false, "hero_id": 62, "team": 1}, {"order": 17, "is_pick": false, "hero_id": 46, "team": 0}, {"order": 18, "is_pick": true, "hero_id": 68, "team": 1}, {"order": 19, "is_pick": true, "hero_id": 38, "team": 0}], "dire_name": "Dream time.", "negative_votes": 4}