{"tower_status_radiant": 1540, "flags": 0, "radiant_team_complete": 0, "game_mode": 2, "radiant_score": 0, "match_id": 366731580, "lobby_name": "Practice", "dire_logo": 541924293718462159, "pre_game_duration": 0, "radiant_name": "SIGMA.int", "match_seq_num": 334285212, "dire_team_complete": 0, "start_time": 1383299930, "radiant_win": false, "positive_votes": 23, "leagueid": 61, "duration": 3191, "dire_score": 0, "lobby_type": 1, "cluster": 132, "engine": 0, "barracks_status_dire": 63, "barracks_status_radiant": 3, "cluster_name": "Europe West", "first_blood_time": 64, "radiant_team_id": 1079149, "radiant_logo": 1047377791103893273, "human_players": 10, "game_mode_name": "Captains Mode", "tower_status_dire": 1844, "players": [{"item_2": 180, "assists": 12, "leaver_status": 0, "item_1": 174, "item_0": 36, "item_0_name": "Magic Wand", "leaver_status_description": "finished match, no abandon", "level": 15, "player_slot": 0, "leaver_status_name": "NONE", "hero_id": 89, "last_hits": 116, "kills": 1, "account_id": 88271237, "item_4": 73, "item_3": 0, "item_4_name": "Bracer", "item_5": 21, "xp_per_min": 238, "item_5_name": "Ogre Club", "hero_name": "Naga Siren", "gold_per_min": 267, "deaths": 10, "denies": 1, "item_2_name": "Arcane Boots", "item_1_name": "Diffusal Blade"}, {"item_2": 0, "assists": 7, "leaver_status": 0, "item_1": 96, "item_0": 1, "item_0_name": "Blink Dagger", "leaver_status_description": "finished match, no abandon", "level": 22, "player_slot": 1, "leaver_status_name": "NONE", "hero_id": 13, "last_hits": 285, "kills": 7, "account_id": 86799300, "item_3_name": "Power Treads", "item_4": 46, "item_3": 63, "item_4_name": "Town Portal Scroll", "item_5": 24, "xp_per_min": 491, "item_5_name": "Ultimate Orb", "hero_name": "Puck", "gold_per_min": 431, "deaths": 11, "denies": 8, "item_1_name": "Scythe of Vyse"}, {"item_2": 180, "assists": 10, "leaver_status": 0, "item_1": 37, "item_0": 92, "item_0_name": "Urn of Shadows", "leaver_status_description": "finished match, no abandon", "level": 20, "player_slot": 2, "leaver_status_name": "NONE", "hero_id": 51, "last_hits": 144, "kills": 9, "account_id": 16769223, "item_3_name": "Ultimate Orb", "item_4": 127, "item_3": 24, "item_4_name": "Blade Mail", "item_5": 108, "xp_per_min": 423, "item_5_name": "Aghanim's Scepter", "hero_name": "Clockwerk", "gold_per_min": 345, "deaths": 10, "denies": 12, "item_2_name": "Arcane Boots", "item_1_name": "Ghost Scepter"}, {"item_2": 139, "assists": 11, "leaver_status": 0, "item_1": 185, "item_0": 50, "item_0_name": "Phase Boots", "leaver_status_description": "finished match, no abandon", "level": 20, "player_slot": 3, "leaver_status_name": "NONE", "hero_id": 8, "last_hits": 165, "kills": 8, "account_id": 74432222, "item_3_name": "Aghanim's Scepter", "item_4": 46, "item_3": 108, "item_4_name": "Town Portal Scroll", "item_5": 0, "xp_per_min": 413, "hero_name": "Juggernaut", "gold_per_min": 381, "deaths": 9, "denies": 6, "item_2_name": "Butterfly", "item_1_name": "Drum of Endurance"}, {"item_2": 46, "assists": 12, "leaver_status": 0, "item_1": 127, "item_0": 79, "item_0_name": "Mekansm", "leaver_status_description": "finished match, no abandon", "level": 14, "player_slot": 4, "leaver_status_name": "NONE", "hero_id": 92, "last_hits": 63, "kills": 4, "account_id": 31078647, "item_3_name": "Sentry Ward", "item_4": 63, "item_3": 43, "item_4_name": "Power Treads", "item_5": 36, "xp_per_min": 210, "item_5_name": "Magic Wand", "hero_name": "Visage", "gold_per_min": 243, "deaths": 13, "denies": 0, "item_2_name": "Town Portal Scroll", "item_1_name": "Blade Mail"}, {"item_2": 1, "assists": 29, "leaver_status": 0, "item_1": 102, "item_0": 96, "item_0_name": "Scythe of Vyse", "leaver_status_description": "finished match, no abandon", "level": 21, "player_slot": 128, "leaver_status_name": "NONE", "hero_id": 65, "last_hits": 174, "kills": 7, "account_id": 86750262, "item_3_name": "Boots of Speed", "item_4": 116, "item_3": 29, "item_4_name": "Black King Bar", "item_5": 0, "xp_per_min": 433, "hero_name": "Batrider", "gold_per_min": 397, "deaths": 6, "denies": 3, "item_2_name": "Blink Dagger", "item_1_name": "Force Staff"}, {"item_2": 112, "assists": 16, "leaver_status": 0, "item_1": 168, "item_0": 102, "item_0_name": "Force Staff", "leaver_status_description": "finished match, no abandon", "level": 23, "player_slot": 129, "leaver_status_name": "NONE", "hero_id": 62, "last_hits": 173, "kills": 8, "account_id": 86802844, "item_3_name": "Phase Boots", "item_4": 116, "item_3": 50, "item_4_name": "Black King Bar", "item_5": 30, "xp_per_min": 520, "item_5_name": "Gem of True Sight", "hero_name": "Bounty Hunter", "gold_per_min": 506, "deaths": 7, "denies": 10, "item_2_name": "Assault Cuirass", "item_1_name": "Desolator"}, {"item_2": 180, "assists": 31, "leaver_status": 0, "item_1": 96, "item_0": 102, "item_0_name": "Force Staff", "leaver_status_description": "finished match, no abandon", "level": 22, "player_slot": 130, "leaver_status_name": "NONE", "hero_id": 103, "last_hits": 207, "kills": 8, "account_id": 91064780, "item_3_name": "Necronomicon", "item_4": 81, "item_3": 194, "item_4_name": "Vladmir's Offering", "item_5": 33, "xp_per_min": 481, "item_5_name": "Cheese", "hero_name": "Elder Titan", "gold_per_min": 463, "deaths": 7, "denies": 2, "item_2_name": "Arcane Boots", "item_1_name": "Scythe of Vyse"}, {"item_2": 92, "assists": 27, "leaver_status": 0, "item_1": 102, "item_0": 36, "item_0_name": "Magic Wand", "leaver_status_description": "finished match, no abandon", "level": 22, "player_slot": 131, "leaver_status_name": "NONE", "hero_id": 5, "last_hits": 70, "kills": 13, "account_id": 11550182, "item_3_name": "Necronomicon", "item_4": 48, "item_3": 194, "item_4_name": "Boots of Travel", "item_5": 0, "xp_per_min": 489, "hero_name": "Crystal Maiden", "gold_per_min": 393, "deaths": 5, "denies": 0, "item_2_name": "Urn of Shadows", "item_1_name": "Force Staff"}, {"item_2": 170, "assists": 22, "leaver_status": 0, "item_1": 139, "item_0": 116, "item_0_name": "Black King Bar", "leaver_status_description": "finished match, no abandon", "level": 25, "player_slot": 132, "leaver_status_name": "NONE", "hero_id": 9, "last_hits": 370, "kills": 13, "account_id": 89269794, "item_3_name": "Phase Boots", "item_4": 160, "item_3": 50, "item_4_name": "Eye of Skadi", "item_5": 135, "xp_per_min": 609, "item_5_name": "Monkey King Bar", "hero_name": "Mirana", "gold_per_min": 676, "deaths": 4, "denies": 27, "item_2_name": "Yasha", "item_1_name": "Butterfly"}], "dire_team_id": 46, "picks_bans": [{"order": 0, "is_pick": false, "hero_id": 98, "team": 1}, {"order": 1, "is_pick": false, "hero_id": 31, "team": 0}, {"order": 2, "is_pick": false, "hero_id": 45, "team": 1}, {"order": 3, "is_pick": false, "hero_id": 54, "team": 0}, {"order": 4, "is_pick": true, "hero_id": 103, "team": 1}, {"order": 5, "is_pick": true, "hero_id": 89, "team": 0}, {"order": 6, "is_pick": true, "hero_id": 51, "team": 0}, {"order": 7, "is_pick": true, "hero_id": 65, "team": 1}, {"order": 8, "is_pick": false, "hero_id": 72, "team": 1}, {"order": 9, "is_pick": false, "hero_id": 48, "team": 0}, {"order": 10, "is_pick": false, "hero_id": 47, "team": 1}, {"order": 11, "is_pick": false, "hero_id": 3, "team": 0}, {"order": 12, "is_pick": true, "hero_id": 92, "team": 0}, {"order": 13, "is_pick": true, "hero_id": 5, "team": 1}, {"order": 14, "is_pick": true, "hero_id": 8, "team": 0}, {"order": 15, "is_pick": true, "hero_id": 62, "team": 1}, {"order": 16, "is_pick": false, "hero_id": 63, "team": 0}, {"order": 17, "is_pick": false, "hero_id": 76, "team": 1}, {"order": 18, "is_pick": true, "hero_id": 13, "team": 0}, {"order": 19, "is_pick": true, "hero_id": 9, "team": 1}], "dire_name": "Team Empire", "negative_votes": 0}