{"tower_status_radiant": 1572, "flags": 0, "lobby_type": 1, "cluster": 133, "game_mode_name": "Captains Mode", "dire_logo": 540706885786671622, "engine": 0, "barracks_status_dire": 63, "barracks_status_radiant": 15, "cluster_name": "Europe West", "radiant_score": 0, "match_id": 369063122, "lobby_name": "Practice", "dire_score": 0, "first_blood_time": 196, "human_players": 10, "pre_game_duration": 0, "tower_status_dire": 2038, "players": [{"item_2": 0, "assists": 9, "leaver_status": 1, "item_1": 156, "item_0": 125, "item_0_name": "Vanguard", "leaver_status_description": "player DC, no abandon", "level": 21, "player_slot": 0, "leaver_status_name": "DISCONNECTED", "hero_id": 99, "last_hits": 180, "kills": 12, "account_id": 90423751, "item_3_name": "Blade Mail", "item_4": 116, "item_3": 127, "item_4_name": "Black King Bar", "item_5": 63, "xp_per_min": 493, "item_5_name": "Power Treads", "hero_name": "Bristleback", "gold_per_min": 401, "deaths": 5, "denies": 3, "item_1_name": "Satanic"}, {"item_2": 180, "assists": 12, "leaver_status": 0, "item_1": 102, "item_0": 1, "item_0_name": "Blink Dagger", "leaver_status_description": "finished match, no abandon", "level": 15, "player_slot": 1, "leaver_status_name": "NONE", "hero_id": 86, "last_hits": 75, "kills": 2, "account_id": 92119338, "item_3_name": "Town Portal Scroll", "item_4": 60, "item_3": 46, "item_4_name": "Point Booster", "item_5": 73, "xp_per_min": 263, "item_5_name": "Bracer", "hero_name": "Rubick", "gold_per_min": 222, "deaths": 7, "denies": 1, "item_2_name": "Arcane Boots", "item_1_name": "Force Staff"}, {"item_2": 65, "assists": 11, "leaver_status": 0, "item_1": 116, "item_0": 50, "item_0_name": "Phase Boots", "leaver_status_description": "finished match, no abandon", "level": 22, "player_slot": 2, "leaver_status_name": "NONE", "hero_id": 67, "last_hits": 216, "kills": 8, "account_id": 25907144, "item_3_name": "Drum of Endurance", "item_4": 154, "item_3": 185, "item_4_name": "Sange and Yasha", "item_5": 81, "xp_per_min": 556, "item_5_name": "Vladmir's Offering", "hero_name": "Spectre", "gold_per_min": 434, "deaths": 9, "denies": 13, "item_2_name": "Hand of Midas", "item_1_name": "Black King Bar"}, {"item_2": 48, "assists": 15, "leaver_status": 0, "item_1": 36, "item_0": 41, "item_0_name": "Bottle", "leaver_status_description": "finished match, no abandon", "level": 20, "player_slot": 3, "leaver_status_name": "NONE", "hero_id": 65, "last_hits": 215, "kills": 4, "account_id": 106287284, "item_3_name": "Blink Dagger", "item_4": 102, "item_3": 1, "item_4_name": "Force Staff", "item_5": 116, "xp_per_min": 483, "item_5_name": "Black King Bar", "hero_name": "Batrider", "gold_per_min": 351, "deaths": 6, "denies": 2, "item_2_name": "Boots of Travel", "item_1_name": "Magic Wand"}, {"item_2": 188, "assists": 7, "leaver_status": 0, "item_1": 50, "item_0": 0, "leaver_status_description": "finished match, no abandon", "level": 11, "player_slot": 4, "leaver_status_name": "NONE", "hero_id": 5, "last_hits": 33, "kills": 3, "account_id": 110411604, "item_3_name": "Magic Wand", "item_4": 0, "item_3": 36, "item_5": 0, "xp_per_min": 171, "hero_name": "Crystal Maiden", "gold_per_min": 173, "deaths": 12, "denies": 1, "item_2_name": "Smoke of Deceit", "item_1_name": "Phase Boots"}, {"item_2": 110, "assists": 19, "leaver_status": 0, "item_1": 123, "item_0": 1, "item_0_name": "Blink Dagger", "leaver_status_description": "finished match, no abandon", "level": 21, "player_slot": 128, "leaver_status_name": "NONE", "hero_id": 97, "last_hits": 160, "kills": 7, "account_id": 3916428, "item_3_name": "Town Portal Scroll", "item_4": 102, "item_3": 46, "item_4_name": "Force Staff", "item_5": 180, "xp_per_min": 508, "item_5_name": "Arcane Boots", "hero_name": "Magnus", "gold_per_min": 413, "deaths": 3, "denies": 6, "item_2_name": "Refresher Orb", "item_1_name": "Linken's Sphere"}, {"item_2": 141, "assists": 12, "leaver_status": 0, "item_1": 152, "item_0": 65, "item_0_name": "Hand of Midas", "leaver_status_description": "finished match, no abandon", "level": 23, "player_slot": 129, "leaver_status_name": "NONE", "hero_id": 23, "last_hits": 307, "kills": 11, "account_id": 101495620, "item_3_name": "Phase Boots", "item_4": 116, "item_3": 50, "item_4_name": "Black King Bar", "item_5": 145, "xp_per_min": 614, "item_5_name": "Battle Fury", "hero_name": "Kunkka", "gold_per_min": 610, "deaths": 6, "denies": 9, "item_2_name": "Daedalus", "item_1_name": "Shadow Blade"}, {"item_2": 21, "assists": 15, "leaver_status": 0, "item_1": 34, "item_0": 102, "item_0_name": "Force Staff", "leaver_status_description": "finished match, no abandon", "level": 16, "player_slot": 130, "leaver_status_name": "NONE", "hero_id": 20, "last_hits": 30, "kills": 3, "account_id": 87748419, "item_3_name": "Power Treads", "item_4": 43, "item_3": 63, "item_4_name": "Sentry Ward", "item_5": 73, "xp_per_min": 288, "item_5_name": "Bracer", "hero_name": "Vengeful Spirit", "gold_per_min": 242, "deaths": 9, "denies": 0, "item_2_name": "Ogre Club", "item_1_name": "Magic Stick"}, {"item_2": 46, "assists": 9, "leaver_status": 0, "item_1": 188, "item_0": 108, "item_0_name": "Aghanim's Scepter", "leaver_status_description": "finished match, no abandon", "level": 18, "player_slot": 131, "leaver_status_name": "NONE", "hero_id": 92, "last_hits": 66, "kills": 5, "account_id": 113439358, "item_3_name": "Arcane Boots", "item_4": 79, "item_3": 180, "item_4_name": "Mekansm", "item_5": 34, "xp_per_min": 368, "item_5_name": "Magic Stick", "hero_name": "Visage", "gold_per_min": 292, "deaths": 5, "denies": 8, "item_2_name": "Town Portal Scroll", "item_1_name": "Smoke of Deceit"}, {"item_2": 210, "assists": 15, "leaver_status": 0, "item_1": 81, "item_0": 127, "item_0_name": "Blade Mail", "leaver_status_description": "finished match, no abandon", "level": 20, "player_slot": 132, "leaver_status_name": "NONE", "hero_id": 51, "last_hits": 147, "kills": 13, "account_id": 52733021, "item_3_name": "Armlet of Mordiggian", "item_4": 50, "item_3": 151, "item_4_name": "Phase Boots", "item_5": 108, "xp_per_min": 476, "item_5_name": "Aghanim's Scepter", "hero_name": "Clockwerk", "gold_per_min": 421, "deaths": 6, "denies": 5, "item_2_name": "Heaven's Halberd", "item_1_name": "Vladmir's Offering"}], "match_seq_num": 336395410, "dire_team_id": 570991, "dire_team_complete": 0, "start_time": 1383437303, "picks_bans": [{"order": 0, "is_pick": false, "hero_id": 89, "team": 0}, {"order": 1, "is_pick": false, "hero_id": 31, "team": 1}, {"order": 2, "is_pick": false, "hero_id": 103, "team": 0}, {"order": 3, "is_pick": false, "hero_id": 45, "team": 1}, {"order": 4, "is_pick": true, "hero_id": 65, "team": 0}, {"order": 5, "is_pick": true, "hero_id": 92, "team": 1}, {"order": 6, "is_pick": true, "hero_id": 97, "team": 1}, {"order": 7, "is_pick": true, "hero_id": 5, "team": 0}, {"order": 8, "is_pick": false, "hero_id": 63, "team": 0}, {"order": 9, "is_pick": false, "hero_id": 62, "team": 1}, {"order": 10, "is_pick": false, "hero_id": 60, "team": 0}, {"order": 11, "is_pick": false, "hero_id": 69, "team": 1}, {"order": 12, "is_pick": true, "hero_id": 51, "team": 1}, {"order": 13, "is_pick": true, "hero_id": 86, "team": 0}, {"order": 14, "is_pick": true, "hero_id": 20, "team": 1}, {"order": 15, "is_pick": true, "hero_id": 99, "team": 0}, {"order": 16, "is_pick": false, "hero_id": 54, "team": 1}, {"order": 17, "is_pick": false, "hero_id": 8, "team": 0}, {"order": 18, "is_pick": true, "hero_id": 23, "team": 1}, {"order": 19, "is_pick": true, "hero_id": 67, "team": 0}], "radiant_win": false, "positive_votes": 11, "leagueid": 108, "game_mode": 2, "dire_name": "United States of America!!", "duration": 2814, "negative_votes": 5}