{"tower_status_radiant": 1983, "flags": 0, "lobby_type": 1, "cluster": 136, "game_mode_name": "Captains Mode", "engine": 0, "barracks_status_dire": 47, "barracks_status_radiant": 63, "cluster_name": "Europe West", "radiant_score": 0, "match_id": 372205831, "lobby_name": "Practice", "dire_score": 0, "first_blood_time": 102, "human_players": 10, "pre_game_duration": 0, "tower_status_dire": 1572, "players": [{"item_2": 117, "assists": 9, "leaver_status": 0, "item_1": 36, "item_0": 50, "item_0_name": "Phase Boots", "leaver_status_description": "finished match, no abandon", "level": 15, "player_slot": 0, "leaver_status_name": "NONE", "hero_id": 72, "last_hits": 195, "kills": 4, "account_id": 22710825, "item_3_name": "Black King Bar", "item_4": 164, "item_3": 116, "item_4_name": "Helm of the Dominator", "item_5": 170, "xp_per_min": 452, "item_5_name": "Yasha", "hero_name": "Gyrocopter", "gold_per_min": 545, "deaths": 3, "denies": 21, "item_2_name": "Aegis of the Immortal", "item_1_name": "Magic Wand"}, {"item_2": 46, "assists": 13, "leaver_status": 0, "item_1": 180, "item_0": 92, "item_0_name": "Urn of Shadows", "leaver_status_description": "finished match, no abandon", "level": 15, "player_slot": 1, "leaver_status_name": "NONE", "hero_id": 88, "last_hits": 14, "kills": 3, "account_id": 37399177, "item_3_name": "Magic Wand", "item_4": 188, "item_3": 36, "item_4_name": "Smoke of Deceit", "item_5": 0, "xp_per_min": 437, "hero_name": "Nyx Assassin", "gold_per_min": 291, "deaths": 5, "denies": 3, "item_2_name": "Town Portal Scroll", "item_1_name": "Arcane Boots"}, {"item_2": 180, "assists": 8, "leaver_status": 0, "item_1": 36, "item_0": 102, "item_0_name": "Force Staff", "leaver_status_description": "finished match, no abandon", "level": 15, "player_slot": 2, "leaver_status_name": "NONE", "hero_id": 52, "last_hits": 69, "kills": 5, "account_id": 26863344, "item_3_name": "Town Portal Scroll", "item_4": 43, "item_3": 46, "item_4_name": "Sentry Ward", "item_5": 185, "xp_per_min": 446, "item_5_name": "Drum of Endurance", "hero_name": "Leshrac", "gold_per_min": 416, "deaths": 2, "denies": 5, "item_2_name": "Arcane Boots", "item_1_name": "Magic Wand"}, {"item_2": 36, "assists": 10, "leaver_status": 0, "item_1": 41, "item_0": 50, "item_0_name": "Phase Boots", "leaver_status_description": "finished match, no abandon", "level": 16, "player_slot": 3, "leaver_status_name": "NONE", "hero_id": 51, "last_hits": 71, "kills": 12, "account_id": 74432222, "item_3_name": "Force Staff", "item_4": 0, "item_3": 102, "item_5": 127, "xp_per_min": 488, "item_5_name": "Blade Mail", "hero_name": "Clockwerk", "gold_per_min": 444, "deaths": 6, "denies": 4, "item_2_name": "Magic Wand", "item_1_name": "Bottle"}, {"item_2": 116, "assists": 9, "leaver_status": 0, "item_1": 79, "item_0": 50, "item_0_name": "Phase Boots", "leaver_status_description": "finished match, no abandon", "level": 19, "player_slot": 4, "leaver_status_name": "NONE", "hero_id": 15, "last_hits": 116, "kills": 11, "account_id": 96169991, "item_3_name": "Point Booster", "item_4": 185, "item_3": 60, "item_4_name": "Drum of Endurance", "item_5": 36, "xp_per_min": 681, "item_5_name": "Magic Wand", "hero_name": "Razor", "gold_per_min": 537, "deaths": 3, "denies": 18, "item_2_name": "Black King Bar", "item_1_name": "Mekansm"}, {"item_2": 63, "assists": 5, "leaver_status": 0, "item_1": 88, "item_0": 79, "item_0_name": "Mekansm", "leaver_status_description": "finished match, no abandon", "level": 14, "player_slot": 128, "leaver_status_name": "NONE", "hero_id": 21, "last_hits": 86, "kills": 2, "account_id": 102038636, "item_3_name": "Force Staff", "item_4": 46, "item_3": 102, "item_4_name": "Town Portal Scroll", "item_5": 0, "xp_per_min": 379, "hero_name": "Windranger", "gold_per_min": 288, "deaths": 4, "denies": 13, "item_2_name": "Power Treads", "item_1_name": "Ring of Basilius"}, {"item_2": 46, "assists": 5, "leaver_status": 0, "item_1": 77, "item_0": 36, "item_0_name": "Magic Wand", "leaver_status_description": "finished match, no abandon", "level": 15, "player_slot": 129, "leaver_status_name": "NONE", "hero_id": 39, "last_hits": 92, "kills": 7, "account_id": 5150808, "item_3_name": "Black King Bar", "item_4": 41, "item_3": 116, "item_4_name": "Bottle", "item_5": 63, "xp_per_min": 421, "item_5_name": "Power Treads", "hero_name": "Queen of Pain", "gold_per_min": 350, "deaths": 7, "denies": 22, "item_2_name": "Town Portal Scroll", "item_1_name": "Null Talisman"}, {"item_2": 0, "assists": 8, "leaver_status": 1, "item_1": 60, "item_0": 187, "item_0_name": "Medallion of Courage", "leaver_status_description": "player DC, no abandon", "level": 11, "player_slot": 130, "leaver_status_name": "DISCONNECTED", "hero_id": 92, "last_hits": 26, "kills": 4, "account_id": 91064780, "item_3_name": "Magic Stick", "item_4": 29, "item_3": 34, "item_4_name": "Boots of Speed", "item_5": 21, "xp_per_min": 222, "item_5_name": "Ogre Club", "hero_name": "Visage", "gold_per_min": 234, "deaths": 11, "denies": 4, "item_1_name": "Point Booster"}, {"item_2": 46, "assists": 7, "leaver_status": 0, "item_1": 63, "item_0": 102, "item_0_name": "Force Staff", "leaver_status_description": "finished match, no abandon", "level": 14, "player_slot": 131, "leaver_status_name": "NONE", "hero_id": 76, "last_hits": 111, "kills": 1, "account_id": 112250781, "item_3_name": "Hand of Midas", "item_4": 20, "item_3": 65, "item_4_name": "Circlet", "item_5": 16, "xp_per_min": 403, "item_5_name": "Iron Branch", "hero_name": "Outworld Devourer", "gold_per_min": 344, "deaths": 4, "denies": 14, "item_2_name": "Town Portal Scroll", "item_1_name": "Power Treads"}, {"item_2": 50, "assists": 9, "leaver_status": 0, "item_1": 43, "item_0": 42, "item_0_name": "Observer Ward", "leaver_status_description": "finished match, no abandon", "level": 13, "player_slot": 132, "leaver_status_name": "NONE", "hero_id": 84, "last_hits": 18, "kills": 3, "account_id": 86785083, "item_3_name": "Urn of Shadows", "item_4": 36, "item_3": 92, "item_4_name": "Magic Wand", "item_5": 46, "xp_per_min": 322, "item_5_name": "Town Portal Scroll", "hero_name": "Ogre Magi", "gold_per_min": 235, "deaths": 9, "denies": 1, "item_2_name": "Phase Boots", "item_1_name": "Sentry Ward"}], "match_seq_num": 339266057, "start_time": 1383654607, "picks_bans": [{"order": 0, "is_pick": false, "hero_id": 31, "team": 0}, {"order": 1, "is_pick": false, "hero_id": 103, "team": 1}, {"order": 2, "is_pick": false, "hero_id": 43, "team": 0}, {"order": 3, "is_pick": false, "hero_id": 45, "team": 1}, {"order": 4, "is_pick": true, "hero_id": 51, "team": 0}, {"order": 5, "is_pick": true, "hero_id": 92, "team": 1}, {"order": 6, "is_pick": true, "hero_id": 76, "team": 1}, {"order": 7, "is_pick": true, "hero_id": 15, "team": 0}, {"order": 8, "is_pick": false, "hero_id": 66, "team": 0}, {"order": 9, "is_pick": false, "hero_id": 40, "team": 1}, {"order": 10, "is_pick": false, "hero_id": 9, "team": 0}, {"order": 11, "is_pick": false, "hero_id": 102, "team": 1}, {"order": 12, "is_pick": true, "hero_id": 21, "team": 1}, {"order": 13, "is_pick": true, "hero_id": 88, "team": 0}, {"order": 14, "is_pick": true, "hero_id": 84, "team": 1}, {"order": 15, "is_pick": true, "hero_id": 52, "team": 0}, {"order": 16, "is_pick": false, "hero_id": 56, "team": 1}, {"order": 17, "is_pick": false, "hero_id": 65, "team": 0}, {"order": 18, "is_pick": true, "hero_id": 39, "team": 1}, {"order": 19, "is_pick": true, "hero_id": 72, "team": 0}], "radiant_win": true, "positive_votes": 12, "leagueid": 108, "game_mode": 2, "duration": 1696, "negative_votes": 2}