{"tower_status_radiant": 1974, "flags": 0, "lobby_type": 1, "cluster": 136, "game_mode_name": "Captains Mode", "dire_logo": 45369907219305352, "engine": 0, "barracks_status_dire": 50, "barracks_status_radiant": 63, "cluster_name": "Europe West", "radiant_score": 0, "match_id": 373505895, "lobby_name": "Practice", "dire_score": 0, "first_blood_time": 165, "human_players": 10, "pre_game_duration": 0, "tower_status_dire": 1792, "players": [{"item_2": 37, "assists": 8, "leaver_status": 0, "item_1": 180, "item_0": 194, "item_0_name": "Necronomicon", "leaver_status_description": "finished match, no abandon", "level": 13, "player_slot": 0, "leaver_status_name": "NONE", "hero_id": 43, "last_hits": 127, "kills": 2, "account_id": 102038636, "item_3_name": "Ogre Club", "item_4": 88, "item_3": 21, "item_4_name": "Ring of Basilius", "item_5": 46, "xp_per_min": 321, "item_5_name": "Town Portal Scroll", "hero_name": "Death Prophet", "gold_per_min": 419, "deaths": 6, "denies": 3, "item_2_name": "Ghost Scepter", "item_1_name": "Arcane Boots"}, {"item_2": 63, "assists": 4, "leaver_status": 0, "item_1": 61, "item_0": 46, "item_0_name": "Town Portal Scroll", "leaver_status_description": "finished match, no abandon", "level": 13, "player_slot": 1, "leaver_status_name": "NONE", "hero_id": 89, "last_hits": 81, "kills": 4, "account_id": 69325073, "item_3_name": "Hand of Midas", "item_4": 174, "item_3": 65, "item_4_name": "Diffusal Blade", "item_5": 18, "xp_per_min": 310, "item_5_name": "Band of Elvenskin", "hero_name": "Naga Siren", "gold_per_min": 378, "deaths": 5, "denies": 2, "item_2_name": "Power Treads", "item_1_name": "Vitality Booster"}, {"item_2": 108, "assists": 7, "leaver_status": 0, "item_1": 79, "item_0": 180, "item_0_name": "Arcane Boots", "leaver_status_description": "finished match, no abandon", "level": 12, "player_slot": 2, "leaver_status_name": "NONE", "hero_id": 66, "last_hits": 71, "kills": 2, "account_id": 91918857, "item_4": 42, "item_3": 0, "item_4_name": "Observer Ward", "item_5": 46, "xp_per_min": 288, "item_5_name": "Town Portal Scroll", "hero_name": "Chen", "gold_per_min": 316, "deaths": 2, "denies": 1, "item_2_name": "Aghanim's Scepter", "item_1_name": "Mekansm"}, {"item_2": 37, "assists": 8, "leaver_status": 0, "item_1": 180, "item_0": 46, "item_0_name": "Town Portal Scroll", "leaver_status_description": "finished match, no abandon", "level": 13, "player_slot": 3, "leaver_status_name": "NONE", "hero_id": 27, "last_hits": 139, "kills": 5, "account_id": 112250781, "item_3_name": "Aghanim's Scepter", "item_4": 41, "item_3": 108, "item_4_name": "Bottle", "item_5": 36, "xp_per_min": 317, "item_5_name": "Magic Wand", "hero_name": "Shadow Shaman", "gold_per_min": 453, "deaths": 6, "denies": 4, "item_2_name": "Ghost Scepter", "item_1_name": "Arcane Boots"}, {"item_2": 46, "assists": 7, "leaver_status": 0, "item_1": 106, "item_0": 102, "item_0_name": "Force Staff", "leaver_status_description": "finished match, no abandon", "level": 17, "player_slot": 4, "leaver_status_name": "NONE", "hero_id": 103, "last_hits": 72, "kills": 3, "account_id": 88792641, "item_3_name": "Power Treads", "item_4": 36, "item_3": 63, "item_4_name": "Magic Wand", "item_5": 0, "xp_per_min": 491, "hero_name": "Elder Titan", "gold_per_min": 354, "deaths": 7, "denies": 0, "item_2_name": "Town Portal Scroll", "item_1_name": "Necronomicon"}, {"item_2": 180, "assists": 17, "leaver_status": 0, "item_1": 17, "item_0": 36, "item_0_name": "Magic Wand", "leaver_status_description": "finished match, no abandon", "level": 15, "player_slot": 128, "leaver_status_name": "NONE", "hero_id": 85, "last_hits": 92, "kills": 1, "account_id": 86785083, "item_3_name": "Ghost Scepter", "item_4": 79, "item_3": 37, "item_4_name": "Mekansm", "item_5": 0, "xp_per_min": 399, "hero_name": "Undying", "gold_per_min": 302, "deaths": 4, "denies": 8, "item_2_name": "Arcane Boots", "item_1_name": "Belt of Strength"}, {"item_2": 46, "assists": 7, "leaver_status": 0, "item_1": 166, "item_0": 36, "item_0_name": "Magic Wand", "leaver_status_description": "finished match, no abandon", "level": 16, "player_slot": 129, "leaver_status_name": "NONE", "hero_id": 9, "last_hits": 141, "kills": 5, "account_id": 134140258, "item_3_name": "Phase Boots", "item_4": 65, "item_3": 50, "item_4_name": "Hand of Midas", "item_5": 116, "xp_per_min": 486, "item_5_name": "Black King Bar", "hero_name": "Mirana", "gold_per_min": 451, "deaths": 4, "denies": 7, "item_2_name": "Town Portal Scroll", "item_1_name": "Maelstrom"}, {"item_2": 46, "assists": 9, "leaver_status": 0, "item_1": 37, "item_0": 63, "item_0_name": "Power Treads", "leaver_status_description": "finished match, no abandon", "level": 15, "player_slot": 130, "leaver_status_name": "NONE", "hero_id": 26, "last_hits": 70, "kills": 4, "account_id": 86851657, "item_3_name": "Force Staff", "item_4": 65, "item_3": 102, "item_4_name": "Hand of Midas", "item_5": 36, "xp_per_min": 408, "item_5_name": "Magic Wand", "hero_name": "Lion", "gold_per_min": 349, "deaths": 2, "denies": 4, "item_2_name": "Town Portal Scroll", "item_1_name": "Ghost Scepter"}, {"item_2": 50, "assists": 7, "leaver_status": 0, "item_1": 37, "item_0": 116, "item_0_name": "Black King Bar", "leaver_status_description": "finished match, no abandon", "level": 17, "player_slot": 131, "leaver_status_name": "NONE", "hero_id": 47, "last_hits": 199, "kills": 15, "account_id": 91646642, "item_3_name": "Butterfly", "item_4": 185, "item_3": 139, "item_4_name": "Drum of Endurance", "item_5": 46, "xp_per_min": 542, "item_5_name": "Town Portal Scroll", "hero_name": "Viper", "gold_per_min": 566, "deaths": 2, "denies": 20, "item_2_name": "Phase Boots", "item_1_name": "Ghost Scepter"}, {"item_2": 27, "assists": 19, "leaver_status": 0, "item_1": 23, "item_0": 34, "item_0_name": "Magic Stick", "leaver_status_description": "finished match, no abandon", "level": 13, "player_slot": 132, "leaver_status_name": "NONE", "hero_id": 3, "last_hits": 26, "kills": 1, "account_id": 5150808, "item_4": 46, "item_3": 0, "item_4_name": "Town Portal Scroll", "item_5": 180, "xp_per_min": 325, "item_5_name": "Arcane Boots", "hero_name": "Bane", "gold_per_min": 229, "deaths": 4, "denies": 7, "item_2_name": "Ring of Regen", "item_1_name": "Staff of Wizardry"}], "match_seq_num": 340462807, "dire_team_id": 576019, "dire_team_complete": 0, "start_time": 1383748553, "picks_bans": [{"order": 0, "is_pick": false, "hero_id": 45, "team": 0}, {"order": 1, "is_pick": false, "hero_id": 5, "team": 1}, {"order": 2, "is_pick": false, "hero_id": 98, "team": 0}, {"order": 3, "is_pick": false, "hero_id": 31, "team": 1}, {"order": 4, "is_pick": true, "hero_id": 103, "team": 0}, {"order": 5, "is_pick": true, "hero_id": 47, "team": 1}, {"order": 6, "is_pick": true, "hero_id": 3, "team": 1}, {"order": 7, "is_pick": true, "hero_id": 89, "team": 0}, {"order": 8, "is_pick": false, "hero_id": 62, "team": 0}, {"order": 9, "is_pick": false, "hero_id": 74, "team": 1}, {"order": 10, "is_pick": false, "hero_id": 55, "team": 0}, {"order": 11, "is_pick": false, "hero_id": 11, "team": 1}, {"order": 12, "is_pick": true, "hero_id": 9, "team": 1}, {"order": 13, "is_pick": true, "hero_id": 43, "team": 0}, {"order": 14, "is_pick": true, "hero_id": 26, "team": 1}, {"order": 15, "is_pick": true, "hero_id": 66, "team": 0}, {"order": 16, "is_pick": false, "hero_id": 72, "team": 1}, {"order": 17, "is_pick": false, "hero_id": 51, "team": 0}, {"order": 18, "is_pick": true, "hero_id": 85, "team": 1}, {"order": 19, "is_pick": true, "hero_id": 27, "team": 0}], "radiant_win": true, "positive_votes": 21, "leagueid": 108, "game_mode": 2, "dire_name": ".RUSSIAN DOTO BEST DOTO.", "duration": 1856, "negative_votes": 3}