{"tower_status_radiant": 1972, "flags": 0, "radiant_team_complete": 0, "game_mode": 2, "radiant_score": 0, "match_id": 373756783, "lobby_name": "Practice", "dire_logo": 631980045785959337, "pre_game_duration": 0, "radiant_name": "Virtus.pro", "match_seq_num": 340682962, "dire_team_complete": 1, "start_time": 1383761470, "radiant_win": true, "positive_votes": 78, "leagueid": 104, "duration": 1462, "dire_score": 0, "lobby_type": 1, "cluster": 133, "engine": 0, "barracks_status_dire": 30, "barracks_status_radiant": 63, "cluster_name": "Europe West", "first_blood_time": 360, "radiant_team_id": 1883502, "radiant_logo": 642124127283031446, "human_players": 10, "game_mode_name": "Captains Mode", "tower_status_dire": 1568, "players": [{"item_2": 188, "assists": 14, "leaver_status": 0, "item_1": 180, "item_0": 36, "item_0_name": "Magic Wand", "leaver_status_description": "finished match, no abandon", "level": 11, "player_slot": 0, "leaver_status_name": "NONE", "hero_id": 3, "last_hits": 5, "kills": 1, "account_id": 93712171, "item_3_name": "Drum of Endurance", "item_4": 46, "item_3": 185, "item_4_name": "Town Portal Scroll", "item_5": 0, "xp_per_min": 318, "hero_name": "Bane", "gold_per_min": 284, "deaths": 2, "denies": 2, "item_2_name": "Smoke of Deceit", "item_1_name": "Arcane Boots"}, {"item_2": 46, "assists": 9, "leaver_status": 0, "item_1": 170, "item_0": 168, "item_0_name": "Desolator", "leaver_status_description": "finished match, no abandon", "level": 17, "player_slot": 1, "leaver_status_name": "NONE", "hero_id": 9, "last_hits": 119, "kills": 13, "account_id": 87586992, "item_3_name": "Bottle", "item_4": 116, "item_3": 41, "item_4_name": "Black King Bar", "item_5": 63, "xp_per_min": 647, "item_5_name": "Power Treads", "hero_name": "Mirana", "gold_per_min": 643, "deaths": 2, "denies": 7, "item_2_name": "Town Portal Scroll", "item_1_name": "Yasha"}, {"item_2": 92, "assists": 12, "leaver_status": 0, "item_1": 116, "item_0": 1, "item_0_name": "Blink Dagger", "leaver_status_description": "finished match, no abandon", "level": 16, "player_slot": 2, "leaver_status_name": "NONE", "hero_id": 28, "last_hits": 120, "kills": 4, "account_id": 112920799, "item_3_name": "Power Treads", "item_4": 46, "item_3": 63, "item_4_name": "Town Portal Scroll", "item_5": 125, "xp_per_min": 567, "item_5_name": "Vanguard", "hero_name": "Slardar", "gold_per_min": 561, "deaths": 1, "denies": 38, "item_2_name": "Urn of Shadows", "item_1_name": "Black King Bar"}, {"item_2": 11, "assists": 11, "leaver_status": 0, "item_1": 178, "item_0": 79, "item_0_name": "Mekansm", "leaver_status_description": "finished match, no abandon", "level": 15, "player_slot": 3, "leaver_status_name": "NONE", "hero_id": 55, "last_hits": 92, "kills": 7, "account_id": 89326318, "item_3_name": "Blink Dagger", "item_4": 180, "item_3": 1, "item_4_name": "Arcane Boots", "item_5": 46, "xp_per_min": 504, "item_5_name": "Town Portal Scroll", "hero_name": "Dark Seer", "gold_per_min": 501, "deaths": 1, "denies": 0, "item_2_name": "Quelling Blade", "item_1_name": "Soul Ring"}, {"item_2": 46, "assists": 12, "leaver_status": 0, "item_1": 36, "item_0": 180, "item_0_name": "Arcane Boots", "leaver_status_description": "finished match, no abandon", "level": 11, "player_slot": 4, "leaver_status_name": "NONE", "hero_id": 27, "last_hits": 74, "kills": 1, "account_id": 107644273, "item_3_name": "Necronomicon", "item_4": 73, "item_3": 194, "item_4_name": "Bracer", "item_5": 0, "xp_per_min": 314, "hero_name": "Shadow Shaman", "gold_per_min": 414, "deaths": 2, "denies": 1, "item_2_name": "Town Portal Scroll", "item_1_name": "Magic Wand"}, {"item_2": 23, "assists": 5, "leaver_status": 0, "item_1": 63, "item_0": 38, "item_0_name": "Clarity", "leaver_status_description": "finished match, no abandon", "level": 9, "player_slot": 128, "leaver_status_name": "NONE", "hero_id": 58, "last_hits": 71, "kills": 0, "account_id": 87177591, "item_3_name": "Point Booster", "item_4": 46, "item_3": 60, "item_4_name": "Town Portal Scroll", "item_5": 34, "xp_per_min": 207, "item_5_name": "Magic Stick", "hero_name": "Enchantress", "gold_per_min": 241, "deaths": 4, "denies": 0, "item_2_name": "Staff of Wizardry", "item_1_name": "Power Treads"}, {"item_2": 42, "assists": 5, "leaver_status": 0, "item_1": 92, "item_0": 36, "item_0_name": "Magic Wand", "leaver_status_description": "finished match, no abandon", "level": 10, "player_slot": 129, "leaver_status_name": "NONE", "hero_id": 5, "last_hits": 27, "kills": 2, "account_id": 5448108, "item_3_name": "Tranquil Boots", "item_4": 40, "item_3": 214, "item_4_name": "Dust of Appearance", "item_5": 86, "xp_per_min": 232, "item_5_name": "Buckler", "hero_name": "Crystal Maiden", "gold_per_min": 232, "deaths": 6, "denies": 0, "item_2_name": "Observer Ward", "item_1_name": "Urn of Shadows"}, {"item_2": 36, "assists": 3, "leaver_status": 0, "item_1": 182, "item_0": 151, "item_0_name": "Armlet of Mordiggian", "leaver_status_description": "finished match, no abandon", "level": 12, "player_slot": 130, "leaver_status_name": "NONE", "hero_id": 73, "last_hits": 99, "kills": 1, "account_id": 87360406, "item_4": 50, "item_3": 0, "item_4_name": "Phase Boots", "item_5": 65, "xp_per_min": 352, "item_5_name": "Hand of Midas", "hero_name": "Alchemist", "gold_per_min": 451, "deaths": 7, "denies": 3, "item_2_name": "Magic Wand", "item_1_name": "Stout Shield"}, {"item_2": 36, "assists": 0, "leaver_status": 0, "item_1": 41, "item_0": 180, "item_0_name": "Arcane Boots", "leaver_status_description": "finished match, no abandon", "level": 13, "player_slot": 131, "leaver_status_name": "NONE", "hero_id": 98, "last_hits": 96, "kills": 5, "account_id": 86726887, "item_3_name": "Stout Shield", "item_4": 129, "item_3": 182, "item_4_name": "Soul Booster", "item_5": 56, "xp_per_min": 378, "item_5_name": "Ring of Health", "hero_name": "Timbersaw", "gold_per_min": 371, "deaths": 5, "denies": 5, "item_2_name": "Magic Wand", "item_1_name": "Bottle"}, {"item_2": 63, "assists": 6, "leaver_status": 0, "item_1": 65, "item_0": 0, "leaver_status_description": "finished match, no abandon", "level": 13, "player_slot": 132, "leaver_status_name": "NONE", "hero_id": 53, "last_hits": 126, "kills": 0, "account_id": 87276347, "item_3_name": "Mekansm", "item_4": 106, "item_3": 79, "item_4_name": "Necronomicon", "item_5": 88, "xp_per_min": 420, "item_5_name": "Ring of Basilius", "hero_name": "Nature's Prophet", "gold_per_min": 410, "deaths": 4, "denies": 0, "item_2_name": "Power Treads", "item_1_name": "Hand of Midas"}], "dire_team_id": 39, "picks_bans": [{"order": 0, "is_pick": false, "hero_id": 7, "team": 0}, {"order": 1, "is_pick": false, "hero_id": 31, "team": 1}, {"order": 2, "is_pick": false, "hero_id": 62, "team": 0}, {"order": 3, "is_pick": false, "hero_id": 45, "team": 1}, {"order": 4, "is_pick": true, "hero_id": 55, "team": 0}, {"order": 5, "is_pick": true, "hero_id": 5, "team": 1}, {"order": 6, "is_pick": true, "hero_id": 98, "team": 1}, {"order": 7, "is_pick": true, "hero_id": 3, "team": 0}, {"order": 8, "is_pick": false, "hero_id": 48, "team": 0}, {"order": 9, "is_pick": false, "hero_id": 11, "team": 1}, {"order": 10, "is_pick": false, "hero_id": 47, "team": 0}, {"order": 11, "is_pick": false, "hero_id": 76, "team": 1}, {"order": 12, "is_pick": true, "hero_id": 58, "team": 1}, {"order": 13, "is_pick": true, "hero_id": 28, "team": 0}, {"order": 14, "is_pick": true, "hero_id": 73, "team": 1}, {"order": 15, "is_pick": true, "hero_id": 9, "team": 0}, {"order": 16, "is_pick": false, "hero_id": 92, "team": 1}, {"order": 17, "is_pick": false, "hero_id": 65, "team": 0}, {"order": 18, "is_pick": true, "hero_id": 53, "team": 1}, {"order": 19, "is_pick": true, "hero_id": 27, "team": 0}], "dire_name": "Evil Geniuses", "negative_votes": 16}