{"tower_status_radiant": 2047, "flags": 0, "lobby_type": 1, "cluster": 134, "game_mode_name": "Captains Mode", "dire_logo": 449582153306006846, "engine": 0, "barracks_status_dire": 63, "barracks_status_radiant": 63, "cluster_name": "Europe West", "radiant_score": 0, "match_id": 375069985, "lobby_name": "Practice", "dire_score": 0, "first_blood_time": 57, "human_players": 10, "pre_game_duration": 0, "tower_status_dire": 2047, "players": [{"item_2": 16, "assists": 0, "leaver_status": 1, "item_1": 29, "item_0": 88, "item_0_name": "Ring of Basilius", "leaver_status_description": "player DC, no abandon", "level": 6, "player_slot": 0, "leaver_status_name": "DISCONNECTED", "hero_id": 9, "last_hits": 15, "kills": 2, "account_id": 100166910, "item_3_name": "Tango", "item_4": 16, "item_3": 44, "item_4_name": "Iron Branch", "item_5": 16, "xp_per_min": 465, "item_5_name": "Iron Branch", "hero_name": "Mirana", "gold_per_min": 350, "deaths": 0, "denies": 2, "item_2_name": "Iron Branch", "item_1_name": "Boots of Speed"}, {"item_2": 16, "assists": 0, "leaver_status": 1, "item_1": 16, "item_0": 0, "leaver_status_description": "player DC, no abandon", "level": 5, "player_slot": 1, "leaver_status_name": "DISCONNECTED", "hero_id": 65, "last_hits": 16, "kills": 2, "account_id": 86811043, "item_3_name": "Iron Branch", "item_4": 29, "item_3": 16, "item_4_name": "Boots of Speed", "item_5": 0, "xp_per_min": 418, "hero_name": "Batrider", "gold_per_min": 368, "deaths": 0, "denies": 1, "item_2_name": "Iron Branch", "item_1_name": "Iron Branch"}, {"item_2": 0, "assists": 0, "leaver_status": 1, "item_1": 46, "item_0": 44, "item_0_name": "Tango", "leaver_status_description": "player DC, no abandon", "level": 2, "player_slot": 2, "leaver_status_name": "DISCONNECTED", "hero_id": 79, "last_hits": 1, "kills": 0, "account_id": 89373132, "item_4": 0, "item_3": 0, "item_5": 0, "xp_per_min": 101, "hero_name": "Shadow Demon", "gold_per_min": 107, "deaths": 1, "denies": 3, "item_1_name": "Town Portal Scroll"}, {"item_2": 0, "assists": 1, "leaver_status": 1, "item_1": 0, "item_0": 44, "item_0_name": "Tango", "leaver_status_description": "player DC, no abandon", "level": 3, "player_slot": 3, "leaver_status_name": "DISCONNECTED", "hero_id": 40, "last_hits": 0, "kills": 0, "account_id": 86731061, "item_4": 0, "item_3": 0, "item_5": 43, "xp_per_min": 164, "item_5_name": "Sentry Ward", "hero_name": "Venomancer", "gold_per_min": 138, "deaths": 1, "denies": 0}, {"item_2": 16, "assists": 0, "leaver_status": 1, "item_1": 39, "item_0": 44, "item_0_name": "Tango", "leaver_status_description": "player DC, no abandon", "level": 3, "player_slot": 4, "leaver_status_name": "DISCONNECTED", "hero_id": 8, "last_hits": 4, "kills": 0, "account_id": 10878762, "item_3_name": "Iron Branch", "item_4": 182, "item_3": 16, "item_4_name": "Stout Shield", "item_5": 29, "xp_per_min": 185, "item_5_name": "Boots of Speed", "hero_name": "Juggernaut", "gold_per_min": 138, "deaths": 1, "denies": 1, "item_2_name": "Iron Branch", "item_1_name": "Healing Salve"}, {"item_2": 16, "assists": 1, "leaver_status": 1, "item_1": 16, "item_0": 16, "item_0_name": "Iron Branch", "leaver_status_description": "player DC, no abandon", "level": 5, "player_slot": 128, "leaver_status_name": "DISCONNECTED", "hero_id": 89, "last_hits": 16, "kills": 1, "account_id": 87197791, "item_3_name": "Boots of Speed", "item_4": 0, "item_3": 29, "item_5": 0, "xp_per_min": 358, "hero_name": "Naga Siren", "gold_per_min": 341, "deaths": 0, "denies": 2, "item_2_name": "Iron Branch", "item_1_name": "Iron Branch"}, {"item_2": 0, "assists": 1, "leaver_status": 1, "item_1": 0, "item_0": 0, "leaver_status_description": "player DC, no abandon", "level": 3, "player_slot": 129, "leaver_status_name": "DISCONNECTED", "hero_id": 7, "last_hits": 3, "kills": 0, "account_id": 35504297, "item_3_name": "Tango", "item_4": 42, "item_3": 44, "item_4_name": "Observer Ward", "item_5": 0, "xp_per_min": 161, "hero_name": "Earthshaker", "gold_per_min": 138, "deaths": 0, "denies": 1}, {"item_2": 241, "assists": 0, "leaver_status": 1, "item_1": 41, "item_0": 36, "item_0_name": "Magic Wand", "leaver_status_description": "player DC, no abandon", "level": 4, "player_slot": 130, "leaver_status_name": "DISCONNECTED", "hero_id": 103, "last_hits": 19, "kills": 0, "account_id": 91982026, "item_4": 46, "item_3": 0, "item_4_name": "Town Portal Scroll", "item_5": 39, "xp_per_min": 307, "item_5_name": "Healing Salve", "hero_name": "Elder Titan", "gold_per_min": 288, "deaths": 2, "denies": 4, "item_2_name": "Tango (Shared)", "item_1_name": "Bottle"}, {"item_2": 0, "assists": 2, "leaver_status": 1, "item_1": 0, "item_0": 0, "leaver_status_description": "player DC, no abandon", "level": 3, "player_slot": 131, "leaver_status_name": "DISCONNECTED", "hero_id": 5, "last_hits": 2, "kills": 1, "account_id": 63703276, "item_3_name": "Tango", "item_4": 188, "item_3": 44, "item_4_name": "Smoke of Deceit", "item_5": 43, "xp_per_min": 178, "item_5_name": "Sentry Ward", "hero_name": "Crystal Maiden", "gold_per_min": 224, "deaths": 1, "denies": 1}, {"item_2": 29, "assists": 0, "leaver_status": 1, "item_1": 0, "item_0": 41, "item_0_name": "Bottle", "leaver_status_description": "player DC, no abandon", "level": 4, "player_slot": 132, "leaver_status_name": "DISCONNECTED", "hero_id": 98, "last_hits": 9, "kills": 1, "account_id": 25907144, "item_4": 0, "item_3": 0, "item_5": 0, "xp_per_min": 221, "hero_name": "Timbersaw", "gold_per_min": 269, "deaths": 1, "denies": 0, "item_2_name": "Boots of Speed"}], "match_seq_num": 341865649, "dire_team_id": 1000600, "dire_team_complete": 0, "start_time": 1383855436, "picks_bans": [{"order": 0, "is_pick": false, "hero_id": 47, "team": 1}, {"order": 1, "is_pick": false, "hero_id": 45, "team": 0}, {"order": 2, "is_pick": false, "hero_id": 92, "team": 1}, {"order": 3, "is_pick": false, "hero_id": 31, "team": 0}, {"order": 4, "is_pick": true, "hero_id": 103, "team": 1}, {"order": 5, "is_pick": true, "hero_id": 40, "team": 0}, {"order": 6, "is_pick": true, "hero_id": 8, "team": 0}, {"order": 7, "is_pick": true, "hero_id": 5, "team": 1}, {"order": 8, "is_pick": false, "hero_id": 43, "team": 1}, {"order": 9, "is_pick": false, "hero_id": 51, "team": 0}, {"order": 10, "is_pick": false, "hero_id": 3, "team": 1}, {"order": 11, "is_pick": false, "hero_id": 102, "team": 0}, {"order": 12, "is_pick": true, "hero_id": 79, "team": 0}, {"order": 13, "is_pick": true, "hero_id": 98, "team": 1}, {"order": 14, "is_pick": true, "hero_id": 9, "team": 0}, {"order": 15, "is_pick": true, "hero_id": 7, "team": 1}, {"order": 16, "is_pick": false, "hero_id": 48, "team": 0}, {"order": 17, "is_pick": false, "hero_id": 63, "team": 1}, {"order": 18, "is_pick": true, "hero_id": 65, "team": 0}, {"order": 19, "is_pick": true, "hero_id": 89, "team": 1}], "radiant_win": true, "positive_votes": 6, "leagueid": 108, "game_mode": 2, "dire_name": "xXDDDDDDDDDDD", "duration": 266, "negative_votes": 7}