{"tower_status_radiant": 1926, "flags": 0, "lobby_type": 1, "cluster": 123, "game_mode_name": "Captains Mode", "engine": 0, "barracks_status_dire": 63, "barracks_status_radiant": 51, "cluster_name": "US East", "radiant_score": 0, "match_id": 375336656, "lobby_name": "Practice", "dire_score": 0, "first_blood_time": 0, "human_players": 10, "pre_game_duration": 0, "tower_status_dire": 1975, "players": [{"item_2": 212, "assists": 12, "leaver_status": 0, "item_1": 185, "item_0": 36, "item_0_name": "Magic Wand", "leaver_status_description": "finished match, no abandon", "level": 16, "player_slot": 0, "leaver_status_name": "NONE", "hero_id": 9, "last_hits": 86, "kills": 4, "account_id": 67601693, "item_3_name": "Hand of Midas", "item_4": 50, "item_3": 65, "item_4_name": "Phase Boots", "item_5": 170, "xp_per_min": 521, "item_5_name": "Yasha", "hero_name": "Mirana", "gold_per_min": 366, "deaths": 3, "denies": 9, "item_2_name": "Ring of Aquila", "item_1_name": "Drum of Endurance"}, {"item_2": 212, "assists": 2, "leaver_status": 0, "item_1": 79, "item_0": 36, "item_0_name": "Magic Wand", "leaver_status_description": "finished match, no abandon", "level": 14, "player_slot": 1, "leaver_status_name": "NONE", "hero_id": 47, "last_hits": 75, "kills": 9, "account_id": 86833735, "item_3_name": "Power Treads", "item_4": 65, "item_3": 63, "item_4_name": "Hand of Midas", "item_5": 46, "xp_per_min": 431, "item_5_name": "Town Portal Scroll", "hero_name": "Viper", "gold_per_min": 369, "deaths": 6, "denies": 11, "item_2_name": "Ring of Aquila", "item_1_name": "Mekansm"}, {"item_2": 0, "assists": 15, "leaver_status": 0, "item_1": 73, "item_0": 34, "item_0_name": "Magic Stick", "leaver_status_description": "finished match, no abandon", "level": 11, "player_slot": 2, "leaver_status_name": "NONE", "hero_id": 5, "last_hits": 12, "kills": 2, "account_id": 102141440, "item_3_name": "Bracer", "item_4": 46, "item_3": 73, "item_4_name": "Town Portal Scroll", "item_5": 214, "xp_per_min": 295, "item_5_name": "Tranquil Boots", "hero_name": "Crystal Maiden", "gold_per_min": 208, "deaths": 9, "denies": 0, "item_1_name": "Bracer"}, {"item_2": 98, "assists": 11, "leaver_status": 1, "item_1": 178, "item_0": 29, "item_0_name": "Boots of Speed", "leaver_status_description": "player DC, no abandon", "level": 17, "player_slot": 3, "leaver_status_name": "DISCONNECTED", "hero_id": 17, "last_hits": 120, "kills": 6, "account_id": 121847953, "item_3_name": "Town Portal Scroll", "item_4": 65, "item_3": 46, "item_4_name": "Hand of Midas", "item_5": 41, "xp_per_min": 566, "item_5_name": "Bottle", "hero_name": "Storm Spirit", "gold_per_min": 429, "deaths": 7, "denies": 3, "item_2_name": "Orchid Malevolence", "item_1_name": "Soul Ring"}, {"item_2": 102, "assists": 13, "leaver_status": 0, "item_1": 46, "item_0": 180, "item_0_name": "Arcane Boots", "leaver_status_description": "finished match, no abandon", "level": 14, "player_slot": 4, "leaver_status_name": "NONE", "hero_id": 26, "last_hits": 28, "kills": 7, "account_id": 84105632, "item_3_name": "Hand of Midas", "item_4": 34, "item_3": 65, "item_4_name": "Magic Stick", "item_5": 0, "xp_per_min": 386, "hero_name": "Lion", "gold_per_min": 311, "deaths": 8, "denies": 2, "item_2_name": "Force Staff", "item_1_name": "Town Portal Scroll"}, {"item_2": 65, "assists": 12, "leaver_status": 0, "item_1": 34, "item_0": 1, "item_0_name": "Blink Dagger", "leaver_status_description": "finished match, no abandon", "level": 15, "player_slot": 128, "leaver_status_name": "NONE", "hero_id": 86, "last_hits": 37, "kills": 8, "account_id": 128632932, "item_3_name": "Eul's Scepter of Divinity", "item_4": 214, "item_3": 100, "item_4_name": "Tranquil Boots", "item_5": 77, "xp_per_min": 486, "item_5_name": "Null Talisman", "hero_name": "Rubick", "gold_per_min": 412, "deaths": 6, "denies": 0, "item_2_name": "Hand of Midas", "item_1_name": "Magic Stick"}, {"item_2": 151, "assists": 11, "leaver_status": 0, "item_1": 0, "item_0": 50, "item_0_name": "Phase Boots", "leaver_status_description": "finished match, no abandon", "level": 17, "player_slot": 129, "leaver_status_name": "NONE", "hero_id": 54, "last_hits": 128, "kills": 4, "account_id": 86828698, "item_3_name": "Hand of Midas", "item_4": 22, "item_3": 65, "item_4_name": "Blade of Alacrity", "item_5": 123, "xp_per_min": 557, "item_5_name": "Linken's Sphere", "hero_name": "Lifestealer", "gold_per_min": 525, "deaths": 2, "denies": 11, "item_2_name": "Armlet of Mordiggian"}, {"item_2": 180, "assists": 10, "leaver_status": 0, "item_1": 41, "item_0": 46, "item_0_name": "Town Portal Scroll", "leaver_status_description": "finished match, no abandon", "level": 14, "player_slot": 130, "leaver_status_name": "NONE", "hero_id": 51, "last_hits": 90, "kills": 5, "account_id": 22706938, "item_3_name": "Magic Wand", "item_4": 65, "item_3": 36, "item_4_name": "Hand of Midas", "item_5": 79, "xp_per_min": 383, "item_5_name": "Mekansm", "hero_name": "Clockwerk", "gold_per_min": 401, "deaths": 7, "denies": 4, "item_2_name": "Arcane Boots", "item_1_name": "Bottle"}, {"item_2": 36, "assists": 5, "leaver_status": 0, "item_1": 43, "item_0": 65, "item_0_name": "Hand of Midas", "leaver_status_description": "finished match, no abandon", "level": 15, "player_slot": 131, "leaver_status_name": "NONE", "hero_id": 27, "last_hits": 62, "kills": 7, "account_id": 58134384, "item_3_name": "Aghanim's Scepter", "item_4": 180, "item_3": 108, "item_4_name": "Arcane Boots", "item_5": 0, "xp_per_min": 487, "hero_name": "Shadow Shaman", "gold_per_min": 448, "deaths": 5, "denies": 0, "item_2_name": "Magic Wand", "item_1_name": "Sentry Ward"}, {"item_2": 123, "assists": 12, "leaver_status": 0, "item_1": 63, "item_0": 67, "item_0_name": "Oblivion Staff", "leaver_status_description": "finished match, no abandon", "level": 18, "player_slot": 132, "leaver_status_name": "NONE", "hero_id": 13, "last_hits": 124, "kills": 9, "account_id": 86745912, "item_3_name": "Magic Wand", "item_4": 65, "item_3": 36, "item_4_name": "Hand of Midas", "item_5": 0, "xp_per_min": 669, "hero_name": "Puck", "gold_per_min": 560, "deaths": 8, "denies": 3, "item_2_name": "Linken's Sphere", "item_1_name": "Power Treads"}], "match_seq_num": 342124698, "start_time": 1383887677, "picks_bans": [{"order": 0, "is_pick": false, "hero_id": 92, "team": 1}, {"order": 1, "is_pick": false, "hero_id": 62, "team": 0}, {"order": 2, "is_pick": false, "hero_id": 102, "team": 1}, {"order": 3, "is_pick": false, "hero_id": 31, "team": 0}, {"order": 4, "is_pick": true, "hero_id": 51, "team": 1}, {"order": 5, "is_pick": true, "hero_id": 47, "team": 0}, {"order": 6, "is_pick": true, "hero_id": 5, "team": 0}, {"order": 7, "is_pick": true, "hero_id": 86, "team": 1}, {"order": 8, "is_pick": false, "hero_id": 69, "team": 1}, {"order": 9, "is_pick": false, "hero_id": 103, "team": 0}, {"order": 10, "is_pick": false, "hero_id": 98, "team": 1}, {"order": 11, "is_pick": false, "hero_id": 40, "team": 0}, {"order": 12, "is_pick": true, "hero_id": 9, "team": 0}, {"order": 13, "is_pick": true, "hero_id": 13, "team": 1}, {"order": 14, "is_pick": true, "hero_id": 17, "team": 0}, {"order": 15, "is_pick": true, "hero_id": 27, "team": 1}, {"order": 16, "is_pick": false, "hero_id": 48, "team": 0}, {"order": 17, "is_pick": false, "hero_id": 15, "team": 1}, {"order": 18, "is_pick": true, "hero_id": 26, "team": 0}, {"order": 19, "is_pick": true, "hero_id": 54, "team": 1}], "radiant_win": false, "positive_votes": 16, "leagueid": 111, "game_mode": 2, "duration": 1649, "negative_votes": 2}