{"tower_status_radiant": 1572, "flags": 0, "radiant_team_complete": 0, "game_mode": 2, "radiant_score": 0, "match_id": 375833975, "lobby_name": "Practice", "dire_logo": 882992508026268893, "pre_game_duration": 0, "radiant_name": "TEAM CONQUER.", "match_seq_num": 342585758, "dire_team_complete": 0, "start_time": 1383919852, "radiant_win": false, "positive_votes": 13, "leagueid": 108, "duration": 1918, "dire_score": 0, "lobby_type": 1, "cluster": 132, "engine": 0, "barracks_status_dire": 63, "barracks_status_radiant": 47, "cluster_name": "Europe West", "first_blood_time": 62, "radiant_team_id": 286455, "radiant_logo": 597011937168900107, "human_players": 10, "game_mode_name": "Captains Mode", "tower_status_dire": 2039, "players": [{"item_2": 50, "assists": 5, "leaver_status": 0, "item_1": 46, "item_0": 194, "item_0_name": "Necronomicon", "leaver_status_description": "finished match, no abandon", "level": 14, "player_slot": 0, "leaver_status_name": "NONE", "hero_id": 69, "last_hits": 128, "kills": 3, "account_id": 1522705, "item_3_name": "Magic Wand", "item_4": 81, "item_3": 36, "item_4_name": "Vladmir's Offering", "item_5": 0, "xp_per_min": 331, "hero_name": "Doom", "gold_per_min": 374, "deaths": 6, "denies": 1, "item_2_name": "Phase Boots", "item_1_name": "Town Portal Scroll"}, {"item_2": 102, "assists": 7, "leaver_status": 0, "item_1": 41, "item_0": 180, "item_0_name": "Arcane Boots", "leaver_status_description": "finished match, no abandon", "level": 13, "player_slot": 1, "leaver_status_name": "NONE", "hero_id": 88, "last_hits": 61, "kills": 2, "account_id": 8363146, "item_3_name": "Magic Wand", "item_4": 188, "item_3": 36, "item_4_name": "Smoke of Deceit", "item_5": 46, "xp_per_min": 324, "item_5_name": "Town Portal Scroll", "hero_name": "Nyx Assassin", "gold_per_min": 253, "deaths": 8, "denies": 4, "item_2_name": "Force Staff", "item_1_name": "Bottle"}, {"item_2": 46, "assists": 7, "leaver_status": 0, "item_1": 50, "item_0": 36, "item_0_name": "Magic Wand", "leaver_status_description": "finished match, no abandon", "level": 12, "player_slot": 2, "leaver_status_name": "NONE", "hero_id": 5, "last_hits": 46, "kills": 0, "account_id": 38191013, "item_3_name": "Bracer", "item_4": 0, "item_3": 73, "item_5": 73, "xp_per_min": 271, "item_5_name": "Bracer", "hero_name": "Crystal Maiden", "gold_per_min": 216, "deaths": 7, "denies": 0, "item_2_name": "Town Portal Scroll", "item_1_name": "Phase Boots"}, {"item_2": 36, "assists": 1, "leaver_status": 0, "item_1": 116, "item_0": 50, "item_0_name": "Phase Boots", "leaver_status_description": "finished match, no abandon", "level": 15, "player_slot": 3, "leaver_status_name": "NONE", "hero_id": 15, "last_hits": 156, "kills": 9, "account_id": 86933772, "item_3_name": "Ring of Aquila", "item_4": 46, "item_3": 212, "item_4_name": "Town Portal Scroll", "item_5": 60, "xp_per_min": 395, "item_5_name": "Point Booster", "hero_name": "Razor", "gold_per_min": 407, "deaths": 5, "denies": 15, "item_2_name": "Magic Wand", "item_1_name": "Black King Bar"}, {"item_2": 42, "assists": 7, "leaver_status": 0, "item_1": 79, "item_0": 36, "item_0_name": "Magic Wand", "leaver_status_description": "finished match, no abandon", "level": 13, "player_slot": 4, "leaver_status_name": "NONE", "hero_id": 102, "last_hits": 41, "kills": 2, "account_id": 7185015, "item_3_name": "Urn of Shadows", "item_4": 50, "item_3": 92, "item_4_name": "Phase Boots", "item_5": 46, "xp_per_min": 315, "item_5_name": "Town Portal Scroll", "hero_name": "Abaddon", "gold_per_min": 217, "deaths": 3, "denies": 10, "item_2_name": "Observer Ward", "item_1_name": "Mekansm"}, {"item_2": 116, "assists": 9, "leaver_status": 0, "item_1": 79, "item_0": 50, "item_0_name": "Phase Boots", "leaver_status_description": "finished match, no abandon", "level": 16, "player_slot": 128, "leaver_status_name": "NONE", "hero_id": 45, "last_hits": 133, "kills": 9, "account_id": 86799300, "item_3_name": "Bottle", "item_4": 108, "item_3": 41, "item_4_name": "Aghanim's Scepter", "item_5": 46, "xp_per_min": 472, "item_5_name": "Town Portal Scroll", "hero_name": "Pugna", "gold_per_min": 511, "deaths": 2, "denies": 10, "item_2_name": "Black King Bar", "item_1_name": "Mekansm"}, {"item_2": 30, "assists": 12, "leaver_status": 0, "item_1": 60, "item_0": 188, "item_0_name": "Smoke of Deceit", "leaver_status_description": "finished match, no abandon", "level": 15, "player_slot": 129, "leaver_status_name": "NONE", "hero_id": 92, "last_hits": 37, "kills": 7, "account_id": 99845008, "item_3_name": "Boots of Travel", "item_4": 36, "item_3": 48, "item_4_name": "Magic Wand", "item_5": 187, "xp_per_min": 398, "item_5_name": "Medallion of Courage", "hero_name": "Visage", "gold_per_min": 366, "deaths": 3, "denies": 6, "item_2_name": "Gem of True Sight", "item_1_name": "Point Booster"}, {"item_2": 166, "assists": 7, "leaver_status": 0, "item_1": 11, "item_0": 46, "item_0_name": "Town Portal Scroll", "leaver_status_description": "finished match, no abandon", "level": 16, "player_slot": 130, "leaver_status_name": "NONE", "hero_id": 54, "last_hits": 154, "kills": 4, "account_id": 24009418, "item_3_name": "Phase Boots", "item_4": 151, "item_3": 50, "item_4_name": "Armlet of Mordiggian", "item_5": 123, "xp_per_min": 457, "item_5_name": "Linken's Sphere", "hero_name": "Lifestealer", "gold_per_min": 482, "deaths": 5, "denies": 28, "item_2_name": "Maelstrom", "item_1_name": "Quelling Blade"}, {"item_2": 46, "assists": 20, "leaver_status": 0, "item_1": 63, "item_0": 42, "item_0_name": "Observer Ward", "leaver_status_description": "finished match, no abandon", "level": 14, "player_slot": 131, "leaver_status_name": "NONE", "hero_id": 40, "last_hits": 64, "kills": 5, "account_id": 7932121, "item_3_name": "Urn of Shadows", "item_4": 36, "item_3": 92, "item_4_name": "Magic Wand", "item_5": 108, "xp_per_min": 349, "item_5_name": "Aghanim's Scepter", "hero_name": "Venomancer", "gold_per_min": 361, "deaths": 5, "denies": 3, "item_2_name": "Town Portal Scroll", "item_1_name": "Power Treads"}, {"item_2": 55, "assists": 10, "leaver_status": 0, "item_1": 0, "item_0": 36, "item_0_name": "Magic Wand", "leaver_status_description": "finished match, no abandon", "level": 15, "player_slot": 132, "leaver_status_name": "NONE", "hero_id": 8, "last_hits": 83, "kills": 3, "account_id": 5150808, "item_3_name": "Town Portal Scroll", "item_4": 50, "item_3": 46, "item_4_name": "Phase Boots", "item_5": 108, "xp_per_min": 376, "item_5_name": "Aghanim's Scepter", "hero_name": "Juggernaut", "gold_per_min": 347, "deaths": 3, "denies": 9, "item_2_name": "Hyperstone"}], "dire_team_id": 892727, "picks_bans": [{"order": 0, "is_pick": false, "hero_id": 103, "team": 1}, {"order": 1, "is_pick": false, "hero_id": 51, "team": 0}, {"order": 2, "is_pick": false, "hero_id": 89, "team": 1}, {"order": 3, "is_pick": false, "hero_id": 31, "team": 0}, {"order": 4, "is_pick": true, "hero_id": 45, "team": 1}, {"order": 5, "is_pick": true, "hero_id": 88, "team": 0}, {"order": 6, "is_pick": true, "hero_id": 69, "team": 0}, {"order": 7, "is_pick": true, "hero_id": 40, "team": 1}, {"order": 8, "is_pick": false, "hero_id": 91, "team": 1}, {"order": 9, "is_pick": false, "hero_id": 43, "team": 0}, {"order": 10, "is_pick": false, "hero_id": 76, "team": 1}, {"order": 11, "is_pick": false, "hero_id": 80, "team": 0}, {"order": 12, "is_pick": true, "hero_id": 5, "team": 0}, {"order": 13, "is_pick": true, "hero_id": 54, "team": 1}, {"order": 14, "is_pick": true, "hero_id": 15, "team": 0}, {"order": 15, "is_pick": true, "hero_id": 92, "team": 1}, {"order": 16, "is_pick": false, "hero_id": 53, "team": 0}, {"order": 17, "is_pick": false, "hero_id": 63, "team": 1}, {"order": 18, "is_pick": true, "hero_id": 102, "team": 0}, {"order": 19, "is_pick": true, "hero_id": 8, "team": 1}], "dire_name": "big bad bullshit", "negative_votes": 1}