{"tower_status_radiant": 2047, "flags": 0, "radiant_team_complete": 0, "game_mode": 2, "radiant_score": 0, "match_id": 376380384, "lobby_name": "Practice", "dire_logo": 0, "pre_game_duration": 0, "radiant_name": "Sajedene Dota", "match_seq_num": 343080555, "dire_team_complete": 0, "start_time": 1383948614, "radiant_win": true, "positive_votes": 4, "leagueid": 111, "duration": 1368, "dire_score": 0, "lobby_type": 1, "cluster": 124, "engine": 0, "barracks_status_dire": 63, "barracks_status_radiant": 63, "cluster_name": "US East", "first_blood_time": 236, "radiant_team_id": 782743, "radiant_logo": 612771997434455300, "human_players": 10, "game_mode_name": "Captains Mode", "tower_status_dire": 1828, "players": [{"item_2": 0, "assists": 11, "leaver_status": 0, "item_1": 65, "item_0": 23, "item_0_name": "Staff of Wizardry", "leaver_status_description": "finished match, no abandon", "level": 13, "player_slot": 0, "leaver_status_name": "NONE", "hero_id": 102, "last_hits": 42, "kills": 4, "account_id": 87090735, "item_3_name": "Arcane Boots", "item_4": 36, "item_3": 180, "item_4_name": "Magic Wand", "item_5": 46, "xp_per_min": 444, "item_5_name": "Town Portal Scroll", "hero_name": "Abaddon", "gold_per_min": 395, "deaths": 6, "denies": 2, "item_1_name": "Hand of Midas"}, {"item_2": 123, "assists": 3, "leaver_status": 0, "item_1": 36, "item_0": 79, "item_0_name": "Mekansm", "leaver_status_description": "finished match, no abandon", "level": 16, "player_slot": 1, "leaver_status_name": "NONE", "hero_id": 47, "last_hits": 130, "kills": 8, "account_id": 22706938, "item_3_name": "Town Portal Scroll", "item_4": 63, "item_3": 46, "item_4_name": "Power Treads", "item_5": 65, "xp_per_min": 621, "item_5_name": "Hand of Midas", "hero_name": "Viper", "gold_per_min": 636, "deaths": 3, "denies": 8, "item_2_name": "Linken's Sphere", "item_1_name": "Magic Wand"}, {"item_2": 46, "assists": 5, "leaver_status": 0, "item_1": 1, "item_0": 180, "item_0_name": "Arcane Boots", "leaver_status_description": "finished match, no abandon", "level": 11, "player_slot": 2, "leaver_status_name": "NONE", "hero_id": 3, "last_hits": 21, "kills": 2, "account_id": 100999227, "item_3_name": "Magic Stick", "item_4": 188, "item_3": 34, "item_4_name": "Smoke of Deceit", "item_5": 16, "xp_per_min": 358, "item_5_name": "Iron Branch", "hero_name": "Bane", "gold_per_min": 276, "deaths": 1, "denies": 8, "item_2_name": "Town Portal Scroll", "item_1_name": "Blink Dagger"}, {"item_2": 181, "assists": 7, "leaver_status": 0, "item_1": 50, "item_0": 123, "item_0_name": "Linken's Sphere", "leaver_status_description": "finished match, no abandon", "level": 14, "player_slot": 3, "leaver_status_name": "NONE", "hero_id": 62, "last_hits": 65, "kills": 5, "account_id": 87293485, "item_4": 170, "item_3": 0, "item_4_name": "Yasha", "item_5": 46, "xp_per_min": 462, "item_5_name": "Town Portal Scroll", "hero_name": "Bounty Hunter", "gold_per_min": 491, "deaths": 4, "denies": 5, "item_2_name": "Orb of Venom", "item_1_name": "Phase Boots"}, {"item_2": 41, "assists": 2, "leaver_status": 0, "item_1": 1, "item_0": 63, "item_0_name": "Power Treads", "leaver_status_description": "finished match, no abandon", "level": 18, "player_slot": 4, "leaver_status_name": "NONE", "hero_id": 11, "last_hits": 213, "kills": 7, "account_id": 10366616, "item_3_name": "Black King Bar", "item_4": 123, "item_3": 116, "item_4_name": "Linken's Sphere", "item_5": 36, "xp_per_min": 758, "item_5_name": "Magic Wand", "hero_name": "Shadow Fiend", "gold_per_min": 719, "deaths": 2, "denies": 12, "item_2_name": "Bottle", "item_1_name": "Blink Dagger"}, {"item_2": 50, "assists": 2, "leaver_status": 0, "item_1": 194, "item_0": 65, "item_0_name": "Hand of Midas", "leaver_status_description": "finished match, no abandon", "level": 13, "player_slot": 128, "leaver_status_name": "NONE", "hero_id": 69, "last_hits": 94, "kills": 2, "account_id": 76173488, "item_3_name": "Town Portal Scroll", "item_4": 88, "item_3": 46, "item_4_name": "Ring of Basilius", "item_5": 0, "xp_per_min": 404, "hero_name": "Doom", "gold_per_min": 441, "deaths": 4, "denies": 1, "item_2_name": "Phase Boots", "item_1_name": "Necronomicon"}, {"item_2": 36, "assists": 1, "leaver_status": 0, "item_1": 46, "item_0": 180, "item_0_name": "Arcane Boots", "leaver_status_description": "finished match, no abandon", "level": 11, "player_slot": 129, "leaver_status_name": "NONE", "hero_id": 98, "last_hits": 57, "kills": 2, "account_id": 96246590, "item_3_name": "Stout Shield", "item_4": 60, "item_3": 182, "item_4_name": "Point Booster", "item_5": 0, "xp_per_min": 335, "hero_name": "Timbersaw", "gold_per_min": 248, "deaths": 6, "denies": 2, "item_2_name": "Magic Wand", "item_1_name": "Town Portal Scroll"}, {"item_2": 34, "assists": 5, "leaver_status": 0, "item_1": 0, "item_0": 42, "item_0_name": "Observer Ward", "leaver_status_description": "finished match, no abandon", "level": 11, "player_slot": 130, "leaver_status_name": "NONE", "hero_id": 5, "last_hits": 31, "kills": 3, "account_id": 101698309, "item_3_name": "Sentry Ward", "item_4": 65, "item_3": 43, "item_4_name": "Hand of Midas", "item_5": 63, "xp_per_min": 284, "item_5_name": "Power Treads", "hero_name": "Crystal Maiden", "gold_per_min": 246, "deaths": 4, "denies": 2, "item_2_name": "Magic Stick"}, {"item_2": 73, "assists": 5, "leaver_status": 0, "item_1": 0, "item_0": 41, "item_0_name": "Bottle", "leaver_status_description": "finished match, no abandon", "level": 13, "player_slot": 131, "leaver_status_name": "NONE", "hero_id": 22, "last_hits": 49, "kills": 5, "account_id": 87024422, "item_3_name": "Magic Wand", "item_4": 65, "item_3": 36, "item_4_name": "Hand of Midas", "item_5": 180, "xp_per_min": 455, "item_5_name": "Arcane Boots", "hero_name": "Zeus", "gold_per_min": 309, "deaths": 4, "denies": 0, "item_2_name": "Bracer"}, {"item_2": 36, "assists": 4, "leaver_status": 0, "item_1": 50, "item_0": 11, "item_0_name": "Quelling Blade", "leaver_status_description": "finished match, no abandon", "level": 13, "player_slot": 132, "leaver_status_name": "NONE", "hero_id": 54, "last_hits": 82, "kills": 1, "account_id": 87296097, "item_3_name": "Bracer", "item_4": 6, "item_3": 73, "item_4_name": "Helm of Iron Will", "item_5": 0, "xp_per_min": 441, "hero_name": "Lifestealer", "gold_per_min": 312, "deaths": 8, "denies": 13, "item_2_name": "Magic Wand", "item_1_name": "Phase Boots"}], "dire_team_id": 1119647, "picks_bans": [{"order": 0, "is_pick": false, "hero_id": 45, "team": 1}, {"order": 1, "is_pick": false, "hero_id": 31, "team": 0}, {"order": 2, "is_pick": false, "hero_id": 51, "team": 1}, {"order": 3, "is_pick": false, "hero_id": 92, "team": 0}, {"order": 4, "is_pick": true, "hero_id": 98, "team": 1}, {"order": 5, "is_pick": true, "hero_id": 102, "team": 0}, {"order": 6, "is_pick": true, "hero_id": 47, "team": 0}, {"order": 7, "is_pick": true, "hero_id": 5, "team": 1}, {"order": 8, "is_pick": false, "hero_id": 40, "team": 1}, {"order": 9, "is_pick": false, "hero_id": 86, "team": 0}, {"order": 10, "is_pick": false, "hero_id": 103, "team": 1}, {"order": 11, "is_pick": false, "hero_id": 88, "team": 0}, {"order": 12, "is_pick": true, "hero_id": 62, "team": 0}, {"order": 13, "is_pick": true, "hero_id": 69, "team": 1}, {"order": 14, "is_pick": true, "hero_id": 11, "team": 0}, {"order": 15, "is_pick": true, "hero_id": 54, "team": 1}, {"order": 16, "is_pick": false, "hero_id": 89, "team": 0}, {"order": 17, "is_pick": false, "hero_id": 29, "team": 1}, {"order": 18, "is_pick": true, "hero_id": 3, "team": 0}, {"order": 19, "is_pick": true, "hero_id": 22, "team": 1}], "dire_name": "Stew's First Time", "negative_votes": 3}