{"tower_status_radiant": 1574, "flags": 0, "radiant_team_complete": 1, "game_mode": 2, "radiant_score": 0, "match_id": 379066996, "lobby_name": "Practice", "dire_logo": 307739466828348574, "pre_game_duration": 0, "radiant_name": "Evil Geniuses", "match_seq_num": 345550745, "dire_team_complete": 1, "start_time": 1384109114, "radiant_win": false, "positive_votes": 86, "leagueid": 103, "duration": 1093, "dire_score": 0, "lobby_type": 1, "cluster": 133, "engine": 0, "barracks_status_dire": 63, "barracks_status_radiant": 15, "cluster_name": "Europe West", "first_blood_time": 258, "radiant_team_id": 39, "radiant_logo": 631980045785959337, "human_players": 10, "game_mode_name": "Captains Mode", "tower_status_dire": 2038, "players": [{"item_2": 60, "assists": 2, "leaver_status": 0, "item_1": 29, "item_0": 187, "item_0_name": "Medallion of Courage", "leaver_status_description": "finished match, no abandon", "level": 8, "player_slot": 0, "leaver_status_name": "NONE", "hero_id": 92, "last_hits": 28, "kills": 1, "account_id": 87177591, "item_3_name": "Iron Branch", "item_4": 0, "item_3": 16, "item_5": 34, "xp_per_min": 221, "item_5_name": "Magic Stick", "hero_name": "Visage", "gold_per_min": 236, "deaths": 3, "denies": 2, "item_2_name": "Point Booster", "item_1_name": "Boots of Speed"}, {"item_2": 182, "assists": 1, "leaver_status": 0, "item_1": 65, "item_0": 34, "item_0_name": "Magic Stick", "leaver_status_description": "finished match, no abandon", "level": 10, "player_slot": 1, "leaver_status_name": "NONE", "hero_id": 44, "last_hits": 70, "kills": 0, "account_id": 87360406, "item_3_name": "Iron Branch", "item_4": 50, "item_3": 16, "item_4_name": "Phase Boots", "item_5": 185, "xp_per_min": 320, "item_5_name": "Drum of Endurance", "hero_name": "Phantom Assassin", "gold_per_min": 330, "deaths": 4, "denies": 0, "item_2_name": "Stout Shield", "item_1_name": "Hand of Midas"}, {"item_2": 77, "assists": 2, "leaver_status": 0, "item_1": 1, "item_0": 63, "item_0_name": "Power Treads", "leaver_status_description": "finished match, no abandon", "level": 10, "player_slot": 2, "leaver_status_name": "NONE", "hero_id": 13, "last_hits": 67, "kills": 1, "account_id": 86726887, "item_3_name": "Bottle", "item_4": 0, "item_3": 41, "item_5": 36, "xp_per_min": 311, "item_5_name": "Magic Wand", "hero_name": "Puck", "gold_per_min": 330, "deaths": 3, "denies": 9, "item_2_name": "Null Talisman", "item_1_name": "Blink Dagger"}, {"item_2": 46, "assists": 2, "leaver_status": 0, "item_1": 36, "item_0": 39, "item_0_name": "Healing Salve", "leaver_status_description": "finished match, no abandon", "level": 7, "player_slot": 3, "leaver_status_name": "NONE", "hero_id": 5, "last_hits": 15, "kills": 1, "account_id": 5448108, "item_3_name": "Tranquil Boots", "item_4": 13, "item_3": 214, "item_4_name": "Gauntlets of Strength", "item_5": 0, "xp_per_min": 151, "hero_name": "Crystal Maiden", "gold_per_min": 203, "deaths": 6, "denies": 0, "item_2_name": "Town Portal Scroll", "item_1_name": "Magic Wand"}, {"item_2": 50, "assists": 0, "leaver_status": 0, "item_1": 71, "item_0": 46, "item_0_name": "Town Portal Scroll", "leaver_status_description": "finished match, no abandon", "level": 9, "player_slot": 4, "leaver_status_name": "NONE", "hero_id": 62, "last_hits": 34, "kills": 2, "account_id": 87276347, "item_3_name": "Orb of Venom", "item_4": 36, "item_3": 181, "item_4_name": "Magic Wand", "item_5": 73, "xp_per_min": 256, "item_5_name": "Bracer", "hero_name": "Bounty Hunter", "gold_per_min": 244, "deaths": 4, "denies": 5, "item_2_name": "Phase Boots", "item_1_name": "Poor Man's Shield"}, {"item_2": 79, "assists": 11, "leaver_status": 0, "item_1": 180, "item_0": 36, "item_0_name": "Magic Wand", "leaver_status_description": "finished match, no abandon", "level": 11, "player_slot": 128, "leaver_status_name": "NONE", "hero_id": 85, "last_hits": 21, "kills": 4, "account_id": 94155156, "item_3_name": "Town Portal Scroll", "item_4": 43, "item_3": 46, "item_4_name": "Sentry Ward", "item_5": 40, "xp_per_min": 330, "item_5_name": "Dust of Appearance", "hero_name": "Undying", "gold_per_min": 359, "deaths": 1, "denies": 5, "item_2_name": "Mekansm", "item_1_name": "Arcane Boots"}, {"item_2": 46, "assists": 6, "leaver_status": 0, "item_1": 29, "item_0": 187, "item_0_name": "Medallion of Courage", "leaver_status_description": "finished match, no abandon", "level": 10, "player_slot": 129, "leaver_status_name": "NONE", "hero_id": 40, "last_hits": 17, "kills": 5, "account_id": 19672354, "item_3_name": "Magic Wand", "item_4": 92, "item_3": 36, "item_4_name": "Urn of Shadows", "item_5": 0, "xp_per_min": 320, "hero_name": "Venomancer", "gold_per_min": 338, "deaths": 0, "denies": 2, "item_2_name": "Town Portal Scroll", "item_1_name": "Boots of Speed"}, {"item_2": 50, "assists": 7, "leaver_status": 0, "item_1": 36, "item_0": 88, "item_0_name": "Ring of Basilius", "leaver_status_description": "finished match, no abandon", "level": 12, "player_slot": 130, "leaver_status_name": "NONE", "hero_id": 8, "last_hits": 73, "kills": 3, "account_id": 100317750, "item_3_name": "Drum of Endurance", "item_4": 46, "item_3": 185, "item_4_name": "Town Portal Scroll", "item_5": 108, "xp_per_min": 468, "item_5_name": "Aghanim's Scepter", "hero_name": "Juggernaut", "gold_per_min": 524, "deaths": 1, "denies": 8, "item_2_name": "Phase Boots", "item_1_name": "Magic Wand"}, {"item_2": 63, "assists": 14, "leaver_status": 0, "item_1": 60, "item_0": 182, "item_0_name": "Stout Shield", "leaver_status_description": "finished match, no abandon", "level": 11, "player_slot": 131, "leaver_status_name": "NONE", "hero_id": 51, "last_hits": 52, "kills": 4, "account_id": 8712306, "item_3_name": "Blade Mail", "item_4": 36, "item_3": 127, "item_4_name": "Magic Wand", "item_5": 41, "xp_per_min": 406, "item_5_name": "Bottle", "hero_name": "Clockwerk", "gold_per_min": 502, "deaths": 1, "denies": 18, "item_2_name": "Power Treads", "item_1_name": "Point Booster"}, {"item_2": 29, "assists": 4, "leaver_status": 0, "item_1": 98, "item_0": 88, "item_0_name": "Ring of Basilius", "leaver_status_description": "finished match, no abandon", "level": 11, "player_slot": 132, "leaver_status_name": "NONE", "hero_id": 74, "last_hits": 68, "kills": 4, "account_id": 21265941, "item_3_name": "Aegis of the Immortal", "item_4": 46, "item_3": 117, "item_4_name": "Town Portal Scroll", "item_5": 77, "xp_per_min": 439, "item_5_name": "Null Talisman", "hero_name": "Invoker", "gold_per_min": 491, "deaths": 2, "denies": 23, "item_2_name": "Boots of Speed", "item_1_name": "Orchid Malevolence"}], "dire_team_id": 350190, "picks_bans": [{"order": 0, "is_pick": false, "hero_id": 65, "team": 1}, {"order": 1, "is_pick": false, "hero_id": 91, "team": 0}, {"order": 2, "is_pick": false, "hero_id": 31, "team": 1}, {"order": 3, "is_pick": false, "hero_id": 54, "team": 0}, {"order": 4, "is_pick": true, "hero_id": 51, "team": 1}, {"order": 5, "is_pick": true, "hero_id": 62, "team": 0}, {"order": 6, "is_pick": true, "hero_id": 5, "team": 0}, {"order": 7, "is_pick": true, "hero_id": 40, "team": 1}, {"order": 8, "is_pick": false, "hero_id": 63, "team": 1}, {"order": 9, "is_pick": false, "hero_id": 72, "team": 0}, {"order": 10, "is_pick": false, "hero_id": 103, "team": 1}, {"order": 11, "is_pick": false, "hero_id": 45, "team": 0}, {"order": 12, "is_pick": true, "hero_id": 92, "team": 0}, {"order": 13, "is_pick": true, "hero_id": 74, "team": 1}, {"order": 14, "is_pick": true, "hero_id": 13, "team": 0}, {"order": 15, "is_pick": true, "hero_id": 8, "team": 1}, {"order": 16, "is_pick": false, "hero_id": 86, "team": 0}, {"order": 17, "is_pick": false, "hero_id": 48, "team": 1}, {"order": 18, "is_pick": true, "hero_id": 44, "team": 0}, {"order": 19, "is_pick": true, "hero_id": 85, "team": 1}], "dire_name": "Fnatic", "negative_votes": 3}