{"tower_status_radiant": 6, "flags": 0, "lobby_type": 1, "cluster": 131, "game_mode_name": "Captains Mode", "engine": 0, "barracks_status_dire": 63, "barracks_status_radiant": 3, "cluster_name": "Europe West", "radiant_score": 0, "match_id": 379187173, "lobby_name": "Practice", "dire_score": 0, "first_blood_time": 97, "radiant_team_id": 1089897, "radiant_logo": 559863671748661821, "human_players": 10, "pre_game_duration": 0, "radiant_team_complete": 0, "tower_status_dire": 1830, "players": [{"item_2": 0, "assists": 12, "leaver_status": 0, "item_1": 1, "item_0": 116, "item_0_name": "Black King Bar", "leaver_status_description": "finished match, no abandon", "level": 20, "player_slot": 0, "leaver_status_name": "NONE", "hero_id": 5, "last_hits": 118, "kills": 10, "account_id": 91931211, "item_3_name": "Phase Boots", "item_4": 65, "item_3": 50, "item_4_name": "Hand of Midas", "item_5": 108, "xp_per_min": 482, "item_5_name": "Aghanim's Scepter", "hero_name": "Crystal Maiden", "gold_per_min": 408, "deaths": 8, "denies": 0, "item_1_name": "Blink Dagger"}, {"item_2": 121, "assists": 14, "leaver_status": 0, "item_1": 131, "item_0": 46, "item_0_name": "Town Portal Scroll", "leaver_status_description": "finished match, no abandon", "level": 19, "player_slot": 1, "leaver_status_name": "NONE", "hero_id": 98, "last_hits": 120, "kills": 6, "account_id": 86716947, "item_3_name": "Boots of Speed", "item_4": 36, "item_3": 29, "item_4_name": "Magic Wand", "item_5": 127, "xp_per_min": 458, "item_5_name": "Blade Mail", "hero_name": "Timbersaw", "gold_per_min": 365, "deaths": 15, "denies": 0, "item_2_name": "Bloodstone", "item_1_name": "Hood of Defiance"}, {"item_2": 50, "assists": 12, "leaver_status": 0, "item_1": 174, "item_0": 36, "item_0_name": "Magic Wand", "leaver_status_description": "finished match, no abandon", "level": 19, "player_slot": 2, "leaver_status_name": "NONE", "hero_id": 8, "last_hits": 146, "kills": 7, "account_id": 26316691, "item_3_name": "Aghanim's Scepter", "item_4": 185, "item_3": 108, "item_4_name": "Drum of Endurance", "item_5": 170, "xp_per_min": 450, "item_5_name": "Yasha", "hero_name": "Juggernaut", "gold_per_min": 406, "deaths": 9, "denies": 5, "item_2_name": "Phase Boots", "item_1_name": "Diffusal Blade"}, {"item_2": 34, "assists": 7, "leaver_status": 0, "item_1": 98, "item_0": 102, "item_0_name": "Force Staff", "leaver_status_description": "finished match, no abandon", "level": 17, "player_slot": 3, "leaver_status_name": "NONE", "hero_id": 74, "last_hits": 154, "kills": 5, "account_id": 86840554, "item_3_name": "Phase Boots", "item_4": 0, "item_3": 50, "item_5": 46, "xp_per_min": 380, "item_5_name": "Town Portal Scroll", "hero_name": "Invoker", "gold_per_min": 353, "deaths": 13, "denies": 12, "item_2_name": "Magic Stick", "item_1_name": "Orchid Malevolence"}, {"item_2": 100, "assists": 15, "leaver_status": 0, "item_1": 69, "item_0": 29, "item_0_name": "Boots of Speed", "leaver_status_description": "finished match, no abandon", "level": 16, "player_slot": 4, "leaver_status_name": "NONE", "hero_id": 21, "last_hits": 66, "kills": 4, "account_id": 36547811, "item_3_name": "Blink Dagger", "item_4": 0, "item_3": 1, "item_5": 11, "xp_per_min": 317, "item_5_name": "Quelling Blade", "hero_name": "Windranger", "gold_per_min": 274, "deaths": 9, "denies": 2, "item_2_name": "Eul's Scepter of Divinity", "item_1_name": "Perseverance"}, {"item_2": 48, "assists": 18, "leaver_status": 0, "item_1": 96, "item_0": 102, "item_0_name": "Force Staff", "leaver_status_description": "finished match, no abandon", "level": 25, "player_slot": 128, "leaver_status_name": "NONE", "hero_id": 65, "last_hits": 173, "kills": 21, "account_id": 86811043, "item_3_name": "Blink Dagger", "item_4": 0, "item_3": 1, "item_5": 100, "xp_per_min": 747, "item_5_name": "Eul's Scepter of Divinity", "hero_name": "Batrider", "gold_per_min": 555, "deaths": 6, "denies": 0, "item_2_name": "Boots of Travel", "item_1_name": "Scythe of Vyse"}, {"item_2": 164, "assists": 26, "leaver_status": 0, "item_1": 116, "item_0": 147, "item_0_name": "Manta Style", "leaver_status_description": "finished match, no abandon", "level": 24, "player_slot": 129, "leaver_status_name": "NONE", "hero_id": 48, "last_hits": 230, "kills": 8, "account_id": 89373132, "item_3_name": "Power Treads", "item_4": 117, "item_3": 63, "item_4_name": "Aegis of the Immortal", "item_5": 36, "xp_per_min": 687, "item_5_name": "Magic Wand", "hero_name": "Luna", "gold_per_min": 567, "deaths": 6, "denies": 19, "item_2_name": "Helm of the Dominator", "item_1_name": "Black King Bar"}, {"item_2": 180, "assists": 23, "leaver_status": 0, "item_1": 119, "item_0": 178, "item_0_name": "Soul Ring", "leaver_status_description": "finished match, no abandon", "level": 21, "player_slot": 130, "leaver_status_name": "NONE", "hero_id": 55, "last_hits": 170, "kills": 6, "account_id": 53151216, "item_3_name": "Mekansm", "item_4": 37, "item_3": 79, "item_4_name": "Ghost Scepter", "item_5": 46, "xp_per_min": 548, "item_5_name": "Town Portal Scroll", "hero_name": "Dark Seer", "gold_per_min": 458, "deaths": 9, "denies": 0, "item_2_name": "Arcane Boots", "item_1_name": "Shiva's Guard"}, {"item_2": 92, "assists": 24, "leaver_status": 0, "item_1": 90, "item_0": 36, "item_0_name": "Magic Wand", "leaver_status_description": "finished match, no abandon", "level": 20, "player_slot": 131, "leaver_status_name": "NONE", "hero_id": 102, "last_hits": 34, "kills": 6, "account_id": 86731061, "item_3_name": "Arcane Boots", "item_4": 30, "item_3": 180, "item_4_name": "Gem of True Sight", "item_5": 46, "xp_per_min": 482, "item_5_name": "Town Portal Scroll", "hero_name": "Abaddon", "gold_per_min": 353, "deaths": 6, "denies": 2, "item_2_name": "Urn of Shadows", "item_1_name": "Pipe of Insight"}, {"item_2": 116, "assists": 24, "leaver_status": 0, "item_1": 65, "item_0": 151, "item_0_name": "Armlet of Mordiggian", "leaver_status_description": "finished match, no abandon", "level": 23, "player_slot": 132, "leaver_status_name": "NONE", "hero_id": 42, "last_hits": 94, "kills": 12, "account_id": 124049453, "item_3_name": "Power Treads", "item_4": 112, "item_3": 63, "item_4_name": "Assault Cuirass", "item_5": 36, "xp_per_min": 656, "item_5_name": "Magic Wand", "hero_name": "Wraith King", "gold_per_min": 498, "deaths": 5, "denies": 4, "item_2_name": "Black King Bar", "item_1_name": "Hand of Midas"}], "radiant_name": "My Horse is Amazing!!!", "match_seq_num": 345676883, "start_time": 1384117328, "picks_bans": [{"order": 0, "is_pick": false, "hero_id": 47, "team": 1}, {"order": 1, "is_pick": false, "hero_id": 45, "team": 0}, {"order": 2, "is_pick": false, "hero_id": 31, "team": 1}, {"order": 3, "is_pick": false, "hero_id": 51, "team": 0}, {"order": 4, "is_pick": true, "hero_id": 102, "team": 1}, {"order": 5, "is_pick": true, "hero_id": 5, "team": 0}, {"order": 6, "is_pick": true, "hero_id": 98, "team": 0}, {"order": 7, "is_pick": true, "hero_id": 65, "team": 1}, {"order": 8, "is_pick": false, "hero_id": 89, "team": 1}, {"order": 9, "is_pick": false, "hero_id": 40, "team": 0}, {"order": 10, "is_pick": false, "hero_id": 20, "team": 1}, {"order": 11, "is_pick": false, "hero_id": 15, "team": 0}, {"order": 12, "is_pick": true, "hero_id": 21, "team": 0}, {"order": 13, "is_pick": true, "hero_id": 48, "team": 1}, {"order": 14, "is_pick": true, "hero_id": 8, "team": 0}, {"order": 15, "is_pick": true, "hero_id": 55, "team": 1}, {"order": 16, "is_pick": false, "hero_id": 86, "team": 0}, {"order": 17, "is_pick": false, "hero_id": 76, "team": 1}, {"order": 18, "is_pick": true, "hero_id": 74, "team": 0}, {"order": 19, "is_pick": true, "hero_id": 42, "team": 1}], "radiant_win": false, "positive_votes": 9, "leagueid": 108, "game_mode": 2, "duration": 2623, "negative_votes": 2}