{"tower_status_radiant": 1540, "flags": 0, "lobby_type": 1, "cluster": 135, "game_mode_name": "Captains Mode", "engine": 0, "barracks_status_dire": 63, "barracks_status_radiant": 15, "cluster_name": "Europe West", "radiant_score": 0, "match_id": 379758318, "lobby_name": "Practice", "dire_score": 0, "first_blood_time": 60, "human_players": 10, "pre_game_duration": 0, "tower_status_dire": 1972, "players": [{"item_2": 48, "assists": 14, "leaver_status": 0, "item_1": 127, "item_0": 79, "item_0_name": "Mekansm", "leaver_status_description": "finished match, no abandon", "level": 23, "player_slot": 0, "leaver_status_name": "NONE", "hero_id": 98, "last_hits": 251, "kills": 9, "account_id": 105194732, "item_3_name": "Bloodstone", "item_4": 24, "item_3": 121, "item_4_name": "Ultimate Orb", "item_5": 71, "xp_per_min": 653, "item_5_name": "Poor Man's Shield", "hero_name": "Timbersaw", "gold_per_min": 489, "deaths": 4, "denies": 17, "item_2_name": "Boots of Travel", "item_1_name": "Blade Mail"}, {"item_2": 108, "assists": 13, "leaver_status": 0, "item_1": 29, "item_0": 187, "item_0_name": "Medallion of Courage", "leaver_status_description": "finished match, no abandon", "level": 15, "player_slot": 1, "leaver_status_name": "NONE", "hero_id": 92, "last_hits": 50, "kills": 7, "account_id": 86731061, "item_3_name": "Belt of Strength", "item_4": 0, "item_3": 17, "item_5": 23, "xp_per_min": 276, "item_5_name": "Staff of Wizardry", "hero_name": "Visage", "gold_per_min": 250, "deaths": 13, "denies": 0, "item_2_name": "Aghanim's Scepter", "item_1_name": "Boots of Speed"}, {"item_2": 50, "assists": 15, "leaver_status": 0, "item_1": 36, "item_0": 71, "item_0_name": "Poor Man's Shield", "leaver_status_description": "finished match, no abandon", "level": 19, "player_slot": 2, "leaver_status_name": "NONE", "hero_id": 67, "last_hits": 192, "kills": 6, "account_id": 46881756, "item_3_name": "Blade Mail", "item_4": 185, "item_3": 127, "item_4_name": "Drum of Endurance", "item_5": 114, "xp_per_min": 442, "item_5_name": "Heart of Tarrasque", "hero_name": "Spectre", "gold_per_min": 393, "deaths": 11, "denies": 10, "item_2_name": "Phase Boots", "item_1_name": "Magic Wand"}, {"item_2": 77, "assists": 14, "leaver_status": 0, "item_1": 1, "item_0": 96, "item_0_name": "Scythe of Vyse", "leaver_status_description": "finished match, no abandon", "level": 20, "player_slot": 3, "leaver_status_name": "NONE", "hero_id": 13, "last_hits": 141, "kills": 6, "account_id": 57835748, "item_4": 41, "item_3": 0, "item_4_name": "Bottle", "item_5": 48, "xp_per_min": 461, "item_5_name": "Boots of Travel", "hero_name": "Puck", "gold_per_min": 326, "deaths": 7, "denies": 3, "item_2_name": "Null Talisman", "item_1_name": "Blink Dagger"}, {"item_2": 17, "assists": 8, "leaver_status": 0, "item_1": 81, "item_0": 180, "item_0_name": "Arcane Boots", "leaver_status_description": "finished match, no abandon", "level": 15, "player_slot": 4, "leaver_status_name": "NONE", "hero_id": 89, "last_hits": 60, "kills": 3, "account_id": 8969983, "item_4": 92, "item_3": 0, "item_4_name": "Urn of Shadows", "item_5": 46, "xp_per_min": 280, "item_5_name": "Town Portal Scroll", "hero_name": "Naga Siren", "gold_per_min": 252, "deaths": 11, "denies": 1, "item_2_name": "Belt of Strength", "item_1_name": "Vladmir's Offering"}, {"item_2": 164, "assists": 19, "leaver_status": 0, "item_1": 174, "item_0": 0, "leaver_status_description": "finished match, no abandon", "level": 21, "player_slot": 128, "leaver_status_name": "NONE", "hero_id": 9, "last_hits": 197, "kills": 8, "account_id": 24009418, "item_3_name": "Phase Boots", "item_4": 116, "item_3": 50, "item_4_name": "Black King Bar", "item_5": 185, "xp_per_min": 528, "item_5_name": "Drum of Endurance", "hero_name": "Mirana", "gold_per_min": 514, "deaths": 6, "denies": 4, "item_2_name": "Helm of the Dominator", "item_1_name": "Diffusal Blade"}, {"item_2": 63, "assists": 10, "leaver_status": 0, "item_1": 116, "item_0": 96, "item_0_name": "Scythe of Vyse", "leaver_status_description": "finished match, no abandon", "level": 25, "player_slot": 129, "leaver_status_name": "NONE", "hero_id": 76, "last_hits": 312, "kills": 11, "account_id": 26682464, "item_3_name": "Force Staff", "item_4": 79, "item_3": 102, "item_4_name": "Mekansm", "item_5": 119, "xp_per_min": 712, "item_5_name": "Shiva's Guard", "hero_name": "Outworld Devourer", "gold_per_min": 660, "deaths": 6, "denies": 27, "item_2_name": "Power Treads", "item_1_name": "Black King Bar"}, {"item_2": 0, "assists": 19, "leaver_status": 0, "item_1": 116, "item_0": 1, "item_0_name": "Blink Dagger", "leaver_status_description": "finished match, no abandon", "level": 18, "player_slot": 130, "leaver_status_name": "NONE", "hero_id": 5, "last_hits": 49, "kills": 9, "account_id": 87165186, "item_3_name": "Magic Wand", "item_4": 214, "item_3": 36, "item_4_name": "Tranquil Boots", "item_5": 23, "xp_per_min": 386, "item_5_name": "Staff of Wizardry", "hero_name": "Crystal Maiden", "gold_per_min": 340, "deaths": 6, "denies": 1, "item_1_name": "Black King Bar"}, {"item_2": 36, "assists": 20, "leaver_status": 0, "item_1": 1, "item_0": 180, "item_0_name": "Arcane Boots", "leaver_status_description": "finished match, no abandon", "level": 19, "player_slot": 131, "leaver_status_name": "NONE", "hero_id": 7, "last_hits": 64, "kills": 8, "account_id": 4281729, "item_3_name": "Aghanim's Scepter", "item_4": 46, "item_3": 108, "item_4_name": "Town Portal Scroll", "item_5": 37, "xp_per_min": 419, "item_5_name": "Ghost Scepter", "hero_name": "Earthshaker", "gold_per_min": 361, "deaths": 8, "denies": 2, "item_2_name": "Magic Wand", "item_1_name": "Blink Dagger"}, {"item_2": 208, "assists": 10, "leaver_status": 0, "item_1": 116, "item_0": 50, "item_0_name": "Phase Boots", "leaver_status_description": "finished match, no abandon", "level": 20, "player_slot": 132, "leaver_status_name": "NONE", "hero_id": 62, "last_hits": 164, "kills": 9, "account_id": 8363146, "item_3_name": "Town Portal Scroll", "item_4": 30, "item_3": 46, "item_4_name": "Gem of True Sight", "item_5": 81, "xp_per_min": 493, "item_5_name": "Vladmir's Offering", "hero_name": "Bounty Hunter", "gold_per_min": 518, "deaths": 7, "denies": 6, "item_2_name": "Abyssal Blade", "item_1_name": "Black King Bar"}], "match_seq_num": 346209982, "start_time": 1384173441, "picks_bans": [{"order": 0, "is_pick": false, "hero_id": 47, "team": 0}, {"order": 1, "is_pick": false, "hero_id": 103, "team": 1}, {"order": 2, "is_pick": false, "hero_id": 45, "team": 0}, {"order": 3, "is_pick": false, "hero_id": 31, "team": 1}, {"order": 4, "is_pick": true, "hero_id": 92, "team": 0}, {"order": 5, "is_pick": true, "hero_id": 5, "team": 1}, {"order": 6, "is_pick": true, "hero_id": 62, "team": 1}, {"order": 7, "is_pick": true, "hero_id": 98, "team": 0}, {"order": 8, "is_pick": false, "hero_id": 54, "team": 0}, {"order": 9, "is_pick": false, "hero_id": 40, "team": 1}, {"order": 10, "is_pick": false, "hero_id": 8, "team": 0}, {"order": 11, "is_pick": false, "hero_id": 3, "team": 1}, {"order": 12, "is_pick": true, "hero_id": 9, "team": 1}, {"order": 13, "is_pick": true, "hero_id": 89, "team": 0}, {"order": 14, "is_pick": true, "hero_id": 7, "team": 1}, {"order": 15, "is_pick": true, "hero_id": 13, "team": 0}, {"order": 16, "is_pick": false, "hero_id": 48, "team": 1}, {"order": 17, "is_pick": false, "hero_id": 43, "team": 0}, {"order": 18, "is_pick": true, "hero_id": 76, "team": 1}, {"order": 19, "is_pick": true, "hero_id": 67, "team": 0}], "radiant_win": false, "positive_votes": 11, "leagueid": 108, "game_mode": 2, "duration": 2735, "negative_votes": 1}