{"tower_status_radiant": 1540, "flags": 0, "radiant_team_complete": 1, "game_mode": 2, "radiant_score": 0, "match_id": 379730617, "lobby_name": "Practice", "dire_logo": 921253447668725714, "pre_game_duration": 0, "radiant_name": "Fnatic", "match_seq_num": 346171713, "dire_team_complete": 1, "start_time": 1384172045, "radiant_win": false, "positive_votes": 127, "leagueid": 114, "duration": 1933, "dire_score": 0, "lobby_type": 1, "cluster": 136, "engine": 0, "barracks_status_dire": 63, "barracks_status_radiant": 3, "cluster_name": "Europe West", "first_blood_time": 76, "radiant_team_id": 350190, "radiant_logo": 307739466828348574, "human_players": 10, "game_mode_name": "Captains Mode", "tower_status_dire": 2044, "players": [{"item_2": 16, "assists": 3, "leaver_status": 0, "item_1": 29, "item_0": 34, "item_0_name": "Magic Stick", "leaver_status_description": "finished match, no abandon", "level": 9, "player_slot": 0, "leaver_status_name": "NONE", "hero_id": 40, "last_hits": 27, "kills": 0, "account_id": 94155156, "item_3_name": "Sentry Ward", "item_4": 46, "item_3": 43, "item_4_name": "Town Portal Scroll", "item_5": 0, "xp_per_min": 138, "hero_name": "Venomancer", "gold_per_min": 157, "deaths": 8, "denies": 5, "item_2_name": "Iron Branch", "item_1_name": "Boots of Speed"}, {"item_2": 37, "assists": 5, "leaver_status": 0, "item_1": 214, "item_0": 41, "item_0_name": "Bottle", "leaver_status_description": "finished match, no abandon", "level": 11, "player_slot": 1, "leaver_status_name": "NONE", "hero_id": 91, "last_hits": 19, "kills": 1, "account_id": 19672354, "item_3_name": "Magic Stick", "item_4": 46, "item_3": 34, "item_4_name": "Town Portal Scroll", "item_5": 0, "xp_per_min": 221, "hero_name": "Io", "gold_per_min": 167, "deaths": 3, "denies": 2, "item_2_name": "Ghost Scepter", "item_1_name": "Tranquil Boots"}, {"item_2": 185, "assists": 2, "leaver_status": 0, "item_1": 36, "item_0": 63, "item_0_name": "Power Treads", "leaver_status_description": "finished match, no abandon", "level": 15, "player_slot": 2, "leaver_status_name": "NONE", "hero_id": 19, "last_hits": 221, "kills": 4, "account_id": 100317750, "item_3_name": "Black King Bar", "item_4": 149, "item_3": 116, "item_4_name": "Crystalys", "item_5": 108, "xp_per_min": 380, "item_5_name": "Aghanim's Scepter", "hero_name": "Tiny", "gold_per_min": 480, "deaths": 1, "denies": 29, "item_2_name": "Drum of Endurance", "item_1_name": "Magic Wand"}, {"item_2": 180, "assists": 2, "leaver_status": 0, "item_1": 30, "item_0": 79, "item_0_name": "Mekansm", "leaver_status_description": "finished match, no abandon", "level": 13, "player_slot": 3, "leaver_status_name": "NONE", "hero_id": 29, "last_hits": 127, "kills": 0, "account_id": 8712306, "item_3_name": "Force Staff", "item_4": 46, "item_3": 102, "item_4_name": "Town Portal Scroll", "item_5": 36, "xp_per_min": 297, "item_5_name": "Magic Wand", "hero_name": "Tidehunter", "gold_per_min": 303, "deaths": 4, "denies": 13, "item_2_name": "Arcane Boots", "item_1_name": "Gem of True Sight"}, {"item_2": 29, "assists": 3, "leaver_status": 0, "item_1": 1, "item_0": 41, "item_0_name": "Bottle", "leaver_status_description": "finished match, no abandon", "level": 13, "player_slot": 4, "leaver_status_name": "NONE", "hero_id": 65, "last_hits": 119, "kills": 1, "account_id": 21265941, "item_3_name": "Ring of Basilius", "item_4": 0, "item_3": 88, "item_5": 102, "xp_per_min": 307, "item_5_name": "Force Staff", "hero_name": "Batrider", "gold_per_min": 280, "deaths": 7, "denies": 6, "item_2_name": "Boots of Speed", "item_1_name": "Blink Dagger"}, {"item_2": 36, "assists": 7, "leaver_status": 0, "item_1": 116, "item_0": 48, "item_0_name": "Boots of Travel", "leaver_status_description": "finished match, no abandon", "level": 17, "player_slot": 128, "leaver_status_name": "NONE", "hero_id": 39, "last_hits": 196, "kills": 6, "account_id": 96196828, "item_3_name": "Scythe of Vyse", "item_4": 98, "item_3": 96, "item_4_name": "Orchid Malevolence", "item_5": 16, "xp_per_min": 518, "item_5_name": "Iron Branch", "hero_name": "Queen of Pain", "gold_per_min": 556, "deaths": 1, "denies": 17, "item_2_name": "Magic Wand", "item_1_name": "Black King Bar"}, {"item_2": 73, "assists": 6, "leaver_status": 0, "item_1": 36, "item_0": 0, "leaver_status_description": "finished match, no abandon", "level": 14, "player_slot": 129, "leaver_status_name": "NONE", "hero_id": 31, "last_hits": 54, "kills": 3, "account_id": 76600360, "item_3_name": "Mekansm", "item_4": 46, "item_3": 79, "item_4_name": "Town Portal Scroll", "item_5": 63, "xp_per_min": 342, "item_5_name": "Power Treads", "hero_name": "Lich", "gold_per_min": 316, "deaths": 2, "denies": 3, "item_2_name": "Bracer", "item_1_name": "Magic Wand"}, {"item_2": 30, "assists": 3, "leaver_status": 0, "item_1": 194, "item_0": 180, "item_0_name": "Arcane Boots", "leaver_status_description": "finished match, no abandon", "level": 15, "player_slot": 130, "leaver_status_name": "NONE", "hero_id": 83, "last_hits": 79, "kills": 1, "account_id": 89137399, "item_3_name": "Magic Wand", "item_4": 65, "item_3": 36, "item_4_name": "Hand of Midas", "item_5": 46, "xp_per_min": 391, "item_5_name": "Town Portal Scroll", "hero_name": "Treant Protector", "gold_per_min": 388, "deaths": 2, "denies": 15, "item_2_name": "Gem of True Sight", "item_1_name": "Necronomicon"}, {"item_2": 63, "assists": 9, "leaver_status": 0, "item_1": 116, "item_0": 98, "item_0_name": "Orchid Malevolence", "leaver_status_description": "finished match, no abandon", "level": 18, "player_slot": 131, "leaver_status_name": "NONE", "hero_id": 56, "last_hits": 157, "kills": 6, "account_id": 86725175, "item_4": 212, "item_3": 0, "item_4_name": "Ring of Aquila", "item_5": 141, "xp_per_min": 576, "item_5_name": "Daedalus", "hero_name": "Clinkz", "gold_per_min": 520, "deaths": 0, "denies": 8, "item_2_name": "Power Treads", "item_1_name": "Black King Bar"}, {"item_2": 168, "assists": 8, "leaver_status": 0, "item_1": 194, "item_0": 96, "item_0_name": "Scythe of Vyse", "leaver_status_description": "finished match, no abandon", "level": 17, "player_slot": 132, "leaver_status_name": "NONE", "hero_id": 53, "last_hits": 180, "kills": 6, "account_id": 53178236, "item_3_name": "Hand of Midas", "item_4": 188, "item_3": 65, "item_4_name": "Smoke of Deceit", "item_5": 63, "xp_per_min": 478, "item_5_name": "Power Treads", "hero_name": "Nature's Prophet", "gold_per_min": 585, "deaths": 1, "denies": 1, "item_2_name": "Desolator", "item_1_name": "Necronomicon"}], "dire_team_id": 293390, "picks_bans": [{"order": 0, "is_pick": false, "hero_id": 103, "team": 0}, {"order": 1, "is_pick": false, "hero_id": 51, "team": 1}, {"order": 2, "is_pick": false, "hero_id": 45, "team": 0}, {"order": 3, "is_pick": false, "hero_id": 74, "team": 1}, {"order": 4, "is_pick": true, "hero_id": 91, "team": 0}, {"order": 5, "is_pick": true, "hero_id": 53, "team": 1}, {"order": 6, "is_pick": true, "hero_id": 31, "team": 1}, {"order": 7, "is_pick": true, "hero_id": 19, "team": 0}, {"order": 8, "is_pick": false, "hero_id": 76, "team": 0}, {"order": 9, "is_pick": false, "hero_id": 98, "team": 1}, {"order": 10, "is_pick": false, "hero_id": 54, "team": 0}, {"order": 11, "is_pick": false, "hero_id": 62, "team": 1}, {"order": 12, "is_pick": true, "hero_id": 39, "team": 1}, {"order": 13, "is_pick": true, "hero_id": 65, "team": 0}, {"order": 14, "is_pick": true, "hero_id": 83, "team": 1}, {"order": 15, "is_pick": true, "hero_id": 40, "team": 0}, {"order": 16, "is_pick": false, "hero_id": 88, "team": 1}, {"order": 17, "is_pick": false, "hero_id": 72, "team": 0}, {"order": 18, "is_pick": true, "hero_id": 56, "team": 1}, {"order": 19, "is_pick": true, "hero_id": 29, "team": 0}], "dire_name": "Radical Online X-tremists", "negative_votes": 9}