{"tower_status_radiant": 1536, "flags": 0, "radiant_team_complete": 0, "game_mode": 2, "radiant_score": 0, "match_id": 387206604, "lobby_name": "Practice", "dire_logo": 531766271384850245, "pre_game_duration": 0, "radiant_name": "SuperStrongDinosaurs", "match_seq_num": 352945433, "dire_team_complete": 0, "start_time": 1384629378, "radiant_win": false, "positive_votes": 46, "leagueid": 97, "duration": 2732, "dire_score": 0, "lobby_type": 1, "cluster": 136, "engine": 0, "barracks_status_dire": 63, "barracks_status_radiant": 3, "cluster_name": "Europe West", "first_blood_time": 34, "radiant_team_id": 995682, "radiant_logo": 884119748687027366, "human_players": 10, "game_mode_name": "Captains Mode", "tower_status_dire": 1974, "players": [{"item_2": 9, "assists": 13, "leaver_status": 0, "item_1": 151, "item_0": 50, "item_0_name": "Phase Boots", "leaver_status_description": "finished match, no abandon", "level": 22, "player_slot": 0, "leaver_status_name": "NONE", "hero_id": 54, "last_hits": 301, "kills": 5, "account_id": 10366616, "item_3_name": "Skull Basher", "item_4": 65, "item_3": 143, "item_4_name": "Hand of Midas", "item_5": 81, "xp_per_min": 566, "item_5_name": "Vladmir's Offering", "hero_name": "Lifestealer", "gold_per_min": 497, "deaths": 7, "denies": 15, "item_2_name": "Platemail", "item_1_name": "Armlet of Mordiggian"}, {"item_2": 98, "assists": 20, "leaver_status": 1, "item_1": 210, "item_0": 63, "item_0_name": "Power Treads", "leaver_status_description": "player DC, no abandon", "level": 21, "player_slot": 1, "leaver_status_name": "DISCONNECTED", "hero_id": 103, "last_hits": 150, "kills": 10, "account_id": 96169991, "item_3_name": "Town Portal Scroll", "item_4": 185, "item_3": 46, "item_4_name": "Drum of Endurance", "item_5": 36, "xp_per_min": 534, "item_5_name": "Magic Wand", "hero_name": "Elder Titan", "gold_per_min": 384, "deaths": 8, "denies": 7, "item_2_name": "Orchid Malevolence", "item_1_name": "Heaven's Halberd"}, {"item_2": 36, "assists": 28, "leaver_status": 0, "item_1": 187, "item_0": 63, "item_0_name": "Power Treads", "leaver_status_description": "finished match, no abandon", "level": 15, "player_slot": 2, "leaver_status_name": "NONE", "hero_id": 40, "last_hits": 86, "kills": 0, "account_id": 86727555, "item_3_name": "Town Portal Scroll", "item_4": 43, "item_3": 46, "item_4_name": "Sentry Ward", "item_5": 42, "xp_per_min": 273, "item_5_name": "Observer Ward", "hero_name": "Venomancer", "gold_per_min": 219, "deaths": 7, "denies": 1, "item_2_name": "Magic Wand", "item_1_name": "Medallion of Courage"}, {"item_2": 48, "assists": 17, "leaver_status": 0, "item_1": 79, "item_0": 1, "item_0_name": "Blink Dagger", "leaver_status_description": "finished match, no abandon", "level": 22, "player_slot": 3, "leaver_status_name": "NONE", "hero_id": 55, "last_hits": 250, "kills": 12, "account_id": 73562326, "item_3_name": "Black King Bar", "item_4": 178, "item_3": 116, "item_4_name": "Soul Ring", "item_5": 0, "xp_per_min": 553, "hero_name": "Dark Seer", "gold_per_min": 436, "deaths": 10, "denies": 1, "item_2_name": "Boots of Travel", "item_1_name": "Mekansm"}, {"item_2": 1, "assists": 21, "leaver_status": 0, "item_1": 96, "item_0": 180, "item_0_name": "Arcane Boots", "leaver_status_description": "finished match, no abandon", "level": 20, "player_slot": 4, "leaver_status_name": "NONE", "hero_id": 16, "last_hits": 150, "kills": 9, "account_id": 85375207, "item_3_name": "Veil of Discord", "item_4": 0, "item_3": 190, "item_5": 73, "xp_per_min": 481, "item_5_name": "Bracer", "hero_name": "Sand King", "gold_per_min": 362, "deaths": 5, "denies": 0, "item_2_name": "Blink Dagger", "item_1_name": "Scythe of Vyse"}, {"item_2": 81, "assists": 10, "leaver_status": 0, "item_1": 180, "item_0": 37, "item_0_name": "Ghost Scepter", "leaver_status_description": "finished match, no abandon", "level": 16, "player_slot": 128, "leaver_status_name": "NONE", "hero_id": 50, "last_hits": 30, "kills": 2, "account_id": 26682464, "item_3_name": "Urn of Shadows", "item_4": 42, "item_3": 92, "item_4_name": "Observer Ward", "item_5": 33, "xp_per_min": 304, "item_5_name": "Cheese", "hero_name": "Dazzle", "gold_per_min": 271, "deaths": 8, "denies": 3, "item_2_name": "Vladmir's Offering", "item_1_name": "Arcane Boots"}, {"item_2": 65, "assists": 15, "leaver_status": 0, "item_1": 102, "item_0": 48, "item_0_name": "Boots of Travel", "leaver_status_description": "finished match, no abandon", "level": 23, "player_slot": 129, "leaver_status_name": "NONE", "hero_id": 74, "last_hits": 243, "kills": 8, "account_id": 97590558, "item_3_name": "Scythe of Vyse", "item_4": 108, "item_3": 96, "item_4_name": "Aghanim's Scepter", "item_5": 0, "xp_per_min": 621, "hero_name": "Invoker", "gold_per_min": 578, "deaths": 8, "denies": 25, "item_2_name": "Hand of Midas", "item_1_name": "Force Staff"}, {"item_2": 29, "assists": 24, "leaver_status": 0, "item_1": 1, "item_0": 41, "item_0_name": "Bottle", "leaver_status_description": "finished match, no abandon", "level": 18, "player_slot": 130, "leaver_status_name": "NONE", "hero_id": 20, "last_hits": 22, "kills": 2, "account_id": 25907144, "item_3_name": "Force Staff", "item_4": 30, "item_3": 102, "item_4_name": "Gem of True Sight", "item_5": 187, "xp_per_min": 400, "item_5_name": "Medallion of Courage", "hero_name": "Vengeful Spirit", "gold_per_min": 286, "deaths": 7, "denies": 4, "item_2_name": "Boots of Speed", "item_1_name": "Blink Dagger"}, {"item_2": 116, "assists": 13, "leaver_status": 0, "item_1": 154, "item_0": 125, "item_0_name": "Vanguard", "leaver_status_description": "finished match, no abandon", "level": 22, "player_slot": 131, "leaver_status_name": "NONE", "hero_id": 99, "last_hits": 193, "kills": 18, "account_id": 65623472, "item_3_name": "Assault Cuirass", "item_4": 0, "item_3": 112, "item_5": 63, "xp_per_min": 601, "item_5_name": "Power Treads", "hero_name": "Bristleback", "gold_per_min": 599, "deaths": 5, "denies": 7, "item_2_name": "Black King Bar", "item_1_name": "Sange and Yasha"}, {"item_2": 65, "assists": 21, "leaver_status": 0, "item_1": 116, "item_0": 96, "item_0_name": "Scythe of Vyse", "leaver_status_description": "finished match, no abandon", "level": 22, "player_slot": 132, "leaver_status_name": "NONE", "hero_id": 53, "last_hits": 296, "kills": 6, "account_id": 20237599, "item_3_name": "Mekansm", "item_4": 51, "item_3": 79, "item_4_name": "Demon Edge", "item_5": 50, "xp_per_min": 554, "item_5_name": "Phase Boots", "hero_name": "Nature's Prophet", "gold_per_min": 607, "deaths": 8, "denies": 4, "item_2_name": "Hand of Midas", "item_1_name": "Black King Bar"}], "dire_team_id": 26, "picks_bans": [{"order": 0, "is_pick": false, "hero_id": 98, "team": 1}, {"order": 1, "is_pick": false, "hero_id": 45, "team": 0}, {"order": 2, "is_pick": false, "hero_id": 92, "team": 1}, {"order": 3, "is_pick": false, "hero_id": 51, "team": 0}, {"order": 4, "is_pick": true, "hero_id": 53, "team": 1}, {"order": 5, "is_pick": true, "hero_id": 54, "team": 0}, {"order": 6, "is_pick": true, "hero_id": 40, "team": 0}, {"order": 7, "is_pick": true, "hero_id": 50, "team": 1}, {"order": 8, "is_pick": false, "hero_id": 62, "team": 1}, {"order": 9, "is_pick": false, "hero_id": 43, "team": 0}, {"order": 10, "is_pick": false, "hero_id": 17, "team": 1}, {"order": 11, "is_pick": false, "hero_id": 63, "team": 0}, {"order": 12, "is_pick": true, "hero_id": 103, "team": 0}, {"order": 13, "is_pick": true, "hero_id": 99, "team": 1}, {"order": 14, "is_pick": true, "hero_id": 55, "team": 0}, {"order": 15, "is_pick": true, "hero_id": 20, "team": 1}, {"order": 16, "is_pick": false, "hero_id": 39, "team": 0}, {"order": 17, "is_pick": false, "hero_id": 5, "team": 1}, {"order": 18, "is_pick": true, "hero_id": 16, "team": 0}, {"order": 19, "is_pick": true, "hero_id": 74, "team": 1}], "dire_name": "mousesports", "negative_votes": 4}