{"tower_status_radiant": 1796, "flags": 0, "radiant_team_complete": 0, "game_mode": 2, "radiant_score": 0, "match_id": 390511103, "lobby_name": "Practice", "dire_logo": 1047377791103893273, "pre_game_duration": 0, "radiant_name": "mousesports", "match_seq_num": 355943715, "dire_team_complete": 0, "start_time": 1384804698, "radiant_win": false, "positive_votes": 12, "leagueid": 108, "duration": 1476, "dire_score": 0, "lobby_type": 1, "cluster": 134, "engine": 0, "barracks_status_dire": 63, "barracks_status_radiant": 51, "cluster_name": "Europe West", "first_blood_time": 164, "radiant_team_id": 26, "radiant_logo": 531766271384850245, "human_players": 10, "game_mode_name": "Captains Mode", "tower_status_dire": 1982, "players": [{"item_2": 26, "assists": 2, "leaver_status": 1, "item_1": 36, "item_0": 212, "item_0_name": "Ring of Aquila", "leaver_status_description": "player DC, no abandon", "level": 11, "player_slot": 0, "leaver_status_name": "DISCONNECTED", "hero_id": 95, "last_hits": 69, "kills": 4, "account_id": 26682464, "item_3_name": "Phase Boots", "item_4": 115, "item_3": 50, "item_4_name": "Recipe: Black King Bar", "item_5": 21, "xp_per_min": 244, "item_5_name": "Ogre Club", "hero_name": "Troll Warlord", "gold_per_min": 316, "deaths": 6, "denies": 5, "item_2_name": "Morbid Mask", "item_1_name": "Magic Wand"}, {"item_2": 0, "assists": 5, "leaver_status": 0, "item_1": 50, "item_0": 36, "item_0_name": "Magic Wand", "leaver_status_description": "finished match, no abandon", "level": 8, "player_slot": 1, "leaver_status_name": "NONE", "hero_id": 5, "last_hits": 17, "kills": 1, "account_id": 90199779, "item_3_name": "Bracer", "item_4": 46, "item_3": 73, "item_4_name": "Town Portal Scroll", "item_5": 73, "xp_per_min": 164, "item_5_name": "Bracer", "hero_name": "Crystal Maiden", "gold_per_min": 199, "deaths": 6, "denies": 3, "item_1_name": "Phase Boots"}, {"item_2": 180, "assists": 2, "leaver_status": 0, "item_1": 92, "item_0": 46, "item_0_name": "Town Portal Scroll", "leaver_status_description": "finished match, no abandon", "level": 14, "player_slot": 2, "leaver_status_name": "NONE", "hero_id": 98, "last_hits": 104, "kills": 4, "account_id": 97590558, "item_3_name": "Ghost Scepter", "item_4": 69, "item_3": 37, "item_4_name": "Perseverance", "item_5": 36, "xp_per_min": 429, "item_5_name": "Magic Wand", "hero_name": "Timbersaw", "gold_per_min": 374, "deaths": 7, "denies": 11, "item_2_name": "Arcane Boots", "item_1_name": "Urn of Shadows"}, {"item_2": 42, "assists": 4, "leaver_status": 1, "item_1": 40, "item_0": 29, "item_0_name": "Boots of Speed", "leaver_status_description": "player DC, no abandon", "level": 9, "player_slot": 3, "leaver_status_name": "DISCONNECTED", "hero_id": 86, "last_hits": 18, "kills": 1, "account_id": 10878762, "item_3_name": "Magic Wand", "item_4": 46, "item_3": 36, "item_4_name": "Town Portal Scroll", "item_5": 0, "xp_per_min": 196, "hero_name": "Rubick", "gold_per_min": 191, "deaths": 12, "denies": 0, "item_2_name": "Observer Ward", "item_1_name": "Dust of Appearance"}, {"item_2": 37, "assists": 3, "leaver_status": 1, "item_1": 36, "item_0": 50, "item_0_name": "Phase Boots", "leaver_status_description": "player DC, no abandon", "level": 14, "player_slot": 4, "leaver_status_name": "DISCONNECTED", "hero_id": 23, "last_hits": 78, "kills": 3, "account_id": 25907144, "item_3_name": "Drum of Endurance", "item_4": 41, "item_3": 185, "item_4_name": "Bottle", "item_5": 46, "xp_per_min": 446, "item_5_name": "Town Portal Scroll", "hero_name": "Kunkka", "gold_per_min": 353, "deaths": 4, "denies": 9, "item_2_name": "Ghost Scepter", "item_1_name": "Magic Wand"}, {"item_2": 185, "assists": 14, "leaver_status": 0, "item_1": 79, "item_0": 206, "item_0_name": "Rod of Atos", "leaver_status_description": "finished match, no abandon", "level": 14, "player_slot": 128, "leaver_status_name": "NONE", "hero_id": 58, "last_hits": 58, "kills": 8, "account_id": 88271237, "item_3_name": "Urn of Shadows", "item_4": 63, "item_3": 92, "item_4_name": "Power Treads", "item_5": 0, "xp_per_min": 481, "hero_name": "Enchantress", "gold_per_min": 462, "deaths": 1, "denies": 0, "item_2_name": "Drum of Endurance", "item_1_name": "Mekansm"}, {"item_2": 41, "assists": 9, "leaver_status": 1, "item_1": 160, "item_0": 102, "item_0_name": "Force Staff", "leaver_status_description": "player DC, no abandon", "level": 15, "player_slot": 129, "leaver_status_name": "DISCONNECTED", "hero_id": 11, "last_hits": 145, "kills": 6, "account_id": 86799300, "item_3_name": "Town Portal Scroll", "item_4": 63, "item_3": 46, "item_4_name": "Power Treads", "item_5": 36, "xp_per_min": 525, "item_5_name": "Magic Wand", "hero_name": "Shadow Fiend", "gold_per_min": 550, "deaths": 4, "denies": 21, "item_2_name": "Bottle", "item_1_name": "Eye of Skadi"}, {"item_2": 88, "assists": 13, "leaver_status": 0, "item_1": 116, "item_0": 98, "item_0_name": "Orchid Malevolence", "leaver_status_description": "finished match, no abandon", "level": 16, "player_slot": 130, "leaver_status_name": "NONE", "hero_id": 56, "last_hits": 85, "kills": 11, "account_id": 16769223, "item_3_name": "Crystalys", "item_4": 34, "item_3": 149, "item_4_name": "Magic Stick", "item_5": 63, "xp_per_min": 560, "item_5_name": "Power Treads", "hero_name": "Clinkz", "gold_per_min": 581, "deaths": 4, "denies": 12, "item_2_name": "Ring of Basilius", "item_1_name": "Black King Bar"}, {"item_2": 36, "assists": 13, "leaver_status": 0, "item_1": 46, "item_0": 63, "item_0_name": "Power Treads", "leaver_status_description": "finished match, no abandon", "level": 14, "player_slot": 131, "leaver_status_name": "NONE", "hero_id": 51, "last_hits": 32, "kills": 4, "account_id": 74432222, "item_3_name": "Blade Mail", "item_4": 102, "item_3": 127, "item_4_name": "Force Staff", "item_5": 0, "xp_per_min": 466, "hero_name": "Clockwerk", "gold_per_min": 360, "deaths": 5, "denies": 2, "item_2_name": "Magic Wand", "item_1_name": "Town Portal Scroll"}, {"item_2": 46, "assists": 20, "leaver_status": 0, "item_1": 102, "item_0": 187, "item_0_name": "Medallion of Courage", "leaver_status_description": "finished match, no abandon", "level": 14, "player_slot": 132, "leaver_status_name": "NONE", "hero_id": 40, "last_hits": 54, "kills": 6, "account_id": 31078647, "item_3_name": "Vanguard", "item_4": 180, "item_3": 125, "item_4_name": "Arcane Boots", "item_5": 30, "xp_per_min": 431, "item_5_name": "Gem of True Sight", "hero_name": "Venomancer", "gold_per_min": 424, "deaths": 0, "denies": 1, "item_2_name": "Town Portal Scroll", "item_1_name": "Force Staff"}], "dire_team_id": 1079149, "picks_bans": [{"order": 0, "is_pick": false, "hero_id": 103, "team": 1}, {"order": 1, "is_pick": false, "hero_id": 45, "team": 0}, {"order": 2, "is_pick": false, "hero_id": 9, "team": 1}, {"order": 3, "is_pick": false, "hero_id": 92, "team": 0}, {"order": 4, "is_pick": true, "hero_id": 40, "team": 1}, {"order": 5, "is_pick": true, "hero_id": 98, "team": 0}, {"order": 6, "is_pick": true, "hero_id": 5, "team": 0}, {"order": 7, "is_pick": true, "hero_id": 51, "team": 1}, {"order": 8, "is_pick": false, "hero_id": 47, "team": 1}, {"order": 9, "is_pick": false, "hero_id": 88, "team": 0}, {"order": 10, "is_pick": false, "hero_id": 76, "team": 1}, {"order": 11, "is_pick": false, "hero_id": 72, "team": 0}, {"order": 12, "is_pick": true, "hero_id": 86, "team": 0}, {"order": 13, "is_pick": true, "hero_id": 58, "team": 1}, {"order": 14, "is_pick": true, "hero_id": 95, "team": 0}, {"order": 15, "is_pick": true, "hero_id": 56, "team": 1}, {"order": 16, "is_pick": false, "hero_id": 13, "team": 0}, {"order": 17, "is_pick": false, "hero_id": 39, "team": 1}, {"order": 18, "is_pick": true, "hero_id": 23, "team": 0}, {"order": 19, "is_pick": true, "hero_id": 11, "team": 1}], "dire_name": "SIGMA.int", "negative_votes": 0}