{"tower_status_radiant": 1974, "flags": 0, "lobby_type": 1, "cluster": 135, "game_mode_name": "Captains Mode", "engine": 0, "barracks_status_dire": 63, "barracks_status_radiant": 63, "cluster_name": "Europe West", "radiant_score": 0, "match_id": 398028285, "lobby_name": "Practice", "dire_score": 0, "first_blood_time": 225, "radiant_team_id": 983699, "radiant_logo": 599266384829806068, "human_players": 10, "pre_game_duration": 0, "radiant_team_complete": 0, "tower_status_dire": 2046, "players": [{"item_2": 29, "assists": 3, "leaver_status": 1, "item_1": 34, "item_0": 16, "item_0_name": "Iron Branch", "leaver_status_description": "player DC, no abandon", "level": 8, "player_slot": 0, "leaver_status_name": "DISCONNECTED", "hero_id": 25, "last_hits": 11, "kills": 0, "account_id": 7185015, "item_4": 16, "item_3": 0, "item_4_name": "Iron Branch", "item_5": 16, "xp_per_min": 220, "item_5_name": "Iron Branch", "hero_name": "Lina", "gold_per_min": 196, "deaths": 5, "denies": 3, "item_2_name": "Boots of Speed", "item_1_name": "Magic Stick"}, {"item_2": 0, "assists": 2, "leaver_status": 1, "item_1": 29, "item_0": 92, "item_0_name": "Urn of Shadows", "leaver_status_description": "player DC, no abandon", "level": 8, "player_slot": 1, "leaver_status_name": "DISCONNECTED", "hero_id": 20, "last_hits": 10, "kills": 0, "account_id": 136779842, "item_3_name": "Magic Wand", "item_4": 0, "item_3": 36, "item_5": 0, "xp_per_min": 196, "hero_name": "Vengeful Spirit", "gold_per_min": 176, "deaths": 4, "denies": 7, "item_1_name": "Boots of Speed"}, {"item_2": 16, "assists": 0, "leaver_status": 0, "item_1": 16, "item_0": 50, "item_0_name": "Phase Boots", "leaver_status_description": "finished match, no abandon", "level": 9, "player_slot": 2, "leaver_status_name": "NONE", "hero_id": 13, "last_hits": 55, "kills": 1, "account_id": 26682464, "item_3_name": "Town Portal Scroll", "item_4": 73, "item_3": 46, "item_4_name": "Bracer", "item_5": 0, "xp_per_min": 291, "hero_name": "Puck", "gold_per_min": 274, "deaths": 5, "denies": 13, "item_2_name": "Iron Branch", "item_1_name": "Iron Branch"}, {"item_2": 46, "assists": 1, "leaver_status": 1, "item_1": 36, "item_0": 50, "item_0_name": "Phase Boots", "leaver_status_description": "player DC, no abandon", "level": 8, "player_slot": 3, "leaver_status_name": "DISCONNECTED", "hero_id": 54, "last_hits": 49, "kills": 2, "account_id": 65782028, "item_3_name": "Gloves of Haste", "item_4": 2, "item_3": 25, "item_4_name": "Blades of Attack", "item_5": 182, "xp_per_min": 259, "item_5_name": "Stout Shield", "hero_name": "Lifestealer", "gold_per_min": 293, "deaths": 3, "denies": 9, "item_2_name": "Town Portal Scroll", "item_1_name": "Magic Wand"}, {"item_2": 50, "assists": 0, "leaver_status": 1, "item_1": 182, "item_0": 46, "item_0_name": "Town Portal Scroll", "leaver_status_description": "player DC, no abandon", "level": 10, "player_slot": 4, "leaver_status_name": "DISCONNECTED", "hero_id": 69, "last_hits": 48, "kills": 1, "account_id": 1522705, "item_3_name": "Magic Wand", "item_4": 185, "item_3": 36, "item_4_name": "Drum of Endurance", "item_5": 0, "xp_per_min": 327, "hero_name": "Doom", "gold_per_min": 284, "deaths": 2, "denies": 2, "item_2_name": "Phase Boots", "item_1_name": "Stout Shield"}, {"item_2": 170, "assists": 3, "leaver_status": 1, "item_1": 88, "item_0": 36, "item_0_name": "Magic Wand", "leaver_status_description": "player DC, no abandon", "level": 10, "player_slot": 128, "leaver_status_name": "DISCONNECTED", "hero_id": 9, "last_hits": 28, "kills": 5, "account_id": 90810663, "item_3_name": "Town Portal Scroll", "item_4": 50, "item_3": 46, "item_4_name": "Phase Boots", "item_5": 0, "xp_per_min": 347, "hero_name": "Mirana", "gold_per_min": 329, "deaths": 2, "denies": 1, "item_2_name": "Yasha", "item_1_name": "Ring of Basilius"}, {"item_2": 0, "assists": 7, "leaver_status": 1, "item_1": 0, "item_0": 102, "item_0_name": "Force Staff", "leaver_status_description": "player DC, no abandon", "level": 9, "player_slot": 129, "leaver_status_name": "DISCONNECTED", "hero_id": 3, "last_hits": 16, "kills": 6, "account_id": 91982026, "item_3_name": "Iron Branch", "item_4": 16, "item_3": 16, "item_4_name": "Iron Branch", "item_5": 180, "xp_per_min": 298, "item_5_name": "Arcane Boots", "hero_name": "Bane", "gold_per_min": 330, "deaths": 1, "denies": 2}, {"item_2": 60, "assists": 8, "leaver_status": 1, "item_1": 36, "item_0": 50, "item_0_name": "Phase Boots", "leaver_status_description": "player DC, no abandon", "level": 12, "player_slot": 130, "leaver_status_name": "DISCONNECTED", "hero_id": 43, "last_hits": 85, "kills": 5, "account_id": 91064780, "item_3_name": "Bottle", "item_4": 185, "item_3": 41, "item_4_name": "Drum of Endurance", "item_5": 0, "xp_per_min": 493, "hero_name": "Death Prophet", "gold_per_min": 514, "deaths": 0, "denies": 8, "item_2_name": "Point Booster", "item_1_name": "Magic Wand"}, {"item_2": 38, "assists": 5, "leaver_status": 1, "item_1": 180, "item_0": 36, "item_0_name": "Magic Wand", "leaver_status_description": "player DC, no abandon", "level": 10, "player_slot": 131, "leaver_status_name": "DISCONNECTED", "hero_id": 102, "last_hits": 9, "kills": 3, "account_id": 89373132, "item_3_name": "Observer Ward", "item_4": 92, "item_3": 42, "item_4_name": "Urn of Shadows", "item_5": 46, "xp_per_min": 331, "item_5_name": "Town Portal Scroll", "hero_name": "Abaddon", "gold_per_min": 276, "deaths": 1, "denies": 2, "item_2_name": "Clarity", "item_1_name": "Arcane Boots"}, {"item_2": 61, "assists": 7, "leaver_status": 1, "item_1": 180, "item_0": 0, "leaver_status_description": "player DC, no abandon", "level": 10, "player_slot": 132, "leaver_status_name": "DISCONNECTED", "hero_id": 98, "last_hits": 71, "kills": 0, "account_id": 25907144, "item_3_name": "Void Stone", "item_4": 60, "item_3": 57, "item_4_name": "Point Booster", "item_5": 181, "xp_per_min": 339, "item_5_name": "Orb of Venom", "hero_name": "Timbersaw", "gold_per_min": 377, "deaths": 2, "denies": 13, "item_2_name": "Vitality Booster", "item_1_name": "Arcane Boots"}], "radiant_name": "Turtlemasters", "match_seq_num": 362704109, "start_time": 1385300984, "picks_bans": [{"order": 0, "is_pick": false, "hero_id": 99, "team": 0}, {"order": 1, "is_pick": false, "hero_id": 103, "team": 1}, {"order": 2, "is_pick": false, "hero_id": 92, "team": 0}, {"order": 3, "is_pick": false, "hero_id": 31, "team": 1}, {"order": 4, "is_pick": true, "hero_id": 54, "team": 0}, {"order": 5, "is_pick": true, "hero_id": 3, "team": 1}, {"order": 6, "is_pick": true, "hero_id": 98, "team": 1}, {"order": 7, "is_pick": true, "hero_id": 13, "team": 0}, {"order": 8, "is_pick": false, "hero_id": 46, "team": 0}, {"order": 9, "is_pick": false, "hero_id": 40, "team": 1}, {"order": 10, "is_pick": false, "hero_id": 76, "team": 0}, {"order": 11, "is_pick": false, "hero_id": 51, "team": 1}, {"order": 12, "is_pick": true, "hero_id": 102, "team": 1}, {"order": 13, "is_pick": true, "hero_id": 69, "team": 0}, {"order": 14, "is_pick": true, "hero_id": 9, "team": 1}, {"order": 15, "is_pick": true, "hero_id": 20, "team": 0}, {"order": 16, "is_pick": false, "hero_id": 62, "team": 1}, {"order": 17, "is_pick": false, "hero_id": 88, "team": 0}, {"order": 18, "is_pick": true, "hero_id": 43, "team": 1}, {"order": 19, "is_pick": true, "hero_id": 25, "team": 0}], "radiant_win": true, "positive_votes": 7, "leagueid": 108, "game_mode": 2, "duration": 999, "negative_votes": 8}