{"tower_status_radiant": 1540, "flags": 0, "radiant_team_complete": 1, "game_mode": 2, "radiant_score": 0, "match_id": 403021501, "lobby_name": "Practice", "dire_logo": 46499322609643214, "pre_game_duration": 0, "radiant_name": "Team Liquid", "match_seq_num": 367290313, "dire_team_complete": 1, "start_time": 1385675533, "radiant_win": false, "positive_votes": 142, "leagueid": 112, "duration": 1872, "dire_score": 0, "lobby_type": 1, "cluster": 181, "engine": 0, "barracks_status_dire": 63, "barracks_status_radiant": 51, "cluster_name": "Russia", "first_blood_time": 156, "radiant_team_id": 2163, "radiant_logo": 451783905032671206, "human_players": 10, "game_mode_name": "Captains Mode", "tower_status_dire": 1974, "players": [{"item_2": 73, "assists": 1, "leaver_status": 0, "item_1": 164, "item_0": 36, "item_0_name": "Magic Wand", "leaver_status_description": "finished match, no abandon", "level": 15, "player_slot": 0, "leaver_status_name": "NONE", "hero_id": 72, "last_hits": 176, "kills": 3, "account_id": 67601693, "item_3_name": "Black King Bar", "item_4": 50, "item_3": 116, "item_4_name": "Phase Boots", "item_5": 46, "xp_per_min": 407, "item_5_name": "Town Portal Scroll", "hero_name": "Gyrocopter", "gold_per_min": 406, "deaths": 3, "denies": 22, "item_2_name": "Bracer", "item_1_name": "Helm of the Dominator"}, {"item_2": 75, "assists": 1, "leaver_status": 0, "item_1": 168, "item_0": 65, "item_0_name": "Hand of Midas", "leaver_status_description": "finished match, no abandon", "level": 17, "player_slot": 1, "leaver_status_name": "NONE", "hero_id": 63, "last_hits": 203, "kills": 2, "account_id": 86738694, "item_3_name": "Power Treads", "item_4": 123, "item_3": 63, "item_4_name": "Linken's Sphere", "item_5": 0, "xp_per_min": 506, "hero_name": "Weaver", "gold_per_min": 506, "deaths": 3, "denies": 24, "item_2_name": "Wraith Band", "item_1_name": "Desolator"}, {"item_2": 73, "assists": 4, "leaver_status": 0, "item_1": 36, "item_0": 214, "item_0_name": "Tranquil Boots", "leaver_status_description": "finished match, no abandon", "level": 10, "player_slot": 2, "leaver_status_name": "NONE", "hero_id": 5, "last_hits": 34, "kills": 0, "account_id": 41470731, "item_4": 0, "item_3": 0, "item_5": 0, "xp_per_min": 175, "hero_name": "Crystal Maiden", "gold_per_min": 180, "deaths": 8, "denies": 3, "item_2_name": "Bracer", "item_1_name": "Magic Wand"}, {"item_2": 34, "assists": 3, "leaver_status": 0, "item_1": 121, "item_0": 41, "item_0_name": "Bottle", "leaver_status_description": "finished match, no abandon", "level": 13, "player_slot": 3, "leaver_status_name": "NONE", "hero_id": 98, "last_hits": 113, "kills": 2, "account_id": 30237211, "item_4": 0, "item_3": 0, "item_5": 29, "xp_per_min": 303, "item_5_name": "Boots of Speed", "hero_name": "Timbersaw", "gold_per_min": 305, "deaths": 6, "denies": 11, "item_2_name": "Magic Stick", "item_1_name": "Bloodstone"}, {"item_2": 60, "assists": 3, "leaver_status": 0, "item_1": 21, "item_0": 34, "item_0_name": "Magic Stick", "leaver_status_description": "finished match, no abandon", "level": 11, "player_slot": 4, "leaver_status_name": "NONE", "hero_id": 92, "last_hits": 52, "kills": 0, "account_id": 38515149, "item_3_name": "Boots of Speed", "item_4": 46, "item_3": 29, "item_4_name": "Town Portal Scroll", "item_5": 43, "xp_per_min": 201, "item_5_name": "Sentry Ward", "hero_name": "Visage", "gold_per_min": 204, "deaths": 5, "denies": 1, "item_2_name": "Point Booster", "item_1_name": "Ogre Club"}, {"item_2": 108, "assists": 4, "leaver_status": 0, "item_1": 63, "item_0": 36, "item_0_name": "Magic Wand", "leaver_status_description": "finished match, no abandon", "level": 14, "player_slot": 128, "leaver_status_name": "NONE", "hero_id": 58, "last_hits": 121, "kills": 3, "account_id": 87278757, "item_4": 0, "item_3": 0, "item_5": 102, "xp_per_min": 379, "item_5_name": "Force Staff", "hero_name": "Enchantress", "gold_per_min": 384, "deaths": 1, "denies": 2, "item_2_name": "Aghanim's Scepter", "item_1_name": "Power Treads"}, {"item_2": 116, "assists": 5, "leaver_status": 0, "item_1": 147, "item_0": 63, "item_0_name": "Power Treads", "leaver_status_description": "finished match, no abandon", "level": 22, "player_slot": 129, "leaver_status_name": "NONE", "hero_id": 48, "last_hits": 268, "kills": 10, "account_id": 89625472, "item_3_name": "Helm of the Dominator", "item_4": 139, "item_3": 164, "item_4_name": "Butterfly", "item_5": 46, "xp_per_min": 812, "item_5_name": "Town Portal Scroll", "hero_name": "Luna", "gold_per_min": 789, "deaths": 2, "denies": 27, "item_2_name": "Black King Bar", "item_1_name": "Manta Style"}, {"item_2": 46, "assists": 5, "leaver_status": 0, "item_1": 147, "item_0": 75, "item_0_name": "Wraith Band", "leaver_status_description": "finished match, no abandon", "level": 18, "player_slot": 130, "leaver_status_name": "NONE", "hero_id": 9, "last_hits": 142, "kills": 4, "account_id": 70388657, "item_3_name": "Bottle", "item_4": 1, "item_3": 41, "item_4_name": "Blink Dagger", "item_5": 63, "xp_per_min": 557, "item_5_name": "Power Treads", "hero_name": "Mirana", "gold_per_min": 462, "deaths": 1, "denies": 12, "item_2_name": "Town Portal Scroll", "item_1_name": "Manta Style"}, {"item_2": 0, "assists": 6, "leaver_status": 0, "item_1": 46, "item_0": 180, "item_0_name": "Arcane Boots", "leaver_status_description": "finished match, no abandon", "level": 15, "player_slot": 131, "leaver_status_name": "NONE", "hero_id": 21, "last_hits": 113, "kills": 3, "account_id": 82262664, "item_3_name": "Mekansm", "item_4": 98, "item_3": 79, "item_4_name": "Orchid Malevolence", "item_5": 36, "xp_per_min": 405, "item_5_name": "Magic Wand", "hero_name": "Windranger", "gold_per_min": 398, "deaths": 1, "denies": 3, "item_1_name": "Town Portal Scroll"}, {"item_2": 41, "assists": 9, "leaver_status": 0, "item_1": 36, "item_0": 63, "item_0_name": "Power Treads", "leaver_status_description": "finished match, no abandon", "level": 16, "player_slot": 132, "leaver_status_name": "NONE", "hero_id": 51, "last_hits": 65, "kills": 5, "account_id": 86723143, "item_3_name": "Blade Mail", "item_4": 102, "item_3": 127, "item_4_name": "Force Staff", "item_5": 0, "xp_per_min": 440, "hero_name": "Clockwerk", "gold_per_min": 371, "deaths": 3, "denies": 9, "item_2_name": "Bottle", "item_1_name": "Magic Wand"}], "dire_team_id": 36, "picks_bans": [{"order": 0, "is_pick": false, "hero_id": 53, "team": 1}, {"order": 1, "is_pick": false, "hero_id": 54, "team": 0}, {"order": 2, "is_pick": false, "hero_id": 31, "team": 1}, {"order": 3, "is_pick": false, "hero_id": 103, "team": 0}, {"order": 4, "is_pick": true, "hero_id": 51, "team": 1}, {"order": 5, "is_pick": true, "hero_id": 92, "team": 0}, {"order": 6, "is_pick": true, "hero_id": 72, "team": 0}, {"order": 7, "is_pick": true, "hero_id": 21, "team": 1}, {"order": 8, "is_pick": false, "hero_id": 49, "team": 1}, {"order": 9, "is_pick": false, "hero_id": 76, "team": 0}, {"order": 10, "is_pick": false, "hero_id": 65, "team": 1}, {"order": 11, "is_pick": false, "hero_id": 17, "team": 0}, {"order": 12, "is_pick": true, "hero_id": 5, "team": 0}, {"order": 13, "is_pick": true, "hero_id": 58, "team": 1}, {"order": 14, "is_pick": true, "hero_id": 98, "team": 0}, {"order": 15, "is_pick": true, "hero_id": 48, "team": 1}, {"order": 16, "is_pick": false, "hero_id": 13, "team": 0}, {"order": 17, "is_pick": false, "hero_id": 38, "team": 1}, {"order": 18, "is_pick": true, "hero_id": 63, "team": 0}, {"order": 19, "is_pick": true, "hero_id": 9, "team": 1}], "dire_name": "Natus Vincere", "negative_votes": 10}