{"tower_status_radiant": 1846, "flags": 0, "radiant_team_complete": 0, "game_mode": 2, "radiant_score": 0, "match_id": 404759489, "lobby_name": "Practice", "radiant_team_id": 111474, "dire_logo": 46499322609643214, "pre_game_duration": 0, "radiant_name": "Alliance", "match_seq_num": 368858206, "dire_team_complete": 0, "start_time": 1385813320, "radiant_guild_logo": 901000742757135593, "radiant_win": false, "positive_votes": 195, "leagueid": 112, "duration": 1526, "dire_score": 0, "lobby_type": 1, "cluster": 182, "radiant_guild_id": 383, "engine": 0, "barracks_status_dire": 63, "barracks_status_radiant": 63, "cluster_name": "Russia", "first_blood_time": 130, "radiant_guild_name": "The Alliance", "radiant_logo": 392172445572106046, "human_players": 10, "game_mode_name": "Captains Mode", "tower_status_dire": 1983, "players": [{"item_2": 1, "assists": 8, "leaver_status": 0, "item_1": 36, "item_0": 41, "item_0_name": "Bottle", "leaver_status_description": "finished match, no abandon", "level": 13, "player_slot": 0, "leaver_status_name": "NONE", "hero_id": 13, "last_hits": 80, "kills": 4, "account_id": 41231571, "item_3_name": "Power Treads", "item_4": 24, "item_3": 63, "item_4_name": "Ultimate Orb", "item_5": 46, "xp_per_min": 356, "item_5_name": "Town Portal Scroll", "hero_name": "Puck", "gold_per_min": 336, "deaths": 5, "denies": 11, "item_2_name": "Blink Dagger", "item_1_name": "Magic Wand"}, {"item_2": 16, "assists": 7, "leaver_status": 0, "item_1": 42, "item_0": 46, "item_0_name": "Town Portal Scroll", "leaver_status_description": "finished match, no abandon", "level": 9, "player_slot": 1, "leaver_status_name": "NONE", "hero_id": 31, "last_hits": 4, "kills": 2, "account_id": 41288955, "item_3_name": "Tranquil Boots", "item_4": 34, "item_3": 214, "item_4_name": "Magic Stick", "item_5": 43, "xp_per_min": 200, "item_5_name": "Sentry Ward", "hero_name": "Lich", "gold_per_min": 158, "deaths": 6, "denies": 0, "item_2_name": "Iron Branch", "item_1_name": "Observer Ward"}, {"item_2": 212, "assists": 5, "leaver_status": 0, "item_1": 185, "item_0": 36, "item_0_name": "Magic Wand", "leaver_status_description": "finished match, no abandon", "level": 14, "player_slot": 2, "leaver_status_name": "NONE", "hero_id": 63, "last_hits": 115, "kills": 3, "account_id": 101495620, "item_3_name": "Power Treads", "item_4": 24, "item_3": 63, "item_4_name": "Ultimate Orb", "item_5": 56, "xp_per_min": 435, "item_5_name": "Ring of Health", "hero_name": "Weaver", "gold_per_min": 374, "deaths": 7, "denies": 22, "item_2_name": "Ring of Aquila", "item_1_name": "Drum of Endurance"}, {"item_2": 43, "assists": 8, "leaver_status": 0, "item_1": 94, "item_0": 86, "item_0_name": "Buckler", "leaver_status_description": "finished match, no abandon", "level": 10, "player_slot": 3, "leaver_status_name": "NONE", "hero_id": 21, "last_hits": 36, "kills": 1, "account_id": 3916428, "item_3_name": "Magic Wand", "item_4": 29, "item_3": 36, "item_4_name": "Boots of Speed", "item_5": 46, "xp_per_min": 222, "item_5_name": "Town Portal Scroll", "hero_name": "Windranger", "gold_per_min": 211, "deaths": 8, "denies": 1, "item_2_name": "Sentry Ward", "item_1_name": "Headdress"}, {"item_2": 182, "assists": 7, "leaver_status": 0, "item_1": 0, "item_0": 180, "item_0_name": "Arcane Boots", "leaver_status_description": "finished match, no abandon", "level": 11, "player_slot": 4, "leaver_status_name": "NONE", "hero_id": 98, "last_hits": 65, "kills": 4, "account_id": 76482434, "item_3_name": "Vitality Booster", "item_4": 60, "item_3": 61, "item_4_name": "Point Booster", "item_5": 34, "xp_per_min": 302, "item_5_name": "Magic Stick", "hero_name": "Timbersaw", "gold_per_min": 278, "deaths": 5, "denies": 5, "item_2_name": "Stout Shield"}, {"item_2": 79, "assists": 11, "leaver_status": 0, "item_1": 180, "item_0": 37, "item_0_name": "Ghost Scepter", "leaver_status_description": "finished match, no abandon", "level": 12, "player_slot": 128, "leaver_status_name": "NONE", "hero_id": 66, "last_hits": 80, "kills": 3, "account_id": 87278757, "item_4": 30, "item_3": 0, "item_4_name": "Gem of True Sight", "item_5": 34, "xp_per_min": 350, "item_5_name": "Magic Stick", "hero_name": "Chen", "gold_per_min": 354, "deaths": 4, "denies": 2, "item_2_name": "Mekansm", "item_1_name": "Arcane Boots"}, {"item_2": 151, "assists": 15, "leaver_status": 0, "item_1": 162, "item_0": 50, "item_0_name": "Phase Boots", "leaver_status_description": "finished match, no abandon", "level": 15, "player_slot": 129, "leaver_status_name": "NONE", "hero_id": 54, "last_hits": 98, "kills": 3, "account_id": 89625472, "item_3_name": "Drum of Endurance", "item_4": 65, "item_3": 185, "item_4_name": "Hand of Midas", "item_5": 46, "xp_per_min": 500, "item_5_name": "Town Portal Scroll", "hero_name": "Lifestealer", "gold_per_min": 449, "deaths": 2, "denies": 5, "item_2_name": "Armlet of Mordiggian", "item_1_name": "Sange"}, {"item_2": 168, "assists": 12, "leaver_status": 0, "item_1": 41, "item_0": 65, "item_0_name": "Hand of Midas", "leaver_status_description": "finished match, no abandon", "level": 15, "player_slot": 130, "leaver_status_name": "NONE", "hero_id": 9, "last_hits": 83, "kills": 5, "account_id": 101179077, "item_4": 46, "item_3": 0, "item_4_name": "Town Portal Scroll", "item_5": 50, "xp_per_min": 495, "item_5_name": "Phase Boots", "hero_name": "Mirana", "gold_per_min": 412, "deaths": 3, "denies": 15, "item_2_name": "Desolator", "item_1_name": "Bottle"}, {"item_2": 0, "assists": 8, "leaver_status": 0, "item_1": 21, "item_0": 46, "item_0_name": "Town Portal Scroll", "leaver_status_description": "finished match, no abandon", "level": 12, "player_slot": 131, "leaver_status_name": "NONE", "hero_id": 3, "last_hits": 24, "kills": 6, "account_id": 82262664, "item_3_name": "Magic Wand", "item_4": 180, "item_3": 36, "item_4_name": "Arcane Boots", "item_5": 92, "xp_per_min": 328, "item_5_name": "Urn of Shadows", "hero_name": "Bane", "gold_per_min": 293, "deaths": 5, "denies": 1, "item_1_name": "Ogre Club"}, {"item_2": 50, "assists": 7, "leaver_status": 0, "item_1": 0, "item_0": 114, "item_0_name": "Heart of Tarrasque", "leaver_status_description": "finished match, no abandon", "level": 19, "player_slot": 132, "leaver_status_name": "NONE", "hero_id": 69, "last_hits": 127, "kills": 14, "account_id": 86723143, "item_3_name": "Magic Wand", "item_4": 65, "item_3": 36, "item_4_name": "Hand of Midas", "item_5": 112, "xp_per_min": 788, "item_5_name": "Assault Cuirass", "hero_name": "Doom", "gold_per_min": 685, "deaths": 0, "denies": 7, "item_2_name": "Phase Boots"}], "dire_team_id": 36, "picks_bans": [{"order": 0, "is_pick": false, "hero_id": 53, "team": 1}, {"order": 1, "is_pick": false, "hero_id": 103, "team": 0}, {"order": 2, "is_pick": false, "hero_id": 40, "team": 1}, {"order": 3, "is_pick": false, "hero_id": 58, "team": 0}, {"order": 4, "is_pick": true, "hero_id": 54, "team": 1}, {"order": 5, "is_pick": true, "hero_id": 31, "team": 0}, {"order": 6, "is_pick": true, "hero_id": 63, "team": 0}, {"order": 7, "is_pick": true, "hero_id": 66, "team": 1}, {"order": 8, "is_pick": false, "hero_id": 51, "team": 1}, {"order": 9, "is_pick": false, "hero_id": 17, "team": 0}, {"order": 10, "is_pick": false, "hero_id": 80, "team": 1}, {"order": 11, "is_pick": false, "hero_id": 74, "team": 0}, {"order": 12, "is_pick": true, "hero_id": 98, "team": 0}, {"order": 13, "is_pick": true, "hero_id": 69, "team": 1}, {"order": 14, "is_pick": true, "hero_id": 21, "team": 0}, {"order": 15, "is_pick": true, "hero_id": 3, "team": 1}, {"order": 16, "is_pick": false, "hero_id": 76, "team": 0}, {"order": 17, "is_pick": false, "hero_id": 62, "team": 1}, {"order": 18, "is_pick": true, "hero_id": 13, "team": 0}, {"order": 19, "is_pick": true, "hero_id": 9, "team": 1}], "dire_name": "Natus Vincere", "negative_votes": 6}