{"tower_status_radiant": 1540, "flags": 0, "radiant_team_complete": 0, "game_mode": 2, "radiant_score": 0, "match_id": 405163089, "lobby_name": "Practice", "dire_logo": 541924293718462159, "pre_game_duration": 0, "radiant_name": "mousesports", "match_seq_num": 369252107, "dire_team_complete": 1, "start_time": 1385831578, "radiant_win": false, "positive_votes": 28, "leagueid": 97, "duration": 2431, "dire_score": 0, "lobby_type": 1, "cluster": 133, "engine": 0, "barracks_status_dire": 63, "barracks_status_radiant": 3, "cluster_name": "Europe West", "first_blood_time": 132, "radiant_team_id": 26, "radiant_logo": 531766271384850245, "human_players": 10, "game_mode_name": "Captains Mode", "tower_status_dire": 1828, "players": [{"item_2": 180, "assists": 4, "leaver_status": 0, "item_1": 79, "item_0": 102, "item_0_name": "Force Staff", "leaver_status_description": "finished match, no abandon", "level": 11, "player_slot": 0, "leaver_status_name": "NONE", "hero_id": 66, "last_hits": 77, "kills": 2, "account_id": 25907144, "item_3_name": "Town Portal Scroll", "item_4": 46, "item_3": 46, "item_4_name": "Town Portal Scroll", "item_5": 0, "xp_per_min": 188, "hero_name": "Chen", "gold_per_min": 234, "deaths": 6, "denies": 0, "item_2_name": "Arcane Boots", "item_1_name": "Mekansm"}, {"item_2": 121, "assists": 1, "leaver_status": 0, "item_1": 127, "item_0": 48, "item_0_name": "Boots of Travel", "leaver_status_description": "finished match, no abandon", "level": 22, "player_slot": 1, "leaver_status_name": "NONE", "hero_id": 98, "last_hits": 322, "kills": 6, "account_id": 97590558, "item_3_name": "Scythe of Vyse", "item_4": 36, "item_3": 96, "item_4_name": "Magic Wand", "item_5": 119, "xp_per_min": 623, "item_5_name": "Shiva's Guard", "hero_name": "Timbersaw", "gold_per_min": 541, "deaths": 2, "denies": 43, "item_2_name": "Bloodstone", "item_1_name": "Blade Mail"}, {"item_2": 29, "assists": 6, "leaver_status": 0, "item_1": 178, "item_0": 182, "item_0_name": "Stout Shield", "leaver_status_description": "finished match, no abandon", "level": 15, "player_slot": 2, "leaver_status_name": "NONE", "hero_id": 55, "last_hits": 183, "kills": 0, "account_id": 26682464, "item_3_name": "Pipe of Insight", "item_4": 46, "item_3": 90, "item_4_name": "Town Portal Scroll", "item_5": 116, "xp_per_min": 314, "item_5_name": "Black King Bar", "hero_name": "Dark Seer", "gold_per_min": 329, "deaths": 7, "denies": 0, "item_2_name": "Boots of Speed", "item_1_name": "Soul Ring"}, {"item_2": 65, "assists": 8, "leaver_status": 0, "item_1": 36, "item_0": 0, "leaver_status_description": "finished match, no abandon", "level": 13, "player_slot": 3, "leaver_status_name": "NONE", "hero_id": 20, "last_hits": 41, "kills": 1, "account_id": 40602425, "item_3_name": "Boots of Speed", "item_4": 92, "item_3": 29, "item_4_name": "Urn of Shadows", "item_5": 0, "xp_per_min": 226, "hero_name": "Vengeful Spirit", "gold_per_min": 224, "deaths": 8, "denies": 2, "item_2_name": "Hand of Midas", "item_1_name": "Magic Wand"}, {"item_2": 46, "assists": 7, "leaver_status": 0, "item_1": 65, "item_0": 96, "item_0_name": "Scythe of Vyse", "leaver_status_description": "finished match, no abandon", "level": 17, "player_slot": 4, "leaver_status_name": "NONE", "hero_id": 76, "last_hits": 198, "kills": 1, "account_id": 110752309, "item_3_name": "Force Staff", "item_4": 63, "item_3": 102, "item_4_name": "Power Treads", "item_5": 21, "xp_per_min": 407, "item_5_name": "Ogre Club", "hero_name": "Outworld Devourer", "gold_per_min": 426, "deaths": 5, "denies": 23, "item_2_name": "Town Portal Scroll", "item_1_name": "Hand of Midas"}, {"item_2": 156, "assists": 7, "leaver_status": 0, "item_1": 116, "item_0": 123, "item_0_name": "Linken's Sphere", "leaver_status_description": "finished match, no abandon", "level": 23, "player_slot": 128, "leaver_status_name": "NONE", "hero_id": 11, "last_hits": 317, "kills": 9, "account_id": 86725175, "item_3_name": "Aegis of the Immortal", "item_4": 63, "item_3": 117, "item_4_name": "Power Treads", "item_5": 141, "xp_per_min": 720, "item_5_name": "Daedalus", "hero_name": "Shadow Fiend", "gold_per_min": 672, "deaths": 0, "denies": 23, "item_2_name": "Satanic", "item_1_name": "Black King Bar"}, {"item_2": 71, "assists": 14, "leaver_status": 0, "item_1": 48, "item_0": 102, "item_0_name": "Force Staff", "leaver_status_description": "finished match, no abandon", "level": 19, "player_slot": 129, "leaver_status_name": "NONE", "hero_id": 88, "last_hits": 69, "kills": 4, "account_id": 86802844, "item_3_name": "Blink Dagger", "item_4": 121, "item_3": 1, "item_4_name": "Bloodstone", "item_5": 30, "xp_per_min": 493, "item_5_name": "Gem of True Sight", "hero_name": "Nyx Assassin", "gold_per_min": 361, "deaths": 2, "denies": 7, "item_2_name": "Poor Man's Shield", "item_1_name": "Boots of Travel"}, {"item_2": 214, "assists": 10, "leaver_status": 0, "item_1": 34, "item_0": 102, "item_0_name": "Force Staff", "leaver_status_description": "finished match, no abandon", "level": 16, "player_slot": 130, "leaver_status_name": "NONE", "hero_id": 26, "last_hits": 32, "kills": 5, "account_id": 91064780, "item_3_name": "Blink Dagger", "item_4": 37, "item_3": 1, "item_4_name": "Ghost Scepter", "item_5": 60, "xp_per_min": 352, "item_5_name": "Point Booster", "hero_name": "Lion", "gold_per_min": 282, "deaths": 5, "denies": 10, "item_2_name": "Tranquil Boots", "item_1_name": "Magic Stick"}, {"item_2": 187, "assists": 15, "leaver_status": 0, "item_1": 210, "item_0": 36, "item_0_name": "Magic Wand", "leaver_status_description": "finished match, no abandon", "level": 15, "player_slot": 131, "leaver_status_name": "NONE", "hero_id": 40, "last_hits": 81, "kills": 2, "account_id": 11550182, "item_3_name": "Arcane Boots", "item_4": 81, "item_3": 180, "item_4_name": "Vladmir's Offering", "item_5": 46, "xp_per_min": 302, "item_5_name": "Town Portal Scroll", "hero_name": "Venomancer", "gold_per_min": 312, "deaths": 2, "denies": 2, "item_2_name": "Medallion of Courage", "item_1_name": "Heaven's Halberd"}, {"item_2": 156, "assists": 9, "leaver_status": 0, "item_1": 139, "item_0": 116, "item_0_name": "Black King Bar", "leaver_status_description": "finished match, no abandon", "level": 21, "player_slot": 132, "leaver_status_name": "NONE", "hero_id": 72, "last_hits": 284, "kills": 8, "account_id": 89269794, "item_3_name": "Phase Boots", "item_4": 135, "item_3": 50, "item_4_name": "Monkey King Bar", "item_5": 37, "xp_per_min": 609, "item_5_name": "Ghost Scepter", "hero_name": "Gyrocopter", "gold_per_min": 638, "deaths": 1, "denies": 27, "item_2_name": "Satanic", "item_1_name": "Butterfly"}], "dire_team_id": 46, "picks_bans": [{"order": 0, "is_pick": false, "hero_id": 54, "team": 0}, {"order": 1, "is_pick": false, "hero_id": 103, "team": 1}, {"order": 2, "is_pick": false, "hero_id": 31, "team": 0}, {"order": 3, "is_pick": false, "hero_id": 51, "team": 1}, {"order": 4, "is_pick": true, "hero_id": 98, "team": 0}, {"order": 5, "is_pick": true, "hero_id": 40, "team": 1}, {"order": 6, "is_pick": true, "hero_id": 72, "team": 1}, {"order": 7, "is_pick": true, "hero_id": 76, "team": 0}, {"order": 8, "is_pick": false, "hero_id": 86, "team": 0}, {"order": 9, "is_pick": false, "hero_id": 5, "team": 1}, {"order": 10, "is_pick": false, "hero_id": 21, "team": 0}, {"order": 11, "is_pick": false, "hero_id": 92, "team": 1}, {"order": 12, "is_pick": true, "hero_id": 26, "team": 1}, {"order": 13, "is_pick": true, "hero_id": 55, "team": 0}, {"order": 14, "is_pick": true, "hero_id": 11, "team": 1}, {"order": 15, "is_pick": true, "hero_id": 66, "team": 0}, {"order": 16, "is_pick": false, "hero_id": 3, "team": 1}, {"order": 17, "is_pick": false, "hero_id": 65, "team": 0}, {"order": 18, "is_pick": true, "hero_id": 88, "team": 1}, {"order": 19, "is_pick": true, "hero_id": 20, "team": 0}], "dire_name": "Team Empire", "negative_votes": 2}