{"tower_status_radiant": 1975, "flags": 0, "radiant_team_complete": 0, "game_mode": 2, "radiant_score": 0, "match_id": 409825318, "lobby_name": "Practice", "dire_logo": 353896369579233638, "pre_game_duration": 0, "radiant_name": "xGame.kz", "match_seq_num": 373479956, "dire_team_complete": 1, "start_time": 1386188802, "radiant_win": false, "positive_votes": 4, "leagueid": 109, "duration": 949, "dire_score": 0, "lobby_type": 1, "cluster": 133, "engine": 0, "barracks_status_dire": 63, "barracks_status_radiant": 63, "cluster_name": "Europe West", "first_blood_time": 270, "radiant_team_id": 1161668, "radiant_logo": 594785681587718235, "human_players": 10, "game_mode_name": "Captains Mode", "tower_status_dire": 2046, "players": [{"item_2": 19, "assists": 1, "leaver_status": 0, "item_1": 77, "item_0": 41, "item_0_name": "Bottle", "leaver_status_description": "finished match, no abandon", "level": 8, "player_slot": 0, "leaver_status_name": "NONE", "hero_id": 17, "last_hits": 49, "kills": 0, "account_id": 91918857, "item_3_name": "Power Treads", "item_4": 0, "item_3": 63, "item_5": 36, "xp_per_min": 273, "item_5_name": "Magic Wand", "hero_name": "Storm Spirit", "gold_per_min": 264, "deaths": 5, "denies": 10, "item_2_name": "Robe of the Magi", "item_1_name": "Null Talisman"}, {"item_2": 0, "assists": 0, "leaver_status": 1, "item_1": 0, "item_0": 67, "item_0_name": "Oblivion Staff", "leaver_status_description": "player DC, no abandon", "level": 11, "player_slot": 1, "leaver_status_name": "DISCONNECTED", "hero_id": 56, "last_hits": 108, "kills": 0, "account_id": 69325073, "item_3_name": "Hand of Midas", "item_4": 67, "item_3": 65, "item_4_name": "Oblivion Staff", "item_5": 29, "xp_per_min": 486, "item_5_name": "Boots of Speed", "hero_name": "Clinkz", "gold_per_min": 474, "deaths": 3, "denies": 21}, {"item_2": 182, "assists": 2, "leaver_status": 0, "item_1": 46, "item_0": 50, "item_0_name": "Phase Boots", "leaver_status_description": "finished match, no abandon", "level": 8, "player_slot": 2, "leaver_status_name": "NONE", "hero_id": 51, "last_hits": 30, "kills": 0, "account_id": 46899747, "item_3_name": "Iron Branch", "item_4": 16, "item_3": 16, "item_4_name": "Iron Branch", "item_5": 39, "xp_per_min": 207, "item_5_name": "Healing Salve", "hero_name": "Clockwerk", "gold_per_min": 206, "deaths": 5, "denies": 3, "item_2_name": "Stout Shield", "item_1_name": "Town Portal Scroll"}, {"item_2": 43, "assists": 1, "leaver_status": 1, "item_1": 34, "item_0": 92, "item_0_name": "Urn of Shadows", "leaver_status_description": "player DC, no abandon", "level": 7, "player_slot": 3, "leaver_status_name": "DISCONNECTED", "hero_id": 58, "last_hits": 37, "kills": 1, "account_id": 88792641, "item_3_name": "Smoke of Deceit", "item_4": 63, "item_3": 188, "item_4_name": "Power Treads", "item_5": 16, "xp_per_min": 173, "item_5_name": "Iron Branch", "hero_name": "Enchantress", "gold_per_min": 211, "deaths": 3, "denies": 0, "item_2_name": "Sentry Ward", "item_1_name": "Magic Stick"}, {"item_2": 29, "assists": 0, "leaver_status": 0, "item_1": 0, "item_0": 44, "item_0_name": "Tango", "leaver_status_description": "finished match, no abandon", "level": 5, "player_slot": 4, "leaver_status_name": "NONE", "hero_id": 5, "last_hits": 7, "kills": 1, "account_id": 92330456, "item_3_name": "Urn of Shadows", "item_4": 0, "item_3": 92, "item_5": 0, "xp_per_min": 105, "hero_name": "Crystal Maiden", "gold_per_min": 163, "deaths": 3, "denies": 5, "item_2_name": "Boots of Speed"}, {"item_2": 0, "assists": 7, "leaver_status": 0, "item_1": 188, "item_0": 180, "item_0_name": "Arcane Boots", "leaver_status_description": "finished match, no abandon", "level": 9, "player_slot": 128, "leaver_status_name": "NONE", "hero_id": 79, "last_hits": 15, "kills": 2, "account_id": 94049589, "item_3_name": "Magic Wand", "item_4": 40, "item_3": 36, "item_4_name": "Dust of Appearance", "item_5": 0, "xp_per_min": 308, "hero_name": "Shadow Demon", "gold_per_min": 261, "deaths": 1, "denies": 0, "item_1_name": "Smoke of Deceit"}, {"item_2": 81, "assists": 3, "leaver_status": 0, "item_1": 0, "item_0": 41, "item_0_name": "Bottle", "leaver_status_description": "finished match, no abandon", "level": 11, "player_slot": 129, "leaver_status_name": "NONE", "hero_id": 69, "last_hits": 61, "kills": 4, "account_id": 86870856, "item_4": 50, "item_3": 0, "item_4_name": "Phase Boots", "item_5": 185, "xp_per_min": 501, "item_5_name": "Drum of Endurance", "hero_name": "Doom", "gold_per_min": 449, "deaths": 0, "denies": 1, "item_2_name": "Vladmir's Offering"}, {"item_2": 36, "assists": 3, "leaver_status": 0, "item_1": 117, "item_0": 170, "item_0_name": "Yasha", "leaver_status_description": "finished match, no abandon", "level": 11, "player_slot": 130, "leaver_status_name": "NONE", "hero_id": 9, "last_hits": 59, "kills": 6, "account_id": 98018029, "item_3_name": "Ring of Basilius", "item_4": 41, "item_3": 88, "item_4_name": "Bottle", "item_5": 50, "xp_per_min": 428, "item_5_name": "Phase Boots", "hero_name": "Mirana", "gold_per_min": 422, "deaths": 0, "denies": 10, "item_2_name": "Magic Wand", "item_1_name": "Aegis of the Immortal"}, {"item_2": 34, "assists": 5, "leaver_status": 0, "item_1": 0, "item_0": 0, "leaver_status_description": "finished match, no abandon", "level": 11, "player_slot": 131, "leaver_status_name": "NONE", "hero_id": 31, "last_hits": 28, "kills": 4, "account_id": 75750590, "item_4": 79, "item_3": 0, "item_4_name": "Mekansm", "item_5": 63, "xp_per_min": 410, "item_5_name": "Power Treads", "hero_name": "Lich", "gold_per_min": 322, "deaths": 1, "denies": 5, "item_2_name": "Magic Stick"}, {"item_2": 46, "assists": 8, "leaver_status": 0, "item_1": 16, "item_0": 1, "item_0_name": "Blink Dagger", "leaver_status_description": "finished match, no abandon", "level": 11, "player_slot": 132, "leaver_status_name": "NONE", "hero_id": 28, "last_hits": 49, "kills": 3, "account_id": 88655279, "item_3_name": "Power Treads", "item_4": 92, "item_3": 63, "item_4_name": "Urn of Shadows", "item_5": 41, "xp_per_min": 442, "item_5_name": "Bottle", "hero_name": "Slardar", "gold_per_min": 409, "deaths": 0, "denies": 4, "item_2_name": "Town Portal Scroll", "item_1_name": "Iron Branch"}], "dire_team_id": 55, "picks_bans": [{"order": 0, "is_pick": false, "hero_id": 45, "team": 1}, {"order": 1, "is_pick": false, "hero_id": 98, "team": 0}, {"order": 2, "is_pick": false, "hero_id": 92, "team": 1}, {"order": 3, "is_pick": false, "hero_id": 103, "team": 0}, {"order": 4, "is_pick": true, "hero_id": 31, "team": 1}, {"order": 5, "is_pick": true, "hero_id": 51, "team": 0}, {"order": 6, "is_pick": true, "hero_id": 5, "team": 0}, {"order": 7, "is_pick": true, "hero_id": 9, "team": 1}, {"order": 8, "is_pick": false, "hero_id": 73, "team": 1}, {"order": 9, "is_pick": false, "hero_id": 47, "team": 0}, {"order": 10, "is_pick": false, "hero_id": 76, "team": 1}, {"order": 11, "is_pick": false, "hero_id": 23, "team": 0}, {"order": 12, "is_pick": true, "hero_id": 17, "team": 0}, {"order": 13, "is_pick": true, "hero_id": 69, "team": 1}, {"order": 14, "is_pick": true, "hero_id": 56, "team": 0}, {"order": 15, "is_pick": true, "hero_id": 79, "team": 1}, {"order": 16, "is_pick": false, "hero_id": 63, "team": 0}, {"order": 17, "is_pick": false, "hero_id": 66, "team": 1}, {"order": 18, "is_pick": true, "hero_id": 58, "team": 0}, {"order": 19, "is_pick": true, "hero_id": 28, "team": 1}], "dire_name": "_PowerRangers", "negative_votes": 1}