{"tower_status_radiant": 2046, "flags": 0, "lobby_type": 1, "cluster": 151, "game_mode_name": "All Pick", "dire_logo": 469805271568881228, "engine": 0, "barracks_status_dire": 63, "barracks_status_radiant": 63, "cluster_name": "Southeast Asia", "radiant_score": 0, "match_id": 411442092, "lobby_name": "Practice", "dire_score": 0, "first_blood_time": 160, "radiant_team_id": 1075534, "radiant_logo": 3281178331719626113, "human_players": 10, "pre_game_duration": 0, "radiant_team_complete": 0, "tower_status_dire": 2047, "players": [{"item_2": 46, "assists": 5, "leaver_status": 1, "item_1": 41, "item_0": 1, "item_0_name": "Blink Dagger", "leaver_status_description": "player DC, no abandon", "level": 10, "player_slot": 0, "leaver_status_name": "DISCONNECTED", "hero_id": 65, "last_hits": 53, "kills": 1, "account_id": 121052479, "item_3_name": "Boots of Speed", "item_4": 16, "item_3": 29, "item_4_name": "Iron Branch", "item_5": 16, "xp_per_min": 455, "item_5_name": "Iron Branch", "hero_name": "Batrider", "gold_per_min": 359, "deaths": 0, "denies": 6, "item_2_name": "Town Portal Scroll", "item_1_name": "Bottle"}, {"item_2": 0, "assists": 1, "leaver_status": 1, "item_1": 43, "item_0": 40, "item_0_name": "Dust of Appearance", "leaver_status_description": "player DC, no abandon", "level": 5, "player_slot": 1, "leaver_status_name": "DISCONNECTED", "hero_id": 5, "last_hits": 12, "kills": 0, "account_id": 89268488, "item_3_name": "Boots of Speed", "item_4": 0, "item_3": 29, "item_5": 46, "xp_per_min": 151, "item_5_name": "Town Portal Scroll", "hero_name": "Crystal Maiden", "gold_per_min": 155, "deaths": 1, "denies": 0, "item_1_name": "Sentry Ward"}, {"item_2": 88, "assists": 3, "leaver_status": 1, "item_1": 65, "item_0": 50, "item_0_name": "Phase Boots", "leaver_status_description": "player DC, no abandon", "level": 9, "player_slot": 2, "leaver_status_name": "DISCONNECTED", "hero_id": 72, "last_hits": 64, "kills": 0, "account_id": 89251386, "item_3_name": "Town Portal Scroll", "item_4": 16, "item_3": 46, "item_4_name": "Iron Branch", "item_5": 16, "xp_per_min": 382, "item_5_name": "Iron Branch", "hero_name": "Gyrocopter", "gold_per_min": 383, "deaths": 0, "denies": 26, "item_2_name": "Ring of Basilius", "item_1_name": "Hand of Midas"}, {"item_2": 43, "assists": 2, "leaver_status": 1, "item_1": 36, "item_0": 29, "item_0_name": "Boots of Speed", "leaver_status_description": "player DC, no abandon", "level": 7, "player_slot": 3, "leaver_status_name": "DISCONNECTED", "hero_id": 16, "last_hits": 19, "kills": 1, "account_id": 108939324, "item_3_name": "Town Portal Scroll", "item_4": 0, "item_3": 46, "item_5": 188, "xp_per_min": 217, "item_5_name": "Smoke of Deceit", "hero_name": "Sand King", "gold_per_min": 185, "deaths": 0, "denies": 2, "item_2_name": "Sentry Ward", "item_1_name": "Magic Wand"}, {"item_2": 50, "assists": 1, "leaver_status": 1, "item_1": 34, "item_0": 19, "item_0_name": "Robe of the Magi", "leaver_status_description": "player DC, no abandon", "level": 8, "player_slot": 4, "leaver_status_name": "DISCONNECTED", "hero_id": 103, "last_hits": 38, "kills": 5, "account_id": 86762037, "item_3_name": "Soul Ring", "item_4": 46, "item_3": 178, "item_4_name": "Town Portal Scroll", "item_5": 73, "xp_per_min": 346, "item_5_name": "Bracer", "hero_name": "Elder Titan", "gold_per_min": 349, "deaths": 2, "denies": 0, "item_2_name": "Phase Boots", "item_1_name": "Magic Stick"}, {"item_2": 73, "assists": 1, "leaver_status": 1, "item_1": 0, "item_0": 29, "item_0_name": "Boots of Speed", "leaver_status_description": "player DC, no abandon", "level": 6, "player_slot": 128, "leaver_status_name": "DISCONNECTED", "hero_id": 86, "last_hits": 13, "kills": 1, "account_id": 91654584, "item_3_name": "Magic Wand", "item_4": 0, "item_3": 36, "item_5": 46, "xp_per_min": 188, "item_5_name": "Town Portal Scroll", "hero_name": "Rubick", "gold_per_min": 220, "deaths": 2, "denies": 2, "item_2_name": "Bracer"}, {"item_2": 0, "assists": 0, "leaver_status": 1, "item_1": 41, "item_0": 36, "item_0_name": "Magic Wand", "leaver_status_description": "player DC, no abandon", "level": 8, "player_slot": 129, "leaver_status_name": "DISCONNECTED", "hero_id": 63, "last_hits": 29, "kills": 1, "account_id": 112531417, "item_3_name": "Town Portal Scroll", "item_4": 29, "item_3": 46, "item_4_name": "Boots of Speed", "item_5": 212, "xp_per_min": 276, "item_5_name": "Ring of Aquila", "hero_name": "Weaver", "gold_per_min": 249, "deaths": 2, "denies": 3, "item_1_name": "Bottle"}, {"item_2": 65, "assists": 1, "leaver_status": 1, "item_1": 46, "item_0": 36, "item_0_name": "Magic Wand", "leaver_status_description": "player DC, no abandon", "level": 9, "player_slot": 130, "leaver_status_name": "DISCONNECTED", "hero_id": 73, "last_hits": 72, "kills": 0, "account_id": 91443418, "item_3_name": "Stout Shield", "item_4": 0, "item_3": 182, "item_5": 50, "xp_per_min": 393, "item_5_name": "Phase Boots", "hero_name": "Alchemist", "gold_per_min": 472, "deaths": 1, "denies": 18, "item_2_name": "Hand of Midas", "item_1_name": "Town Portal Scroll"}, {"item_2": 46, "assists": 0, "leaver_status": 1, "item_1": 29, "item_0": 41, "item_0_name": "Bottle", "leaver_status_description": "player DC, no abandon", "level": 7, "player_slot": 131, "leaver_status_name": "DISCONNECTED", "hero_id": 51, "last_hits": 20, "kills": 0, "account_id": 111150817, "item_3_name": "Stout Shield", "item_4": 16, "item_3": 182, "item_4_name": "Iron Branch", "item_5": 16, "xp_per_min": 233, "item_5_name": "Iron Branch", "hero_name": "Clockwerk", "gold_per_min": 193, "deaths": 0, "denies": 1, "item_2_name": "Town Portal Scroll", "item_1_name": "Boots of Speed"}, {"item_2": 0, "assists": 1, "leaver_status": 1, "item_1": 39, "item_0": 34, "item_0_name": "Magic Stick", "leaver_status_description": "player DC, no abandon", "level": 6, "player_slot": 132, "leaver_status_name": "DISCONNECTED", "hero_id": 58, "last_hits": 36, "kills": 1, "account_id": 92704330, "item_3_name": "Urn of Shadows", "item_4": 43, "item_3": 92, "item_4_name": "Sentry Ward", "item_5": 29, "xp_per_min": 215, "item_5_name": "Boots of Speed", "hero_name": "Enchantress", "gold_per_min": 269, "deaths": 2, "denies": 1, "item_1_name": "Healing Salve"}], "radiant_name": "Orange Esports Dota", "match_seq_num": 374947247, "dire_team_id": 494197, "dire_team_complete": 1, "start_time": 1386328424, "radiant_win": false, "positive_votes": 34, "leagueid": 131, "game_mode": 1, "dire_name": "EXECRATION1", "duration": 716, "negative_votes": 11}