{"tower_status_radiant": 1975, "flags": 0, "lobby_type": 1, "cluster": 124, "game_mode_name": "Captains Mode", "engine": 0, "barracks_status_dire": 63, "barracks_status_radiant": 63, "cluster_name": "US East", "radiant_score": 0, "match_id": 415055097, "lobby_name": "Practice", "dire_score": 0, "first_blood_time": 119, "human_players": 10, "pre_game_duration": 0, "tower_status_dire": 2032, "players": [{"item_2": 41, "assists": 14, "leaver_status": 0, "item_1": 180, "item_0": 1, "item_0_name": "Blink Dagger", "leaver_status_description": "finished match, no abandon", "level": 16, "player_slot": 0, "leaver_status_name": "NONE", "hero_id": 7, "last_hits": 89, "kills": 5, "account_id": 128632932, "item_3_name": "Ogre Club", "item_4": 36, "item_3": 21, "item_4_name": "Magic Wand", "item_5": 0, "xp_per_min": 560, "hero_name": "Earthshaker", "gold_per_min": 447, "deaths": 5, "denies": 1, "item_2_name": "Bottle", "item_1_name": "Arcane Boots"}, {"item_2": 180, "assists": 9, "leaver_status": 0, "item_1": 46, "item_0": 1, "item_0_name": "Blink Dagger", "leaver_status_description": "finished match, no abandon", "level": 13, "player_slot": 1, "leaver_status_name": "NONE", "hero_id": 86, "last_hits": 22, "kills": 7, "account_id": 22706938, "item_3_name": "Dust of Appearance", "item_4": 36, "item_3": 40, "item_4_name": "Magic Wand", "item_5": 43, "xp_per_min": 388, "item_5_name": "Sentry Ward", "hero_name": "Rubick", "gold_per_min": 303, "deaths": 3, "denies": 2, "item_2_name": "Arcane Boots", "item_1_name": "Town Portal Scroll"}, {"item_2": 65, "assists": 4, "leaver_status": 0, "item_1": 63, "item_0": 164, "item_0_name": "Helm of the Dominator", "leaver_status_description": "finished match, no abandon", "level": 18, "player_slot": 2, "leaver_status_name": "NONE", "hero_id": 48, "last_hits": 188, "kills": 5, "account_id": 86811043, "item_3_name": "Magic Wand", "item_4": 170, "item_3": 36, "item_4_name": "Yasha", "item_5": 116, "xp_per_min": 653, "item_5_name": "Black King Bar", "hero_name": "Luna", "gold_per_min": 620, "deaths": 4, "denies": 22, "item_2_name": "Hand of Midas", "item_1_name": "Power Treads"}, {"item_2": 50, "assists": 15, "leaver_status": 0, "item_1": 102, "item_0": 41, "item_0_name": "Bottle", "leaver_status_description": "finished match, no abandon", "level": 14, "player_slot": 3, "leaver_status_name": "NONE", "hero_id": 51, "last_hits": 61, "kills": 8, "account_id": 86715129, "item_3_name": "Point Booster", "item_4": 21, "item_3": 60, "item_4_name": "Ogre Club", "item_5": 36, "xp_per_min": 435, "item_5_name": "Magic Wand", "hero_name": "Clockwerk", "gold_per_min": 386, "deaths": 3, "denies": 8, "item_2_name": "Phase Boots", "item_1_name": "Force Staff"}, {"item_2": 92, "assists": 12, "leaver_status": 0, "item_1": 36, "item_0": 214, "item_0_name": "Tranquil Boots", "leaver_status_description": "finished match, no abandon", "level": 15, "player_slot": 4, "leaver_status_name": "NONE", "hero_id": 5, "last_hits": 46, "kills": 5, "account_id": 59752811, "item_3_name": "Force Staff", "item_4": 65, "item_3": 102, "item_4_name": "Hand of Midas", "item_5": 0, "xp_per_min": 485, "hero_name": "Crystal Maiden", "gold_per_min": 365, "deaths": 4, "denies": 0, "item_2_name": "Urn of Shadows", "item_1_name": "Magic Wand"}, {"item_2": 41, "assists": 13, "leaver_status": 0, "item_1": 65, "item_0": 63, "item_0_name": "Power Treads", "leaver_status_description": "finished match, no abandon", "level": 13, "player_slot": 128, "leaver_status_name": "NONE", "hero_id": 20, "last_hits": 32, "kills": 3, "account_id": 121847953, "item_3_name": "Magic Stick", "item_4": 46, "item_3": 34, "item_4_name": "Town Portal Scroll", "item_5": 42, "xp_per_min": 378, "item_5_name": "Observer Ward", "hero_name": "Vengeful Spirit", "gold_per_min": 278, "deaths": 6, "denies": 4, "item_2_name": "Bottle", "item_1_name": "Hand of Midas"}, {"item_2": 41, "assists": 6, "leaver_status": 0, "item_1": 36, "item_0": 63, "item_0_name": "Power Treads", "leaver_status_description": "finished match, no abandon", "level": 13, "player_slot": 129, "leaver_status_name": "NONE", "hero_id": 60, "last_hits": 72, "kills": 1, "account_id": 86727555, "item_3_name": "Urn of Shadows", "item_4": 21, "item_3": 92, "item_4_name": "Ogre Club", "item_5": 46, "xp_per_min": 386, "item_5_name": "Town Portal Scroll", "hero_name": "Night Stalker", "gold_per_min": 298, "deaths": 5, "denies": 7, "item_2_name": "Bottle", "item_1_name": "Magic Wand"}, {"item_2": 41, "assists": 4, "leaver_status": 0, "item_1": 50, "item_0": 36, "item_0_name": "Magic Wand", "leaver_status_description": "finished match, no abandon", "level": 14, "player_slot": 130, "leaver_status_name": "NONE", "hero_id": 46, "last_hits": 95, "kills": 5, "account_id": 92231506, "item_3_name": "Ogre Club", "item_4": 185, "item_3": 21, "item_4_name": "Drum of Endurance", "item_5": 115, "xp_per_min": 407, "item_5_name": "Recipe: Black King Bar", "hero_name": "Templar Assassin", "gold_per_min": 356, "deaths": 8, "denies": 12, "item_2_name": "Bottle", "item_1_name": "Phase Boots"}, {"item_2": 131, "assists": 4, "leaver_status": 0, "item_1": 46, "item_0": 9, "item_0_name": "Platemail", "leaver_status_description": "finished match, no abandon", "level": 14, "player_slot": 131, "leaver_status_name": "NONE", "hero_id": 69, "last_hits": 104, "kills": 2, "account_id": 14429114, "item_3_name": "Vanguard", "item_4": 65, "item_3": 125, "item_4_name": "Hand of Midas", "item_5": 50, "xp_per_min": 428, "item_5_name": "Phase Boots", "hero_name": "Doom", "gold_per_min": 451, "deaths": 5, "denies": 0, "item_2_name": "Hood of Defiance", "item_1_name": "Town Portal Scroll"}, {"item_2": 28, "assists": 1, "leaver_status": 0, "item_1": 36, "item_0": 102, "item_0_name": "Force Staff", "leaver_status_description": "finished match, no abandon", "level": 13, "player_slot": 132, "leaver_status_name": "NONE", "hero_id": 21, "last_hits": 63, "kills": 8, "account_id": 20321748, "item_3_name": "Oblivion Staff", "item_4": 10, "item_3": 67, "item_4_name": "Quarterstaff", "item_5": 50, "xp_per_min": 367, "item_5_name": "Phase Boots", "hero_name": "Windranger", "gold_per_min": 358, "deaths": 6, "denies": 2, "item_2_name": "Sage's Mask", "item_1_name": "Magic Wand"}], "match_seq_num": 378255513, "start_time": 1386551161, "picks_bans": [{"order": 0, "is_pick": false, "hero_id": 88, "team": 1}, {"order": 1, "is_pick": false, "hero_id": 40, "team": 0}, {"order": 2, "is_pick": false, "hero_id": 103, "team": 1}, {"order": 3, "is_pick": false, "hero_id": 92, "team": 0}, {"order": 4, "is_pick": true, "hero_id": 69, "team": 1}, {"order": 5, "is_pick": true, "hero_id": 51, "team": 0}, {"order": 6, "is_pick": true, "hero_id": 5, "team": 0}, {"order": 7, "is_pick": true, "hero_id": 60, "team": 1}, {"order": 8, "is_pick": false, "hero_id": 9, "team": 1}, {"order": 9, "is_pick": false, "hero_id": 99, "team": 0}, {"order": 10, "is_pick": false, "hero_id": 102, "team": 1}, {"order": 11, "is_pick": false, "hero_id": 27, "team": 0}, {"order": 12, "is_pick": true, "hero_id": 86, "team": 0}, {"order": 13, "is_pick": true, "hero_id": 20, "team": 1}, {"order": 14, "is_pick": true, "hero_id": 48, "team": 0}, {"order": 15, "is_pick": true, "hero_id": 21, "team": 1}, {"order": 16, "is_pick": false, "hero_id": 76, "team": 1}, {"order": 17, "is_pick": true, "hero_id": 7, "team": 0}, {"order": 18, "is_pick": true, "hero_id": 46, "team": 1}], "radiant_win": true, "positive_votes": 7, "leagueid": 111, "game_mode": 2, "duration": 1596, "negative_votes": 1}