{"tower_status_radiant": 2047, "flags": 0, "radiant_team_complete": 0, "game_mode": 2, "radiant_score": 0, "match_id": 420695191, "lobby_name": "Practice", "dire_logo": 594785681587718235, "pre_game_duration": 0, "radiant_name": "mousesports", "match_seq_num": 383334784, "dire_team_complete": 1, "start_time": 1386953199, "radiant_win": true, "positive_votes": 999, "leagueid": 124, "duration": 1342, "dire_score": 0, "lobby_type": 1, "cluster": 134, "engine": 0, "barracks_status_dire": 63, "barracks_status_radiant": 63, "cluster_name": "Europe West", "first_blood_time": 44, "radiant_team_id": 26, "radiant_logo": 531766271384850245, "human_players": 10, "game_mode_name": "Captains Mode", "tower_status_dire": 1846, "players": [{"item_2": 125, "assists": 7, "leaver_status": 0, "item_1": 41, "item_0": 0, "leaver_status_description": "finished match, no abandon", "level": 15, "player_slot": 0, "leaver_status_name": "NONE", "hero_id": 51, "last_hits": 64, "kills": 7, "account_id": 97590558, "item_3_name": "Magic Stick", "item_4": 0, "item_3": 34, "item_5": 63, "xp_per_min": 593, "item_5_name": "Power Treads", "hero_name": "Clockwerk", "gold_per_min": 418, "deaths": 4, "denies": 7, "item_2_name": "Vanguard", "item_1_name": "Bottle"}, {"item_2": 21, "assists": 5, "leaver_status": 0, "item_1": 0, "item_0": 178, "item_0_name": "Soul Ring", "leaver_status_description": "finished match, no abandon", "level": 17, "player_slot": 1, "leaver_status_name": "NONE", "hero_id": 56, "last_hits": 135, "kills": 6, "account_id": 65623472, "item_3_name": "Orchid Malevolence", "item_4": 65, "item_3": 98, "item_4_name": "Hand of Midas", "item_5": 63, "xp_per_min": 713, "item_5_name": "Power Treads", "hero_name": "Clinkz", "gold_per_min": 603, "deaths": 3, "denies": 2, "item_2_name": "Ogre Club"}, {"item_2": 65, "assists": 8, "leaver_status": 0, "item_1": 214, "item_0": 92, "item_0_name": "Urn of Shadows", "leaver_status_description": "finished match, no abandon", "level": 13, "player_slot": 2, "leaver_status_name": "NONE", "hero_id": 5, "last_hits": 52, "kills": 1, "account_id": 26682464, "item_4": 34, "item_3": 0, "item_4_name": "Magic Stick", "item_5": 0, "xp_per_min": 406, "hero_name": "Crystal Maiden", "gold_per_min": 344, "deaths": 1, "denies": 1, "item_2_name": "Hand of Midas", "item_1_name": "Tranquil Boots"}, {"item_2": 46, "assists": 9, "leaver_status": 0, "item_1": 98, "item_0": 63, "item_0_name": "Power Treads", "leaver_status_description": "finished match, no abandon", "level": 15, "player_slot": 3, "leaver_status_name": "NONE", "hero_id": 39, "last_hits": 124, "kills": 5, "account_id": 110752309, "item_3_name": "Bottle", "item_4": 77, "item_3": 41, "item_4_name": "Null Talisman", "item_5": 30, "xp_per_min": 594, "item_5_name": "Gem of True Sight", "hero_name": "Queen of Pain", "gold_per_min": 505, "deaths": 2, "denies": 34, "item_2_name": "Town Portal Scroll", "item_1_name": "Orchid Malevolence"}, {"item_2": 46, "assists": 12, "leaver_status": 0, "item_1": 187, "item_0": 108, "item_0_name": "Aghanim's Scepter", "leaver_status_description": "finished match, no abandon", "level": 15, "player_slot": 4, "leaver_status_name": "NONE", "hero_id": 92, "last_hits": 80, "kills": 5, "account_id": 25907144, "item_4": 0, "item_3": 0, "item_5": 29, "xp_per_min": 548, "item_5_name": "Boots of Speed", "hero_name": "Visage", "gold_per_min": 423, "deaths": 3, "denies": 7, "item_2_name": "Town Portal Scroll", "item_1_name": "Medallion of Courage"}, {"item_2": 125, "assists": 2, "leaver_status": 0, "item_1": 63, "item_0": 41, "item_0_name": "Bottle", "leaver_status_description": "finished match, no abandon", "level": 11, "player_slot": 128, "leaver_status_name": "NONE", "hero_id": 49, "last_hits": 52, "kills": 3, "account_id": 91918857, "item_3_name": "Town Portal Scroll", "item_4": 0, "item_3": 46, "item_5": 36, "xp_per_min": 342, "item_5_name": "Magic Wand", "hero_name": "Dragon Knight", "gold_per_min": 267, "deaths": 5, "denies": 3, "item_2_name": "Vanguard", "item_1_name": "Power Treads"}, {"item_2": 63, "assists": 4, "leaver_status": 0, "item_1": 22, "item_0": 212, "item_0_name": "Ring of Aquila", "leaver_status_description": "finished match, no abandon", "level": 14, "player_slot": 129, "leaver_status_name": "NONE", "hero_id": 63, "last_hits": 88, "kills": 3, "account_id": 69325073, "item_3_name": "Hand of Midas", "item_4": 34, "item_3": 65, "item_4_name": "Magic Stick", "item_5": 46, "xp_per_min": 479, "item_5_name": "Town Portal Scroll", "hero_name": "Weaver", "gold_per_min": 397, "deaths": 7, "denies": 22, "item_2_name": "Power Treads", "item_1_name": "Blade of Alacrity"}, {"item_2": 71, "assists": 8, "leaver_status": 0, "item_1": 34, "item_0": 41, "item_0_name": "Bottle", "leaver_status_description": "finished match, no abandon", "level": 11, "player_slot": 130, "leaver_status_name": "NONE", "hero_id": 62, "last_hits": 16, "kills": 1, "account_id": 88792641, "item_3_name": "Power Treads", "item_4": 73, "item_3": 63, "item_4_name": "Bracer", "item_5": 46, "xp_per_min": 329, "item_5_name": "Town Portal Scroll", "hero_name": "Bounty Hunter", "gold_per_min": 252, "deaths": 8, "denies": 3, "item_2_name": "Poor Man's Shield", "item_1_name": "Magic Stick"}, {"item_2": 92, "assists": 5, "leaver_status": 0, "item_1": 36, "item_0": 46, "item_0_name": "Town Portal Scroll", "leaver_status_description": "finished match, no abandon", "level": 8, "player_slot": 131, "leaver_status_name": "NONE", "hero_id": 103, "last_hits": 14, "kills": 0, "account_id": 92330456, "item_3_name": "Observer Ward", "item_4": 43, "item_3": 42, "item_4_name": "Sentry Ward", "item_5": 29, "xp_per_min": 147, "item_5_name": "Boots of Speed", "hero_name": "Elder Titan", "gold_per_min": 147, "deaths": 2, "denies": 1, "item_2_name": "Urn of Shadows", "item_1_name": "Magic Wand"}, {"item_2": 23, "assists": 6, "leaver_status": 0, "item_1": 50, "item_0": 41, "item_0_name": "Bottle", "leaver_status_description": "finished match, no abandon", "level": 13, "player_slot": 132, "leaver_status_name": "NONE", "hero_id": 21, "last_hits": 46, "kills": 5, "account_id": 89742217, "item_3_name": "Magic Wand", "item_4": 46, "item_3": 36, "item_4_name": "Town Portal Scroll", "item_5": 40, "xp_per_min": 425, "item_5_name": "Dust of Appearance", "hero_name": "Windranger", "gold_per_min": 293, "deaths": 5, "denies": 4, "item_2_name": "Staff of Wizardry", "item_1_name": "Phase Boots"}], "dire_team_id": 1161668, "picks_bans": [{"order": 0, "is_pick": false, "hero_id": 98, "team": 1}, {"order": 1, "is_pick": false, "hero_id": 53, "team": 0}, {"order": 2, "is_pick": false, "hero_id": 99, "team": 1}, {"order": 3, "is_pick": false, "hero_id": 73, "team": 0}, {"order": 4, "is_pick": true, "hero_id": 103, "team": 1}, {"order": 5, "is_pick": true, "hero_id": 5, "team": 0}, {"order": 6, "is_pick": true, "hero_id": 92, "team": 0}, {"order": 7, "is_pick": true, "hero_id": 63, "team": 1}, {"order": 8, "is_pick": false, "hero_id": 69, "team": 1}, {"order": 9, "is_pick": false, "hero_id": 102, "team": 0}, {"order": 10, "is_pick": false, "hero_id": 76, "team": 1}, {"order": 11, "is_pick": false, "hero_id": 79, "team": 0}, {"order": 12, "is_pick": true, "hero_id": 51, "team": 0}, {"order": 13, "is_pick": true, "hero_id": 21, "team": 1}, {"order": 14, "is_pick": true, "hero_id": 56, "team": 0}, {"order": 15, "is_pick": true, "hero_id": 62, "team": 1}, {"order": 16, "is_pick": false, "hero_id": 65, "team": 0}, {"order": 17, "is_pick": false, "hero_id": 17, "team": 1}, {"order": 18, "is_pick": true, "hero_id": 39, "team": 0}, {"order": 19, "is_pick": true, "hero_id": 49, "team": 1}], "dire_name": "xGame.kz", "negative_votes": 288}