{"tower_status_radiant": 2046, "flags": 0, "radiant_team_complete": 1, "game_mode": 2, "radiant_score": 0, "match_id": 420949358, "lobby_name": "Practice", "radiant_team_id": 111474, "dire_logo": 541924293718462159, "pre_game_duration": 0, "radiant_name": "Alliance", "match_seq_num": 383552499, "dire_team_complete": 1, "start_time": 1386962433, "radiant_guild_logo": 901000742757135593, "radiant_win": true, "positive_votes": 428, "leagueid": 124, "duration": 1664, "dire_score": 0, "lobby_type": 1, "cluster": 135, "radiant_guild_id": 383, "engine": 0, "barracks_status_dire": 63, "barracks_status_radiant": 63, "cluster_name": "Europe West", "first_blood_time": 54, "radiant_guild_name": "The Alliance", "radiant_logo": 392172445572106046, "human_players": 10, "game_mode_name": "Captains Mode", "tower_status_dire": 1958, "players": [{"item_2": 154, "assists": 12, "leaver_status": 0, "item_1": 0, "item_0": 41, "item_0_name": "Bottle", "leaver_status_description": "finished match, no abandon", "level": 15, "player_slot": 0, "leaver_status_name": "NONE", "hero_id": 49, "last_hits": 134, "kills": 3, "account_id": 41231571, "item_3_name": "Power Treads", "item_4": 112, "item_3": 63, "item_4_name": "Assault Cuirass", "item_5": 46, "xp_per_min": 458, "item_5_name": "Town Portal Scroll", "hero_name": "Dragon Knight", "gold_per_min": 461, "deaths": 1, "denies": 11, "item_2_name": "Sange and Yasha"}, {"item_2": 46, "assists": 12, "leaver_status": 0, "item_1": 214, "item_0": 34, "item_0_name": "Magic Stick", "leaver_status_description": "finished match, no abandon", "level": 11, "player_slot": 1, "leaver_status_name": "NONE", "hero_id": 5, "last_hits": 21, "kills": 2, "account_id": 41288955, "item_3_name": "Ghost Scepter", "item_4": 30, "item_3": 37, "item_4_name": "Gem of True Sight", "item_5": 188, "xp_per_min": 290, "item_5_name": "Smoke of Deceit", "hero_name": "Crystal Maiden", "gold_per_min": 256, "deaths": 4, "denies": 0, "item_2_name": "Town Portal Scroll", "item_1_name": "Tranquil Boots"}, {"item_2": 185, "assists": 9, "leaver_status": 0, "item_1": 147, "item_0": 65, "item_0_name": "Hand of Midas", "leaver_status_description": "finished match, no abandon", "level": 21, "player_slot": 2, "leaver_status_name": "NONE", "hero_id": 93, "last_hits": 147, "kills": 18, "account_id": 101495620, "item_3_name": "Power Treads", "item_4": 123, "item_3": 63, "item_4_name": "Linken's Sphere", "item_5": 117, "xp_per_min": 833, "item_5_name": "Aegis of the Immortal", "hero_name": "Slark", "gold_per_min": 708, "deaths": 1, "denies": 12, "item_2_name": "Drum of Endurance", "item_1_name": "Manta Style"}, {"item_2": 0, "assists": 7, "leaver_status": 0, "item_1": 0, "item_0": 180, "item_0_name": "Arcane Boots", "leaver_status_description": "finished match, no abandon", "level": 11, "player_slot": 3, "leaver_status_name": "NONE", "hero_id": 3, "last_hits": 29, "kills": 3, "account_id": 3916428, "item_3_name": "Magic Stick", "item_4": 92, "item_3": 34, "item_4_name": "Urn of Shadows", "item_5": 57, "xp_per_min": 255, "item_5_name": "Void Stone", "hero_name": "Bane", "gold_per_min": 249, "deaths": 5, "denies": 5}, {"item_2": 29, "assists": 12, "leaver_status": 0, "item_1": 0, "item_0": 0, "leaver_status_description": "finished match, no abandon", "level": 14, "player_slot": 4, "leaver_status_name": "NONE", "hero_id": 103, "last_hits": 55, "kills": 4, "account_id": 76482434, "item_3_name": "Magic Wand", "item_4": 0, "item_3": 36, "item_5": 46, "xp_per_min": 422, "item_5_name": "Town Portal Scroll", "hero_name": "Elder Titan", "gold_per_min": 332, "deaths": 2, "denies": 0, "item_2_name": "Boots of Speed"}, {"item_2": 1, "assists": 6, "leaver_status": 0, "item_1": 46, "item_0": 50, "item_0_name": "Phase Boots", "leaver_status_description": "finished match, no abandon", "level": 14, "player_slot": 128, "leaver_status_name": "NONE", "hero_id": 73, "last_hits": 92, "kills": 3, "account_id": 86725175, "item_3_name": "Bottle", "item_4": 21, "item_3": 41, "item_4_name": "Ogre Club", "item_5": 61, "xp_per_min": 375, "item_5_name": "Vitality Booster", "hero_name": "Alchemist", "gold_per_min": 346, "deaths": 4, "denies": 3, "item_2_name": "Blink Dagger", "item_1_name": "Town Portal Scroll"}, {"item_2": 0, "assists": 4, "leaver_status": 0, "item_1": 71, "item_0": 34, "item_0_name": "Magic Stick", "leaver_status_description": "finished match, no abandon", "level": 9, "player_slot": 129, "leaver_status_name": "NONE", "hero_id": 62, "last_hits": 17, "kills": 1, "account_id": 86802844, "item_3_name": "Phase Boots", "item_4": 185, "item_3": 50, "item_4_name": "Drum of Endurance", "item_5": 0, "xp_per_min": 181, "hero_name": "Bounty Hunter", "gold_per_min": 185, "deaths": 7, "denies": 2, "item_1_name": "Poor Man's Shield"}, {"item_2": 94, "assists": 4, "leaver_status": 0, "item_1": 63, "item_0": 34, "item_0_name": "Magic Stick", "leaver_status_description": "finished match, no abandon", "level": 9, "player_slot": 130, "leaver_status_name": "NONE", "hero_id": 92, "last_hits": 31, "kills": 4, "account_id": 91064780, "item_3_name": "Medallion of Courage", "item_4": 86, "item_3": 187, "item_4_name": "Buckler", "item_5": 46, "xp_per_min": 178, "item_5_name": "Town Portal Scroll", "hero_name": "Visage", "gold_per_min": 232, "deaths": 7, "denies": 1, "item_2_name": "Headdress", "item_1_name": "Power Treads"}, {"item_2": 43, "assists": 7, "leaver_status": 0, "item_1": 36, "item_0": 92, "item_0_name": "Urn of Shadows", "leaver_status_description": "finished match, no abandon", "level": 9, "player_slot": 131, "leaver_status_name": "NONE", "hero_id": 20, "last_hits": 11, "kills": 0, "account_id": 11550182, "item_3_name": "Observer Ward", "item_4": 46, "item_3": 42, "item_4_name": "Town Portal Scroll", "item_5": 29, "xp_per_min": 165, "item_5_name": "Boots of Speed", "hero_name": "Vengeful Spirit", "gold_per_min": 163, "deaths": 7, "denies": 1, "item_2_name": "Sentry Ward", "item_1_name": "Magic Wand"}, {"item_2": 17, "assists": 4, "leaver_status": 0, "item_1": 36, "item_0": 151, "item_0_name": "Armlet of Mordiggian", "leaver_status_description": "finished match, no abandon", "level": 16, "player_slot": 132, "leaver_status_name": "NONE", "hero_id": 54, "last_hits": 162, "kills": 4, "account_id": 89269794, "item_3_name": "Phase Boots", "item_4": 154, "item_3": 50, "item_4_name": "Sange and Yasha", "item_5": 65, "xp_per_min": 507, "item_5_name": "Hand of Midas", "hero_name": "Lifestealer", "gold_per_min": 501, "deaths": 7, "denies": 35, "item_2_name": "Belt of Strength", "item_1_name": "Magic Wand"}], "dire_team_id": 46, "picks_bans": [{"order": 0, "is_pick": false, "hero_id": 40, "team": 0}, {"order": 1, "is_pick": false, "hero_id": 53, "team": 1}, {"order": 2, "is_pick": false, "hero_id": 76, "team": 0}, {"order": 3, "is_pick": false, "hero_id": 31, "team": 1}, {"order": 4, "is_pick": true, "hero_id": 103, "team": 0}, {"order": 5, "is_pick": true, "hero_id": 92, "team": 1}, {"order": 6, "is_pick": true, "hero_id": 73, "team": 1}, {"order": 7, "is_pick": true, "hero_id": 5, "team": 0}, {"order": 8, "is_pick": false, "hero_id": 45, "team": 0}, {"order": 9, "is_pick": false, "hero_id": 13, "team": 1}, {"order": 10, "is_pick": false, "hero_id": 99, "team": 0}, {"order": 11, "is_pick": false, "hero_id": 63, "team": 1}, {"order": 12, "is_pick": true, "hero_id": 54, "team": 1}, {"order": 13, "is_pick": true, "hero_id": 49, "team": 0}, {"order": 14, "is_pick": true, "hero_id": 62, "team": 1}, {"order": 15, "is_pick": true, "hero_id": 3, "team": 0}, {"order": 16, "is_pick": false, "hero_id": 9, "team": 1}, {"order": 17, "is_pick": false, "hero_id": 86, "team": 0}, {"order": 18, "is_pick": true, "hero_id": 20, "team": 1}, {"order": 19, "is_pick": true, "hero_id": 93, "team": 0}], "dire_name": "Team Empire", "negative_votes": 43}