{"tower_status_radiant": 1974, "flags": 0, "lobby_type": 1, "cluster": 231, "game_mode_name": "All Pick", "dire_logo": 35248220277958798, "engine": 0, "barracks_status_dire": 63, "barracks_status_radiant": 63, "cluster_name": "China", "radiant_score": 0, "match_id": 422724460, "lobby_name": "Practice", "dire_score": 0, "first_blood_time": 237, "radiant_team_id": 7, "radiant_logo": 438324451817706092, "human_players": 10, "pre_game_duration": 0, "radiant_team_complete": 1, "tower_status_dire": 1572, "players": [{"item_2": 112, "assists": 13, "leaver_status": 0, "item_1": 152, "item_0": 116, "item_0_name": "Black King Bar", "leaver_status_description": "finished match, no abandon", "level": 19, "player_slot": 0, "leaver_status_name": "NONE", "hero_id": 49, "last_hits": 209, "kills": 1, "account_id": 89871557, "item_3_name": "Magic Wand", "item_4": 73, "item_3": 36, "item_4_name": "Bracer", "item_5": 63, "xp_per_min": 508, "item_5_name": "Power Treads", "hero_name": "Dragon Knight", "gold_per_min": 451, "deaths": 0, "denies": 6, "item_2_name": "Assault Cuirass", "item_1_name": "Shadow Blade"}, {"item_2": 162, "assists": 9, "leaver_status": 0, "item_1": 180, "item_0": 92, "item_0_name": "Urn of Shadows", "leaver_status_description": "finished match, no abandon", "level": 13, "player_slot": 1, "leaver_status_name": "NONE", "hero_id": 89, "last_hits": 46, "kills": 2, "account_id": 89423756, "item_3_name": "Gem of True Sight", "item_4": 188, "item_3": 30, "item_4_name": "Smoke of Deceit", "item_5": 185, "xp_per_min": 259, "item_5_name": "Drum of Endurance", "hero_name": "Naga Siren", "gold_per_min": 249, "deaths": 3, "denies": 0, "item_2_name": "Sange", "item_1_name": "Arcane Boots"}, {"item_2": 48, "assists": 9, "leaver_status": 0, "item_1": 0, "item_0": 36, "item_0_name": "Magic Wand", "leaver_status_description": "finished match, no abandon", "level": 19, "player_slot": 2, "leaver_status_name": "NONE", "hero_id": 98, "last_hits": 227, "kills": 8, "account_id": 84772440, "item_3_name": "Bloodstone", "item_4": 119, "item_3": 121, "item_4_name": "Shiva's Guard", "item_5": 79, "xp_per_min": 532, "item_5_name": "Mekansm", "hero_name": "Timbersaw", "gold_per_min": 495, "deaths": 1, "denies": 10, "item_2_name": "Boots of Travel"}, {"item_2": 174, "assists": 4, "leaver_status": 0, "item_1": 116, "item_0": 98, "item_0_name": "Orchid Malevolence", "leaver_status_description": "finished match, no abandon", "level": 20, "player_slot": 3, "leaver_status_name": "NONE", "hero_id": 56, "last_hits": 199, "kills": 7, "account_id": 90892734, "item_3_name": "Power Treads", "item_4": 46, "item_3": 63, "item_4_name": "Town Portal Scroll", "item_5": 51, "xp_per_min": 548, "item_5_name": "Demon Edge", "hero_name": "Clinkz", "gold_per_min": 512, "deaths": 2, "denies": 4, "item_2_name": "Diffusal Blade", "item_1_name": "Black King Bar"}, {"item_2": 214, "assists": 12, "leaver_status": 0, "item_1": 34, "item_0": 102, "item_0_name": "Force Staff", "leaver_status_description": "finished match, no abandon", "level": 14, "player_slot": 4, "leaver_status_name": "NONE", "hero_id": 92, "last_hits": 70, "kills": 6, "account_id": 89407113, "item_3_name": "Town Portal Scroll", "item_4": 108, "item_3": 46, "item_4_name": "Aghanim's Scepter", "item_5": 42, "xp_per_min": 305, "item_5_name": "Observer Ward", "hero_name": "Visage", "gold_per_min": 308, "deaths": 1, "denies": 3, "item_2_name": "Tranquil Boots", "item_1_name": "Magic Stick"}, {"item_2": 180, "assists": 1, "leaver_status": 1, "item_1": 37, "item_0": 41, "item_0_name": "Bottle", "leaver_status_description": "player DC, no abandon", "level": 13, "player_slot": 128, "leaver_status_name": "DISCONNECTED", "hero_id": 103, "last_hits": 90, "kills": 0, "account_id": 91698091, "item_3_name": "Urn of Shadows", "item_4": 46, "item_3": 92, "item_4_name": "Town Portal Scroll", "item_5": 21, "xp_per_min": 235, "item_5_name": "Ogre Club", "hero_name": "Elder Titan", "gold_per_min": 234, "deaths": 5, "denies": 5, "item_2_name": "Arcane Boots", "item_1_name": "Ghost Scepter"}, {"item_2": 46, "assists": 1, "leaver_status": 0, "item_1": 0, "item_0": 180, "item_0_name": "Arcane Boots", "leaver_status_description": "finished match, no abandon", "level": 11, "player_slot": 129, "leaver_status_name": "NONE", "hero_id": 66, "last_hits": 73, "kills": 3, "account_id": 113800818, "item_3_name": "Medallion of Courage", "item_4": 36, "item_3": 187, "item_4_name": "Magic Wand", "item_5": 23, "xp_per_min": 186, "item_5_name": "Staff of Wizardry", "hero_name": "Chen", "gold_per_min": 215, "deaths": 3, "denies": 0, "item_2_name": "Town Portal Scroll"}, {"item_2": 46, "assists": 1, "leaver_status": 1, "item_1": 79, "item_0": 63, "item_0_name": "Power Treads", "leaver_status_description": "player DC, no abandon", "level": 14, "player_slot": 130, "leaver_status_name": "DISCONNECTED", "hero_id": 47, "last_hits": 153, "kills": 0, "account_id": 90882159, "item_3_name": "Magic Stick", "item_4": 212, "item_3": 34, "item_4_name": "Ring of Aquila", "item_5": 108, "xp_per_min": 285, "item_5_name": "Aghanim's Scepter", "hero_name": "Viper", "gold_per_min": 308, "deaths": 7, "denies": 17, "item_2_name": "Town Portal Scroll", "item_1_name": "Mekansm"}, {"item_2": 0, "assists": 3, "leaver_status": 1, "item_1": 36, "item_0": 37, "item_0_name": "Ghost Scepter", "leaver_status_description": "player DC, no abandon", "level": 11, "player_slot": 131, "leaver_status_name": "DISCONNECTED", "hero_id": 86, "last_hits": 24, "kills": 1, "account_id": 101695162, "item_3_name": "Arcane Boots", "item_4": 40, "item_3": 180, "item_4_name": "Dust of Appearance", "item_5": 0, "xp_per_min": 195, "hero_name": "Rubick", "gold_per_min": 182, "deaths": 7, "denies": 5, "item_1_name": "Magic Wand"}, {"item_2": 36, "assists": 2, "leaver_status": 0, "item_1": 116, "item_0": 50, "item_0_name": "Phase Boots", "leaver_status_description": "finished match, no abandon", "level": 17, "player_slot": 132, "leaver_status_name": "NONE", "hero_id": 72, "last_hits": 259, "kills": 2, "account_id": 108382060, "item_3_name": "Helm of the Dominator", "item_4": 51, "item_3": 164, "item_4_name": "Demon Edge", "item_5": 139, "xp_per_min": 405, "item_5_name": "Butterfly", "hero_name": "Gyrocopter", "gold_per_min": 458, "deaths": 2, "denies": 15, "item_2_name": "Magic Wand", "item_1_name": "Black King Bar"}], "radiant_name": "DK", "match_seq_num": 385121495, "dire_team_id": 726228, "dire_team_complete": 1, "start_time": 1387031264, "radiant_win": true, "positive_votes": 280, "leagueid": 114, "game_mode": 1, "dire_name": "Vici Gaming", "duration": 2299, "negative_votes": 31}