{"tower_status_radiant": 1982, "flags": 0, "radiant_team_complete": 1, "dire_guild_logo": 901000742757135593, "game_mode": 2, "radiant_score": 0, "match_id": 423198062, "lobby_name": "Practice", "radiant_team_id": 350190, "dire_logo": 392172445572106046, "pre_game_duration": 0, "radiant_name": "Fnatic", "match_seq_num": 385539244, "dire_team_complete": 1, "start_time": 1387049035, "radiant_win": true, "positive_votes": 46, "leagueid": 109, "duration": 1952, "dire_score": 0, "lobby_type": 1, "cluster": 133, "engine": 0, "barracks_status_dire": 0, "barracks_status_radiant": 63, "cluster_name": "Europe West", "first_blood_time": 171, "dire_guild_id": 383, "radiant_logo": 307739466828348574, "human_players": 10, "game_mode_name": "Captains Mode", "dire_guild_name": "The Alliance", "tower_status_dire": 1536, "players": [{"item_2": 79, "assists": 10, "leaver_status": 0, "item_1": 180, "item_0": 36, "item_0_name": "Magic Wand", "leaver_status_description": "finished match, no abandon", "level": 14, "player_slot": 0, "leaver_status_name": "NONE", "hero_id": 21, "last_hits": 32, "kills": 1, "account_id": 94155156, "item_3_name": "Gem of True Sight", "item_4": 0, "item_3": 30, "item_5": 0, "xp_per_min": 353, "hero_name": "Windranger", "gold_per_min": 293, "deaths": 1, "denies": 5, "item_2_name": "Mekansm", "item_1_name": "Arcane Boots"}, {"item_2": 37, "assists": 15, "leaver_status": 0, "item_1": 29, "item_0": 41, "item_0_name": "Bottle", "leaver_status_description": "finished match, no abandon", "level": 15, "player_slot": 1, "leaver_status_name": "NONE", "hero_id": 91, "last_hits": 19, "kills": 3, "account_id": 19672354, "item_3_name": "Magic Wand", "item_4": 92, "item_3": 36, "item_4_name": "Urn of Shadows", "item_5": 81, "xp_per_min": 368, "item_5_name": "Vladmir's Offering", "hero_name": "Io", "gold_per_min": 297, "deaths": 4, "denies": 6, "item_2_name": "Ghost Scepter", "item_1_name": "Boots of Speed"}, {"item_2": 185, "assists": 13, "leaver_status": 0, "item_1": 164, "item_0": 108, "item_0_name": "Aghanim's Scepter", "leaver_status_description": "finished match, no abandon", "level": 19, "player_slot": 2, "leaver_status_name": "NONE", "hero_id": 19, "last_hits": 232, "kills": 10, "account_id": 100317750, "item_3_name": "Power Treads", "item_4": 149, "item_3": 63, "item_4_name": "Crystalys", "item_5": 112, "xp_per_min": 605, "item_5_name": "Assault Cuirass", "hero_name": "Tiny", "gold_per_min": 741, "deaths": 1, "denies": 14, "item_2_name": "Drum of Endurance", "item_1_name": "Helm of the Dominator"}, {"item_2": 185, "assists": 10, "leaver_status": 0, "item_1": 181, "item_0": 143, "item_0_name": "Skull Basher", "leaver_status_description": "finished match, no abandon", "level": 18, "player_slot": 3, "leaver_status_name": "NONE", "hero_id": 93, "last_hits": 102, "kills": 9, "account_id": 8712306, "item_3_name": "Black King Bar", "item_4": 63, "item_3": 116, "item_4_name": "Power Treads", "item_5": 36, "xp_per_min": 561, "item_5_name": "Magic Wand", "hero_name": "Slark", "gold_per_min": 460, "deaths": 2, "denies": 7, "item_2_name": "Drum of Endurance", "item_1_name": "Orb of Venom"}, {"item_2": 48, "assists": 11, "leaver_status": 0, "item_1": 96, "item_0": 88, "item_0_name": "Ring of Basilius", "leaver_status_description": "finished match, no abandon", "level": 19, "player_slot": 4, "leaver_status_name": "NONE", "hero_id": 74, "last_hits": 151, "kills": 9, "account_id": 21265941, "item_3_name": "Point Booster", "item_4": 65, "item_3": 60, "item_4_name": "Hand of Midas", "item_5": 102, "xp_per_min": 623, "item_5_name": "Force Staff", "hero_name": "Invoker", "gold_per_min": 579, "deaths": 2, "denies": 22, "item_2_name": "Boots of Travel", "item_1_name": "Scythe of Vyse"}, {"item_2": 102, "assists": 5, "leaver_status": 0, "item_1": 65, "item_0": 41, "item_0_name": "Bottle", "leaver_status_description": "finished match, no abandon", "level": 15, "player_slot": 128, "leaver_status_name": "NONE", "hero_id": 76, "last_hits": 130, "kills": 2, "account_id": 41231571, "item_3_name": "Power Treads", "item_4": 24, "item_3": 63, "item_4_name": "Ultimate Orb", "item_5": 0, "xp_per_min": 406, "hero_name": "Outworld Devourer", "gold_per_min": 384, "deaths": 8, "denies": 38, "item_2_name": "Force Staff", "item_1_name": "Hand of Midas"}, {"item_2": 108, "assists": 6, "leaver_status": 0, "item_1": 34, "item_0": 65, "item_0_name": "Hand of Midas", "leaver_status_description": "finished match, no abandon", "level": 13, "player_slot": 129, "leaver_status_name": "NONE", "hero_id": 58, "last_hits": 78, "kills": 2, "account_id": 41288955, "item_3_name": "Power Treads", "item_4": 43, "item_3": 63, "item_4_name": "Sentry Ward", "item_5": 0, "xp_per_min": 299, "hero_name": "Enchantress", "gold_per_min": 324, "deaths": 4, "denies": 0, "item_2_name": "Aghanim's Scepter", "item_1_name": "Magic Stick"}, {"item_2": 212, "assists": 6, "leaver_status": 0, "item_1": 116, "item_0": 65, "item_0_name": "Hand of Midas", "leaver_status_description": "finished match, no abandon", "level": 16, "player_slot": 130, "leaver_status_name": "NONE", "hero_id": 63, "last_hits": 170, "kills": 1, "account_id": 101495620, "item_3_name": "Power Treads", "item_4": 8, "item_3": 63, "item_4_name": "Mithril Hammer", "item_5": 0, "xp_per_min": 454, "hero_name": "Weaver", "gold_per_min": 413, "deaths": 7, "denies": 11, "item_2_name": "Ring of Aquila", "item_1_name": "Black King Bar"}, {"item_2": 0, "assists": 4, "leaver_status": 0, "item_1": 0, "item_0": 29, "item_0_name": "Boots of Speed", "leaver_status_description": "finished match, no abandon", "level": 10, "player_slot": 131, "leaver_status_name": "NONE", "hero_id": 5, "last_hits": 28, "kills": 0, "account_id": 3916428, "item_3_name": "Magic Wand", "item_4": 92, "item_3": 36, "item_4_name": "Urn of Shadows", "item_5": 40, "xp_per_min": 166, "item_5_name": "Dust of Appearance", "hero_name": "Crystal Maiden", "gold_per_min": 174, "deaths": 6, "denies": 2}, {"item_2": 125, "assists": 3, "leaver_status": 0, "item_1": 79, "item_0": 36, "item_0_name": "Magic Wand", "leaver_status_description": "finished match, no abandon", "level": 13, "player_slot": 132, "leaver_status_name": "NONE", "hero_id": 99, "last_hits": 83, "kills": 5, "account_id": 76482434, "item_3_name": "Power Treads", "item_4": 0, "item_3": 63, "item_5": 41, "xp_per_min": 307, "item_5_name": "Bottle", "hero_name": "Bristleback", "gold_per_min": 311, "deaths": 7, "denies": 3, "item_2_name": "Vanguard", "item_1_name": "Mekansm"}], "dire_team_id": 111474, "picks_bans": [{"order": 0, "is_pick": false, "hero_id": 92, "team": 1}, {"order": 1, "is_pick": false, "hero_id": 103, "team": 0}, {"order": 2, "is_pick": false, "hero_id": 73, "team": 1}, {"order": 3, "is_pick": false, "hero_id": 53, "team": 0}, {"order": 4, "is_pick": true, "hero_id": 99, "team": 1}, {"order": 5, "is_pick": true, "hero_id": 91, "team": 0}, {"order": 6, "is_pick": true, "hero_id": 19, "team": 0}, {"order": 7, "is_pick": true, "hero_id": 5, "team": 1}, {"order": 8, "is_pick": false, "hero_id": 98, "team": 1}, {"order": 9, "is_pick": false, "hero_id": 65, "team": 0}, {"order": 10, "is_pick": false, "hero_id": 62, "team": 1}, {"order": 11, "is_pick": false, "hero_id": 13, "team": 0}, {"order": 12, "is_pick": true, "hero_id": 21, "team": 0}, {"order": 13, "is_pick": true, "hero_id": 63, "team": 1}, {"order": 14, "is_pick": true, "hero_id": 74, "team": 0}, {"order": 15, "is_pick": true, "hero_id": 76, "team": 1}, {"order": 16, "is_pick": false, "hero_id": 66, "team": 0}, {"order": 17, "is_pick": false, "hero_id": 40, "team": 1}, {"order": 18, "is_pick": true, "hero_id": 93, "team": 0}, {"order": 19, "is_pick": true, "hero_id": 58, "team": 1}], "dire_name": "Alliance", "negative_votes": 1}