{"duration": 1155, "radiant_logo": 642124127283031446, "leagueid": 13, "game_mode": 0, "radiant_score": 0, "positive_votes": 9, "lobby_type": 1, "lobby_name": "Practice", "radiant_win": false, "engine": 0, "pre_game_duration": 0, "match_id": 42469769, "dire_team_complete": 1, "dire_team_id": 132, "flags": 0, "dire_logo": 596984122154722123, "cluster": 131, "negative_votes": 0, "players": [{"item_5_name": "Iron Branch", "item_2": 0, "assists": 2, "item_4": 0, "leaver_status": 1, "leaver_status_description": "player DC, no abandon", "item_1": 29, "kills": 1, "hero_id": 16, "level": 7, "item_0": 0, "item_3_name": "Magic Stick", "leaver_status_name": "DISCONNECTED", "denies": 10, "player_slot": 0, "deaths": 6, "account_id": 91931211, "item_5": 16, "item_3": 34, "hero_name": "Sand King", "gold_per_min": 144, "last_hits": 16, "item_1_name": "Boots of Speed", "xp_per_min": 158}, {"item_2": 0, "assists": 3, "item_4": 56, "item_4_name": "Ring of Health", "leaver_status": 1, "leaver_status_description": "player DC, no abandon", "item_1": 63, "kills": 1, "hero_name": "Morphling", "hero_id": 10, "level": 10, "item_0": 36, "gold_per_min": 281, "leaver_status_name": "DISCONNECTED", "denies": 28, "player_slot": 1, "deaths": 4, "account_id": 26316691, "item_5": 0, "item_3": 0, "item_0_name": "Magic Wand", "last_hits": 73, "item_1_name": "Power Treads", "xp_per_min": 328}, {"item_5_name": "Bottle", "item_2": 17, "assists": 4, "item_4": 36, "item_4_name": "Magic Wand", "leaver_status": 1, "leaver_status_description": "player DC, no abandon", "item_1": 29, "kills": 0, "hero_name": "Beastmaster", "hero_id": 38, "level": 9, "item_0": 46, "gold_per_min": 233, "leaver_status_name": "DISCONNECTED", "denies": 6, "player_slot": 2, "deaths": 5, "account_id": 92926005, "item_5": 41, "item_3": 23, "item_0_name": "Town Portal Scroll", "item_3_name": "Staff of Wizardry", "item_2_name": "Belt of Strength", "last_hits": 53, "item_1_name": "Boots of Speed", "xp_per_min": 262}, {"item_5_name": "Town Portal Scroll", "item_2": 94, "assists": 2, "item_4": 0, "leaver_status": 1, "leaver_status_description": "player DC, no abandon", "item_1": 0, "kills": 0, "hero_name": "Windranger", "hero_id": 21, "level": 7, "item_0": 36, "gold_per_min": 208, "leaver_status_name": "DISCONNECTED", "denies": 9, "player_slot": 3, "deaths": 3, "account_id": 86840554, "item_5": 46, "item_3": 180, "item_0_name": "Magic Wand", "item_3_name": "Arcane Boots", "item_2_name": "Headdress", "last_hits": 50, "xp_per_min": 180}, {"item_2": 73, "assists": 1, "item_4": 46, "item_4_name": "Town Portal Scroll", "leaver_status": 1, "leaver_status_description": "player DC, no abandon", "item_1": 29, "kills": 4, "hero_name": "Leshrac", "hero_id": 52, "level": 8, "item_0": 73, "gold_per_min": 214, "leaver_status_name": "DISCONNECTED", "denies": 3, "player_slot": 4, "deaths": 6, "account_id": 93712171, "item_5": 0, "item_3": 36, "item_0_name": "Bracer", "item_3_name": "Magic Wand", "item_2_name": "Bracer", "last_hits": 25, "item_1_name": "Boots of Speed", "xp_per_min": 184}, {"item_2": 0, "assists": 12, "item_4": 116, "item_4_name": "Black King Bar", "leaver_status": 0, "leaver_status_description": "finished match, no abandon", "item_1": 29, "kills": 3, "hero_id": 33, "level": 12, "item_0": 0, "item_3_name": "Soul Ring", "leaver_status_name": "NONE", "denies": 6, "player_slot": 128, "deaths": 3, "account_id": 86716947, "item_5": 0, "item_3": 178, "hero_name": "Enigma", "gold_per_min": 528, "last_hits": 91, "item_1_name": "Boots of Speed", "xp_per_min": 432}, {"item_5_name": "Ring of Health", "item_2": 34, "assists": 7, "item_4": 31, "item_4_name": "Cloak", "leaver_status": 0, "leaver_status_description": "finished match, no abandon", "item_1": 188, "kills": 5, "hero_name": "Tidehunter", "hero_id": 29, "level": 10, "item_0": 180, "gold_per_min": 369, "leaver_status_name": "NONE", "denies": 3, "player_slot": 129, "deaths": 1, "account_id": 89782335, "item_5": 56, "item_3": 0, "item_0_name": "Arcane Boots", "item_2_name": "Magic Stick", "last_hits": 30, "item_1_name": "Smoke of Deceit", "xp_per_min": 309}, {"item_5_name": "Phase Boots", "item_2": 65, "assists": 12, "item_4": 16, "item_4_name": "Iron Branch", "leaver_status": 0, "leaver_status_description": "finished match, no abandon", "item_1": 79, "kills": 2, "hero_name": "Nature's Prophet", "hero_id": 53, "level": 12, "item_0": 187, "gold_per_min": 474, "leaver_status_name": "NONE", "denies": 22, "player_slot": 130, "deaths": 1, "account_id": 53178236, "item_5": 50, "item_3": 0, "item_0_name": "Medallion of Courage", "item_2_name": "Hand of Midas", "last_hits": 79, "item_1_name": "Mekansm", "xp_per_min": 466}, {"item_2": 0, "assists": 12, "item_4": 117, "item_4_name": "Aegis of the Immortal", "leaver_status": 0, "leaver_status_description": "finished match, no abandon", "item_1": 108, "kills": 5, "hero_name": "Queen of Pain", "hero_id": 39, "level": 13, "item_0": 36, "gold_per_min": 497, "leaver_status_name": "NONE", "denies": 6, "player_slot": 131, "deaths": 2, "account_id": 93614932, "item_5": 0, "item_3": 63, "item_0_name": "Magic Wand", "item_3_name": "Power Treads", "last_hits": 61, "item_1_name": "Aghanim's Scepter", "xp_per_min": 517}, {"item_5_name": "Diffusal Blade", "item_2": 41, "assists": 11, "item_4": 61, "item_4_name": "Vitality Booster", "leaver_status": 0, "leaver_status_description": "finished match, no abandon", "item_1": 46, "kills": 9, "hero_name": "Naga Siren", "hero_id": 89, "level": 13, "item_0": 36, "gold_per_min": 566, "leaver_status_name": "NONE", "denies": 6, "player_slot": 132, "deaths": 0, "account_id": 91646642, "item_5": 174, "item_3": 63, "item_0_name": "Magic Wand", "item_3_name": "Power Treads", "item_2_name": "Bottle", "last_hits": 69, "item_1_name": "Town Portal Scroll", "xp_per_min": 516}], "tower_status_radiant": 260, "radiant_team_id": 1883502, "dire_score": 0, "human_players": 10, "match_seq_num": 40910223, "radiant_name": "Virtus.pro", "cluster_name": "Europe West", "radiant_team_complete": 1, "barracks_status_dire": 63, "start_time": 1348241253, "dire_name": "MoscowFIve", "first_blood_time": 0, "tower_status_dire": 2046, "barracks_status_radiant": 51, "game_mode_name": "Unknown"}