{"tower_status_radiant": 2047, "flags": 0, "lobby_type": 1, "cluster": 123, "game_mode_name": "Captains Mode", "engine": 0, "barracks_status_dire": 63, "barracks_status_radiant": 63, "cluster_name": "US East", "radiant_score": 0, "match_id": 427312782, "lobby_name": "Practice", "dire_score": 0, "first_blood_time": 47, "radiant_team_id": 947639, "radiant_logo": 903258706333057637, "human_players": 10, "pre_game_duration": 0, "radiant_team_complete": 0, "tower_status_dire": 2047, "players": [{"item_2": 38, "assists": 0, "leaver_status": 1, "item_1": 39, "item_0": 44, "item_0_name": "Tango", "leaver_status_description": "player DC, no abandon", "level": 1, "player_slot": 0, "leaver_status_name": "DISCONNECTED", "hero_id": 91, "last_hits": 0, "kills": 0, "account_id": 7910302, "item_4": 0, "item_3": 0, "item_5": 0, "xp_per_min": 21, "hero_name": "Io", "gold_per_min": 100, "deaths": 0, "denies": 0, "item_2_name": "Clarity", "item_1_name": "Healing Salve"}, {"item_2": 182, "assists": 0, "leaver_status": 1, "item_1": 39, "item_0": 44, "item_0_name": "Tango", "leaver_status_description": "player DC, no abandon", "level": 2, "player_slot": 1, "leaver_status_name": "DISCONNECTED", "hero_id": 19, "last_hits": 0, "kills": 0, "account_id": 86726887, "item_3_name": "Iron Branch", "item_4": 16, "item_3": 16, "item_4_name": "Iron Branch", "item_5": 0, "xp_per_min": 40, "hero_name": "Tiny", "gold_per_min": 100, "deaths": 0, "denies": 0, "item_2_name": "Stout Shield", "item_1_name": "Healing Salve"}, {"item_2": 38, "assists": 0, "leaver_status": 1, "item_1": 44, "item_0": 42, "item_0_name": "Observer Ward", "leaver_status_description": "player DC, no abandon", "level": 2, "player_slot": 2, "leaver_status_name": "DISCONNECTED", "hero_id": 5, "last_hits": 0, "kills": 1, "account_id": 104275965, "item_3_name": "Healing Salve", "item_4": 0, "item_3": 39, "item_5": 0, "xp_per_min": 52, "hero_name": "Crystal Maiden", "gold_per_min": 128, "deaths": 1, "denies": 0, "item_2_name": "Clarity", "item_1_name": "Tango"}, {"item_2": 39, "assists": 0, "leaver_status": 1, "item_1": 44, "item_0": 12, "item_0_name": "Ring of Protection", "leaver_status_description": "player DC, no abandon", "level": 1, "player_slot": 3, "leaver_status_name": "DISCONNECTED", "hero_id": 9, "last_hits": 1, "kills": 0, "account_id": 115975133, "item_3_name": "Iron Branch", "item_4": 0, "item_3": 16, "item_5": 16, "xp_per_min": 2, "item_5_name": "Iron Branch", "hero_name": "Mirana", "gold_per_min": 106, "deaths": 1, "denies": 0, "item_2_name": "Healing Salve", "item_1_name": "Tango"}, {"item_2": 77, "assists": 0, "leaver_status": 1, "item_1": 241, "item_0": 241, "item_0_name": "Tango (Shared)", "leaver_status_description": "player DC, no abandon", "level": 6, "player_slot": 4, "leaver_status_name": "DISCONNECTED", "hero_id": 21, "last_hits": 14, "kills": 0, "account_id": 83636940, "item_3_name": "Healing Salve", "item_4": 0, "item_3": 39, "item_5": 0, "xp_per_min": 325, "hero_name": "Windranger", "gold_per_min": 185, "deaths": 1, "denies": 0, "item_2_name": "Null Talisman", "item_1_name": "Tango (Shared)"}, {"item_2": 16, "assists": 1, "leaver_status": 1, "item_1": 16, "item_0": 44, "item_0_name": "Tango", "leaver_status_description": "player DC, no abandon", "level": 2, "player_slot": 128, "leaver_status_name": "DISCONNECTED", "hero_id": 34, "last_hits": 1, "kills": 0, "account_id": 30237211, "item_3_name": "Recipe: Soul Ring", "item_4": 16, "item_3": 177, "item_4_name": "Iron Branch", "item_5": 0, "xp_per_min": 28, "hero_name": "Tinker", "gold_per_min": 126, "deaths": 0, "denies": 0, "item_2_name": "Iron Branch", "item_1_name": "Iron Branch"}, {"item_2": 0, "assists": 0, "leaver_status": 1, "item_1": 38, "item_0": 44, "item_0_name": "Tango", "leaver_status_description": "player DC, no abandon", "level": 1, "player_slot": 129, "leaver_status_name": "DISCONNECTED", "hero_id": 3, "last_hits": 0, "kills": 1, "account_id": 115658756, "item_3_name": "Healing Salve", "item_4": 0, "item_3": 39, "item_5": 0, "xp_per_min": 19, "hero_name": "Bane", "gold_per_min": 169, "deaths": 0, "denies": 0, "item_1_name": "Clarity"}, {"item_2": 39, "assists": 1, "leaver_status": 1, "item_1": 16, "item_0": 0, "leaver_status_description": "player DC, no abandon", "level": 1, "player_slot": 130, "leaver_status_name": "DISCONNECTED", "hero_id": 73, "last_hits": 0, "kills": 0, "account_id": 89179122, "item_3_name": "Clarity", "item_4": 16, "item_3": 38, "item_4_name": "Iron Branch", "item_5": 44, "xp_per_min": 19, "item_5_name": "Tango", "hero_name": "Alchemist", "gold_per_min": 119, "deaths": 1, "denies": 0, "item_2_name": "Healing Salve", "item_1_name": "Iron Branch"}, {"item_2": 44, "assists": 0, "leaver_status": 1, "item_1": 39, "item_0": 16, "item_0_name": "Iron Branch", "leaver_status_description": "player DC, no abandon", "level": 1, "player_slot": 131, "leaver_status_name": "DISCONNECTED", "hero_id": 103, "last_hits": 0, "kills": 0, "account_id": 86715129, "item_3_name": "Iron Branch", "item_4": 182, "item_3": 16, "item_4_name": "Stout Shield", "item_5": 0, "xp_per_min": 0, "hero_name": "Elder Titan", "gold_per_min": 112, "deaths": 0, "denies": 1, "item_2_name": "Tango", "item_1_name": "Healing Salve"}, {"item_2": 0, "assists": 0, "leaver_status": 1, "item_1": 0, "item_0": 77, "item_0_name": "Null Talisman", "leaver_status_description": "player DC, no abandon", "level": 2, "player_slot": 132, "leaver_status_name": "DISCONNECTED", "hero_id": 76, "last_hits": 4, "kills": 0, "account_id": 86743641, "item_3_name": "Tango (Shared)", "item_4": 241, "item_3": 241, "item_4_name": "Tango (Shared)", "item_5": 39, "xp_per_min": 31, "item_5_name": "Healing Salve", "hero_name": "Outworld Devourer", "gold_per_min": 137, "deaths": 0, "denies": 0}], "radiant_name": "Pretty Boy Swag.", "match_seq_num": 389276446, "start_time": 1387252153, "picks_bans": [{"order": 0, "is_pick": false, "hero_id": 93, "team": 1}, {"order": 1, "is_pick": false, "hero_id": 98, "team": 0}, {"order": 2, "is_pick": false, "hero_id": 92, "team": 1}, {"order": 3, "is_pick": false, "hero_id": 51, "team": 0}, {"order": 4, "is_pick": true, "hero_id": 103, "team": 1}, {"order": 5, "is_pick": true, "hero_id": 5, "team": 0}, {"order": 6, "is_pick": true, "hero_id": 9, "team": 0}, {"order": 7, "is_pick": true, "hero_id": 34, "team": 1}, {"order": 8, "is_pick": false, "hero_id": 17, "team": 1}, {"order": 9, "is_pick": false, "hero_id": 102, "team": 0}, {"order": 10, "is_pick": false, "hero_id": 88, "team": 1}, {"order": 11, "is_pick": false, "hero_id": 54, "team": 0}, {"order": 12, "is_pick": true, "hero_id": 91, "team": 0}, {"order": 13, "is_pick": true, "hero_id": 3, "team": 1}, {"order": 14, "is_pick": true, "hero_id": 19, "team": 0}, {"order": 15, "is_pick": true, "hero_id": 73, "team": 1}, {"order": 16, "is_pick": false, "hero_id": 89, "team": 0}, {"order": 17, "is_pick": false, "hero_id": 69, "team": 1}, {"order": 18, "is_pick": true, "hero_id": 21, "team": 0}, {"order": 19, "is_pick": true, "hero_id": 76, "team": 1}], "radiant_win": false, "positive_votes": 7, "leagueid": 111, "game_mode": 2, "duration": 435, "negative_votes": 4}