{"duration": 2786, "radiant_logo": 594720461538684519, "leagueid": 12, "game_mode": 0, "radiant_score": 0, "positive_votes": 36, "lobby_type": 1, "lobby_name": "Practice", "radiant_win": false, "engine": 0, "pre_game_duration": 0, "match_id": 47770281, "dire_team_complete": 0, "dire_team_id": 26, "flags": 0, "dire_logo": 531766271384850245, "cluster": 122, "negative_votes": 3, "players": [{"item_5_name": "Mekansm", "item_2": 116, "assists": 15, "item_4": 178, "item_4_name": "Soul Ring", "leaver_status": 0, "leaver_status_description": "finished match, no abandon", "item_1": 0, "kills": 2, "hero_name": "Enigma", "hero_id": 33, "level": 18, "item_0": 29, "gold_per_min": 322, "leaver_status_name": "NONE", "denies": 3, "player_slot": 0, "deaths": 6, "account_id": 87276347, "item_5": 79, "item_3": 1, "item_0_name": "Boots of Speed", "item_3_name": "Blink Dagger", "item_2_name": "Black King Bar", "last_hits": 208, "xp_per_min": 397}, {"item_5_name": "Ring of Aquila", "item_2": 46, "assists": 11, "item_4": 135, "item_4_name": "Monkey King Bar", "leaver_status": 0, "leaver_status_description": "finished match, no abandon", "item_1": 41, "kills": 8, "hero_name": "Mirana", "hero_id": 9, "level": 21, "item_0": 147, "gold_per_min": 390, "leaver_status_name": "NONE", "denies": 24, "player_slot": 1, "deaths": 5, "account_id": 1185644, "item_5": 212, "item_3": 63, "item_0_name": "Manta Style", "item_3_name": "Power Treads", "item_2_name": "Town Portal Scroll", "last_hits": 219, "item_1_name": "Bottle", "xp_per_min": 499}, {"item_2": 50, "assists": 15, "item_4": 36, "item_4_name": "Magic Wand", "leaver_status": 0, "leaver_status_description": "finished match, no abandon", "item_1": 24, "kills": 11, "hero_name": "Windranger", "hero_id": 21, "level": 22, "item_0": 1, "gold_per_min": 366, "leaver_status_name": "NONE", "denies": 7, "player_slot": 2, "deaths": 5, "account_id": 29904110, "item_5": 0, "item_3": 102, "item_0_name": "Blink Dagger", "item_3_name": "Force Staff", "item_2_name": "Phase Boots", "last_hits": 153, "item_1_name": "Ultimate Orb", "xp_per_min": 559}, {"item_2": 90, "assists": 14, "item_4": 0, "leaver_status": 1, "leaver_status_description": "player DC, no abandon", "item_1": 36, "kills": 4, "hero_name": "Tidehunter", "hero_id": 29, "level": 19, "item_0": 1, "gold_per_min": 286, "leaver_status_name": "DISCONNECTED", "denies": 4, "player_slot": 3, "deaths": 7, "account_id": 66254722, "item_5": 0, "item_3": 180, "item_0_name": "Blink Dagger", "item_3_name": "Arcane Boots", "item_2_name": "Pipe of Insight", "last_hits": 186, "item_1_name": "Magic Wand", "xp_per_min": 416}, {"item_5_name": "Town Portal Scroll", "item_2": 36, "assists": 16, "item_4": 102, "item_4_name": "Force Staff", "leaver_status": 1, "leaver_status_description": "player DC, no abandon", "item_1": 180, "kills": 3, "hero_name": "Rubick", "hero_id": 86, "level": 16, "item_0": 188, "gold_per_min": 206, "leaver_status_name": "DISCONNECTED", "denies": 0, "player_slot": 4, "deaths": 8, "account_id": 87591974, "item_5": 46, "item_3": 37, "item_0_name": "Smoke of Deceit", "item_3_name": "Ghost Scepter", "item_2_name": "Magic Wand", "last_hits": 78, "item_1_name": "Arcane Boots", "xp_per_min": 299}, {"item_5_name": "Magic Wand", "item_2": 46, "assists": 7, "item_4": 63, "item_4_name": "Power Treads", "leaver_status": 1, "leaver_status_description": "player DC, no abandon", "item_1": 55, "kills": 9, "hero_name": "Enchantress", "hero_id": 58, "level": 17, "item_0": 108, "gold_per_min": 356, "leaver_status_name": "DISCONNECTED", "denies": 0, "player_slot": 128, "deaths": 8, "account_id": 82262664, "item_5": 36, "item_3": 172, "item_0_name": "Aghanim's Scepter", "item_3_name": "Mask of Madness", "item_2_name": "Town Portal Scroll", "last_hits": 134, "item_1_name": "Hyperstone", "xp_per_min": 347}, {"item_5_name": "Bottle", "item_2": 36, "assists": 18, "item_4": 63, "item_4_name": "Power Treads", "leaver_status": 1, "leaver_status_description": "player DC, no abandon", "item_1": 96, "kills": 4, "hero_name": "Batrider", "hero_id": 65, "level": 21, "item_0": 1, "gold_per_min": 361, "leaver_status_name": "DISCONNECTED", "denies": 7, "player_slot": 129, "deaths": 6, "account_id": 86799300, "item_5": 41, "item_3": 61, "item_0_name": "Blink Dagger", "item_3_name": "Vitality Booster", "item_2_name": "Magic Wand", "last_hits": 165, "item_1_name": "Scythe of Vyse", "xp_per_min": 512}, {"item_5_name": "Magic Wand", "item_2": 121, "assists": 13, "item_4": 63, "item_4_name": "Power Treads", "leaver_status": 0, "leaver_status_description": "finished match, no abandon", "item_1": 98, "kills": 8, "hero_name": "Storm Spirit", "hero_id": 17, "level": 24, "item_0": 96, "gold_per_min": 552, "leaver_status_name": "NONE", "denies": 14, "player_slot": 130, "deaths": 5, "account_id": 21289303, "item_5": 36, "item_3": 0, "item_0_name": "Scythe of Vyse", "item_2_name": "Bloodstone", "last_hits": 274, "item_1_name": "Orchid Malevolence", "xp_per_min": 671}, {"item_5_name": "Aghanim's Scepter", "item_2": 79, "assists": 15, "item_4": 46, "item_4_name": "Town Portal Scroll", "leaver_status": 1, "leaver_status_description": "player DC, no abandon", "item_1": 180, "kills": 9, "hero_name": "Undying", "hero_id": 85, "level": 18, "item_0": 36, "gold_per_min": 318, "leaver_status_name": "DISCONNECTED", "denies": 0, "player_slot": 131, "deaths": 4, "account_id": 37105332, "item_5": 108, "item_3": 40, "item_0_name": "Magic Wand", "item_3_name": "Dust of Appearance", "item_2_name": "Mekansm", "last_hits": 65, "item_1_name": "Arcane Boots", "xp_per_min": 391}, {"item_5_name": "Arcane Boots", "item_2": 114, "assists": 18, "item_4": 30, "item_4_name": "Gem of True Sight", "leaver_status": 0, "leaver_status_description": "finished match, no abandon", "item_1": 174, "kills": 1, "hero_name": "Naga Siren", "hero_id": 89, "level": 19, "item_0": 147, "gold_per_min": 457, "leaver_status_name": "NONE", "denies": 12, "player_slot": 132, "deaths": 5, "account_id": 20321748, "item_5": 180, "item_3": 36, "item_0_name": "Manta Style", "item_3_name": "Magic Wand", "item_2_name": "Heart of Tarrasque", "last_hits": 256, "item_1_name": "Diffusal Blade", "xp_per_min": 416}], "tower_status_radiant": 0, "radiant_team_id": 29, "dire_score": 0, "human_players": 10, "match_seq_num": 45914153, "radiant_name": "Team Quantic", "cluster_name": "US East", "radiant_team_complete": 0, "barracks_status_dire": 63, "start_time": 1349724160, "dire_name": "mousesports", "first_blood_time": 50, "tower_status_dire": 1958, "barracks_status_radiant": 0, "game_mode_name": "Unknown"}