{"tower_status_radiant": 1540, "flags": 0, "lobby_type": 1, "cluster": 136, "game_mode_name": "Captains Mode", "dire_logo": 534021245383052793, "engine": 0, "barracks_status_dire": 63, "barracks_status_radiant": 15, "cluster_name": "Europe West", "radiant_score": 0, "match_id": 482484354, "lobby_name": "Practice", "dire_score": 0, "first_blood_time": 0, "radiant_team_id": 1161668, "radiant_logo": 594785681587718235, "human_players": 10, "pre_game_duration": 0, "radiant_team_complete": 1, "tower_status_dire": 2038, "players": [{"item_2": 29, "assists": 2, "leaver_status": 0, "item_1": 73, "item_0": 215, "item_0_name": "Shadow Amulet", "leaver_status_description": "finished match, no abandon", "level": 9, "player_slot": 0, "leaver_status_name": "NONE", "hero_id": 14, "last_hits": 42, "kills": 1, "account_id": 91918857, "item_3_name": "Bottle", "item_4": 46, "item_3": 41, "item_4_name": "Town Portal Scroll", "item_5": 34, "xp_per_min": 176, "item_5_name": "Magic Stick", "hero_name": "Pudge", "gold_per_min": 204, "deaths": 10, "denies": 3, "item_2_name": "Boots of Speed", "item_1_name": "Bracer"}, {"item_2": 63, "assists": 6, "leaver_status": 0, "item_1": 182, "item_0": 21, "item_0_name": "Ogre Club", "leaver_status_description": "finished match, no abandon", "level": 11, "player_slot": 1, "leaver_status_name": "NONE", "hero_id": 99, "last_hits": 67, "kills": 4, "account_id": 69325073, "item_3_name": "Rod of Atos", "item_4": 17, "item_3": 206, "item_4_name": "Belt of Strength", "item_5": 46, "xp_per_min": 284, "item_5_name": "Town Portal Scroll", "hero_name": "Bristleback", "gold_per_min": 334, "deaths": 8, "denies": 4, "item_2_name": "Power Treads", "item_1_name": "Stout Shield"}, {"item_2": 36, "assists": 6, "leaver_status": 0, "item_1": 27, "item_0": 92, "item_0_name": "Urn of Shadows", "leaver_status_description": "finished match, no abandon", "level": 11, "player_slot": 2, "leaver_status_name": "NONE", "hero_id": 5, "last_hits": 28, "kills": 1, "account_id": 92330456, "item_4": 63, "item_3": 0, "item_4_name": "Power Treads", "item_5": 0, "xp_per_min": 234, "hero_name": "Crystal Maiden", "gold_per_min": 222, "deaths": 4, "denies": 1, "item_2_name": "Magic Wand", "item_1_name": "Ring of Regen"}, {"item_2": 182, "assists": 0, "leaver_status": 0, "item_1": 50, "item_0": 102, "item_0_name": "Force Staff", "leaver_status_description": "finished match, no abandon", "level": 11, "player_slot": 3, "leaver_status_name": "NONE", "hero_id": 4, "last_hits": 88, "kills": 3, "account_id": 89742217, "item_3_name": "Staff of Wizardry", "item_4": 11, "item_3": 23, "item_4_name": "Quelling Blade", "item_5": 77, "xp_per_min": 289, "item_5_name": "Null Talisman", "hero_name": "Bloodseeker", "gold_per_min": 281, "deaths": 5, "denies": 23, "item_2_name": "Stout Shield", "item_1_name": "Phase Boots"}, {"item_2": 182, "assists": 3, "leaver_status": 0, "item_1": 127, "item_0": 102, "item_0_name": "Force Staff", "leaver_status_description": "finished match, no abandon", "level": 14, "player_slot": 4, "leaver_status_name": "NONE", "hero_id": 2, "last_hits": 94, "kills": 6, "account_id": 88792641, "item_3_name": "Ogre Club", "item_4": 36, "item_3": 21, "item_4_name": "Magic Wand", "item_5": 214, "xp_per_min": 459, "item_5_name": "Tranquil Boots", "hero_name": "Axe", "gold_per_min": 353, "deaths": 7, "denies": 0, "item_2_name": "Stout Shield", "item_1_name": "Blade Mail"}, {"item_2": 46, "assists": 10, "leaver_status": 0, "item_1": 50, "item_0": 65, "item_0_name": "Hand of Midas", "leaver_status_description": "finished match, no abandon", "level": 15, "player_slot": 128, "leaver_status_name": "NONE", "hero_id": 53, "last_hits": 163, "kills": 2, "account_id": 123787524, "item_3_name": "Necronomicon", "item_4": 168, "item_3": 194, "item_4_name": "Desolator", "item_5": 0, "xp_per_min": 513, "hero_name": "Nature's Prophet", "gold_per_min": 599, "deaths": 2, "denies": 8, "item_2_name": "Town Portal Scroll", "item_1_name": "Phase Boots"}, {"item_2": 21, "assists": 4, "leaver_status": 0, "item_1": 34, "item_0": 187, "item_0_name": "Medallion of Courage", "leaver_status_description": "finished match, no abandon", "level": 10, "player_slot": 129, "leaver_status_name": "NONE", "hero_id": 92, "last_hits": 23, "kills": 5, "account_id": 45147550, "item_3_name": "Point Booster", "item_4": 46, "item_3": 60, "item_4_name": "Town Portal Scroll", "item_5": 29, "xp_per_min": 227, "item_5_name": "Boots of Speed", "hero_name": "Visage", "gold_per_min": 319, "deaths": 5, "denies": 2, "item_2_name": "Ogre Club", "item_1_name": "Magic Stick"}, {"item_2": 36, "assists": 15, "leaver_status": 0, "item_1": 79, "item_0": 180, "item_0_name": "Arcane Boots", "leaver_status_description": "finished match, no abandon", "level": 14, "player_slot": 130, "leaver_status_name": "NONE", "hero_id": 74, "last_hits": 100, "kills": 3, "account_id": 124049453, "item_3_name": "Hand of Midas", "item_4": 77, "item_3": 65, "item_4_name": "Null Talisman", "item_5": 193, "xp_per_min": 409, "item_5_name": "Necronomicon", "hero_name": "Invoker", "gold_per_min": 522, "deaths": 4, "denies": 17, "item_2_name": "Magic Wand", "item_1_name": "Mekansm"}, {"item_2": 154, "assists": 6, "leaver_status": 0, "item_1": 46, "item_0": 36, "item_0_name": "Magic Wand", "leaver_status_description": "finished match, no abandon", "level": 19, "player_slot": 131, "leaver_status_name": "NONE", "hero_id": 93, "last_hits": 76, "kills": 18, "account_id": 5150808, "item_3_name": "Shadow Blade", "item_4": 41, "item_3": 152, "item_4_name": "Bottle", "item_5": 63, "xp_per_min": 751, "item_5_name": "Power Treads", "hero_name": "Slark", "gold_per_min": 563, "deaths": 3, "denies": 5, "item_2_name": "Sange and Yasha", "item_1_name": "Town Portal Scroll"}, {"item_2": 108, "assists": 10, "leaver_status": 0, "item_1": 34, "item_0": 172, "item_0_name": "Mask of Madness", "leaver_status_description": "finished match, no abandon", "level": 16, "player_slot": 132, "leaver_status_name": "NONE", "hero_id": 58, "last_hits": 75, "kills": 4, "account_id": 86840554, "item_3_name": "Power Treads", "item_4": 65, "item_3": 63, "item_4_name": "Hand of Midas", "item_5": 46, "xp_per_min": 553, "item_5_name": "Town Portal Scroll", "hero_name": "Enchantress", "gold_per_min": 483, "deaths": 1, "denies": 2, "item_2_name": "Aghanim's Scepter", "item_1_name": "Magic Stick"}], "radiant_name": "xGame.kz", "match_seq_num": 439182069, "dire_team_id": 1194118, "dire_team_complete": 0, "start_time": 1390584430, "radiant_win": false, "positive_votes": 93, "leagueid": 166, "game_mode": 2, "dire_name": "Relax, you are doing fine.", "duration": 1477, "negative_votes": 53}