{"tower_status_radiant": 2046, "flags": 0, "radiant_team_complete": 1, "game_mode": 2, "radiant_score": 0, "match_id": 484009451, "lobby_name": "Practice", "dire_logo": 534021245383052793, "pre_game_duration": 0, "radiant_name": "Team Empire", "match_seq_num": 440609866, "dire_team_complete": 0, "start_time": 1390670750, "radiant_win": true, "positive_votes": 111, "leagueid": 166, "duration": 1391, "dire_score": 0, "lobby_type": 1, "cluster": 133, "engine": 0, "barracks_status_dire": 63, "barracks_status_radiant": 63, "cluster_name": "Europe West", "first_blood_time": 0, "radiant_team_id": 46, "radiant_logo": 541924293718462159, "human_players": 10, "game_mode_name": "Captains Mode", "tower_status_dire": 1828, "players": [{"item_2": 46, "assists": 10, "leaver_status": 0, "item_1": 180, "item_0": 102, "item_0_name": "Force Staff", "leaver_status_description": "finished match, no abandon", "level": 13, "player_slot": 0, "leaver_status_name": "NONE", "hero_id": 88, "last_hits": 62, "kills": 3, "account_id": 86802844, "item_3_name": "Blink Dagger", "item_4": 34, "item_3": 1, "item_4_name": "Magic Stick", "item_5": 71, "xp_per_min": 407, "item_5_name": "Poor Man's Shield", "hero_name": "Nyx Assassin", "gold_per_min": 373, "deaths": 1, "denies": 8, "item_2_name": "Town Portal Scroll", "item_1_name": "Arcane Boots"}, {"item_2": 46, "assists": 8, "leaver_status": 0, "item_1": 63, "item_0": 98, "item_0_name": "Orchid Malevolence", "leaver_status_description": "finished match, no abandon", "level": 13, "player_slot": 1, "leaver_status_name": "NONE", "hero_id": 17, "last_hits": 122, "kills": 4, "account_id": 86725175, "item_3_name": "Bottle", "item_4": 24, "item_3": 41, "item_4_name": "Ultimate Orb", "item_5": 34, "xp_per_min": 439, "item_5_name": "Magic Stick", "hero_name": "Storm Spirit", "gold_per_min": 489, "deaths": 2, "denies": 7, "item_2_name": "Town Portal Scroll", "item_1_name": "Power Treads"}, {"item_2": 46, "assists": 10, "leaver_status": 0, "item_1": 60, "item_0": 180, "item_0_name": "Arcane Boots", "leaver_status_description": "finished match, no abandon", "level": 11, "player_slot": 2, "leaver_status_name": "NONE", "hero_id": 68, "last_hits": 23, "kills": 4, "account_id": 91064780, "item_3_name": "Urn of Shadows", "item_4": 21, "item_3": 92, "item_4_name": "Ogre Club", "item_5": 23, "xp_per_min": 293, "item_5_name": "Staff of Wizardry", "hero_name": "Ancient Apparition", "gold_per_min": 305, "deaths": 1, "denies": 1, "item_2_name": "Town Portal Scroll", "item_1_name": "Point Booster"}, {"item_2": 79, "assists": 15, "leaver_status": 0, "item_1": 34, "item_0": 180, "item_0_name": "Arcane Boots", "leaver_status_description": "finished match, no abandon", "level": 12, "player_slot": 3, "leaver_status_name": "NONE", "hero_id": 40, "last_hits": 49, "kills": 1, "account_id": 11550182, "item_3_name": "Town Portal Scroll", "item_4": 0, "item_3": 46, "item_5": 30, "xp_per_min": 367, "item_5_name": "Gem of True Sight", "hero_name": "Venomancer", "gold_per_min": 355, "deaths": 1, "denies": 9, "item_2_name": "Mekansm", "item_1_name": "Magic Stick"}, {"item_2": 123, "assists": 5, "leaver_status": 0, "item_1": 36, "item_0": 168, "item_0_name": "Desolator", "leaver_status_description": "finished match, no abandon", "level": 15, "player_slot": 4, "leaver_status_name": "NONE", "hero_id": 63, "last_hits": 120, "kills": 11, "account_id": 89269794, "item_4": 212, "item_3": 0, "item_4_name": "Ring of Aquila", "item_5": 63, "xp_per_min": 520, "item_5_name": "Power Treads", "hero_name": "Weaver", "gold_per_min": 583, "deaths": 2, "denies": 22, "item_2_name": "Linken's Sphere", "item_1_name": "Magic Wand"}, {"item_2": 79, "assists": 1, "leaver_status": 0, "item_1": 63, "item_0": 88, "item_0_name": "Ring of Basilius", "leaver_status_description": "finished match, no abandon", "level": 11, "player_slot": 128, "leaver_status_name": "NONE", "hero_id": 47, "last_hits": 80, "kills": 1, "account_id": 123787524, "item_3_name": "Town Portal Scroll", "item_4": 21, "item_3": 46, "item_4_name": "Ogre Club", "item_5": 0, "xp_per_min": 275, "hero_name": "Viper", "gold_per_min": 290, "deaths": 3, "denies": 3, "item_2_name": "Mekansm", "item_1_name": "Power Treads"}, {"item_2": 34, "assists": 2, "leaver_status": 0, "item_1": 92, "item_0": 63, "item_0_name": "Power Treads", "leaver_status_description": "finished match, no abandon", "level": 8, "player_slot": 129, "leaver_status_name": "NONE", "hero_id": 58, "last_hits": 56, "kills": 0, "account_id": 89782335, "item_4": 188, "item_3": 0, "item_4_name": "Smoke of Deceit", "item_5": 0, "xp_per_min": 173, "hero_name": "Enchantress", "gold_per_min": 193, "deaths": 7, "denies": 2, "item_2_name": "Magic Stick", "item_1_name": "Urn of Shadows"}, {"item_2": 46, "assists": 5, "leaver_status": 0, "item_1": 102, "item_0": 34, "item_0_name": "Magic Stick", "leaver_status_description": "finished match, no abandon", "level": 11, "player_slot": 130, "leaver_status_name": "NONE", "hero_id": 74, "last_hits": 79, "kills": 2, "account_id": 5150808, "item_3_name": "Null Talisman", "item_4": 50, "item_3": 77, "item_4_name": "Phase Boots", "item_5": 23, "xp_per_min": 262, "item_5_name": "Staff of Wizardry", "hero_name": "Invoker", "gold_per_min": 292, "deaths": 4, "denies": 18, "item_2_name": "Town Portal Scroll", "item_1_name": "Force Staff"}, {"item_2": 34, "assists": 1, "leaver_status": 0, "item_1": 29, "item_0": 46, "item_0_name": "Town Portal Scroll", "leaver_status_description": "finished match, no abandon", "level": 9, "player_slot": 131, "leaver_status_name": "NONE", "hero_id": 102, "last_hits": 9, "kills": 1, "account_id": 124049453, "item_3_name": "Iron Branch", "item_4": 42, "item_3": 16, "item_4_name": "Observer Ward", "item_5": 0, "xp_per_min": 202, "hero_name": "Abaddon", "gold_per_min": 158, "deaths": 4, "denies": 1, "item_2_name": "Magic Stick", "item_1_name": "Boots of Speed"}, {"item_2": 28, "assists": 1, "leaver_status": 1, "item_1": 1, "item_0": 41, "item_0_name": "Bottle", "leaver_status_description": "player DC, no abandon", "level": 11, "player_slot": 132, "leaver_status_name": "DISCONNECTED", "hero_id": 65, "last_hits": 72, "kills": 3, "account_id": 86840554, "item_3_name": "Power Treads", "item_4": 0, "item_3": 63, "item_5": 46, "xp_per_min": 328, "item_5_name": "Town Portal Scroll", "hero_name": "Batrider", "gold_per_min": 284, "deaths": 6, "denies": 11, "item_2_name": "Sage's Mask", "item_1_name": "Blink Dagger"}], "dire_team_id": 1194118, "picks_bans": [{"order": 0, "is_pick": false, "hero_id": 93, "team": 0}, {"order": 1, "is_pick": false, "hero_id": 51, "team": 1}, {"order": 2, "is_pick": false, "hero_id": 92, "team": 0}, {"order": 3, "is_pick": false, "hero_id": 73, "team": 1}, {"order": 4, "is_pick": true, "hero_id": 40, "team": 0}, {"order": 5, "is_pick": true, "hero_id": 58, "team": 1}, {"order": 6, "is_pick": true, "hero_id": 74, "team": 1}, {"order": 7, "is_pick": true, "hero_id": 88, "team": 0}, {"order": 8, "is_pick": false, "hero_id": 53, "team": 0}, {"order": 9, "is_pick": false, "hero_id": 45, "team": 1}, {"order": 10, "is_pick": false, "hero_id": 48, "team": 0}, {"order": 11, "is_pick": false, "hero_id": 99, "team": 1}, {"order": 12, "is_pick": true, "hero_id": 47, "team": 1}, {"order": 13, "is_pick": true, "hero_id": 68, "team": 0}, {"order": 14, "is_pick": true, "hero_id": 102, "team": 1}, {"order": 15, "is_pick": true, "hero_id": 17, "team": 0}, {"order": 16, "is_pick": false, "hero_id": 54, "team": 1}, {"order": 17, "is_pick": false, "hero_id": 13, "team": 0}, {"order": 18, "is_pick": true, "hero_id": 65, "team": 1}, {"order": 19, "is_pick": true, "hero_id": 63, "team": 0}], "dire_name": "Relax, you are doing fine.", "negative_votes": 17}