{"tower_status_radiant": 1972, "flags": 0, "radiant_team_complete": 0, "game_mode": 2, "radiant_score": 0, "match_id": 485715689, "lobby_name": "Practice", "dire_logo": 595891928269494829, "pre_game_duration": 0, "radiant_name": "Relax, you are doing fine.", "match_seq_num": 442175777, "dire_team_complete": 0, "start_time": 1390760178, "radiant_win": true, "positive_votes": 88, "leagueid": 166, "duration": 2259, "dire_score": 0, "lobby_type": 1, "cluster": 134, "engine": 0, "barracks_status_dire": 51, "barracks_status_radiant": 63, "cluster_name": "Europe West", "first_blood_time": 0, "radiant_team_id": 1194118, "radiant_logo": 534021245383052793, "human_players": 10, "game_mode_name": "Captains Mode", "tower_status_dire": 390, "players": [{"item_2": 46, "assists": 10, "leaver_status": 0, "item_1": 63, "item_0": 92, "item_0_name": "Urn of Shadows", "leaver_status_description": "finished match, no abandon", "level": 17, "player_slot": 0, "leaver_status_name": "NONE", "hero_id": 58, "last_hits": 58, "kills": 6, "account_id": 89782335, "item_3_name": "Aghanim's Scepter", "item_4": 0, "item_3": 108, "item_5": 43, "xp_per_min": 406, "item_5_name": "Sentry Ward", "hero_name": "Enchantress", "gold_per_min": 324, "deaths": 5, "denies": 5, "item_2_name": "Town Portal Scroll", "item_1_name": "Power Treads"}, {"item_2": 46, "assists": 21, "leaver_status": 0, "item_1": 29, "item_0": 16, "item_0_name": "Iron Branch", "additional_units": [{"item_2": 182, "item_1": 65, "item_4": 112, "item_0": 50, "item_3": 137, "item_5": 0, "unitname": "spirit_bear"}], "leaver_status_description": "finished match, no abandon", "level": 20, "player_slot": 1, "leaver_status_name": "NONE", "hero_id": 80, "last_hits": 228, "kills": 5, "account_id": 123787524, "item_3_name": "Gem of True Sight", "item_4": 0, "item_3": 30, "item_5": 0, "xp_per_min": 603, "hero_name": "Lone Druid", "gold_per_min": 599, "deaths": 4, "denies": 5, "item_2_name": "Town Portal Scroll", "item_1_name": "Boots of Speed"}, {"item_2": 46, "assists": 23, "leaver_status": 0, "item_1": 36, "item_0": 79, "item_0_name": "Mekansm", "leaver_status_description": "finished match, no abandon", "level": 17, "player_slot": 2, "leaver_status_name": "NONE", "hero_id": 40, "last_hits": 83, "kills": 4, "account_id": 34322358, "item_3_name": "Arcane Boots", "item_4": 108, "item_3": 180, "item_4_name": "Aghanim's Scepter", "item_5": 0, "xp_per_min": 423, "hero_name": "Venomancer", "gold_per_min": 356, "deaths": 6, "denies": 11, "item_2_name": "Town Portal Scroll", "item_1_name": "Magic Wand"}, {"item_2": 61, "assists": 18, "leaver_status": 0, "item_1": 81, "item_0": 46, "item_0_name": "Town Portal Scroll", "leaver_status_description": "finished match, no abandon", "level": 18, "player_slot": 3, "leaver_status_name": "NONE", "hero_id": 73, "last_hits": 65, "kills": 6, "account_id": 5150808, "item_3_name": "Blink Dagger", "item_4": 187, "item_3": 1, "item_4_name": "Medallion of Courage", "item_5": 63, "xp_per_min": 492, "item_5_name": "Power Treads", "hero_name": "Alchemist", "gold_per_min": 400, "deaths": 10, "denies": 2, "item_2_name": "Vitality Booster", "item_1_name": "Vladmir's Offering"}, {"item_2": 36, "assists": 14, "leaver_status": 0, "item_1": 116, "item_0": 1, "item_0_name": "Blink Dagger", "leaver_status_description": "finished match, no abandon", "level": 17, "player_slot": 4, "leaver_status_name": "NONE", "hero_id": 27, "last_hits": 161, "kills": 10, "account_id": 86840554, "item_3_name": "Arcane Boots", "item_4": 108, "item_3": 180, "item_4_name": "Aghanim's Scepter", "item_5": 46, "xp_per_min": 413, "item_5_name": "Town Portal Scroll", "hero_name": "Shadow Shaman", "gold_per_min": 494, "deaths": 7, "denies": 8, "item_2_name": "Magic Wand", "item_1_name": "Black King Bar"}, {"item_2": 79, "assists": 18, "leaver_status": 0, "item_1": 214, "item_0": 37, "item_0_name": "Ghost Scepter", "leaver_status_description": "finished match, no abandon", "level": 16, "player_slot": 128, "leaver_status_name": "NONE", "hero_id": 5, "last_hits": 61, "kills": 3, "account_id": 116287390, "item_3_name": "Bracer", "item_4": 188, "item_3": 73, "item_4_name": "Smoke of Deceit", "item_5": 36, "xp_per_min": 369, "item_5_name": "Magic Wand", "hero_name": "Crystal Maiden", "gold_per_min": 272, "deaths": 7, "denies": 1, "item_2_name": "Mekansm", "item_1_name": "Tranquil Boots"}, {"item_2": 46, "assists": 11, "leaver_status": 0, "item_1": 41, "item_0": 116, "item_0_name": "Black King Bar", "leaver_status_description": "finished match, no abandon", "level": 17, "player_slot": 129, "leaver_status_name": "NONE", "hero_id": 17, "last_hits": 144, "kills": 9, "account_id": 102038636, "item_3_name": "Power Treads", "item_4": 57, "item_3": 63, "item_4_name": "Void Stone", "item_5": 24, "xp_per_min": 416, "item_5_name": "Ultimate Orb", "hero_name": "Storm Spirit", "gold_per_min": 392, "deaths": 8, "denies": 13, "item_2_name": "Town Portal Scroll", "item_1_name": "Bottle"}, {"item_2": 0, "assists": 15, "leaver_status": 0, "item_1": 41, "item_0": 37, "item_0_name": "Ghost Scepter", "leaver_status_description": "finished match, no abandon", "level": 14, "player_slot": 130, "leaver_status_name": "NONE", "hero_id": 51, "last_hits": 72, "kills": 3, "account_id": 100074427, "item_3_name": "Magic Wand", "item_4": 127, "item_3": 36, "item_4_name": "Blade Mail", "item_5": 63, "xp_per_min": 284, "item_5_name": "Power Treads", "hero_name": "Clockwerk", "gold_per_min": 267, "deaths": 8, "denies": 2, "item_1_name": "Bottle"}, {"item_2": 46, "assists": 11, "leaver_status": 0, "item_1": 168, "item_0": 123, "item_0_name": "Linken's Sphere", "leaver_status_description": "finished match, no abandon", "level": 20, "player_slot": 131, "leaver_status_name": "NONE", "hero_id": 63, "last_hits": 195, "kills": 9, "account_id": 91439459, "item_3_name": "Ring of Basilius", "item_4": 149, "item_3": 88, "item_4_name": "Crystalys", "item_5": 63, "xp_per_min": 601, "item_5_name": "Power Treads", "hero_name": "Weaver", "gold_per_min": 476, "deaths": 4, "denies": 8, "item_2_name": "Town Portal Scroll", "item_1_name": "Desolator"}, {"item_2": 29, "assists": 11, "leaver_status": 0, "item_1": 92, "item_0": 34, "item_0_name": "Magic Stick", "leaver_status_description": "finished match, no abandon", "level": 13, "player_slot": 132, "leaver_status_name": "NONE", "hero_id": 92, "last_hits": 39, "kills": 8, "account_id": 114153398, "item_3_name": "Aghanim's Scepter", "item_4": 46, "item_3": 108, "item_4_name": "Town Portal Scroll", "item_5": 42, "xp_per_min": 268, "item_5_name": "Observer Ward", "hero_name": "Visage", "gold_per_min": 269, "deaths": 5, "denies": 1, "item_2_name": "Boots of Speed", "item_1_name": "Urn of Shadows"}], "dire_team_id": 1065394, "picks_bans": [{"order": 0, "is_pick": false, "hero_id": 99, "team": 0}, {"order": 1, "is_pick": false, "hero_id": 93, "team": 1}, {"order": 2, "is_pick": false, "hero_id": 45, "team": 0}, {"order": 3, "is_pick": false, "hero_id": 103, "team": 1}, {"order": 4, "is_pick": true, "hero_id": 73, "team": 0}, {"order": 5, "is_pick": true, "hero_id": 5, "team": 1}, {"order": 6, "is_pick": true, "hero_id": 92, "team": 1}, {"order": 7, "is_pick": true, "hero_id": 58, "team": 0}, {"order": 8, "is_pick": false, "hero_id": 48, "team": 0}, {"order": 9, "is_pick": false, "hero_id": 76, "team": 1}, {"order": 10, "is_pick": false, "hero_id": 13, "team": 0}, {"order": 11, "is_pick": false, "hero_id": 34, "team": 1}, {"order": 12, "is_pick": true, "hero_id": 51, "team": 1}, {"order": 13, "is_pick": true, "hero_id": 40, "team": 0}, {"order": 14, "is_pick": true, "hero_id": 63, "team": 1}, {"order": 15, "is_pick": true, "hero_id": 27, "team": 0}, {"order": 16, "is_pick": false, "hero_id": 43, "team": 1}, {"order": 17, "is_pick": false, "hero_id": 69, "team": 0}, {"order": 18, "is_pick": true, "hero_id": 17, "team": 1}, {"order": 19, "is_pick": true, "hero_id": 80, "team": 0}], "dire_name": "FlipSideTactics", "negative_votes": 12}