{"tower_status_radiant": 1972, "flags": 0, "radiant_team_complete": 0, "game_mode": 2, "radiant_score": 0, "match_id": 487317906, "lobby_name": "Practice", "dire_logo": 541924293718462159, "pre_game_duration": 0, "radiant_name": "_PowerRangers", "match_seq_num": 443638881, "dire_team_complete": 1, "start_time": 1390861063, "radiant_win": true, "positive_votes": 64, "leagueid": 166, "duration": 2061, "dire_score": 0, "lobby_type": 1, "cluster": 132, "engine": 0, "barracks_status_dire": 0, "barracks_status_radiant": 63, "cluster_name": "Europe West", "first_blood_time": 261, "radiant_team_id": 55, "radiant_logo": 353896369579233638, "human_players": 10, "game_mode_name": "Captains Mode", "tower_status_dire": 0, "players": [{"item_2": 1, "assists": 16, "leaver_status": 0, "item_1": 180, "item_0": 102, "item_0_name": "Force Staff", "leaver_status_description": "finished match, no abandon", "level": 14, "player_slot": 0, "leaver_status_name": "NONE", "hero_id": 86, "last_hits": 34, "kills": 1, "account_id": 94049589, "item_4": 36, "item_3": 0, "item_4_name": "Magic Wand", "item_5": 0, "xp_per_min": 313, "hero_name": "Rubick", "gold_per_min": 327, "deaths": 6, "denies": 2, "item_2_name": "Blink Dagger", "item_1_name": "Arcane Boots"}, {"item_2": 151, "assists": 10, "leaver_status": 0, "item_1": 208, "item_0": 50, "item_0_name": "Phase Boots", "leaver_status_description": "finished match, no abandon", "level": 21, "player_slot": 1, "leaver_status_name": "NONE", "hero_id": 54, "last_hits": 251, "kills": 11, "account_id": 89625472, "item_3_name": "Heart of Tarrasque", "item_4": 112, "item_3": 114, "item_4_name": "Assault Cuirass", "item_5": 117, "xp_per_min": 707, "item_5_name": "Aegis of the Immortal", "hero_name": "Lifestealer", "gold_per_min": 807, "deaths": 1, "denies": 23, "item_2_name": "Armlet of Mordiggian", "item_1_name": "Abyssal Blade"}, {"item_2": 34, "assists": 12, "leaver_status": 0, "item_1": 210, "item_0": 79, "item_0_name": "Mekansm", "leaver_status_description": "finished match, no abandon", "level": 16, "player_slot": 2, "leaver_status_name": "NONE", "hero_id": 103, "last_hits": 81, "kills": 6, "account_id": 86870856, "item_3_name": "Soul Ring", "item_4": 102, "item_3": 178, "item_4_name": "Force Staff", "item_5": 214, "xp_per_min": 422, "item_5_name": "Tranquil Boots", "hero_name": "Elder Titan", "gold_per_min": 404, "deaths": 5, "denies": 1, "item_2_name": "Magic Stick", "item_1_name": "Heaven's Halberd"}, {"item_2": 46, "assists": 8, "leaver_status": 0, "item_1": 108, "item_0": 29, "item_0_name": "Boots of Speed", "leaver_status_description": "finished match, no abandon", "level": 16, "player_slot": 3, "leaver_status_name": "NONE", "hero_id": 33, "last_hits": 155, "kills": 4, "account_id": 75750590, "item_3_name": "Blink Dagger", "item_4": 116, "item_3": 1, "item_4_name": "Black King Bar", "item_5": 30, "xp_per_min": 400, "item_5_name": "Gem of True Sight", "hero_name": "Enigma", "gold_per_min": 460, "deaths": 0, "denies": 5, "item_2_name": "Town Portal Scroll", "item_1_name": "Aghanim's Scepter"}, {"item_2": 77, "assists": 6, "leaver_status": 0, "item_1": 60, "item_0": 63, "item_0_name": "Power Treads", "leaver_status_description": "finished match, no abandon", "level": 15, "player_slot": 4, "leaver_status_name": "NONE", "hero_id": 74, "last_hits": 135, "kills": 6, "account_id": 88655279, "item_3_name": "Force Staff", "item_4": 194, "item_3": 102, "item_4_name": "Necronomicon", "item_5": 36, "xp_per_min": 375, "item_5_name": "Magic Wand", "hero_name": "Invoker", "gold_per_min": 480, "deaths": 2, "denies": 20, "item_2_name": "Null Talisman", "item_1_name": "Point Booster"}, {"item_2": 188, "assists": 7, "leaver_status": 0, "item_1": 180, "item_0": 102, "item_0_name": "Force Staff", "leaver_status_description": "finished match, no abandon", "level": 12, "player_slot": 128, "leaver_status_name": "NONE", "hero_id": 88, "last_hits": 45, "kills": 0, "account_id": 86802844, "item_3_name": "Blink Dagger", "item_4": 46, "item_3": 1, "item_4_name": "Town Portal Scroll", "item_5": 71, "xp_per_min": 244, "item_5_name": "Poor Man's Shield", "hero_name": "Nyx Assassin", "gold_per_min": 224, "deaths": 6, "denies": 6, "item_2_name": "Smoke of Deceit", "item_1_name": "Arcane Boots"}, {"item_2": 63, "assists": 1, "leaver_status": 0, "item_1": 116, "item_0": 96, "item_0_name": "Scythe of Vyse", "leaver_status_description": "finished match, no abandon", "level": 17, "player_slot": 129, "leaver_status_name": "NONE", "hero_id": 17, "last_hits": 164, "kills": 8, "account_id": 86725175, "item_3_name": "Bottle", "item_4": 46, "item_3": 41, "item_4_name": "Town Portal Scroll", "item_5": 77, "xp_per_min": 480, "item_5_name": "Null Talisman", "hero_name": "Storm Spirit", "gold_per_min": 431, "deaths": 2, "denies": 10, "item_2_name": "Power Treads", "item_1_name": "Black King Bar"}, {"item_2": 94, "assists": 3, "leaver_status": 0, "item_1": 86, "item_0": 180, "item_0_name": "Arcane Boots", "leaver_status_description": "finished match, no abandon", "level": 9, "player_slot": 130, "leaver_status_name": "NONE", "hero_id": 40, "last_hits": 51, "kills": 1, "account_id": 91064780, "item_4": 0, "item_3": 0, "item_5": 0, "xp_per_min": 131, "hero_name": "Venomancer", "gold_per_min": 194, "deaths": 8, "denies": 6, "item_2_name": "Headdress", "item_1_name": "Buckler"}, {"item_2": 34, "assists": 5, "leaver_status": 0, "item_1": 92, "item_0": 41, "item_0_name": "Bottle", "leaver_status_description": "finished match, no abandon", "level": 11, "player_slot": 131, "leaver_status_name": "NONE", "hero_id": 91, "last_hits": 21, "kills": 1, "account_id": 11550182, "item_4": 29, "item_3": 0, "item_4_name": "Boots of Speed", "item_5": 81, "xp_per_min": 230, "item_5_name": "Vladmir's Offering", "hero_name": "Io", "gold_per_min": 186, "deaths": 6, "denies": 0, "item_2_name": "Magic Stick", "item_1_name": "Urn of Shadows"}, {"item_2": 170, "assists": 4, "leaver_status": 0, "item_1": 24, "item_0": 116, "item_0_name": "Black King Bar", "leaver_status_description": "finished match, no abandon", "level": 17, "player_slot": 132, "leaver_status_name": "NONE", "hero_id": 19, "last_hits": 259, "kills": 4, "account_id": 89269794, "item_3_name": "Phase Boots", "item_4": 108, "item_3": 50, "item_4_name": "Aghanim's Scepter", "item_5": 185, "xp_per_min": 474, "item_5_name": "Drum of Endurance", "hero_name": "Tiny", "gold_per_min": 538, "deaths": 6, "denies": 26, "item_2_name": "Yasha", "item_1_name": "Ultimate Orb"}], "dire_team_id": 46, "picks_bans": [{"order": 0, "is_pick": false, "hero_id": 48, "team": 0}, {"order": 1, "is_pick": false, "hero_id": 73, "team": 1}, {"order": 2, "is_pick": false, "hero_id": 5, "team": 0}, {"order": 3, "is_pick": false, "hero_id": 92, "team": 1}, {"order": 4, "is_pick": true, "hero_id": 74, "team": 0}, {"order": 5, "is_pick": true, "hero_id": 40, "team": 1}, {"order": 6, "is_pick": true, "hero_id": 88, "team": 1}, {"order": 7, "is_pick": true, "hero_id": 54, "team": 0}, {"order": 8, "is_pick": false, "hero_id": 3, "team": 0}, {"order": 9, "is_pick": false, "hero_id": 53, "team": 1}, {"order": 10, "is_pick": false, "hero_id": 56, "team": 0}, {"order": 11, "is_pick": false, "hero_id": 98, "team": 1}, {"order": 12, "is_pick": true, "hero_id": 91, "team": 1}, {"order": 13, "is_pick": true, "hero_id": 86, "team": 0}, {"order": 14, "is_pick": true, "hero_id": 19, "team": 1}, {"order": 15, "is_pick": true, "hero_id": 33, "team": 0}, {"order": 16, "is_pick": false, "hero_id": 51, "team": 1}, {"order": 17, "is_pick": false, "hero_id": 13, "team": 0}, {"order": 18, "is_pick": true, "hero_id": 17, "team": 1}, {"order": 19, "is_pick": true, "hero_id": 103, "team": 0}], "dire_name": "Team Empire", "negative_votes": 10}