{"tower_status_radiant": 1974, "flags": 0, "radiant_team_complete": 0, "game_mode": 2, "radiant_score": 0, "match_id": 495085743, "lobby_name": "Practice", "radiant_team_id": 769603, "dire_logo": 3408398049022115585, "pre_game_duration": 0, "radiant_name": "FINSTACK", "match_seq_num": 450702304, "dire_team_complete": 1, "start_time": 1391267348, "radiant_guild_logo": 597007767889141497, "radiant_win": false, "positive_votes": 25, "leagueid": 163, "duration": 1073, "dire_score": 0, "lobby_type": 1, "cluster": 185, "radiant_guild_id": 2344, "engine": 0, "barracks_status_dire": 63, "barracks_status_radiant": 63, "cluster_name": "Russia", "first_blood_time": 44, "radiant_guild_name": "#dota2.fi", "radiant_logo": 921268119023828679, "human_players": 10, "game_mode_name": "Captains Mode", "tower_status_dire": 2046, "players": [{"item_2": 0, "assists": 1, "leaver_status": 0, "item_1": 182, "item_0": 29, "item_0_name": "Boots of Speed", "leaver_status_description": "finished match, no abandon", "level": 8, "player_slot": 0, "leaver_status_name": "NONE", "hero_id": 103, "last_hits": 38, "kills": 0, "account_id": 8712306, "item_3_name": "Urn of Shadows", "item_4": 0, "item_3": 92, "item_5": 36, "xp_per_min": 211, "item_5_name": "Magic Wand", "hero_name": "Elder Titan", "gold_per_min": 208, "deaths": 6, "denies": 0, "item_1_name": "Stout Shield"}, {"item_2": 41, "assists": 0, "leaver_status": 0, "item_1": 73, "item_0": 36, "item_0_name": "Magic Wand", "leaver_status_description": "finished match, no abandon", "level": 9, "player_slot": 1, "leaver_status_name": "NONE", "hero_id": 49, "last_hits": 52, "kills": 1, "account_id": 4211480, "item_3_name": "Power Treads", "item_4": 0, "item_3": 63, "item_5": 46, "xp_per_min": 260, "item_5_name": "Town Portal Scroll", "hero_name": "Dragon Knight", "gold_per_min": 260, "deaths": 5, "denies": 1, "item_2_name": "Bottle", "item_1_name": "Bracer"}, {"item_2": 188, "assists": 2, "leaver_status": 0, "item_1": 29, "item_0": 0, "leaver_status_description": "finished match, no abandon", "level": 5, "player_slot": 2, "leaver_status_name": "NONE", "hero_id": 40, "last_hits": 10, "kills": 1, "account_id": 18871196, "item_3_name": "Iron Branch", "item_4": 16, "item_3": 16, "item_4_name": "Iron Branch", "item_5": 43, "xp_per_min": 89, "item_5_name": "Sentry Ward", "hero_name": "Venomancer", "gold_per_min": 159, "deaths": 5, "denies": 1, "item_2_name": "Smoke of Deceit", "item_1_name": "Boots of Speed"}, {"item_2": 46, "assists": 3, "leaver_status": 0, "item_1": 88, "item_0": 180, "item_0_name": "Arcane Boots", "leaver_status_description": "finished match, no abandon", "level": 8, "player_slot": 3, "leaver_status_name": "NONE", "hero_id": 45, "last_hits": 49, "kills": 0, "account_id": 3292479, "item_3_name": "Buckler", "item_4": 16, "item_3": 86, "item_4_name": "Iron Branch", "item_5": 0, "xp_per_min": 187, "hero_name": "Pugna", "gold_per_min": 249, "deaths": 6, "denies": 18, "item_2_name": "Town Portal Scroll", "item_1_name": "Ring of Basilius"}, {"item_2": 42, "assists": 2, "leaver_status": 1, "item_1": 63, "item_0": 43, "item_0_name": "Sentry Ward", "leaver_status_description": "player DC, no abandon", "level": 9, "player_slot": 4, "leaver_status_name": "DISCONNECTED", "hero_id": 58, "last_hits": 28, "kills": 1, "account_id": 4330802, "item_3_name": "Ogre Club", "item_4": 16, "item_3": 21, "item_4_name": "Iron Branch", "item_5": 16, "xp_per_min": 263, "item_5_name": "Iron Branch", "hero_name": "Enchantress", "gold_per_min": 213, "deaths": 3, "denies": 1, "item_2_name": "Observer Ward", "item_1_name": "Power Treads"}, {"item_2": 43, "assists": 14, "leaver_status": 0, "item_1": 34, "item_0": 46, "item_0_name": "Town Portal Scroll", "leaver_status_description": "finished match, no abandon", "level": 11, "player_slot": 128, "leaver_status_name": "NONE", "hero_id": 88, "last_hits": 11, "kills": 4, "account_id": 24009418, "item_3_name": "Drum of Endurance", "item_4": 29, "item_3": 185, "item_4_name": "Boots of Speed", "item_5": 182, "xp_per_min": 413, "item_5_name": "Stout Shield", "hero_name": "Nyx Assassin", "gold_per_min": 282, "deaths": 1, "denies": 0, "item_2_name": "Sentry Ward", "item_1_name": "Magic Stick"}, {"item_2": 21, "assists": 10, "leaver_status": 0, "item_1": 29, "item_0": 92, "item_0_name": "Urn of Shadows", "leaver_status_description": "finished match, no abandon", "level": 10, "player_slot": 129, "leaver_status_name": "NONE", "hero_id": 5, "last_hits": 26, "kills": 6, "account_id": 19195168, "item_3_name": "Town Portal Scroll", "item_4": 36, "item_3": 46, "item_4_name": "Magic Wand", "item_5": 0, "xp_per_min": 314, "hero_name": "Crystal Maiden", "gold_per_min": 335, "deaths": 0, "denies": 2, "item_2_name": "Ogre Club", "item_1_name": "Boots of Speed"}, {"item_2": 212, "assists": 9, "leaver_status": 0, "item_1": 16, "item_0": 63, "item_0_name": "Power Treads", "leaver_status_description": "finished match, no abandon", "level": 11, "player_slot": 130, "leaver_status_name": "NONE", "hero_id": 72, "last_hits": 105, "kills": 4, "account_id": 36864918, "item_4": 116, "item_3": 0, "item_4_name": "Black King Bar", "item_5": 0, "xp_per_min": 446, "hero_name": "Gyrocopter", "gold_per_min": 473, "deaths": 2, "denies": 8, "item_2_name": "Ring of Aquila", "item_1_name": "Iron Branch"}, {"item_2": 29, "assists": 12, "leaver_status": 0, "item_1": 36, "item_0": 187, "item_0_name": "Medallion of Courage", "leaver_status_description": "finished match, no abandon", "level": 11, "player_slot": 131, "leaver_status_name": "NONE", "hero_id": 73, "last_hits": 17, "kills": 4, "account_id": 14455969, "item_3_name": "Mekansm", "item_4": 46, "item_3": 79, "item_4_name": "Town Portal Scroll", "item_5": 0, "xp_per_min": 401, "hero_name": "Alchemist", "gold_per_min": 341, "deaths": 0, "denies": 1, "item_2_name": "Boots of Speed", "item_1_name": "Magic Wand"}, {"item_2": 29, "assists": 9, "leaver_status": 0, "item_1": 65, "item_0": 102, "item_0_name": "Force Staff", "leaver_status_description": "finished match, no abandon", "level": 11, "player_slot": 132, "leaver_status_name": "NONE", "hero_id": 74, "last_hits": 70, "kills": 5, "account_id": 26771994, "item_3_name": "Null Talisman", "item_4": 88, "item_3": 77, "item_4_name": "Ring of Basilius", "item_5": 0, "xp_per_min": 415, "hero_name": "Invoker", "gold_per_min": 437, "deaths": 0, "denies": 22, "item_2_name": "Boots of Speed", "item_1_name": "Hand of Midas"}], "dire_team_id": 1277262, "picks_bans": [{"order": 0, "is_pick": false, "hero_id": 53, "team": 1}, {"order": 1, "is_pick": false, "hero_id": 98, "team": 0}, {"order": 2, "is_pick": false, "hero_id": 92, "team": 1}, {"order": 3, "is_pick": false, "hero_id": 69, "team": 0}, {"order": 4, "is_pick": true, "hero_id": 74, "team": 1}, {"order": 5, "is_pick": true, "hero_id": 40, "team": 0}, {"order": 6, "is_pick": true, "hero_id": 49, "team": 0}, {"order": 7, "is_pick": true, "hero_id": 5, "team": 1}, {"order": 8, "is_pick": false, "hero_id": 93, "team": 1}, {"order": 9, "is_pick": false, "hero_id": 3, "team": 0}, {"order": 10, "is_pick": false, "hero_id": 48, "team": 1}, {"order": 11, "is_pick": false, "hero_id": 51, "team": 0}, {"order": 12, "is_pick": true, "hero_id": 45, "team": 0}, {"order": 13, "is_pick": true, "hero_id": 73, "team": 1}, {"order": 14, "is_pick": true, "hero_id": 103, "team": 0}, {"order": 15, "is_pick": true, "hero_id": 88, "team": 1}, {"order": 16, "is_pick": false, "hero_id": 63, "team": 0}, {"order": 17, "is_pick": false, "hero_id": 31, "team": 1}, {"order": 18, "is_pick": true, "hero_id": 58, "team": 0}, {"order": 19, "is_pick": true, "hero_id": 72, "team": 1}], "dire_name": "Sirkuss Finlandia", "negative_votes": 3}