{"duration": 2463, "radiant_logo": 594731030884014734, "leagueid": 15, "game_mode": 0, "radiant_score": 0, "positive_votes": 35, "lobby_type": 1, "lobby_name": "Practice", "radiant_win": false, "engine": 0, "pre_game_duration": 0, "match_id": 49695959, "dire_team_complete": 1, "dire_team_id": 1883502, "flags": 0, "dire_logo": 642124127283031446, "cluster": 132, "negative_votes": 1, "players": [{"item_5_name": "Ogre Club", "item_2": 63, "assists": 7, "item_4": 0, "leaver_status": 0, "leaver_status_description": "finished match, no abandon", "item_1": 41, "kills": 6, "hero_name": "Queen of Pain", "hero_id": 39, "level": 18, "item_0": 96, "gold_per_min": 348, "leaver_status_name": "NONE", "denies": 16, "player_slot": 0, "deaths": 7, "account_id": 26863344, "item_5": 21, "item_3": 46, "item_0_name": "Scythe of Vyse", "item_3_name": "Town Portal Scroll", "item_2_name": "Power Treads", "last_hits": 184, "item_1_name": "Bottle", "xp_per_min": 443}, {"item_2": 174, "assists": 3, "item_4": 0, "leaver_status": 0, "leaver_status_description": "finished match, no abandon", "item_1": 116, "kills": 5, "hero_name": "Riki", "hero_id": 32, "level": 14, "item_0": 214, "gold_per_min": 275, "leaver_status_name": "NONE", "denies": 16, "player_slot": 1, "deaths": 8, "account_id": 32410065, "item_5": 0, "item_3": 0, "item_0_name": "Tranquil Boots", "item_2_name": "Diffusal Blade", "last_hits": 137, "item_1_name": "Black King Bar", "xp_per_min": 288}, {"item_5_name": "Iron Branch", "item_2": 0, "assists": 6, "item_4": 0, "leaver_status": 0, "leaver_status_description": "finished match, no abandon", "item_1": 0, "kills": 1, "hero_name": "Lone Druid", "hero_id": 80, "level": 18, "item_0": 65, "item_3_name": "Boots of Speed", "leaver_status_name": "NONE", "denies": 1, "player_slot": 2, "deaths": 4, "account_id": 20237599, "item_5": 16, "item_3": 29, "item_0_name": "Hand of Midas", "gold_per_min": 396, "last_hits": 232, "xp_per_min": 431}, {"item_5_name": "Ogre Club", "item_2": 43, "assists": 8, "item_4": 36, "item_4_name": "Magic Wand", "leaver_status": 1, "leaver_status_description": "player DC, no abandon", "item_1": 0, "kills": 2, "hero_name": "Shadow Shaman", "hero_id": 27, "level": 12, "item_0": 180, "gold_per_min": 203, "leaver_status_name": "DISCONNECTED", "denies": 9, "player_slot": 3, "deaths": 5, "account_id": 20771881, "item_5": 21, "item_3": 1, "item_0_name": "Arcane Boots", "item_3_name": "Blink Dagger", "item_2_name": "Sentry Ward", "last_hits": 65, "xp_per_min": 218}, {"item_5_name": "Town Portal Scroll", "item_2": 40, "assists": 7, "item_4": 92, "item_4_name": "Urn of Shadows", "leaver_status": 0, "leaver_status_description": "finished match, no abandon", "item_1": 180, "kills": 4, "hero_name": "Disruptor", "hero_id": 87, "level": 14, "item_0": 37, "gold_per_min": 190, "leaver_status_name": "NONE", "denies": 8, "player_slot": 4, "deaths": 2, "account_id": 7185015, "item_5": 46, "item_3": 36, "item_0_name": "Ghost Scepter", "item_3_name": "Magic Wand", "item_2_name": "Dust of Appearance", "last_hits": 54, "item_1_name": "Arcane Boots", "xp_per_min": 282}, {"item_5_name": "Hand of Midas", "item_2": 63, "assists": 14, "item_4": 102, "item_4_name": "Force Staff", "leaver_status": 0, "leaver_status_description": "finished match, no abandon", "item_1": 0, "kills": 3, "hero_name": "Nature's Prophet", "hero_id": 53, "level": 20, "item_0": 194, "gold_per_min": 527, "leaver_status_name": "NONE", "denies": 1, "player_slot": 128, "deaths": 5, "account_id": 91931211, "item_5": 65, "item_3": 96, "item_0_name": "Necronomicon", "item_3_name": "Scythe of Vyse", "item_2_name": "Power Treads", "last_hits": 254, "xp_per_min": 520}, {"item_5_name": "Vladmir's Offering", "item_2": 147, "assists": 8, "item_4": 63, "item_4_name": "Power Treads", "leaver_status": 0, "leaver_status_description": "finished match, no abandon", "item_1": 116, "kills": 11, "hero_name": "Anti-Mage", "hero_id": 1, "level": 24, "item_0": 52, "gold_per_min": 662, "leaver_status_name": "NONE", "denies": 43, "player_slot": 129, "deaths": 1, "account_id": 26316691, "item_5": 81, "item_3": 145, "item_0_name": "Eaglesong", "item_3_name": "Battle Fury", "item_2_name": "Manta Style", "last_hits": 327, "item_1_name": "Black King Bar", "xp_per_min": 772}, {"item_5_name": "Mekansm", "item_2": 13, "assists": 9, "item_4": 30, "item_4_name": "Gem of True Sight", "leaver_status": 1, "leaver_status_description": "player DC, no abandon", "item_1": 214, "kills": 5, "hero_name": "Lich", "hero_id": 31, "level": 16, "item_0": 46, "gold_per_min": 327, "leaver_status_name": "DISCONNECTED", "denies": 3, "player_slot": 130, "deaths": 4, "account_id": 92926005, "item_5": 79, "item_3": 114, "item_0_name": "Town Portal Scroll", "item_3_name": "Heart of Tarrasque", "item_2_name": "Gauntlets of Strength", "last_hits": 69, "item_1_name": "Tranquil Boots", "xp_per_min": 343}, {"item_5_name": "Magic Wand", "item_2": 185, "assists": 11, "item_4": 117, "item_4_name": "Aegis of the Immortal", "leaver_status": 0, "leaver_status_description": "finished match, no abandon", "item_1": 102, "kills": 5, "hero_name": "Invoker", "hero_id": 74, "level": 20, "item_0": 96, "gold_per_min": 411, "leaver_status_name": "NONE", "denies": 17, "player_slot": 131, "deaths": 2, "account_id": 86840554, "item_5": 36, "item_3": 50, "item_0_name": "Scythe of Vyse", "item_3_name": "Phase Boots", "item_2_name": "Drum of Endurance", "last_hits": 164, "item_1_name": "Force Staff", "xp_per_min": 514}, {"item_2": 37, "assists": 15, "item_4": 0, "leaver_status": 0, "leaver_status_description": "finished match, no abandon", "item_1": 36, "kills": 2, "hero_name": "Rubick", "hero_id": 86, "level": 15, "item_0": 180, "gold_per_min": 256, "leaver_status_name": "NONE", "denies": 4, "player_slot": 132, "deaths": 6, "account_id": 93712171, "item_5": 0, "item_3": 46, "item_0_name": "Arcane Boots", "item_3_name": "Town Portal Scroll", "item_2_name": "Ghost Scepter", "last_hits": 48, "item_1_name": "Magic Wand", "xp_per_min": 314}], "tower_status_radiant": 0, "radiant_team_id": 159, "dire_score": 0, "human_players": 10, "match_seq_num": 47713963, "radiant_name": "Meet Your Makers", "cluster_name": "Europe West", "radiant_team_complete": 1, "barracks_status_dire": 63, "start_time": 1350252202, "dire_name": "Virtus.pro", "first_blood_time": 133, "tower_status_dire": 1830, "barracks_status_radiant": 0, "game_mode_name": "Unknown"}