{"duration": 1162, "radiant_logo": 46499322609643214, "leagueid": 16, "game_mode": 0, "radiant_score": 0, "positive_votes": 92, "lobby_type": 1, "lobby_name": "Practice", "pre_game_duration": 0, "match_id": 49910186, "tower_status_radiant": 2046, "flags": 0, "engine": 0, "cluster": 132, "negative_votes": 10, "players": [{"item_5_name": "Drum of Endurance", "item_2": 36, "assists": 9, "item_4": 0, "leaver_status": 0, "leaver_status_description": "finished match, no abandon", "item_1": 63, "kills": 3, "hero_name": "Naga Siren", "hero_id": 89, "level": 12, "item_0": 41, "gold_per_min": 382, "leaver_status_name": "NONE", "denies": 0, "player_slot": 0, "deaths": 1, "account_id": 87278757, "item_5": 185, "item_3": 30, "item_0_name": "Bottle", "item_3_name": "Gem of True Sight", "item_2_name": "Magic Wand", "last_hits": 65, "item_1_name": "Power Treads", "xp_per_min": 437}, {"item_5_name": "Power Treads", "item_2": 46, "assists": 4, "item_4": 0, "leaver_status": 0, "leaver_status_description": "finished match, no abandon", "item_1": 172, "kills": 2, "hero_name": "Sven", "hero_id": 18, "level": 12, "item_0": 36, "gold_per_min": 466, "leaver_status_name": "NONE", "denies": 17, "player_slot": 1, "deaths": 3, "account_id": 89625472, "item_5": 63, "item_3": 185, "item_0_name": "Magic Wand", "item_3_name": "Drum of Endurance", "item_2_name": "Town Portal Scroll", "last_hits": 112, "item_1_name": "Mask of Madness", "xp_per_min": 434}, {"item_5_name": "Power Treads", "item_2": 75, "assists": 7, "item_4": 46, "item_4_name": "Town Portal Scroll", "leaver_status": 0, "leaver_status_description": "finished match, no abandon", "item_1": 37, "kills": 7, "hero_name": "Mirana", "hero_id": 9, "level": 11, "item_0": 212, "gold_per_min": 343, "leaver_status_name": "NONE", "denies": 8, "player_slot": 2, "deaths": 4, "account_id": 70388657, "item_5": 63, "item_3": 75, "item_0_name": "Ring of Aquila", "item_3_name": "Wraith Band", "item_2_name": "Wraith Band", "last_hits": 29, "item_1_name": "Ghost Scepter", "xp_per_min": 371}, {"item_5_name": "Arcane Boots", "item_2": 31, "assists": 11, "item_4": 16, "item_4_name": "Iron Branch", "leaver_status": 1, "leaver_status_description": "player DC, no abandon", "item_1": 46, "kills": 4, "hero_name": "Tidehunter", "hero_id": 29, "level": 11, "item_0": 92, "gold_per_min": 320, "leaver_status_name": "DISCONNECTED", "denies": 0, "player_slot": 3, "deaths": 2, "account_id": 94338967, "item_5": 180, "item_3": 36, "item_0_name": "Urn of Shadows", "item_3_name": "Magic Wand", "item_2_name": "Cloak", "last_hits": 44, "item_1_name": "Town Portal Scroll", "xp_per_min": 340}, {"item_5_name": "Iron Branch", "item_2": 92, "assists": 6, "item_4": 16, "item_4_name": "Iron Branch", "leaver_status": 0, "leaver_status_description": "finished match, no abandon", "item_1": 34, "kills": 5, "hero_name": "Leshrac", "hero_id": 52, "level": 11, "item_0": 180, "gold_per_min": 340, "leaver_status_name": "NONE", "denies": 7, "player_slot": 4, "deaths": 1, "account_id": 107644273, "item_5": 16, "item_3": 0, "item_0_name": "Arcane Boots", "item_2_name": "Urn of Shadows", "last_hits": 46, "item_1_name": "Magic Stick", "xp_per_min": 358}, {"item_5_name": "Iron Branch", "item_2": 0, "assists": 3, "item_4": 16, "item_4_name": "Iron Branch", "leaver_status": 1, "leaver_status_description": "player DC, no abandon", "item_1": 8, "kills": 1, "hero_name": "Lone Druid", "hero_id": 80, "level": 11, "item_0": 46, "gold_per_min": 315, "leaver_status_name": "DISCONNECTED", "denies": 19, "player_slot": 128, "deaths": 4, "account_id": 16769223, "item_5": 16, "item_3": 214, "item_0_name": "Town Portal Scroll", "item_3_name": "Tranquil Boots", "last_hits": 92, "item_1_name": "Mithril Hammer", "xp_per_min": 392}, {"item_5_name": "Boots of Speed", "item_2": 36, "assists": 5, "item_4": 20, "item_4_name": "Circlet", "leaver_status": 1, "leaver_status_description": "player DC, no abandon", "item_1": 86, "kills": 2, "hero_name": "Dazzle", "hero_id": 50, "level": 9, "item_0": 46, "gold_per_min": 206, "leaver_status_name": "DISCONNECTED", "denies": 8, "player_slot": 129, "deaths": 5, "account_id": 109011773, "item_5": 29, "item_3": 94, "item_0_name": "Town Portal Scroll", "item_3_name": "Headdress", "item_2_name": "Magic Wand", "last_hits": 32, "item_1_name": "Buckler", "xp_per_min": 258}, {"item_5_name": "Magic Wand", "item_2": 19, "assists": 3, "item_4": 46, "item_4_name": "Town Portal Scroll", "leaver_status": 1, "leaver_status_description": "player DC, no abandon", "item_1": 63, "kills": 2, "hero_name": "Bounty Hunter", "hero_id": 62, "level": 8, "item_0": 73, "gold_per_min": 187, "leaver_status_name": "DISCONNECTED", "denies": 0, "player_slot": 130, "deaths": 4, "account_id": 1983704, "item_5": 36, "item_3": 11, "item_0_name": "Bracer", "item_3_name": "Quelling Blade", "item_2_name": "Robe of the Magi", "last_hits": 7, "item_1_name": "Power Treads", "xp_per_min": 181}, {"item_5_name": "Town Portal Scroll", "item_2": 43, "assists": 5, "item_4": 63, "item_4_name": "Power Treads", "leaver_status": 1, "leaver_status_description": "player DC, no abandon", "item_1": 187, "kills": 3, "hero_name": "Nature's Prophet", "hero_id": 53, "level": 9, "item_0": 60, "gold_per_min": 257, "leaver_status_name": "DISCONNECTED", "denies": 0, "player_slot": 131, "deaths": 6, "account_id": 92313705, "item_5": 46, "item_3": 16, "item_0_name": "Point Booster", "item_3_name": "Iron Branch", "item_2_name": "Sentry Ward", "last_hits": 61, "item_1_name": "Medallion of Courage", "xp_per_min": 255}, {"item_5_name": "Iron Branch", "item_2": 42, "assists": 5, "item_4": 29, "item_4_name": "Boots of Speed", "leaver_status": 1, "leaver_status_description": "player DC, no abandon", "item_1": 36, "kills": 3, "hero_name": "Crystal Maiden", "hero_id": 5, "level": 8, "item_0": 46, "gold_per_min": 182, "leaver_status_name": "DISCONNECTED", "denies": 0, "player_slot": 132, "deaths": 3, "account_id": 78648686, "item_5": 16, "item_3": 73, "item_0_name": "Town Portal Scroll", "item_3_name": "Bracer", "item_2_name": "Observer Ward", "last_hits": 9, "item_1_name": "Magic Wand", "xp_per_min": 217}], "radiant_win": true, "radiant_team_id": 36, "dire_score": 0, "human_players": 10, "match_seq_num": 47912486, "radiant_name": "Natus Vincere", "cluster_name": "Europe West", "radiant_team_complete": 0, "barracks_status_dire": 63, "start_time": 1350321863, "first_blood_time": 65, "tower_status_dire": 1968, "barracks_status_radiant": 63, "game_mode_name": "Unknown"}