{"tower_status_radiant": 2047, "flags": 0, "radiant_team_complete": 1, "game_mode": 2, "radiant_score": 0, "match_id": 508444089, "lobby_name": "Practice", "dire_logo": 469798435546445606, "pre_game_duration": 0, "radiant_name": "XPC International", "match_seq_num": 463135364, "dire_team_complete": 0, "start_time": 1391795592, "radiant_win": true, "positive_votes": 1, "leagueid": 169, "duration": 302, "dire_score": 0, "lobby_type": 1, "cluster": 191, "engine": 0, "barracks_status_dire": 63, "barracks_status_radiant": 63, "cluster_name": "Europe East", "first_blood_time": 110, "radiant_team_id": 1256674, "radiant_logo": 50986085993332472, "human_players": 10, "game_mode_name": "Captains Mode", "tower_status_dire": 2047, "players": [{"item_2": 14, "assists": 0, "leaver_status": 0, "item_1": 16, "item_0": 50, "item_0_name": "Phase Boots", "leaver_status_description": "finished match, no abandon", "level": 6, "player_slot": 0, "leaver_status_name": "NONE", "hero_id": 46, "last_hits": 26, "kills": 1, "account_id": 32335598, "item_3_name": "Town Portal Scroll", "item_4": 16, "item_3": 46, "item_4_name": "Iron Branch", "item_5": 16, "xp_per_min": 484, "item_5_name": "Iron Branch", "hero_name": "Templar Assassin", "gold_per_min": 378, "deaths": 0, "denies": 7, "item_2_name": "Slippers of Agility", "item_1_name": "Iron Branch"}, {"item_2": 88, "assists": 3, "leaver_status": 0, "item_1": 77, "item_0": 44, "item_0_name": "Tango", "leaver_status_description": "finished match, no abandon", "level": 6, "player_slot": 1, "leaver_status_name": "NONE", "hero_id": 74, "last_hits": 21, "kills": 1, "account_id": 98415809, "item_4": 29, "item_3": 0, "item_4_name": "Boots of Speed", "item_5": 0, "xp_per_min": 485, "hero_name": "Invoker", "gold_per_min": 375, "deaths": 0, "denies": 12, "item_2_name": "Ring of Basilius", "item_1_name": "Null Talisman"}, {"item_2": 88, "assists": 3, "leaver_status": 0, "item_1": 29, "item_0": 36, "item_0_name": "Magic Wand", "leaver_status_description": "finished match, no abandon", "level": 4, "player_slot": 2, "leaver_status_name": "NONE", "hero_id": 9, "last_hits": 14, "kills": 4, "account_id": 88486072, "item_3_name": "Blades of Attack", "item_4": 44, "item_3": 2, "item_4_name": "Tango", "item_5": 0, "xp_per_min": 271, "hero_name": "Mirana", "gold_per_min": 430, "deaths": 0, "denies": 0, "item_2_name": "Ring of Basilius", "item_1_name": "Boots of Speed"}, {"item_2": 29, "assists": 6, "leaver_status": 0, "item_1": 0, "item_0": 34, "item_0_name": "Magic Stick", "leaver_status_description": "finished match, no abandon", "level": 4, "player_slot": 3, "leaver_status_name": "NONE", "hero_id": 5, "last_hits": 3, "kills": 1, "account_id": 86719763, "item_3_name": "Iron Branch", "item_4": 16, "item_3": 16, "item_4_name": "Iron Branch", "item_5": 16, "xp_per_min": 259, "item_5_name": "Iron Branch", "hero_name": "Crystal Maiden", "gold_per_min": 286, "deaths": 0, "denies": 1, "item_2_name": "Boots of Speed"}, {"item_2": 16, "assists": 4, "leaver_status": 0, "item_1": 29, "item_0": 34, "item_0_name": "Magic Stick", "leaver_status_description": "finished match, no abandon", "level": 4, "player_slot": 4, "leaver_status_name": "NONE", "hero_id": 7, "last_hits": 1, "kills": 2, "account_id": 28850313, "item_4": 0, "item_3": 0, "item_5": 0, "xp_per_min": 244, "hero_name": "Earthshaker", "gold_per_min": 257, "deaths": 0, "denies": 0, "item_2_name": "Iron Branch", "item_1_name": "Boots of Speed"}, {"item_2": 178, "assists": 0, "leaver_status": 0, "item_1": 182, "item_0": 0, "leaver_status_description": "finished match, no abandon", "level": 5, "player_slot": 128, "leaver_status_name": "NONE", "hero_id": 55, "last_hits": 11, "kills": 0, "account_id": 58534544, "item_4": 0, "item_3": 0, "item_5": 0, "xp_per_min": 319, "hero_name": "Dark Seer", "gold_per_min": 192, "deaths": 1, "denies": 0, "item_2_name": "Soul Ring", "item_1_name": "Stout Shield"}, {"item_2": 36, "assists": 0, "leaver_status": 0, "item_1": 182, "item_0": 44, "item_0_name": "Tango", "leaver_status_description": "finished match, no abandon", "level": 5, "player_slot": 129, "leaver_status_name": "NONE", "hero_id": 93, "last_hits": 11, "kills": 0, "account_id": 38375358, "item_4": 0, "item_3": 0, "item_5": 29, "xp_per_min": 302, "item_5_name": "Boots of Speed", "hero_name": "Slark", "gold_per_min": 198, "deaths": 1, "denies": 4, "item_2_name": "Magic Wand", "item_1_name": "Stout Shield"}, {"item_2": 44, "assists": 0, "leaver_status": 0, "item_1": 16, "item_0": 16, "item_0_name": "Iron Branch", "leaver_status_description": "finished match, no abandon", "level": 2, "player_slot": 130, "leaver_status_name": "NONE", "hero_id": 50, "last_hits": 1, "kills": 0, "account_id": 82712693, "item_3_name": "Iron Branch", "item_4": 20, "item_3": 16, "item_4_name": "Circlet", "item_5": 0, "xp_per_min": 73, "hero_name": "Dazzle", "gold_per_min": 107, "deaths": 4, "denies": 3, "item_2_name": "Tango", "item_1_name": "Iron Branch"}, {"item_2": 0, "assists": 0, "leaver_status": 0, "item_1": 0, "item_0": 88, "item_0_name": "Ring of Basilius", "leaver_status_description": "finished match, no abandon", "level": 3, "player_slot": 131, "leaver_status_name": "NONE", "hero_id": 99, "last_hits": 16, "kills": 0, "account_id": 101260318, "item_3_name": "Iron Branch", "item_4": 16, "item_3": 16, "item_4_name": "Iron Branch", "item_5": 16, "xp_per_min": 163, "item_5_name": "Iron Branch", "hero_name": "Bristleback", "gold_per_min": 242, "deaths": 2, "denies": 0}, {"item_2": 0, "assists": 0, "leaver_status": 0, "item_1": 44, "item_0": 42, "item_0_name": "Observer Ward", "leaver_status_description": "finished match, no abandon", "level": 3, "player_slot": 132, "leaver_status_name": "NONE", "hero_id": 26, "last_hits": 2, "kills": 0, "account_id": 89616690, "item_3_name": "Healing Salve", "item_4": 12, "item_3": 39, "item_4_name": "Ring of Protection", "item_5": 0, "xp_per_min": 149, "hero_name": "Lion", "gold_per_min": 115, "deaths": 1, "denies": 0, "item_1_name": "Tango"}], "dire_team_id": 705990, "picks_bans": [{"order": 0, "is_pick": false, "hero_id": 92, "team": 0}, {"order": 1, "is_pick": false, "hero_id": 53, "team": 1}, {"order": 2, "is_pick": false, "hero_id": 43, "team": 0}, {"order": 3, "is_pick": false, "hero_id": 54, "team": 1}, {"order": 4, "is_pick": true, "hero_id": 5, "team": 0}, {"order": 5, "is_pick": true, "hero_id": 99, "team": 1}, {"order": 6, "is_pick": true, "hero_id": 26, "team": 1}, {"order": 7, "is_pick": true, "hero_id": 7, "team": 0}, {"order": 8, "is_pick": false, "hero_id": 73, "team": 0}, {"order": 9, "is_pick": false, "hero_id": 47, "team": 1}, {"order": 10, "is_pick": false, "hero_id": 102, "team": 0}, {"order": 11, "is_pick": false, "hero_id": 63, "team": 1}, {"order": 12, "is_pick": true, "hero_id": 50, "team": 1}, {"order": 13, "is_pick": true, "hero_id": 46, "team": 0}, {"order": 14, "is_pick": true, "hero_id": 93, "team": 1}, {"order": 15, "is_pick": true, "hero_id": 9, "team": 0}, {"order": 16, "is_pick": false, "hero_id": 98, "team": 1}, {"order": 17, "is_pick": false, "hero_id": 76, "team": 0}, {"order": 18, "is_pick": true, "hero_id": 55, "team": 1}, {"order": 19, "is_pick": true, "hero_id": 74, "team": 0}], "dire_name": "H3roes of the Wars", "negative_votes": 1}