{"tower_status_radiant": 1974, "flags": 0, "radiant_team_complete": 1, "game_mode": 2, "radiant_score": 0, "match_id": 517762402, "lobby_name": "Practice", "dire_logo": 721993905131530066, "pre_game_duration": 0, "radiant_name": "Tricked e-Sports", "match_seq_num": 471794738, "dire_team_complete": 1, "start_time": 1392232417, "radiant_win": true, "positive_votes": 16, "leagueid": 181, "duration": 2154, "dire_score": 0, "lobby_type": 1, "cluster": 136, "engine": 0, "barracks_status_dire": 3, "barracks_status_radiant": 63, "cluster_name": "Europe West", "first_blood_time": 147, "radiant_team_id": 1182003, "radiant_logo": 705108571560561583, "human_players": 10, "game_mode_name": "Captains Mode", "tower_status_dire": 1540, "players": [{"item_2": 180, "assists": 10, "leaver_status": 0, "item_1": 0, "item_0": 102, "item_0_name": "Force Staff", "leaver_status_description": "finished match, no abandon", "level": 14, "player_slot": 0, "leaver_status_name": "NONE", "hero_id": 3, "last_hits": 31, "kills": 2, "account_id": 77864913, "item_4": 0, "item_3": 0, "item_5": 46, "xp_per_min": 324, "item_5_name": "Town Portal Scroll", "hero_name": "Bane", "gold_per_min": 279, "deaths": 3, "denies": 4, "item_2_name": "Arcane Boots"}, {"item_2": 50, "assists": 20, "leaver_status": 0, "item_1": 36, "item_0": 116, "item_0_name": "Black King Bar", "leaver_status_description": "finished match, no abandon", "level": 19, "player_slot": 1, "leaver_status_name": "NONE", "hero_id": 72, "last_hits": 154, "kills": 6, "account_id": 32410065, "item_3_name": "Drum of Endurance", "item_4": 170, "item_3": 185, "item_4_name": "Yasha", "item_5": 212, "xp_per_min": 581, "item_5_name": "Ring of Aquila", "hero_name": "Gyrocopter", "gold_per_min": 503, "deaths": 6, "denies": 4, "item_2_name": "Phase Boots", "item_1_name": "Magic Wand"}, {"item_2": 92, "assists": 13, "leaver_status": 0, "item_1": 180, "item_0": 1, "item_0_name": "Blink Dagger", "leaver_status_description": "finished match, no abandon", "level": 17, "player_slot": 2, "leaver_status_name": "NONE", "hero_id": 16, "last_hits": 64, "kills": 5, "account_id": 69166090, "item_4": 116, "item_3": 0, "item_4_name": "Black King Bar", "item_5": 0, "xp_per_min": 436, "hero_name": "Sand King", "gold_per_min": 348, "deaths": 7, "denies": 0, "item_2_name": "Urn of Shadows", "item_1_name": "Arcane Boots"}, {"item_2": 149, "assists": 9, "leaver_status": 0, "item_1": 50, "item_0": 96, "item_0_name": "Scythe of Vyse", "leaver_status_description": "finished match, no abandon", "level": 21, "player_slot": 3, "leaver_status_name": "NONE", "hero_id": 53, "last_hits": 194, "kills": 14, "account_id": 11603325, "item_3_name": "Platemail", "item_4": 108, "item_3": 9, "item_4_name": "Aghanim's Scepter", "item_5": 168, "xp_per_min": 652, "item_5_name": "Desolator", "hero_name": "Nature's Prophet", "gold_per_min": 603, "deaths": 3, "denies": 6, "item_2_name": "Crystalys", "item_1_name": "Phase Boots"}, {"item_2": 65, "assists": 6, "leaver_status": 0, "item_1": 77, "item_0": 96, "item_0_name": "Scythe of Vyse", "leaver_status_description": "finished match, no abandon", "level": 19, "player_slot": 4, "leaver_status_name": "NONE", "hero_id": 76, "last_hits": 142, "kills": 7, "account_id": 26682464, "item_3_name": "Force Staff", "item_4": 119, "item_3": 102, "item_4_name": "Shiva's Guard", "item_5": 63, "xp_per_min": 529, "item_5_name": "Power Treads", "hero_name": "Outworld Devourer", "gold_per_min": 498, "deaths": 2, "denies": 35, "item_2_name": "Hand of Midas", "item_1_name": "Null Talisman"}, {"item_2": 63, "assists": 6, "leaver_status": 0, "item_1": 0, "item_0": 41, "item_0_name": "Bottle", "leaver_status_description": "finished match, no abandon", "level": 16, "player_slot": 128, "leaver_status_name": "NONE", "hero_id": 11, "last_hits": 215, "kills": 3, "account_id": 59360853, "item_3_name": "Wraith Band", "item_4": 116, "item_3": 75, "item_4_name": "Black King Bar", "item_5": 149, "xp_per_min": 420, "item_5_name": "Crystalys", "hero_name": "Shadow Fiend", "gold_per_min": 417, "deaths": 9, "denies": 7, "item_2_name": "Power Treads"}, {"item_2": 46, "assists": 10, "leaver_status": 0, "item_1": 29, "item_0": 187, "item_0_name": "Medallion of Courage", "leaver_status_description": "finished match, no abandon", "level": 12, "player_slot": 129, "leaver_status_name": "NONE", "hero_id": 92, "last_hits": 12, "kills": 3, "account_id": 90057828, "item_4": 42, "item_3": 0, "item_4_name": "Observer Ward", "item_5": 36, "xp_per_min": 247, "item_5_name": "Magic Wand", "hero_name": "Visage", "gold_per_min": 210, "deaths": 9, "denies": 0, "item_2_name": "Town Portal Scroll", "item_1_name": "Boots of Speed"}, {"item_2": 34, "assists": 4, "leaver_status": 0, "item_1": 102, "item_0": 50, "item_0_name": "Phase Boots", "leaver_status_description": "finished match, no abandon", "level": 15, "player_slot": 130, "leaver_status_name": "NONE", "hero_id": 74, "last_hits": 126, "kills": 2, "account_id": 99947395, "item_3_name": "Eul's Scepter of Divinity", "item_4": 77, "item_3": 100, "item_4_name": "Null Talisman", "item_5": 46, "xp_per_min": 365, "item_5_name": "Town Portal Scroll", "hero_name": "Invoker", "gold_per_min": 310, "deaths": 7, "denies": 17, "item_2_name": "Magic Stick", "item_1_name": "Force Staff"}, {"item_2": 116, "assists": 5, "leaver_status": 0, "item_1": 36, "item_0": 51, "item_0_name": "Demon Edge", "leaver_status_description": "finished match, no abandon", "level": 20, "player_slot": 131, "leaver_status_name": "NONE", "hero_id": 9, "last_hits": 166, "kills": 10, "account_id": 87673560, "item_3_name": "Phase Boots", "item_4": 166, "item_3": 50, "item_4_name": "Maelstrom", "item_5": 149, "xp_per_min": 596, "item_5_name": "Crystalys", "hero_name": "Mirana", "gold_per_min": 482, "deaths": 3, "denies": 31, "item_2_name": "Black King Bar", "item_1_name": "Magic Wand"}, {"item_2": 34, "assists": 10, "leaver_status": 0, "item_1": 180, "item_0": 21, "item_0_name": "Ogre Club", "leaver_status_description": "finished match, no abandon", "level": 11, "player_slot": 132, "leaver_status_name": "NONE", "hero_id": 89, "last_hits": 37, "kills": 1, "account_id": 96079685, "item_3_name": "Sentry Ward", "item_4": 0, "item_3": 43, "item_5": 0, "xp_per_min": 226, "hero_name": "Naga Siren", "gold_per_min": 213, "deaths": 8, "denies": 1, "item_2_name": "Magic Stick", "item_1_name": "Arcane Boots"}], "dire_team_id": 3515, "picks_bans": [{"order": 0, "is_pick": false, "hero_id": 99, "team": 1}, {"order": 1, "is_pick": false, "hero_id": 51, "team": 0}, {"order": 2, "is_pick": false, "hero_id": 40, "team": 1}, {"order": 3, "is_pick": false, "hero_id": 98, "team": 0}, {"order": 4, "is_pick": true, "hero_id": 74, "team": 1}, {"order": 5, "is_pick": true, "hero_id": 53, "team": 0}, {"order": 6, "is_pick": true, "hero_id": 76, "team": 0}, {"order": 7, "is_pick": true, "hero_id": 92, "team": 1}, {"order": 8, "is_pick": false, "hero_id": 93, "team": 1}, {"order": 9, "is_pick": false, "hero_id": 65, "team": 0}, {"order": 10, "is_pick": false, "hero_id": 43, "team": 1}, {"order": 11, "is_pick": false, "hero_id": 88, "team": 0}, {"order": 12, "is_pick": true, "hero_id": 3, "team": 0}, {"order": 13, "is_pick": true, "hero_id": 9, "team": 1}, {"order": 14, "is_pick": true, "hero_id": 72, "team": 0}, {"order": 15, "is_pick": true, "hero_id": 89, "team": 1}, {"order": 16, "is_pick": false, "hero_id": 31, "team": 0}, {"order": 17, "is_pick": false, "hero_id": 66, "team": 1}, {"order": 18, "is_pick": true, "hero_id": 16, "team": 0}, {"order": 19, "is_pick": true, "hero_id": 11, "team": 1}], "dire_name": "euforia", "negative_votes": 18}