{"duration": 3129, "radiant_logo": 541924293718462159, "leagueid": 13, "game_mode": 0, "radiant_score": 0, "positive_votes": 344, "lobby_type": 1, "lobby_name": "Practice", "radiant_win": false, "engine": 0, "pre_game_duration": 0, "match_id": 51936921, "dire_team_complete": 1, "dire_team_id": 36, "flags": 0, "dire_logo": 46499322609643214, "cluster": 132, "negative_votes": 18, "players": [{"item_5_name": "Bracer", "item_2": 185, "assists": 4, "item_4": 0, "leaver_status": 1, "leaver_status_description": "player DC, no abandon", "item_1": 116, "kills": 3, "hero_name": "Leshrac", "hero_id": 52, "level": 17, "item_0": 36, "gold_per_min": 242, "leaver_status_name": "DISCONNECTED", "denies": 6, "player_slot": 0, "deaths": 8, "account_id": 89137399, "item_5": 73, "item_3": 180, "item_0_name": "Magic Wand", "item_3_name": "Arcane Boots", "item_2_name": "Drum of Endurance", "last_hits": 132, "item_1_name": "Black King Bar", "xp_per_min": 294}, {"item_5_name": "Boots of Speed", "item_2": 0, "assists": 6, "item_4": 73, "item_4_name": "Bracer", "leaver_status": 1, "leaver_status_description": "player DC, no abandon", "item_1": 36, "kills": 0, "hero_name": "Disruptor", "hero_id": 87, "level": 13, "item_0": 102, "gold_per_min": 178, "leaver_status_name": "DISCONNECTED", "denies": 2, "player_slot": 1, "deaths": 9, "account_id": 86836744, "item_5": 29, "item_3": 6, "item_0_name": "Force Staff", "item_3_name": "Helm of Iron Will", "last_hits": 62, "item_1_name": "Magic Wand", "xp_per_min": 176}, {"item_5_name": "Platemail", "item_2": 21, "assists": 9, "item_4": 46, "item_4_name": "Town Portal Scroll", "leaver_status": 1, "leaver_status_description": "player DC, no abandon", "item_1": 61, "kills": 1, "hero_name": "Undying", "hero_id": 85, "level": 15, "item_0": 79, "gold_per_min": 235, "leaver_status_name": "DISCONNECTED", "denies": 15, "player_slot": 2, "deaths": 8, "account_id": 87201671, "item_5": 9, "item_3": 180, "item_0_name": "Mekansm", "item_3_name": "Arcane Boots", "item_2_name": "Ogre Club", "last_hits": 136, "item_1_name": "Vitality Booster", "xp_per_min": 246}, {"item_5_name": "Desolator", "item_2": 1, "assists": 3, "item_4": 36, "item_4_name": "Magic Wand", "leaver_status": 0, "leaver_status_description": "finished match, no abandon", "item_1": 116, "kills": 3, "hero_name": "Templar Assassin", "hero_id": 46, "level": 18, "item_0": 50, "gold_per_min": 325, "leaver_status_name": "NONE", "denies": 19, "player_slot": 3, "deaths": 5, "account_id": 86750262, "item_5": 168, "item_3": 46, "item_0_name": "Phase Boots", "item_3_name": "Town Portal Scroll", "item_2_name": "Blink Dagger", "last_hits": 203, "item_1_name": "Black King Bar", "xp_per_min": 341}, {"item_5_name": "Town Portal Scroll", "item_2": 174, "assists": 3, "item_4": 141, "item_4_name": "Daedalus", "leaver_status": 1, "leaver_status_description": "player DC, no abandon", "item_1": 98, "kills": 3, "hero_name": "Clinkz", "hero_id": 56, "level": 21, "item_0": 116, "gold_per_min": 405, "leaver_status_name": "DISCONNECTED", "denies": 9, "player_slot": 4, "deaths": 2, "account_id": 86723143, "item_5": 46, "item_3": 63, "item_0_name": "Black King Bar", "item_3_name": "Power Treads", "item_2_name": "Diffusal Blade", "last_hits": 298, "item_1_name": "Orchid Malevolence", "xp_per_min": 454}, {"item_5_name": "Blink Dagger", "item_2": 180, "assists": 14, "item_4": 0, "leaver_status": 1, "leaver_status_description": "player DC, no abandon", "item_1": 46, "kills": 3, "hero_name": "Earthshaker", "hero_id": 7, "level": 16, "item_0": 60, "gold_per_min": 221, "leaver_status_name": "DISCONNECTED", "denies": 1, "player_slot": 128, "deaths": 3, "account_id": 87278757, "item_5": 1, "item_3": 37, "item_0_name": "Point Booster", "item_3_name": "Ghost Scepter", "item_2_name": "Arcane Boots", "last_hits": 72, "item_1_name": "Town Portal Scroll", "xp_per_min": 266}, {"item_5_name": "Power Treads", "item_2": 116, "assists": 11, "item_4": 55, "item_4_name": "Hyperstone", "leaver_status": 0, "leaver_status_description": "finished match, no abandon", "item_1": 117, "kills": 10, "hero_name": "Chaos Knight", "hero_id": 81, "level": 22, "item_0": 114, "gold_per_min": 464, "leaver_status_name": "NONE", "denies": 25, "player_slot": 129, "deaths": 4, "account_id": 89625472, "item_5": 63, "item_3": 185, "item_0_name": "Heart of Tarrasque", "item_3_name": "Drum of Endurance", "item_2_name": "Black King Bar", "last_hits": 274, "item_1_name": "Aegis of the Immortal", "xp_per_min": 489}, {"item_5_name": "Tranquil Boots", "item_2": 37, "assists": 18, "item_4": 1, "item_4_name": "Blink Dagger", "leaver_status": 0, "leaver_status_description": "finished match, no abandon", "item_1": 102, "kills": 7, "hero_name": "Batrider", "hero_id": 65, "level": 20, "item_0": 30, "gold_per_min": 349, "leaver_status_name": "NONE", "denies": 17, "player_slot": 130, "deaths": 1, "account_id": 70388657, "item_5": 214, "item_3": 116, "item_0_name": "Gem of True Sight", "item_3_name": "Black King Bar", "item_2_name": "Ghost Scepter", "last_hits": 205, "item_1_name": "Force Staff", "xp_per_min": 432}, {"item_5_name": "Town Portal Scroll", "item_2": 180, "assists": 17, "item_4": 90, "item_4_name": "Pipe of Insight", "leaver_status": 0, "leaver_status_description": "finished match, no abandon", "item_1": 108, "kills": 9, "hero_name": "Dark Seer", "hero_id": 55, "level": 21, "item_0": 37, "gold_per_min": 411, "leaver_status_name": "NONE", "denies": 0, "player_slot": 131, "deaths": 3, "account_id": 89326318, "item_5": 46, "item_3": 119, "item_0_name": "Ghost Scepter", "item_3_name": "Shiva's Guard", "item_2_name": "Arcane Boots", "last_hits": 262, "item_1_name": "Aghanim's Scepter", "xp_per_min": 468}, {"item_5_name": "Dust of Appearance", "item_2": 48, "assists": 13, "item_4": 42, "item_4_name": "Observer Ward", "leaver_status": 0, "leaver_status_description": "finished match, no abandon", "item_1": 37, "kills": 3, "hero_name": "Keeper of the Light", "hero_id": 90, "level": 20, "item_0": 79, "gold_per_min": 305, "leaver_status_name": "NONE", "denies": 2, "player_slot": 132, "deaths": 0, "account_id": 107644273, "item_5": 40, "item_3": 119, "item_0_name": "Mekansm", "item_3_name": "Shiva's Guard", "item_2_name": "Boots of Travel", "last_hits": 164, "item_1_name": "Ghost Scepter", "xp_per_min": 433}], "tower_status_radiant": 260, "radiant_team_id": 46, "dire_score": 0, "human_players": 10, "match_seq_num": 49813946, "radiant_name": "Team Empire", "cluster_name": "Europe West", "radiant_team_complete": 0, "barracks_status_dire": 63, "start_time": 1350852469, "dire_name": "Natus Vincere", "first_blood_time": 104, "tower_status_dire": 1830, "barracks_status_radiant": 51, "game_mode_name": "Unknown"}