{"tower_status_radiant": 1572, "flags": 0, "lobby_type": 1, "cluster": 142, "game_mode_name": "Captains Mode", "engine": 0, "barracks_status_dire": 63, "barracks_status_radiant": 15, "cluster_name": "South Korea", "radiant_score": 0, "match_id": 521477187, "lobby_name": "Practice", "dire_score": 0, "first_blood_time": 71, "radiant_team_id": 737695, "radiant_logo": 702855500368426585, "human_players": 10, "pre_game_duration": 0, "radiant_team_complete": 1, "tower_status_dire": 1830, "players": [{"item_2": 214, "assists": 12, "leaver_status": 0, "item_1": 23, "item_0": 92, "item_0_name": "Urn of Shadows", "leaver_status_description": "finished match, no abandon", "level": 11, "player_slot": 0, "leaver_status_name": "NONE", "hero_id": 5, "last_hits": 18, "kills": 1, "account_id": 110513693, "item_3_name": "Sentry Ward", "item_4": 46, "item_3": 43, "item_4_name": "Town Portal Scroll", "item_5": 0, "xp_per_min": 185, "hero_name": "Crystal Maiden", "gold_per_min": 210, "deaths": 4, "denies": 0, "item_2_name": "Tranquil Boots", "item_1_name": "Staff of Wizardry"}, {"item_2": 36, "assists": 12, "leaver_status": 0, "item_1": 21, "item_0": 1, "item_0_name": "Blink Dagger", "leaver_status_description": "finished match, no abandon", "level": 14, "player_slot": 1, "leaver_status_name": "NONE", "hero_id": 27, "last_hits": 107, "kills": 4, "account_id": 87360406, "item_3_name": "Bottle", "item_4": 180, "item_3": 41, "item_4_name": "Arcane Boots", "item_5": 0, "xp_per_min": 301, "hero_name": "Shadow Shaman", "gold_per_min": 339, "deaths": 10, "denies": 3, "item_2_name": "Magic Wand", "item_1_name": "Ogre Club"}, {"item_2": 16, "assists": 7, "leaver_status": 0, "item_1": 0, "item_0": 29, "item_0_name": "Boots of Speed", "additional_units": [{"item_2": 182, "item_1": 11, "item_4": 137, "item_0": 50, "item_3": 181, "item_5": 65, "unitname": "spirit_bear"}], "leaver_status_description": "finished match, no abandon", "level": 17, "player_slot": 2, "leaver_status_name": "NONE", "hero_id": 80, "last_hits": 169, "kills": 3, "account_id": 102099826, "item_3_name": "Town Portal Scroll", "item_4": 4, "item_3": 46, "item_4_name": "Chainmail", "item_5": 9, "xp_per_min": 439, "item_5_name": "Platemail", "hero_name": "Lone Druid", "gold_per_min": 440, "deaths": 4, "denies": 7, "item_2_name": "Iron Branch"}, {"item_2": 185, "assists": 5, "leaver_status": 0, "item_1": 88, "item_0": 147, "item_0_name": "Manta Style", "leaver_status_description": "finished match, no abandon", "level": 15, "player_slot": 3, "leaver_status_name": "NONE", "hero_id": 9, "last_hits": 124, "kills": 8, "account_id": 115102590, "item_3_name": "Town Portal Scroll", "item_4": 21, "item_3": 46, "item_4_name": "Ogre Club", "item_5": 50, "xp_per_min": 355, "item_5_name": "Phase Boots", "hero_name": "Mirana", "gold_per_min": 373, "deaths": 5, "denies": 23, "item_2_name": "Drum of Endurance", "item_1_name": "Ring of Basilius"}, {"item_2": 0, "assists": 7, "leaver_status": 0, "item_1": 1, "item_0": 180, "item_0_name": "Arcane Boots", "leaver_status_description": "finished match, no abandon", "level": 12, "player_slot": 4, "leaver_status_name": "NONE", "hero_id": 7, "last_hits": 13, "kills": 4, "account_id": 91162296, "item_3_name": "Magic Wand", "item_4": 0, "item_3": 36, "item_5": 42, "xp_per_min": 246, "item_5_name": "Observer Ward", "hero_name": "Earthshaker", "gold_per_min": 206, "deaths": 5, "denies": 0, "item_1_name": "Blink Dagger"}, {"item_2": 180, "assists": 9, "leaver_status": 0, "item_1": 92, "item_0": 210, "item_0_name": "Heaven's Halberd", "leaver_status_description": "finished match, no abandon", "level": 16, "player_slot": 128, "leaver_status_name": "NONE", "hero_id": 91, "last_hits": 37, "kills": 3, "account_id": 20796460, "item_3_name": "Magic Stick", "item_4": 41, "item_3": 34, "item_4_name": "Bottle", "item_5": 0, "xp_per_min": 384, "hero_name": "Io", "gold_per_min": 297, "deaths": 6, "denies": 2, "item_2_name": "Arcane Boots", "item_1_name": "Urn of Shadows"}, {"item_2": 40, "assists": 10, "leaver_status": 0, "item_1": 214, "item_0": 46, "item_0_name": "Town Portal Scroll", "leaver_status_description": "finished match, no abandon", "level": 16, "player_slot": 129, "leaver_status_name": "NONE", "hero_id": 31, "last_hits": 29, "kills": 3, "account_id": 66296404, "item_3_name": "Smoke of Deceit", "item_4": 79, "item_3": 188, "item_4_name": "Mekansm", "item_5": 102, "xp_per_min": 388, "item_5_name": "Force Staff", "hero_name": "Lich", "gold_per_min": 281, "deaths": 4, "denies": 2, "item_2_name": "Dust of Appearance", "item_1_name": "Tranquil Boots"}, {"item_2": 185, "assists": 9, "leaver_status": 0, "item_1": 116, "item_0": 63, "item_0_name": "Power Treads", "leaver_status_description": "finished match, no abandon", "level": 20, "player_slot": 130, "leaver_status_name": "NONE", "hero_id": 19, "last_hits": 258, "kills": 11, "account_id": 32940748, "item_3_name": "Aghanim's Scepter", "item_4": 55, "item_3": 108, "item_4_name": "Hyperstone", "item_5": 141, "xp_per_min": 593, "item_5_name": "Daedalus", "hero_name": "Tiny", "gold_per_min": 694, "deaths": 2, "denies": 13, "item_2_name": "Drum of Endurance", "item_1_name": "Black King Bar"}, {"item_2": 36, "assists": 10, "leaver_status": 0, "item_1": 116, "item_0": 63, "item_0_name": "Power Treads", "leaver_status_description": "finished match, no abandon", "level": 19, "player_slot": 131, "leaver_status_name": "NONE", "hero_id": 17, "last_hits": 200, "kills": 9, "account_id": 106781506, "item_3_name": "Orchid Malevolence", "item_4": 119, "item_3": 98, "item_4_name": "Shiva's Guard", "item_5": 117, "xp_per_min": 552, "item_5_name": "Aegis of the Immortal", "hero_name": "Storm Spirit", "gold_per_min": 510, "deaths": 3, "denies": 6, "item_2_name": "Magic Wand", "item_1_name": "Black King Bar"}, {"item_2": 30, "assists": 13, "leaver_status": 0, "item_1": 102, "item_0": 1, "item_0_name": "Blink Dagger", "leaver_status_description": "finished match, no abandon", "level": 14, "player_slot": 132, "leaver_status_name": "NONE", "hero_id": 88, "last_hits": 65, "kills": 2, "account_id": 20321748, "item_3_name": "Ghost Scepter", "item_4": 46, "item_3": 37, "item_4_name": "Town Portal Scroll", "item_5": 180, "xp_per_min": 327, "item_5_name": "Arcane Boots", "hero_name": "Nyx Assassin", "gold_per_min": 297, "deaths": 5, "denies": 12, "item_2_name": "Gem of True Sight", "item_1_name": "Force Staff"}], "radiant_name": "EoT Gaming Hammer Team", "match_seq_num": 475150362, "start_time": 1392447271, "picks_bans": [{"order": 0, "is_pick": false, "hero_id": 98, "team": 1}, {"order": 1, "is_pick": false, "hero_id": 54, "team": 0}, {"order": 2, "is_pick": false, "hero_id": 74, "team": 1}, {"order": 3, "is_pick": false, "hero_id": 93, "team": 0}, {"order": 4, "is_pick": true, "hero_id": 88, "team": 1}, {"order": 5, "is_pick": true, "hero_id": 9, "team": 0}, {"order": 6, "is_pick": true, "hero_id": 5, "team": 0}, {"order": 7, "is_pick": true, "hero_id": 17, "team": 1}, {"order": 8, "is_pick": false, "hero_id": 76, "team": 1}, {"order": 9, "is_pick": false, "hero_id": 40, "team": 0}, {"order": 10, "is_pick": false, "hero_id": 89, "team": 1}, {"order": 11, "is_pick": false, "hero_id": 16, "team": 0}, {"order": 12, "is_pick": true, "hero_id": 7, "team": 0}, {"order": 13, "is_pick": true, "hero_id": 91, "team": 1}, {"order": 14, "is_pick": true, "hero_id": 80, "team": 0}, {"order": 15, "is_pick": true, "hero_id": 19, "team": 1}, {"order": 16, "is_pick": false, "hero_id": 79, "team": 0}, {"order": 17, "is_pick": false, "hero_id": 53, "team": 1}, {"order": 18, "is_pick": true, "hero_id": 27, "team": 0}, {"order": 19, "is_pick": true, "hero_id": 31, "team": 1}], "radiant_win": false, "positive_votes": 103, "leagueid": 151, "game_mode": 2, "duration": 2130, "negative_votes": 6}