{"tower_status_radiant": 1542, "flags": 0, "radiant_team_complete": 1, "game_mode": 2, "radiant_score": 0, "match_id": 528000457, "lobby_name": "Practice", "dire_logo": 642124127283031446, "pre_game_duration": 0, "radiant_name": "MeetYourMakers.Dota2", "match_seq_num": 481101446, "dire_team_complete": 0, "start_time": 1392751353, "radiant_win": false, "positive_votes": 9, "leagueid": 176, "duration": 1758, "dire_score": 0, "lobby_type": 1, "cluster": 136, "engine": 0, "barracks_status_dire": 63, "barracks_status_radiant": 51, "cluster_name": "Europe West", "first_blood_time": 277, "radiant_team_id": 1335685, "radiant_logo": 3318328211037238900, "human_players": 10, "game_mode_name": "Captains Mode", "tower_status_dire": 2036, "players": [{"item_2": 180, "assists": 1, "leaver_status": 1, "item_1": 0, "item_0": 43, "item_0_name": "Sentry Ward", "leaver_status_description": "player DC, no abandon", "level": 10, "player_slot": 0, "leaver_status_name": "DISCONNECTED", "hero_id": 52, "last_hits": 40, "kills": 1, "account_id": 25907144, "item_3_name": "Smoke of Deceit", "item_4": 42, "item_3": 188, "item_4_name": "Observer Ward", "item_5": 0, "xp_per_min": 197, "hero_name": "Leshrac", "gold_per_min": 197, "deaths": 6, "denies": 7, "item_2_name": "Arcane Boots"}, {"item_2": 36, "assists": 0, "leaver_status": 0, "item_1": 46, "item_0": 180, "item_0_name": "Arcane Boots", "leaver_status_description": "finished match, no abandon", "level": 9, "player_slot": 1, "leaver_status_name": "NONE", "hero_id": 3, "last_hits": 37, "kills": 0, "account_id": 120998268, "item_3_name": "Sentry Ward", "item_4": 21, "item_3": 43, "item_4_name": "Ogre Club", "item_5": 188, "xp_per_min": 168, "item_5_name": "Smoke of Deceit", "hero_name": "Bane", "gold_per_min": 192, "deaths": 2, "denies": 4, "item_2_name": "Magic Wand", "item_1_name": "Town Portal Scroll"}, {"item_2": 46, "assists": 2, "leaver_status": 1, "item_1": 116, "item_0": 63, "item_0_name": "Power Treads", "leaver_status_description": "player DC, no abandon", "level": 13, "player_slot": 2, "leaver_status_name": "DISCONNECTED", "hero_id": 11, "last_hits": 140, "kills": 2, "account_id": 110752309, "item_3_name": "Crystalys", "item_4": 0, "item_3": 149, "item_5": 75, "xp_per_min": 336, "item_5_name": "Wraith Band", "hero_name": "Shadow Fiend", "gold_per_min": 376, "deaths": 4, "denies": 10, "item_2_name": "Town Portal Scroll", "item_1_name": "Black King Bar"}, {"item_2": 180, "assists": 1, "leaver_status": 0, "item_1": 1, "item_0": 0, "leaver_status_description": "finished match, no abandon", "level": 11, "player_slot": 3, "leaver_status_name": "NONE", "hero_id": 88, "last_hits": 67, "kills": 1, "account_id": 97590558, "item_3_name": "Magic Wand", "item_4": 71, "item_3": 36, "item_4_name": "Poor Man's Shield", "item_5": 0, "xp_per_min": 235, "hero_name": "Nyx Assassin", "gold_per_min": 246, "deaths": 6, "denies": 12, "item_2_name": "Arcane Boots", "item_1_name": "Blink Dagger"}, {"item_2": 24, "assists": 2, "leaver_status": 0, "item_1": 41, "item_0": 11, "item_0_name": "Quelling Blade", "leaver_status_description": "finished match, no abandon", "level": 14, "player_slot": 4, "leaver_status_name": "NONE", "hero_id": 89, "last_hits": 230, "kills": 0, "account_id": 65623472, "item_3_name": "Radiance", "item_4": 170, "item_3": 137, "item_4_name": "Yasha", "item_5": 48, "xp_per_min": 358, "item_5_name": "Boots of Travel", "hero_name": "Naga Siren", "gold_per_min": 464, "deaths": 1, "denies": 4, "item_2_name": "Ultimate Orb", "item_1_name": "Bottle"}, {"item_2": 29, "assists": 7, "leaver_status": 0, "item_1": 42, "item_0": 60, "item_0_name": "Point Booster", "leaver_status_description": "finished match, no abandon", "level": 11, "player_slot": 128, "leaver_status_name": "NONE", "hero_id": 87, "last_hits": 15, "kills": 4, "account_id": 93712171, "item_3_name": "Magic Wand", "item_4": 73, "item_3": 36, "item_4_name": "Bracer", "item_5": 0, "xp_per_min": 262, "hero_name": "Disruptor", "gold_per_min": 266, "deaths": 1, "denies": 16, "item_2_name": "Boots of Speed", "item_1_name": "Observer Ward"}, {"item_2": 50, "assists": 5, "leaver_status": 0, "item_1": 116, "item_0": 139, "item_0_name": "Butterfly", "leaver_status_description": "finished match, no abandon", "level": 16, "player_slot": 129, "leaver_status_name": "NONE", "hero_id": 72, "last_hits": 198, "kills": 5, "account_id": 26316691, "item_4": 212, "item_3": 0, "item_4_name": "Ring of Aquila", "item_5": 164, "xp_per_min": 489, "item_5_name": "Helm of the Dominator", "hero_name": "Gyrocopter", "gold_per_min": 610, "deaths": 1, "denies": 13, "item_2_name": "Phase Boots", "item_1_name": "Black King Bar"}, {"item_2": 0, "assists": 7, "leaver_status": 0, "item_1": 30, "item_0": 24, "item_0_name": "Ultimate Orb", "leaver_status_description": "finished match, no abandon", "level": 15, "player_slot": 130, "leaver_status_name": "NONE", "hero_id": 74, "last_hits": 104, "kills": 4, "account_id": 87586992, "item_3_name": "Drum of Endurance", "item_4": 102, "item_3": 185, "item_4_name": "Force Staff", "item_5": 48, "xp_per_min": 449, "item_5_name": "Boots of Travel", "hero_name": "Invoker", "gold_per_min": 408, "deaths": 0, "denies": 7, "item_1_name": "Gem of True Sight"}, {"item_2": 180, "assists": 8, "leaver_status": 0, "item_1": 36, "item_0": 0, "leaver_status_description": "finished match, no abandon", "level": 11, "player_slot": 131, "leaver_status_name": "NONE", "hero_id": 86, "last_hits": 19, "kills": 2, "account_id": 36547811, "item_3_name": "Blink Dagger", "item_4": 46, "item_3": 1, "item_4_name": "Town Portal Scroll", "item_5": 92, "xp_per_min": 275, "item_5_name": "Urn of Shadows", "hero_name": "Rubick", "gold_per_min": 269, "deaths": 1, "denies": 0, "item_2_name": "Arcane Boots", "item_1_name": "Magic Wand"}, {"item_2": 90, "assists": 3, "leaver_status": 0, "item_1": 79, "item_0": 41, "item_0_name": "Bottle", "leaver_status_description": "finished match, no abandon", "level": 13, "player_slot": 132, "leaver_status_name": "NONE", "hero_id": 55, "last_hits": 110, "kills": 4, "account_id": 107644273, "item_3_name": "Town Portal Scroll", "item_4": 182, "item_3": 46, "item_4_name": "Stout Shield", "item_5": 180, "xp_per_min": 309, "item_5_name": "Arcane Boots", "hero_name": "Dark Seer", "gold_per_min": 392, "deaths": 1, "denies": 3, "item_2_name": "Pipe of Insight", "item_1_name": "Mekansm"}], "dire_team_id": 1883502, "picks_bans": [{"order": 0, "is_pick": false, "hero_id": 5, "team": 0}, {"order": 1, "is_pick": false, "hero_id": 53, "team": 1}, {"order": 2, "is_pick": false, "hero_id": 98, "team": 0}, {"order": 3, "is_pick": false, "hero_id": 92, "team": 1}, {"order": 4, "is_pick": true, "hero_id": 89, "team": 0}, {"order": 5, "is_pick": true, "hero_id": 74, "team": 1}, {"order": 6, "is_pick": true, "hero_id": 87, "team": 1}, {"order": 7, "is_pick": true, "hero_id": 3, "team": 0}, {"order": 8, "is_pick": false, "hero_id": 48, "team": 0}, {"order": 9, "is_pick": false, "hero_id": 76, "team": 1}, {"order": 10, "is_pick": false, "hero_id": 62, "team": 0}, {"order": 11, "is_pick": false, "hero_id": 58, "team": 1}, {"order": 12, "is_pick": true, "hero_id": 55, "team": 1}, {"order": 13, "is_pick": true, "hero_id": 88, "team": 0}, {"order": 14, "is_pick": true, "hero_id": 86, "team": 1}, {"order": 15, "is_pick": true, "hero_id": 11, "team": 0}, {"order": 16, "is_pick": false, "hero_id": 51, "team": 1}, {"order": 17, "is_pick": false, "hero_id": 41, "team": 0}, {"order": 18, "is_pick": true, "hero_id": 72, "team": 1}, {"order": 19, "is_pick": true, "hero_id": 52, "team": 0}], "dire_name": "Virtus.pro", "negative_votes": 2}