{"tower_status_radiant": 2047, "flags": 0, "lobby_type": 1, "cluster": 131, "game_mode_name": "All Pick", "dire_logo": 921253447668725714, "engine": 0, "barracks_status_dire": 63, "barracks_status_radiant": 63, "cluster_name": "Europe West", "radiant_score": 0, "match_id": 529671892, "lobby_name": "Practice", "dire_score": 0, "first_blood_time": 76, "radiant_team_id": 55, "radiant_logo": 353896369579233638, "human_players": 10, "pre_game_duration": 0, "radiant_team_complete": 1, "tower_status_dire": 1974, "players": [{"item_2": 43, "assists": 8, "leaver_status": 0, "item_1": 0, "item_0": 214, "item_0_name": "Tranquil Boots", "leaver_status_description": "finished match, no abandon", "level": 8, "player_slot": 0, "leaver_status_name": "NONE", "hero_id": 5, "last_hits": 14, "kills": 3, "account_id": 94049589, "item_4": 36, "item_3": 0, "item_4_name": "Magic Wand", "item_5": 42, "xp_per_min": 295, "item_5_name": "Observer Ward", "hero_name": "Crystal Maiden", "gold_per_min": 306, "deaths": 0, "denies": 0, "item_2_name": "Sentry Ward"}, {"item_2": 0, "assists": 8, "leaver_status": 0, "item_1": 63, "item_0": 152, "item_0_name": "Shadow Blade", "leaver_status_description": "finished match, no abandon", "level": 11, "player_slot": 1, "leaver_status_name": "NONE", "hero_id": 53, "last_hits": 53, "kills": 5, "account_id": 86870856, "item_4": 0, "item_3": 0, "item_5": 65, "xp_per_min": 468, "item_5_name": "Hand of Midas", "hero_name": "Nature's Prophet", "gold_per_min": 497, "deaths": 1, "denies": 1, "item_1_name": "Power Treads"}, {"item_2": 8, "assists": 4, "leaver_status": 0, "item_1": 75, "item_0": 170, "item_0_name": "Yasha", "leaver_status_description": "finished match, no abandon", "level": 10, "player_slot": 2, "leaver_status_name": "NONE", "hero_id": 35, "last_hits": 61, "kills": 2, "account_id": 98018029, "item_3_name": "Town Portal Scroll", "item_4": 75, "item_3": 46, "item_4_name": "Wraith Band", "item_5": 50, "xp_per_min": 450, "item_5_name": "Phase Boots", "hero_name": "Sniper", "gold_per_min": 449, "deaths": 0, "denies": 23, "item_2_name": "Mithril Hammer", "item_1_name": "Wraith Band"}, {"item_2": 36, "assists": 11, "leaver_status": 0, "item_1": 43, "item_0": 0, "leaver_status_description": "finished match, no abandon", "level": 8, "player_slot": 3, "leaver_status_name": "NONE", "hero_id": 87, "last_hits": 9, "kills": 0, "account_id": 75750590, "item_3_name": "Urn of Shadows", "item_4": 46, "item_3": 92, "item_4_name": "Town Portal Scroll", "item_5": 180, "xp_per_min": 312, "item_5_name": "Arcane Boots", "hero_name": "Disruptor", "gold_per_min": 264, "deaths": 0, "denies": 1, "item_2_name": "Magic Wand", "item_1_name": "Sentry Ward"}, {"item_2": 16, "assists": 2, "leaver_status": 0, "item_1": 16, "item_0": 16, "item_0_name": "Iron Branch", "leaver_status_description": "finished match, no abandon", "level": 11, "player_slot": 4, "leaver_status_name": "NONE", "hero_id": 74, "last_hits": 68, "kills": 5, "account_id": 88655279, "item_3_name": "Phase Boots", "item_4": 65, "item_3": 50, "item_4_name": "Hand of Midas", "item_5": 0, "xp_per_min": 602, "hero_name": "Invoker", "gold_per_min": 545, "deaths": 0, "denies": 18, "item_2_name": "Iron Branch", "item_1_name": "Iron Branch"}, {"item_2": 16, "assists": 1, "leaver_status": 0, "item_1": 46, "item_0": 40, "item_0_name": "Dust of Appearance", "leaver_status_description": "finished match, no abandon", "level": 4, "player_slot": 128, "leaver_status_name": "NONE", "hero_id": 50, "last_hits": 8, "kills": 0, "account_id": 89137399, "item_3_name": "Iron Branch", "item_4": 29, "item_3": 16, "item_4_name": "Boots of Speed", "item_5": 16, "xp_per_min": 105, "item_5_name": "Iron Branch", "hero_name": "Dazzle", "gold_per_min": 126, "deaths": 4, "denies": 0, "item_2_name": "Iron Branch", "item_1_name": "Town Portal Scroll"}, {"item_2": 41, "assists": 0, "leaver_status": 1, "item_1": 77, "item_0": 29, "item_0_name": "Boots of Speed", "leaver_status_description": "player DC, no abandon", "level": 7, "player_slot": 129, "leaver_status_name": "DISCONNECTED", "hero_id": 76, "last_hits": 22, "kills": 0, "account_id": 134556694, "item_4": 17, "item_3": 0, "item_4_name": "Belt of Strength", "item_5": 0, "xp_per_min": 247, "hero_name": "Outworld Devourer", "gold_per_min": 175, "deaths": 5, "denies": 10, "item_2_name": "Bottle", "item_1_name": "Null Talisman"}, {"item_2": 46, "assists": 0, "leaver_status": 0, "item_1": 185, "item_0": 50, "item_0_name": "Phase Boots", "leaver_status_description": "finished match, no abandon", "level": 10, "player_slot": 130, "leaver_status_name": "NONE", "hero_id": 69, "last_hits": 77, "kills": 1, "account_id": 96196828, "item_3_name": "Hand of Midas", "item_4": 39, "item_3": 65, "item_4_name": "Healing Salve", "item_5": 182, "xp_per_min": 426, "item_5_name": "Stout Shield", "hero_name": "Doom", "gold_per_min": 512, "deaths": 2, "denies": 10, "item_2_name": "Town Portal Scroll", "item_1_name": "Drum of Endurance"}, {"item_2": 46, "assists": 0, "leaver_status": 0, "item_1": 16, "item_0": 178, "item_0_name": "Soul Ring", "leaver_status_description": "finished match, no abandon", "level": 8, "player_slot": 131, "leaver_status_name": "NONE", "hero_id": 103, "last_hits": 47, "kills": 0, "account_id": 53178236, "item_4": 182, "item_3": 0, "item_4_name": "Stout Shield", "item_5": 63, "xp_per_min": 328, "item_5_name": "Power Treads", "hero_name": "Elder Titan", "gold_per_min": 262, "deaths": 3, "denies": 3, "item_2_name": "Town Portal Scroll", "item_1_name": "Iron Branch"}, {"item_2": 16, "assists": 1, "leaver_status": 0, "item_1": 34, "item_0": 0, "leaver_status_description": "finished match, no abandon", "level": 7, "player_slot": 132, "leaver_status_name": "NONE", "hero_id": 16, "last_hits": 25, "kills": 0, "account_id": 76600360, "item_3_name": "Arcane Boots", "item_4": 0, "item_3": 180, "item_5": 0, "xp_per_min": 206, "hero_name": "Sand King", "gold_per_min": 168, "deaths": 2, "denies": 1, "item_2_name": "Iron Branch", "item_1_name": "Magic Stick"}], "radiant_name": "_PowerRangers", "match_seq_num": 482610237, "dire_team_id": 293390, "dire_team_complete": 1, "start_time": 1392834261, "radiant_win": true, "positive_votes": 7, "leagueid": 180, "game_mode": 1, "dire_name": "Radical Online X-tremists", "duration": 770, "negative_votes": 2}