{"tower_status_radiant": 390, "flags": 0, "radiant_team_complete": 0, "game_mode": 2, "radiant_score": 0, "match_id": 529786658, "lobby_name": "Practice", "dire_logo": 0, "pre_game_duration": 0, "radiant_name": "Exhausted Samurai roniN", "match_seq_num": 482760889, "dire_team_complete": 0, "start_time": 1392839960, "radiant_win": false, "positive_votes": 32, "leagueid": 198, "duration": 2454, "dire_score": 0, "lobby_type": 1, "cluster": 133, "engine": 0, "barracks_status_dire": 0, "barracks_status_radiant": 63, "cluster_name": "Europe West", "first_blood_time": 163, "radiant_team_id": 1277990, "radiant_logo": 3298063663848074047, "human_players": 10, "game_mode_name": "Captains Mode", "tower_status_dire": 1536, "players": [{"item_2": 46, "assists": 12, "leaver_status": 0, "item_1": 1, "item_0": 50, "item_0_name": "Phase Boots", "leaver_status_description": "finished match, no abandon", "level": 20, "player_slot": 0, "leaver_status_name": "NONE", "hero_id": 53, "last_hits": 277, "kills": 8, "account_id": 34505203, "item_3_name": "Necronomicon", "item_4": 65, "item_3": 194, "item_4_name": "Hand of Midas", "item_5": 168, "xp_per_min": 537, "item_5_name": "Desolator", "hero_name": "Nature's Prophet", "gold_per_min": 619, "deaths": 13, "denies": 8, "item_2_name": "Town Portal Scroll", "item_1_name": "Blink Dagger"}, {"item_2": 52, "assists": 9, "leaver_status": 0, "item_1": 152, "item_0": 212, "item_0_name": "Ring of Aquila", "leaver_status_description": "finished match, no abandon", "level": 23, "player_slot": 1, "leaver_status_name": "NONE", "hero_id": 9, "last_hits": 91, "kills": 17, "account_id": 66228684, "item_3_name": "Power Treads", "item_4": 46, "item_3": 63, "item_4_name": "Town Portal Scroll", "item_5": 170, "xp_per_min": 705, "item_5_name": "Yasha", "hero_name": "Mirana", "gold_per_min": 469, "deaths": 12, "denies": 3, "item_2_name": "Eaglesong", "item_1_name": "Shadow Blade"}, {"item_2": 37, "assists": 5, "leaver_status": 0, "item_1": 180, "item_0": 102, "item_0_name": "Force Staff", "leaver_status_description": "finished match, no abandon", "level": 14, "player_slot": 2, "leaver_status_name": "NONE", "hero_id": 57, "last_hits": 42, "kills": 2, "account_id": 102933506, "item_3_name": "Town Portal Scroll", "item_4": 92, "item_3": 46, "item_4_name": "Urn of Shadows", "item_5": 36, "xp_per_min": 290, "item_5_name": "Magic Wand", "hero_name": "Omniknight", "gold_per_min": 273, "deaths": 8, "denies": 6, "item_2_name": "Ghost Scepter", "item_1_name": "Arcane Boots"}, {"item_2": 73, "assists": 9, "leaver_status": 0, "item_1": 79, "item_0": 116, "item_0_name": "Black King Bar", "leaver_status_description": "finished match, no abandon", "level": 14, "player_slot": 3, "leaver_status_name": "NONE", "hero_id": 45, "last_hits": 115, "kills": 1, "account_id": 51479473, "item_3_name": "Town Portal Scroll", "item_4": 29, "item_3": 46, "item_4_name": "Boots of Speed", "item_5": 106, "xp_per_min": 264, "item_5_name": "Necronomicon", "hero_name": "Pugna", "gold_per_min": 339, "deaths": 11, "denies": 10, "item_2_name": "Bracer", "item_1_name": "Mekansm"}, {"item_2": 36, "assists": 10, "leaver_status": 0, "item_1": 102, "item_0": 214, "item_0_name": "Tranquil Boots", "leaver_status_description": "finished match, no abandon", "level": 13, "player_slot": 4, "leaver_status_name": "NONE", "hero_id": 5, "last_hits": 38, "kills": 4, "account_id": 114520851, "item_3_name": "Shadow Blade", "item_4": 0, "item_3": 152, "item_5": 73, "xp_per_min": 246, "item_5_name": "Bracer", "hero_name": "Crystal Maiden", "gold_per_min": 279, "deaths": 10, "denies": 0, "item_2_name": "Magic Wand", "item_1_name": "Force Staff"}, {"item_2": 63, "assists": 19, "leaver_status": 0, "item_1": 77, "item_0": 98, "item_0_name": "Orchid Malevolence", "leaver_status_description": "finished match, no abandon", "level": 23, "player_slot": 128, "leaver_status_name": "NONE", "hero_id": 17, "last_hits": 127, "kills": 13, "account_id": 89157556, "item_3_name": "Bottle", "item_4": 24, "item_3": 41, "item_4_name": "Ultimate Orb", "item_5": 0, "xp_per_min": 687, "hero_name": "Storm Spirit", "gold_per_min": 427, "deaths": 12, "denies": 6, "item_2_name": "Power Treads", "item_1_name": "Null Talisman"}, {"item_2": 79, "assists": 17, "leaver_status": 0, "item_1": 61, "item_0": 63, "item_0_name": "Power Treads", "leaver_status_description": "finished match, no abandon", "level": 22, "player_slot": 129, "leaver_status_name": "NONE", "hero_id": 99, "last_hits": 215, "kills": 12, "account_id": 91521158, "item_3_name": "Assault Cuirass", "item_4": 26, "item_3": 112, "item_4_name": "Morbid Mask", "item_5": 32, "xp_per_min": 636, "item_5_name": "Talisman of Evasion", "hero_name": "Bristleback", "gold_per_min": 517, "deaths": 6, "denies": 7, "item_2_name": "Mekansm", "item_1_name": "Vitality Booster"}, {"item_2": 185, "assists": 17, "leaver_status": 0, "item_1": 201, "item_0": 180, "item_0_name": "Arcane Boots", "leaver_status_description": "finished match, no abandon", "level": 18, "player_slot": 130, "leaver_status_name": "NONE", "hero_id": 88, "last_hits": 56, "kills": 9, "account_id": 86424499, "item_3_name": "Town Portal Scroll", "item_4": 0, "item_3": 46, "item_5": 0, "xp_per_min": 439, "hero_name": "Nyx Assassin", "gold_per_min": 317, "deaths": 9, "denies": 2, "item_2_name": "Drum of Endurance", "item_1_name": "Dagon"}, {"item_2": 30, "assists": 21, "leaver_status": 0, "item_1": 63, "item_0": 46, "item_0_name": "Town Portal Scroll", "leaver_status_description": "finished match, no abandon", "level": 24, "player_slot": 131, "leaver_status_name": "NONE", "hero_id": 63, "last_hits": 193, "kills": 16, "account_id": 18352961, "item_3_name": "Crystalys", "item_4": 168, "item_3": 149, "item_4_name": "Desolator", "item_5": 123, "xp_per_min": 767, "item_5_name": "Linken's Sphere", "hero_name": "Weaver", "gold_per_min": 587, "deaths": 2, "denies": 14, "item_2_name": "Gem of True Sight", "item_1_name": "Power Treads"}, {"item_2": 36, "assists": 13, "leaver_status": 0, "item_1": 180, "item_0": 43, "item_0_name": "Sentry Ward", "leaver_status_description": "finished match, no abandon", "level": 18, "player_slot": 132, "leaver_status_name": "NONE", "hero_id": 3, "last_hits": 36, "kills": 2, "account_id": 157745954, "item_3_name": "Force Staff", "item_4": 40, "item_3": 102, "item_4_name": "Dust of Appearance", "item_5": 42, "xp_per_min": 417, "item_5_name": "Observer Ward", "hero_name": "Bane", "gold_per_min": 263, "deaths": 5, "denies": 7, "item_2_name": "Magic Wand", "item_1_name": "Arcane Boots"}], "dire_team_id": 1282186, "picks_bans": [{"order": 0, "is_pick": false, "hero_id": 74, "team": 1}, {"order": 1, "is_pick": false, "hero_id": 106, "team": 0}, {"order": 2, "is_pick": false, "hero_id": 93, "team": 1}, {"order": 3, "is_pick": false, "hero_id": 98, "team": 0}, {"order": 4, "is_pick": true, "hero_id": 99, "team": 1}, {"order": 5, "is_pick": true, "hero_id": 5, "team": 0}, {"order": 6, "is_pick": true, "hero_id": 45, "team": 0}, {"order": 7, "is_pick": true, "hero_id": 88, "team": 1}, {"order": 8, "is_pick": false, "hero_id": 51, "team": 1}, {"order": 9, "is_pick": false, "hero_id": 48, "team": 0}, {"order": 10, "is_pick": false, "hero_id": 66, "team": 1}, {"order": 11, "is_pick": false, "hero_id": 92, "team": 0}, {"order": 12, "is_pick": true, "hero_id": 9, "team": 0}, {"order": 13, "is_pick": true, "hero_id": 3, "team": 1}, {"order": 14, "is_pick": true, "hero_id": 53, "team": 0}, {"order": 15, "is_pick": true, "hero_id": 17, "team": 1}, {"order": 16, "is_pick": false, "hero_id": 47, "team": 0}, {"order": 17, "is_pick": false, "hero_id": 25, "team": 1}, {"order": 18, "is_pick": true, "hero_id": 57, "team": 0}, {"order": 19, "is_pick": true, "hero_id": 63, "team": 1}], "dire_name": "TiredToFuckYou", "negative_votes": 5}