{"tower_status_radiant": 1824, "flags": 0, "radiant_team_complete": 1, "game_mode": 2, "radiant_score": 0, "match_id": 531287259, "lobby_name": "Practice", "dire_logo": 882992508015074014, "pre_game_duration": 0, "radiant_name": "Radical Online X-tremists", "match_seq_num": 484144377, "dire_team_complete": 0, "start_time": 1392916998, "radiant_win": false, "positive_votes": 20, "leagueid": 180, "duration": 1916, "dire_score": 0, "lobby_type": 1, "cluster": 133, "engine": 0, "barracks_status_dire": 63, "barracks_status_radiant": 60, "cluster_name": "Europe West", "first_blood_time": 114, "radiant_team_id": 293390, "radiant_logo": 921253447668725714, "human_players": 10, "game_mode_name": "Captains Mode", "tower_status_dire": 2046, "players": [{"item_2": 180, "assists": 2, "leaver_status": 0, "item_1": 86, "item_0": 36, "item_0_name": "Magic Wand", "leaver_status_description": "finished match, no abandon", "level": 11, "player_slot": 0, "leaver_status_name": "NONE", "hero_id": 83, "last_hits": 22, "kills": 2, "account_id": 89137399, "item_3_name": "Recipe: Mekansm", "item_4": 93, "item_3": 78, "item_4_name": "Recipe: Headdress", "item_5": 0, "xp_per_min": 248, "hero_name": "Treant Protector", "gold_per_min": 182, "deaths": 8, "denies": 4, "item_2_name": "Arcane Boots", "item_1_name": "Buckler"}, {"item_2": 41, "assists": 3, "leaver_status": 0, "item_1": 63, "item_0": 24, "item_0_name": "Ultimate Orb", "leaver_status_description": "finished match, no abandon", "level": 15, "player_slot": 1, "leaver_status_name": "NONE", "hero_id": 39, "last_hits": 132, "kills": 2, "account_id": 134556694, "item_3_name": "Null Talisman", "item_4": 98, "item_3": 77, "item_4_name": "Orchid Malevolence", "item_5": 40, "xp_per_min": 388, "item_5_name": "Dust of Appearance", "hero_name": "Queen of Pain", "gold_per_min": 329, "deaths": 3, "denies": 12, "item_2_name": "Bottle", "item_1_name": "Power Treads"}, {"item_2": 0, "assists": 5, "leaver_status": 0, "item_1": 46, "item_0": 63, "item_0_name": "Power Treads", "leaver_status_description": "finished match, no abandon", "level": 14, "player_slot": 2, "leaver_status_name": "NONE", "hero_id": 11, "last_hits": 161, "kills": 2, "account_id": 96196828, "item_3_name": "Yasha", "item_4": 116, "item_3": 170, "item_4_name": "Black King Bar", "item_5": 149, "xp_per_min": 349, "item_5_name": "Crystalys", "hero_name": "Shadow Fiend", "gold_per_min": 359, "deaths": 8, "denies": 14, "item_1_name": "Town Portal Scroll"}, {"item_2": 65, "assists": 6, "leaver_status": 0, "item_1": 152, "item_0": 98, "item_0_name": "Orchid Malevolence", "leaver_status_description": "finished match, no abandon", "level": 14, "player_slot": 3, "leaver_status_name": "NONE", "hero_id": 53, "last_hits": 117, "kills": 2, "account_id": 53178236, "item_3_name": "Town Portal Scroll", "item_4": 0, "item_3": 46, "item_5": 63, "xp_per_min": 333, "item_5_name": "Power Treads", "hero_name": "Nature's Prophet", "gold_per_min": 363, "deaths": 7, "denies": 1, "item_2_name": "Hand of Midas", "item_1_name": "Shadow Blade"}, {"item_2": 29, "assists": 4, "leaver_status": 1, "item_1": 34, "item_0": 21, "item_0_name": "Ogre Club", "leaver_status_description": "player DC, no abandon", "level": 11, "player_slot": 4, "leaver_status_name": "DISCONNECTED", "hero_id": 40, "last_hits": 45, "kills": 1, "account_id": 76600360, "item_3_name": "Urn of Shadows", "item_4": 0, "item_3": 92, "item_5": 23, "xp_per_min": 196, "item_5_name": "Staff of Wizardry", "hero_name": "Venomancer", "gold_per_min": 195, "deaths": 7, "denies": 0, "item_2_name": "Boots of Speed", "item_1_name": "Magic Stick"}, {"item_2": 61, "assists": 6, "leaver_status": 0, "item_1": 180, "item_0": 92, "item_0_name": "Urn of Shadows", "leaver_status_description": "finished match, no abandon", "level": 13, "player_slot": 128, "leaver_status_name": "NONE", "hero_id": 3, "last_hits": 40, "kills": 5, "account_id": 57686681, "item_3_name": "Ultimate Orb", "item_4": 36, "item_3": 24, "item_4_name": "Magic Wand", "item_5": 0, "xp_per_min": 317, "hero_name": "Bane", "gold_per_min": 290, "deaths": 3, "denies": 8, "item_2_name": "Vitality Booster", "item_1_name": "Arcane Boots"}, {"item_2": 36, "assists": 13, "leaver_status": 0, "item_1": 46, "item_0": 98, "item_0_name": "Orchid Malevolence", "leaver_status_description": "finished match, no abandon", "level": 20, "player_slot": 129, "leaver_status_name": "NONE", "hero_id": 17, "last_hits": 196, "kills": 11, "account_id": 29337472, "item_3_name": "Power Treads", "item_4": 123, "item_3": 63, "item_4_name": "Linken's Sphere", "item_5": 41, "xp_per_min": 708, "item_5_name": "Bottle", "hero_name": "Storm Spirit", "gold_per_min": 551, "deaths": 3, "denies": 10, "item_2_name": "Magic Wand", "item_1_name": "Town Portal Scroll"}, {"item_2": 41, "assists": 6, "leaver_status": 0, "item_1": 147, "item_0": 50, "item_0_name": "Phase Boots", "leaver_status_description": "finished match, no abandon", "level": 19, "player_slot": 130, "leaver_status_name": "NONE", "hero_id": 9, "last_hits": 198, "kills": 10, "account_id": 40013910, "item_3_name": "Drum of Endurance", "item_4": 135, "item_3": 185, "item_4_name": "Monkey King Bar", "item_5": 46, "xp_per_min": 596, "item_5_name": "Town Portal Scroll", "hero_name": "Mirana", "gold_per_min": 585, "deaths": 0, "denies": 16, "item_2_name": "Bottle", "item_1_name": "Manta Style"}, {"item_2": 123, "assists": 7, "leaver_status": 0, "item_1": 121, "item_0": 36, "item_0_name": "Magic Wand", "leaver_status_description": "finished match, no abandon", "level": 19, "player_slot": 131, "leaver_status_name": "NONE", "hero_id": 98, "last_hits": 215, "kills": 7, "account_id": 113708916, "item_3_name": "Stout Shield", "item_4": 48, "item_3": 182, "item_4_name": "Boots of Travel", "item_5": 9, "xp_per_min": 603, "item_5_name": "Platemail", "hero_name": "Timbersaw", "gold_per_min": 561, "deaths": 1, "denies": 2, "item_2_name": "Linken's Sphere", "item_1_name": "Bloodstone"}, {"item_2": 30, "assists": 8, "leaver_status": 0, "item_1": 180, "item_0": 21, "item_0_name": "Ogre Club", "leaver_status_description": "finished match, no abandon", "level": 13, "player_slot": 132, "leaver_status_name": "NONE", "hero_id": 102, "last_hits": 41, "kills": 0, "account_id": 99845008, "item_3_name": "Town Portal Scroll", "item_4": 36, "item_3": 46, "item_4_name": "Magic Wand", "item_5": 79, "xp_per_min": 311, "item_5_name": "Mekansm", "hero_name": "Abaddon", "gold_per_min": 275, "deaths": 2, "denies": 2, "item_2_name": "Gem of True Sight", "item_1_name": "Arcane Boots"}], "dire_team_id": 960081, "picks_bans": [{"order": 0, "is_pick": false, "hero_id": 48, "team": 1}, {"order": 1, "is_pick": false, "hero_id": 93, "team": 0}, {"order": 2, "is_pick": false, "hero_id": 103, "team": 1}, {"order": 3, "is_pick": false, "hero_id": 74, "team": 0}, {"order": 4, "is_pick": true, "hero_id": 9, "team": 1}, {"order": 5, "is_pick": true, "hero_id": 83, "team": 0}, {"order": 6, "is_pick": true, "hero_id": 40, "team": 0}, {"order": 7, "is_pick": true, "hero_id": 3, "team": 1}, {"order": 8, "is_pick": false, "hero_id": 63, "team": 1}, {"order": 9, "is_pick": false, "hero_id": 68, "team": 0}, {"order": 10, "is_pick": false, "hero_id": 51, "team": 1}, {"order": 11, "is_pick": false, "hero_id": 92, "team": 0}, {"order": 12, "is_pick": true, "hero_id": 53, "team": 0}, {"order": 13, "is_pick": true, "hero_id": 98, "team": 1}, {"order": 14, "is_pick": true, "hero_id": 39, "team": 0}, {"order": 15, "is_pick": true, "hero_id": 102, "team": 1}, {"order": 16, "is_pick": false, "hero_id": 106, "team": 0}, {"order": 17, "is_pick": false, "hero_id": 43, "team": 1}, {"order": 18, "is_pick": true, "hero_id": 11, "team": 0}, {"order": 19, "is_pick": true, "hero_id": 17, "team": 1}], "dire_name": "ZERO RESPECT !", "negative_votes": 1}