{"duration": 2849, "radiant_logo": 577843823829116520, "leagueid": 17, "game_mode": 0, "radiant_score": 0, "positive_votes": 53, "lobby_type": 1, "lobby_name": "Practice", "radiant_win": true, "engine": 0, "pre_game_duration": 0, "match_id": 53209247, "dire_team_complete": 1, "dire_team_id": 39, "flags": 0, "dire_logo": 631980045785959337, "cluster": 151, "negative_votes": 5, "players": [{"item_5_name": "Aegis of the Immortal", "item_2": 112, "assists": 16, "item_4": 116, "item_4_name": "Black King Bar", "leaver_status": 0, "leaver_status_description": "finished match, no abandon", "item_1": 141, "kills": 10, "hero_name": "Sven", "hero_id": 18, "level": 24, "item_0": 1, "gold_per_min": 585, "leaver_status_name": "NONE", "denies": 15, "player_slot": 0, "deaths": 3, "account_id": 67098758, "item_5": 117, "item_3": 63, "item_0_name": "Blink Dagger", "item_3_name": "Power Treads", "item_2_name": "Assault Cuirass", "last_hits": 280, "item_1_name": "Daedalus", "xp_per_min": 646}, {"item_5_name": "Blink Dagger", "item_2": 102, "assists": 9, "item_4": 30, "item_4_name": "Gem of True Sight", "leaver_status": 0, "leaver_status_description": "finished match, no abandon", "item_1": 37, "kills": 5, "hero_name": "Rubick", "hero_id": 86, "level": 16, "item_0": 185, "gold_per_min": 266, "leaver_status_name": "NONE", "denies": 1, "player_slot": 1, "deaths": 3, "account_id": 90092449, "item_5": 1, "item_3": 180, "item_0_name": "Drum of Endurance", "item_3_name": "Arcane Boots", "item_2_name": "Force Staff", "last_hits": 91, "item_1_name": "Ghost Scepter", "xp_per_min": 314}, {"item_5_name": "Town Portal Scroll", "item_2": 131, "assists": 13, "item_4": 180, "item_4_name": "Arcane Boots", "leaver_status": 0, "leaver_status_description": "finished match, no abandon", "item_1": 37, "kills": 5, "hero_name": "Tidehunter", "hero_id": 29, "level": 19, "item_0": 1, "gold_per_min": 315, "leaver_status_name": "NONE", "denies": 10, "player_slot": 2, "deaths": 4, "account_id": 89841468, "item_5": 46, "item_3": 79, "item_0_name": "Blink Dagger", "item_3_name": "Mekansm", "item_2_name": "Hood of Defiance", "last_hits": 82, "item_1_name": "Ghost Scepter", "xp_per_min": 402}, {"item_5_name": "Town Portal Scroll", "item_2": 0, "assists": 11, "item_4": 37, "item_4_name": "Ghost Scepter", "leaver_status": 0, "leaver_status_description": "finished match, no abandon", "item_1": 34, "kills": 3, "hero_name": "Shadow Demon", "hero_id": 79, "level": 16, "item_0": 180, "gold_per_min": 224, "leaver_status_name": "NONE", "denies": 2, "player_slot": 3, "deaths": 5, "account_id": 99555174, "item_5": 46, "item_3": 73, "item_0_name": "Arcane Boots", "item_3_name": "Bracer", "last_hits": 35, "item_1_name": "Magic Stick", "xp_per_min": 307}, {"item_5_name": "Shiva's Guard", "item_2": 147, "assists": 14, "item_4": 48, "item_4_name": "Boots of Travel", "leaver_status": 0, "leaver_status_description": "finished match, no abandon", "item_1": 178, "kills": 10, "hero_name": "Tinker", "hero_id": 34, "level": 23, "item_0": 96, "gold_per_min": 547, "leaver_status_name": "NONE", "denies": 10, "player_slot": 4, "deaths": 3, "account_id": 87012746, "item_5": 119, "item_3": 1, "item_0_name": "Scythe of Vyse", "item_3_name": "Blink Dagger", "item_2_name": "Manta Style", "last_hits": 323, "item_1_name": "Soul Ring", "xp_per_min": 596}, {"item_5_name": "Heart of Tarrasque", "item_2": 185, "assists": 5, "item_4": 0, "leaver_status": 1, "leaver_status_description": "player DC, no abandon", "item_1": 63, "kills": 8, "hero_name": "Chaos Knight", "hero_id": 81, "level": 17, "item_0": 21, "gold_per_min": 350, "leaver_status_name": "DISCONNECTED", "denies": 11, "player_slot": 128, "deaths": 5, "account_id": 87177591, "item_5": 114, "item_3": 125, "item_0_name": "Ogre Club", "item_3_name": "Vanguard", "item_2_name": "Drum of Endurance", "last_hits": 176, "item_1_name": "Power Treads", "xp_per_min": 332}, {"item_5_name": "Town Portal Scroll", "item_2": 96, "assists": 8, "item_4": 63, "item_4_name": "Power Treads", "leaver_status": 1, "leaver_status_description": "player DC, no abandon", "item_1": 65, "kills": 4, "hero_name": "Invoker", "hero_id": 74, "level": 18, "item_0": 1, "gold_per_min": 353, "leaver_status_name": "DISCONNECTED", "denies": 12, "player_slot": 129, "deaths": 4, "account_id": 87360406, "item_5": 46, "item_3": 37, "item_0_name": "Blink Dagger", "item_3_name": "Ghost Scepter", "item_2_name": "Scythe of Vyse", "last_hits": 186, "item_1_name": "Hand of Midas", "xp_per_min": 375}, {"item_2": 63, "assists": 7, "item_4": 65, "item_4_name": "Hand of Midas", "leaver_status": 0, "leaver_status_description": "finished match, no abandon", "item_1": 96, "kills": 3, "hero_name": "Nature's Prophet", "hero_id": 53, "level": 19, "item_0": 152, "gold_per_min": 448, "leaver_status_name": "NONE", "denies": 0, "player_slot": 130, "deaths": 9, "account_id": 85805514, "item_5": 0, "item_3": 102, "item_0_name": "Shadow Blade", "item_3_name": "Force Staff", "item_2_name": "Power Treads", "last_hits": 289, "item_1_name": "Scythe of Vyse", "xp_per_min": 408}, {"item_5_name": "Observer Ward", "item_2": 43, "assists": 12, "item_4": 41, "item_4_name": "Bottle", "leaver_status": 1, "leaver_status_description": "player DC, no abandon", "item_1": 180, "kills": 2, "hero_name": "Io", "hero_id": 91, "level": 15, "item_0": 36, "gold_per_min": 188, "leaver_status_name": "DISCONNECTED", "denies": 2, "player_slot": 131, "deaths": 9, "account_id": 44463405, "item_5": 42, "item_3": 92, "item_0_name": "Magic Wand", "item_3_name": "Urn of Shadows", "item_2_name": "Sentry Ward", "last_hits": 38, "item_1_name": "Arcane Boots", "xp_per_min": 264}, {"item_5_name": "Smoke of Deceit", "item_2": 180, "assists": 6, "item_4": 88, "item_4_name": "Ring of Basilius", "leaver_status": 1, "leaver_status_description": "player DC, no abandon", "item_1": 90, "kills": 1, "hero_name": "Chen", "hero_id": 66, "level": 15, "item_0": 79, "gold_per_min": 252, "leaver_status_name": "DISCONNECTED", "denies": 3, "player_slot": 132, "deaths": 6, "account_id": 59457413, "item_5": 188, "item_3": 37, "item_0_name": "Mekansm", "item_3_name": "Ghost Scepter", "item_2_name": "Arcane Boots", "last_hits": 164, "item_1_name": "Pipe of Insight", "xp_per_min": 260}], "tower_status_radiant": 1844, "radiant_team_id": 87891, "dire_score": 0, "human_players": 10, "match_seq_num": 50997590, "radiant_name": "Fumoffu's Throws Fan Club!", "cluster_name": "Southeast Asia", "radiant_team_complete": 0, "barracks_status_dire": 0, "start_time": 1351171651, "dire_name": "Evil Geniuses", "first_blood_time": 195, "tower_status_dire": 0, "barracks_status_radiant": 63, "game_mode_name": "Unknown"}