{"tower_status_radiant": 1952, "flags": 0, "radiant_team_complete": 1, "game_mode": 2, "radiant_score": 0, "match_id": 535753475, "lobby_name": "Practice", "dire_logo": 3332971629860288164, "pre_game_duration": 0, "radiant_name": "Ni Shi Gou", "match_seq_num": 488139393, "dire_team_complete": 1, "start_time": 1393164251, "radiant_win": false, "positive_votes": 35, "leagueid": 189, "duration": 1672, "dire_score": 0, "lobby_type": 1, "cluster": 222, "engine": 0, "barracks_status_dire": 63, "barracks_status_radiant": 63, "cluster_name": "China", "first_blood_time": 95, "radiant_team_id": 1273551, "radiant_logo": 0, "human_players": 10, "game_mode_name": "Captains Mode", "tower_status_dire": 1982, "players": [{"item_2": 0, "assists": 2, "leaver_status": 0, "item_1": 34, "item_0": 73, "item_0_name": "Bracer", "leaver_status_description": "finished match, no abandon", "level": 8, "player_slot": 0, "leaver_status_name": "NONE", "hero_id": 20, "last_hits": 14, "kills": 1, "account_id": 114031486, "item_3_name": "Iron Branch", "item_4": 63, "item_3": 16, "item_4_name": "Power Treads", "item_5": 16, "xp_per_min": 150, "item_5_name": "Iron Branch", "hero_name": "Vengeful Spirit", "gold_per_min": 150, "deaths": 6, "denies": 2, "item_1_name": "Magic Stick"}, {"item_2": 178, "assists": 3, "leaver_status": 0, "item_1": 41, "item_0": 1, "item_0_name": "Blink Dagger", "leaver_status_description": "finished match, no abandon", "level": 13, "player_slot": 1, "leaver_status_name": "NONE", "hero_id": 34, "last_hits": 151, "kills": 1, "account_id": 115721177, "item_3_name": "Boots of Travel", "item_4": 0, "item_3": 48, "item_5": 24, "xp_per_min": 369, "item_5_name": "Ultimate Orb", "hero_name": "Tinker", "gold_per_min": 382, "deaths": 3, "denies": 3, "item_2_name": "Soul Ring", "item_1_name": "Bottle"}, {"item_2": 21, "assists": 3, "leaver_status": 0, "item_1": 36, "item_0": 50, "item_0_name": "Phase Boots", "leaver_status_description": "finished match, no abandon", "level": 11, "player_slot": 2, "leaver_status_name": "NONE", "hero_id": 15, "last_hits": 70, "kills": 1, "account_id": 115620154, "item_3_name": "Town Portal Scroll", "item_4": 88, "item_3": 46, "item_4_name": "Ring of Basilius", "item_5": 73, "xp_per_min": 224, "item_5_name": "Bracer", "hero_name": "Razor", "gold_per_min": 229, "deaths": 9, "denies": 3, "item_2_name": "Ogre Club", "item_1_name": "Magic Wand"}, {"item_2": 79, "assists": 3, "leaver_status": 1, "item_1": 17, "item_0": 29, "item_0_name": "Boots of Speed", "leaver_status_description": "player DC, no abandon", "level": 10, "player_slot": 3, "leaver_status_name": "DISCONNECTED", "hero_id": 103, "last_hits": 39, "kills": 2, "account_id": 136096362, "item_3_name": "Stout Shield", "item_4": 34, "item_3": 182, "item_4_name": "Magic Stick", "item_5": 178, "xp_per_min": 202, "item_5_name": "Soul Ring", "hero_name": "Elder Titan", "gold_per_min": 208, "deaths": 7, "denies": 0, "item_2_name": "Mekansm", "item_1_name": "Belt of Strength"}, {"item_2": 23, "assists": 2, "leaver_status": 1, "item_1": 34, "item_0": 46, "item_0_name": "Town Portal Scroll", "leaver_status_description": "player DC, no abandon", "level": 7, "player_slot": 4, "leaver_status_name": "DISCONNECTED", "hero_id": 66, "last_hits": 45, "kills": 1, "account_id": 107615580, "item_4": 180, "item_3": 0, "item_4_name": "Arcane Boots", "item_5": 0, "xp_per_min": 113, "hero_name": "Chen", "gold_per_min": 179, "deaths": 7, "denies": 1, "item_2_name": "Staff of Wizardry", "item_1_name": "Magic Stick"}, {"item_2": 170, "assists": 13, "leaver_status": 0, "item_1": 36, "item_0": 63, "item_0_name": "Power Treads", "leaver_status_description": "finished match, no abandon", "level": 13, "player_slot": 128, "leaver_status_name": "NONE", "hero_id": 9, "last_hits": 50, "kills": 2, "account_id": 131237305, "item_3_name": "Drum of Endurance", "item_4": 46, "item_3": 185, "item_4_name": "Town Portal Scroll", "item_5": 0, "xp_per_min": 356, "hero_name": "Mirana", "gold_per_min": 325, "deaths": 1, "denies": 9, "item_2_name": "Yasha", "item_1_name": "Magic Wand"}, {"item_2": 30, "assists": 12, "leaver_status": 0, "item_1": 41, "item_0": 48, "item_0_name": "Boots of Travel", "leaver_status_description": "finished match, no abandon", "level": 16, "player_slot": 129, "leaver_status_name": "NONE", "hero_id": 65, "last_hits": 135, "kills": 8, "account_id": 101375717, "item_3_name": "Blink Dagger", "item_4": 36, "item_3": 1, "item_4_name": "Magic Wand", "item_5": 102, "xp_per_min": 508, "item_5_name": "Force Staff", "hero_name": "Batrider", "gold_per_min": 496, "deaths": 1, "denies": 5, "item_2_name": "Gem of True Sight", "item_1_name": "Bottle"}, {"item_2": 102, "assists": 16, "leaver_status": 0, "item_1": 36, "item_0": 92, "item_0_name": "Urn of Shadows", "leaver_status_description": "finished match, no abandon", "level": 14, "player_slot": 130, "leaver_status_name": "NONE", "hero_id": 3, "last_hits": 42, "kills": 4, "account_id": 142750189, "item_3_name": "Arcane Boots", "item_4": 0, "item_3": 180, "item_5": 46, "xp_per_min": 385, "item_5_name": "Town Portal Scroll", "hero_name": "Bane", "gold_per_min": 352, "deaths": 1, "denies": 1, "item_2_name": "Force Staff", "item_1_name": "Magic Wand"}, {"item_2": 46, "assists": 4, "leaver_status": 0, "item_1": 96, "item_0": 102, "item_0_name": "Force Staff", "leaver_status_description": "finished match, no abandon", "level": 16, "player_slot": 131, "leaver_status_name": "NONE", "hero_id": 76, "last_hits": 162, "kills": 10, "account_id": 139266129, "item_3_name": "Power Treads", "item_4": 36, "item_3": 63, "item_4_name": "Magic Wand", "item_5": 0, "xp_per_min": 539, "hero_name": "Outworld Devourer", "gold_per_min": 549, "deaths": 1, "denies": 34, "item_2_name": "Town Portal Scroll", "item_1_name": "Scythe of Vyse"}, {"item_2": 127, "assists": 18, "leaver_status": 0, "item_1": 60, "item_0": 0, "leaver_status_description": "finished match, no abandon", "level": 15, "player_slot": 132, "leaver_status_name": "NONE", "hero_id": 51, "last_hits": 71, "kills": 8, "account_id": 139876032, "item_3_name": "Mekansm", "item_4": 34, "item_3": 79, "item_4_name": "Magic Stick", "item_5": 63, "xp_per_min": 457, "item_5_name": "Power Treads", "hero_name": "Clockwerk", "gold_per_min": 425, "deaths": 2, "denies": 9, "item_2_name": "Blade Mail", "item_1_name": "Point Booster"}], "dire_team_id": 633833, "picks_bans": [{"order": 0, "is_pick": false, "hero_id": 93, "team": 0}, {"order": 1, "is_pick": false, "hero_id": 74, "team": 1}, {"order": 2, "is_pick": false, "hero_id": 88, "team": 0}, {"order": 3, "is_pick": false, "hero_id": 73, "team": 1}, {"order": 4, "is_pick": true, "hero_id": 66, "team": 0}, {"order": 5, "is_pick": true, "hero_id": 51, "team": 1}, {"order": 6, "is_pick": true, "hero_id": 76, "team": 1}, {"order": 7, "is_pick": true, "hero_id": 15, "team": 0}, {"order": 8, "is_pick": false, "hero_id": 17, "team": 0}, {"order": 9, "is_pick": false, "hero_id": 80, "team": 1}, {"order": 10, "is_pick": false, "hero_id": 63, "team": 0}, {"order": 11, "is_pick": false, "hero_id": 86, "team": 1}, {"order": 12, "is_pick": true, "hero_id": 3, "team": 1}, {"order": 13, "is_pick": true, "hero_id": 103, "team": 0}, {"order": 14, "is_pick": true, "hero_id": 9, "team": 1}, {"order": 15, "is_pick": true, "hero_id": 20, "team": 0}, {"order": 16, "is_pick": false, "hero_id": 72, "team": 1}, {"order": 17, "is_pick": false, "hero_id": 89, "team": 0}, {"order": 18, "is_pick": true, "hero_id": 65, "team": 1}, {"order": 19, "is_pick": true, "hero_id": 34, "team": 0}], "dire_name": "New Element", "negative_votes": 6}