{"tower_status_radiant": 1540, "flags": 0, "radiant_team_complete": 1, "game_mode": 2, "radiant_score": 0, "match_id": 540147013, "lobby_name": "Practice", "dire_logo": 921253447668725714, "pre_game_duration": 0, "radiant_name": "Natus Vincere", "match_seq_num": 492081350, "dire_team_complete": 1, "start_time": 1393449496, "radiant_win": true, "positive_votes": 240, "leagueid": 184, "duration": 2868, "dire_score": 0, "lobby_type": 1, "cluster": 131, "engine": 0, "barracks_status_dire": 3, "barracks_status_radiant": 51, "cluster_name": "Europe West", "first_blood_time": 111, "radiant_team_id": 36, "radiant_logo": 46499322609643214, "human_players": 10, "game_mode_name": "Captains Mode", "tower_status_dire": 1540, "players": [{"item_2": 119, "assists": 23, "leaver_status": 0, "item_1": 48, "item_0": 30, "item_0_name": "Gem of True Sight", "leaver_status_description": "finished match, no abandon", "level": 22, "player_slot": 0, "leaver_status_name": "NONE", "hero_id": 33, "last_hits": 271, "kills": 4, "account_id": 87278757, "item_3_name": "Aghanim's Scepter", "item_4": 116, "item_3": 108, "item_4_name": "Black King Bar", "item_5": 1, "xp_per_min": 557, "item_5_name": "Blink Dagger", "hero_name": "Enigma", "gold_per_min": 491, "deaths": 4, "denies": 10, "item_2_name": "Shiva's Guard", "item_1_name": "Boots of Travel"}, {"item_2": 151, "assists": 13, "leaver_status": 0, "item_1": 208, "item_0": 50, "item_0_name": "Phase Boots", "leaver_status_description": "finished match, no abandon", "level": 25, "player_slot": 1, "leaver_status_name": "NONE", "hero_id": 54, "last_hits": 369, "kills": 15, "account_id": 89625472, "item_3_name": "Drum of Endurance", "item_4": 139, "item_3": 185, "item_4_name": "Butterfly", "item_5": 112, "xp_per_min": 680, "item_5_name": "Assault Cuirass", "hero_name": "Lifestealer", "gold_per_min": 677, "deaths": 4, "denies": 18, "item_2_name": "Armlet of Mordiggian", "item_1_name": "Abyssal Blade"}, {"item_2": 41, "assists": 22, "leaver_status": 0, "item_1": 98, "item_0": 30, "item_0_name": "Gem of True Sight", "leaver_status_description": "finished match, no abandon", "level": 21, "player_slot": 2, "leaver_status_name": "NONE", "hero_id": 17, "last_hits": 217, "kills": 8, "account_id": 70388657, "item_3_name": "Ultimate Orb", "item_4": 123, "item_3": 24, "item_4_name": "Linken's Sphere", "item_5": 63, "xp_per_min": 524, "item_5_name": "Power Treads", "hero_name": "Storm Spirit", "gold_per_min": 444, "deaths": 4, "denies": 22, "item_2_name": "Bottle", "item_1_name": "Orchid Malevolence"}, {"item_2": 21, "assists": 10, "leaver_status": 0, "item_1": 46, "item_0": 0, "leaver_status_description": "finished match, no abandon", "level": 14, "player_slot": 3, "leaver_status_name": "NONE", "hero_id": 101, "last_hits": 57, "kills": 3, "account_id": 82262664, "item_3_name": "Force Staff", "item_4": 180, "item_3": 102, "item_4_name": "Arcane Boots", "item_5": 36, "xp_per_min": 234, "item_5_name": "Magic Wand", "hero_name": "Skywrath Mage", "gold_per_min": 238, "deaths": 9, "denies": 1, "item_2_name": "Ogre Club", "item_1_name": "Town Portal Scroll"}, {"item_2": 102, "assists": 20, "leaver_status": 0, "item_1": 36, "item_0": 180, "item_0_name": "Arcane Boots", "leaver_status_description": "finished match, no abandon", "level": 19, "player_slot": 4, "leaver_status_name": "NONE", "hero_id": 88, "last_hits": 102, "kills": 5, "account_id": 86723143, "item_4": 1, "item_3": 0, "item_4_name": "Blink Dagger", "item_5": 24, "xp_per_min": 416, "item_5_name": "Ultimate Orb", "hero_name": "Nyx Assassin", "gold_per_min": 325, "deaths": 10, "denies": 5, "item_2_name": "Force Staff", "item_1_name": "Magic Wand"}, {"item_2": 0, "assists": 5, "leaver_status": 0, "item_1": 180, "item_0": 1, "item_0_name": "Blink Dagger", "leaver_status_description": "finished match, no abandon", "level": 14, "player_slot": 128, "leaver_status_name": "NONE", "hero_id": 83, "last_hits": 15, "kills": 2, "account_id": 89137399, "item_3_name": "Magic Wand", "item_4": 46, "item_3": 36, "item_4_name": "Town Portal Scroll", "item_5": 73, "xp_per_min": 238, "item_5_name": "Bracer", "hero_name": "Treant Protector", "gold_per_min": 217, "deaths": 8, "denies": 9, "item_1_name": "Arcane Boots"}, {"item_2": 0, "assists": 11, "leaver_status": 0, "item_1": 145, "item_0": 50, "item_0_name": "Phase Boots", "leaver_status_description": "finished match, no abandon", "level": 21, "player_slot": 129, "leaver_status_name": "NONE", "hero_id": 106, "last_hits": 220, "kills": 12, "account_id": 134556694, "item_3_name": "Drum of Endurance", "item_4": 116, "item_3": 185, "item_4_name": "Black King Bar", "item_5": 141, "xp_per_min": 497, "item_5_name": "Daedalus", "hero_name": "Ember Spirit", "gold_per_min": 507, "deaths": 9, "denies": 22, "item_1_name": "Battle Fury"}, {"item_2": 108, "assists": 10, "leaver_status": 0, "item_1": 46, "item_0": 63, "item_0_name": "Power Treads", "leaver_status_description": "finished match, no abandon", "level": 21, "player_slot": 130, "leaver_status_name": "NONE", "hero_id": 47, "last_hits": 215, "kills": 6, "account_id": 96196828, "item_3_name": "Manta Style", "item_4": 79, "item_3": 147, "item_4_name": "Mekansm", "item_5": 32, "xp_per_min": 517, "item_5_name": "Talisman of Evasion", "hero_name": "Viper", "gold_per_min": 460, "deaths": 7, "denies": 19, "item_2_name": "Aghanim's Scepter", "item_1_name": "Town Portal Scroll"}, {"item_2": 212, "assists": 10, "leaver_status": 0, "item_1": 33, "item_0": 147, "item_0_name": "Manta Style", "leaver_status_description": "finished match, no abandon", "level": 23, "player_slot": 131, "leaver_status_name": "NONE", "hero_id": 9, "last_hits": 247, "kills": 10, "account_id": 53178236, "item_3_name": "Desolator", "item_4": 139, "item_3": 168, "item_4_name": "Butterfly", "item_5": 50, "xp_per_min": 583, "item_5_name": "Phase Boots", "hero_name": "Mirana", "gold_per_min": 510, "deaths": 3, "denies": 17, "item_2_name": "Ring of Aquila", "item_1_name": "Cheese"}, {"item_2": 29, "assists": 7, "leaver_status": 0, "item_1": 0, "item_0": 92, "item_0_name": "Urn of Shadows", "leaver_status_description": "finished match, no abandon", "level": 13, "player_slot": 132, "leaver_status_name": "NONE", "hero_id": 3, "last_hits": 27, "kills": 0, "account_id": 76600360, "item_3_name": "Black King Bar", "item_4": 42, "item_3": 116, "item_4_name": "Observer Ward", "item_5": 0, "xp_per_min": 202, "hero_name": "Bane", "gold_per_min": 209, "deaths": 8, "denies": 5, "item_2_name": "Boots of Speed"}], "dire_team_id": 293390, "picks_bans": [{"order": 0, "is_pick": false, "hero_id": 68, "team": 1}, {"order": 1, "is_pick": false, "hero_id": 74, "team": 0}, {"order": 2, "is_pick": false, "hero_id": 92, "team": 1}, {"order": 3, "is_pick": false, "hero_id": 50, "team": 0}, {"order": 4, "is_pick": true, "hero_id": 106, "team": 1}, {"order": 5, "is_pick": true, "hero_id": 54, "team": 0}, {"order": 6, "is_pick": true, "hero_id": 88, "team": 0}, {"order": 7, "is_pick": true, "hero_id": 83, "team": 1}, {"order": 8, "is_pick": false, "hero_id": 58, "team": 1}, {"order": 9, "is_pick": false, "hero_id": 31, "team": 0}, {"order": 10, "is_pick": false, "hero_id": 40, "team": 1}, {"order": 11, "is_pick": false, "hero_id": 53, "team": 0}, {"order": 12, "is_pick": true, "hero_id": 33, "team": 0}, {"order": 13, "is_pick": true, "hero_id": 3, "team": 1}, {"order": 14, "is_pick": true, "hero_id": 101, "team": 0}, {"order": 15, "is_pick": true, "hero_id": 9, "team": 1}, {"order": 16, "is_pick": false, "hero_id": 13, "team": 1}, {"order": 17, "is_pick": true, "hero_id": 17, "team": 0}, {"order": 18, "is_pick": true, "hero_id": 47, "team": 1}], "dire_name": "Radical Online X-tremists", "negative_votes": 10}