{"tower_status_radiant": 0, "flags": 0, "radiant_team_complete": 1, "game_mode": 2, "radiant_score": 0, "match_id": 545657790, "lobby_name": "Practice", "dire_logo": 3318328211037238900, "pre_game_duration": 0, "radiant_name": "Team Empire", "match_seq_num": 497086301, "dire_team_complete": 1, "start_time": 1393775621, "radiant_win": false, "positive_votes": 76, "leagueid": 181, "duration": 2665, "dire_score": 0, "lobby_type": 1, "cluster": 131, "engine": 0, "barracks_status_dire": 63, "barracks_status_radiant": 0, "cluster_name": "Europe West", "first_blood_time": 286, "radiant_team_id": 46, "radiant_logo": 541924293718462159, "human_players": 10, "game_mode_name": "Captains Mode", "tower_status_dire": 1958, "players": [{"item_2": 46, "assists": 12, "leaver_status": 0, "item_1": 180, "item_0": 102, "item_0_name": "Force Staff", "leaver_status_description": "finished match, no abandon", "level": 15, "player_slot": 0, "leaver_status_name": "NONE", "hero_id": 88, "last_hits": 69, "kills": 1, "account_id": 86802844, "item_3_name": "Blink Dagger", "item_4": 34, "item_3": 1, "item_4_name": "Magic Stick", "item_5": 0, "xp_per_min": 294, "hero_name": "Nyx Assassin", "gold_per_min": 237, "deaths": 11, "denies": 2, "item_2_name": "Town Portal Scroll", "item_1_name": "Arcane Boots"}, {"item_2": 98, "assists": 11, "leaver_status": 0, "item_1": 102, "item_0": 50, "item_0_name": "Phase Boots", "leaver_status_description": "finished match, no abandon", "level": 18, "player_slot": 1, "leaver_status_name": "NONE", "hero_id": 74, "last_hits": 160, "kills": 7, "account_id": 86725175, "item_3_name": "Ultimate Orb", "item_4": 185, "item_3": 24, "item_4_name": "Drum of Endurance", "item_5": 36, "xp_per_min": 386, "item_5_name": "Magic Wand", "hero_name": "Invoker", "gold_per_min": 378, "deaths": 8, "denies": 21, "item_2_name": "Orchid Malevolence", "item_1_name": "Force Staff"}, {"item_2": 60, "assists": 15, "leaver_status": 0, "item_1": 36, "item_0": 92, "item_0_name": "Urn of Shadows", "leaver_status_description": "finished match, no abandon", "level": 15, "player_slot": 2, "leaver_status_name": "NONE", "hero_id": 68, "last_hits": 39, "kills": 6, "account_id": 91064780, "item_3_name": "Mekansm", "item_4": 29, "item_3": 79, "item_4_name": "Boots of Speed", "item_5": 21, "xp_per_min": 287, "item_5_name": "Ogre Club", "hero_name": "Ancient Apparition", "gold_per_min": 233, "deaths": 7, "denies": 5, "item_2_name": "Point Booster", "item_1_name": "Magic Wand"}, {"item_2": 46, "assists": 13, "leaver_status": 0, "item_1": 36, "item_0": 63, "item_0_name": "Power Treads", "leaver_status_description": "finished match, no abandon", "level": 14, "player_slot": 3, "leaver_status_name": "NONE", "hero_id": 86, "last_hits": 50, "kills": 2, "account_id": 11550182, "item_3_name": "Bracer", "item_4": 73, "item_3": 73, "item_4_name": "Bracer", "item_5": 73, "xp_per_min": 252, "item_5_name": "Bracer", "hero_name": "Rubick", "gold_per_min": 220, "deaths": 12, "denies": 3, "item_2_name": "Town Portal Scroll", "item_1_name": "Magic Wand"}, {"item_2": 65, "assists": 9, "leaver_status": 0, "item_1": 119, "item_0": 116, "item_0_name": "Black King Bar", "leaver_status_description": "finished match, no abandon", "level": 22, "player_slot": 4, "leaver_status_name": "NONE", "hero_id": 69, "last_hits": 214, "kills": 12, "account_id": 89269794, "item_3_name": "Phase Boots", "item_4": 112, "item_3": 50, "item_4_name": "Assault Cuirass", "item_5": 185, "xp_per_min": 606, "item_5_name": "Drum of Endurance", "hero_name": "Doom", "gold_per_min": 589, "deaths": 9, "denies": 14, "item_2_name": "Hand of Midas", "item_1_name": "Shiva's Guard"}, {"item_2": 180, "assists": 22, "leaver_status": 0, "item_1": 36, "item_0": 0, "leaver_status_description": "finished match, no abandon", "level": 18, "player_slot": 128, "leaver_status_name": "NONE", "hero_id": 3, "last_hits": 13, "kills": 3, "account_id": 25907144, "item_4": 0, "item_3": 0, "item_5": 0, "xp_per_min": 393, "hero_name": "Bane", "gold_per_min": 272, "deaths": 9, "denies": 12, "item_2_name": "Arcane Boots", "item_1_name": "Magic Wand"}, {"item_2": 34, "assists": 15, "leaver_status": 0, "item_1": 92, "item_0": 180, "item_0_name": "Arcane Boots", "leaver_status_description": "finished match, no abandon", "level": 18, "player_slot": 129, "leaver_status_name": "NONE", "hero_id": 50, "last_hits": 61, "kills": 2, "account_id": 120998268, "item_4": 46, "item_3": 0, "item_4_name": "Town Portal Scroll", "item_5": 79, "xp_per_min": 387, "item_5_name": "Mekansm", "hero_name": "Dazzle", "gold_per_min": 293, "deaths": 9, "denies": 1, "item_2_name": "Magic Stick", "item_1_name": "Urn of Shadows"}, {"item_2": 30, "assists": 17, "leaver_status": 0, "item_1": 41, "item_0": 50, "item_0_name": "Phase Boots", "leaver_status_description": "finished match, no abandon", "level": 20, "player_slot": 130, "leaver_status_name": "NONE", "hero_id": 13, "last_hits": 139, "kills": 11, "account_id": 110752309, "item_3_name": "Blink Dagger", "item_4": 0, "item_3": 1, "item_5": 96, "xp_per_min": 476, "item_5_name": "Scythe of Vyse", "hero_name": "Puck", "gold_per_min": 412, "deaths": 6, "denies": 10, "item_2_name": "Gem of True Sight", "item_1_name": "Bottle"}, {"item_2": 114, "assists": 17, "leaver_status": 0, "item_1": 50, "item_0": 73, "item_0_name": "Bracer", "leaver_status_description": "finished match, no abandon", "level": 23, "player_slot": 131, "leaver_status_name": "NONE", "hero_id": 43, "last_hits": 252, "kills": 15, "account_id": 97590558, "item_3_name": "Eul's Scepter of Divinity", "item_4": 123, "item_3": 100, "item_4_name": "Linken's Sphere", "item_5": 119, "xp_per_min": 664, "item_5_name": "Shiva's Guard", "hero_name": "Death Prophet", "gold_per_min": 579, "deaths": 4, "denies": 14, "item_2_name": "Heart of Tarrasque", "item_1_name": "Phase Boots"}, {"item_2": 116, "assists": 25, "leaver_status": 0, "item_1": 154, "item_0": 135, "item_0_name": "Monkey King Bar", "leaver_status_description": "finished match, no abandon", "level": 24, "player_slot": 132, "leaver_status_name": "NONE", "hero_id": 9, "last_hits": 185, "kills": 15, "account_id": 65623472, "item_3_name": "Drum of Endurance", "item_4": 46, "item_3": 185, "item_4_name": "Town Portal Scroll", "item_5": 50, "xp_per_min": 679, "item_5_name": "Phase Boots", "hero_name": "Mirana", "gold_per_min": 594, "deaths": 2, "denies": 6, "item_2_name": "Black King Bar", "item_1_name": "Sange and Yasha"}], "dire_team_id": 1335685, "picks_bans": [{"order": 0, "is_pick": false, "hero_id": 92, "team": 0}, {"order": 1, "is_pick": false, "hero_id": 17, "team": 1}, {"order": 2, "is_pick": false, "hero_id": 106, "team": 0}, {"order": 3, "is_pick": false, "hero_id": 65, "team": 1}, {"order": 4, "is_pick": true, "hero_id": 74, "team": 0}, {"order": 5, "is_pick": true, "hero_id": 50, "team": 1}, {"order": 6, "is_pick": true, "hero_id": 9, "team": 1}, {"order": 7, "is_pick": true, "hero_id": 68, "team": 0}, {"order": 8, "is_pick": false, "hero_id": 28, "team": 0}, {"order": 9, "is_pick": false, "hero_id": 87, "team": 1}, {"order": 10, "is_pick": false, "hero_id": 79, "team": 0}, {"order": 11, "is_pick": false, "hero_id": 51, "team": 1}, {"order": 12, "is_pick": true, "hero_id": 13, "team": 1}, {"order": 13, "is_pick": true, "hero_id": 88, "team": 0}, {"order": 14, "is_pick": true, "hero_id": 3, "team": 1}, {"order": 15, "is_pick": true, "hero_id": 69, "team": 0}, {"order": 16, "is_pick": false, "hero_id": 58, "team": 1}, {"order": 17, "is_pick": false, "hero_id": 99, "team": 0}, {"order": 18, "is_pick": true, "hero_id": 43, "team": 1}, {"order": 19, "is_pick": true, "hero_id": 86, "team": 0}], "dire_name": "MeetYourMakers.Dota2", "negative_votes": 8}