{"tower_status_radiant": 1975, "flags": 0, "radiant_team_complete": 1, "game_mode": 16, "radiant_score": 0, "match_id": 551040902, "lobby_name": "Practice", "radiant_team_id": 111474, "dire_logo": 1047377791103893273, "pre_game_duration": 0, "radiant_name": "Alliance", "match_seq_num": 501927389, "dire_team_complete": 0, "start_time": 1394130288, "radiant_guild_logo": 901000742757135593, "radiant_win": true, "positive_votes": 253, "leagueid": 203, "duration": 1883, "dire_score": 0, "lobby_type": 1, "cluster": 133, "radiant_guild_id": 383, "engine": 0, "barracks_status_dire": 63, "barracks_status_radiant": 63, "cluster_name": "Europe West", "first_blood_time": 49, "radiant_guild_name": "The Alliance", "radiant_logo": 392172445572106046, "human_players": 10, "game_mode_name": "Captains Draft", "tower_status_dire": 1796, "players": [{"item_2": 0, "assists": 16, "leaver_status": 0, "item_1": 36, "item_0": 210, "item_0_name": "Heaven's Halberd", "leaver_status_description": "finished match, no abandon", "level": 15, "player_slot": 0, "leaver_status_name": "NONE", "hero_id": 81, "last_hits": 147, "kills": 7, "account_id": 101495620, "item_3_name": "Power Treads", "item_4": 116, "item_3": 63, "item_4_name": "Black King Bar", "item_5": 61, "xp_per_min": 401, "item_5_name": "Vitality Booster", "hero_name": "Chaos Knight", "gold_per_min": 483, "deaths": 3, "denies": 4, "item_1_name": "Magic Wand"}, {"item_2": 46, "assists": 12, "leaver_status": 0, "item_1": 36, "item_0": 214, "item_0_name": "Tranquil Boots", "leaver_status_description": "finished match, no abandon", "level": 13, "player_slot": 1, "leaver_status_name": "NONE", "hero_id": 90, "last_hits": 63, "kills": 6, "account_id": 41288955, "item_3_name": "Mekansm", "item_4": 37, "item_3": 79, "item_4_name": "Ghost Scepter", "item_5": 42, "xp_per_min": 301, "item_5_name": "Observer Ward", "hero_name": "Keeper of the Light", "gold_per_min": 326, "deaths": 5, "denies": 6, "item_2_name": "Town Portal Scroll", "item_1_name": "Magic Wand"}, {"item_2": 1, "assists": 14, "leaver_status": 0, "item_1": 36, "item_0": 41, "item_0_name": "Bottle", "leaver_status_description": "finished match, no abandon", "level": 19, "player_slot": 2, "leaver_status_name": "NONE", "hero_id": 13, "last_hits": 134, "kills": 9, "account_id": 41231571, "item_3_name": "Power Treads", "item_4": 96, "item_3": 63, "item_4_name": "Scythe of Vyse", "item_5": 0, "xp_per_min": 618, "hero_name": "Puck", "gold_per_min": 489, "deaths": 2, "denies": 12, "item_2_name": "Blink Dagger", "item_1_name": "Magic Wand"}, {"item_2": 188, "assists": 21, "leaver_status": 0, "item_1": 63, "item_0": 41, "item_0_name": "Bottle", "leaver_status_description": "finished match, no abandon", "level": 14, "player_slot": 3, "leaver_status_name": "NONE", "hero_id": 20, "last_hits": 16, "kills": 4, "account_id": 3916428, "item_3_name": "Magic Wand", "item_4": 92, "item_3": 36, "item_4_name": "Urn of Shadows", "item_5": 0, "xp_per_min": 344, "hero_name": "Vengeful Spirit", "gold_per_min": 289, "deaths": 7, "denies": 0, "item_2_name": "Smoke of Deceit", "item_1_name": "Power Treads"}, {"item_2": 63, "assists": 7, "leaver_status": 0, "item_1": 36, "item_0": 152, "item_0_name": "Shadow Blade", "leaver_status_description": "finished match, no abandon", "level": 17, "player_slot": 4, "leaver_status_name": "NONE", "hero_id": 93, "last_hits": 124, "kills": 8, "account_id": 76482434, "item_3_name": "Town Portal Scroll", "item_4": 160, "item_3": 46, "item_4_name": "Eye of Skadi", "item_5": 41, "xp_per_min": 537, "item_5_name": "Bottle", "hero_name": "Slark", "gold_per_min": 457, "deaths": 2, "denies": 20, "item_2_name": "Power Treads", "item_1_name": "Magic Wand"}, {"item_2": 73, "assists": 9, "leaver_status": 0, "item_1": 46, "item_0": 34, "item_0_name": "Magic Stick", "leaver_status_description": "finished match, no abandon", "level": 10, "player_slot": 128, "leaver_status_name": "NONE", "hero_id": 89, "last_hits": 18, "kills": 0, "account_id": 88271237, "item_3_name": "Boots of Speed", "item_4": 73, "item_3": 29, "item_4_name": "Bracer", "item_5": 73, "xp_per_min": 181, "item_5_name": "Bracer", "hero_name": "Naga Siren", "gold_per_min": 161, "deaths": 10, "denies": 3, "item_2_name": "Bracer", "item_1_name": "Town Portal Scroll"}, {"item_2": 36, "assists": 5, "leaver_status": 0, "item_1": 24, "item_0": 116, "item_0_name": "Black King Bar", "leaver_status_description": "finished match, no abandon", "level": 14, "player_slot": 129, "leaver_status_name": "NONE", "hero_id": 45, "last_hits": 115, "kills": 9, "account_id": 29337472, "item_3_name": "Power Treads", "item_4": 41, "item_3": 63, "item_4_name": "Bottle", "item_5": 60, "xp_per_min": 373, "item_5_name": "Point Booster", "hero_name": "Pugna", "gold_per_min": 395, "deaths": 7, "denies": 1, "item_2_name": "Magic Wand", "item_1_name": "Ultimate Orb"}, {"item_2": 7, "assists": 12, "leaver_status": 0, "item_1": 46, "item_0": 50, "item_0_name": "Phase Boots", "leaver_status_description": "finished match, no abandon", "level": 15, "player_slot": 130, "leaver_status_name": "NONE", "hero_id": 54, "last_hits": 130, "kills": 5, "account_id": 16769223, "item_3_name": "Drum of Endurance", "item_4": 36, "item_3": 185, "item_4_name": "Magic Wand", "item_5": 154, "xp_per_min": 406, "item_5_name": "Sange and Yasha", "hero_name": "Lifestealer", "gold_per_min": 385, "deaths": 5, "denies": 7, "item_2_name": "Javelin", "item_1_name": "Town Portal Scroll"}, {"item_2": 36, "assists": 12, "leaver_status": 0, "item_1": 73, "item_0": 214, "item_0_name": "Tranquil Boots", "leaver_status_description": "finished match, no abandon", "level": 12, "player_slot": 131, "leaver_status_name": "NONE", "hero_id": 84, "last_hits": 15, "kills": 2, "account_id": 74432222, "item_3_name": "Staff of Wizardry", "item_4": 43, "item_3": 23, "item_4_name": "Sentry Ward", "item_5": 31, "xp_per_min": 261, "item_5_name": "Cloak", "hero_name": "Ogre Magi", "gold_per_min": 214, "deaths": 7, "denies": 0, "item_2_name": "Magic Wand", "item_1_name": "Bracer"}, {"item_2": 46, "assists": 11, "leaver_status": 1, "item_1": 1, "item_0": 178, "item_0_name": "Soul Ring", "leaver_status_description": "player DC, no abandon", "level": 14, "player_slot": 132, "leaver_status_name": "DISCONNECTED", "hero_id": 55, "last_hits": 119, "kills": 2, "account_id": 31078647, "item_3_name": "Mekansm", "item_4": 9, "item_3": 79, "item_4_name": "Platemail", "item_5": 29, "xp_per_min": 367, "item_5_name": "Boots of Speed", "hero_name": "Dark Seer", "gold_per_min": 331, "deaths": 5, "denies": 1, "item_2_name": "Town Portal Scroll", "item_1_name": "Blink Dagger"}], "dire_team_id": 1079149, "picks_bans": [{"order": 0, "is_pick": false, "hero_id": 28, "team": 0}, {"order": 1, "is_pick": false, "hero_id": 66, "team": 1}, {"order": 2, "is_pick": false, "hero_id": 92, "team": 0}, {"order": 3, "is_pick": false, "hero_id": 80, "team": 1}, {"order": 4, "is_pick": true, "hero_id": 20, "team": 0}, {"order": 5, "is_pick": true, "hero_id": 54, "team": 1}, {"order": 6, "is_pick": true, "hero_id": 89, "team": 1}, {"order": 7, "is_pick": true, "hero_id": 90, "team": 0}, {"order": 8, "is_pick": true, "hero_id": 13, "team": 0}, {"order": 9, "is_pick": true, "hero_id": 84, "team": 1}, {"order": 10, "is_pick": true, "hero_id": 45, "team": 1}, {"order": 11, "is_pick": true, "hero_id": 93, "team": 0}, {"order": 12, "is_pick": true, "hero_id": 81, "team": 0}, {"order": 13, "is_pick": true, "hero_id": 55, "team": 1}], "dire_name": "SIGMA.int", "negative_votes": 20}