{"tower_status_radiant": 1824, "flags": 0, "radiant_team_complete": 1, "game_mode": 2, "radiant_score": 0, "match_id": 555351180, "lobby_name": "Practice", "dire_logo": 351645122255494137, "pre_game_duration": 0, "radiant_name": "LGD-GAMING", "match_seq_num": 505855960, "dire_team_complete": 0, "start_time": 1394372424, "radiant_win": false, "positive_votes": 1217, "leagueid": 232, "duration": 2474, "dire_score": 0, "lobby_type": 1, "cluster": 223, "engine": 0, "barracks_status_dire": 63, "barracks_status_radiant": 60, "cluster_name": "China", "first_blood_time": 164, "radiant_team_id": 15, "radiant_logo": 630787216938014761, "human_players": 10, "game_mode_name": "Captains Mode", "tower_status_dire": 1982, "players": [{"item_2": 46, "assists": 4, "leaver_status": 0, "item_1": 0, "item_0": 1, "item_0_name": "Blink Dagger", "leaver_status_description": "finished match, no abandon", "level": 13, "player_slot": 0, "leaver_status_name": "NONE", "hero_id": 65, "last_hits": 156, "kills": 1, "account_id": 98878010, "item_3_name": "Magic Stick", "item_4": 102, "item_3": 34, "item_4_name": "Force Staff", "item_5": 29, "xp_per_min": 240, "item_5_name": "Boots of Speed", "hero_name": "Batrider", "gold_per_min": 279, "deaths": 3, "denies": 0, "item_2_name": "Town Portal Scroll"}, {"item_2": 0, "assists": 4, "leaver_status": 0, "item_1": 141, "item_0": 46, "item_0_name": "Town Portal Scroll", "leaver_status_description": "finished match, no abandon", "level": 19, "player_slot": 1, "leaver_status_name": "NONE", "hero_id": 106, "last_hits": 258, "kills": 0, "account_id": 106863163, "item_3_name": "Bottle", "item_4": 168, "item_3": 41, "item_4_name": "Desolator", "item_5": 180, "xp_per_min": 484, "item_5_name": "Arcane Boots", "hero_name": "Ember Spirit", "gold_per_min": 395, "deaths": 4, "denies": 7, "item_1_name": "Daedalus"}, {"item_2": 37, "assists": 3, "leaver_status": 0, "item_1": 36, "item_0": 102, "item_0_name": "Force Staff", "leaver_status_description": "finished match, no abandon", "level": 12, "player_slot": 2, "leaver_status_name": "NONE", "hero_id": 86, "last_hits": 75, "kills": 2, "account_id": 89371588, "item_3_name": "Arcane Boots", "item_4": 46, "item_3": 180, "item_4_name": "Town Portal Scroll", "item_5": 0, "xp_per_min": 203, "hero_name": "Rubick", "gold_per_min": 223, "deaths": 5, "denies": 1, "item_2_name": "Ghost Scepter", "item_1_name": "Magic Wand"}, {"item_2": 36, "assists": 3, "leaver_status": 0, "item_1": 214, "item_0": 42, "item_0_name": "Observer Ward", "leaver_status_description": "finished match, no abandon", "level": 12, "player_slot": 3, "leaver_status_name": "NONE", "hero_id": 68, "last_hits": 47, "kills": 1, "account_id": 114239371, "item_3_name": "Point Booster", "item_4": 21, "item_3": 60, "item_4_name": "Ogre Club", "item_5": 23, "xp_per_min": 200, "item_5_name": "Staff of Wizardry", "hero_name": "Ancient Apparition", "gold_per_min": 172, "deaths": 2, "denies": 2, "item_2_name": "Magic Wand", "item_1_name": "Tranquil Boots"}, {"item_2": 34, "assists": 3, "leaver_status": 0, "item_1": 108, "item_0": 1, "item_0_name": "Blink Dagger", "leaver_status_description": "finished match, no abandon", "level": 15, "player_slot": 4, "leaver_status_name": "NONE", "hero_id": 78, "last_hits": 192, "kills": 2, "account_id": 123854991, "item_3_name": "Ogre Club", "item_4": 0, "item_3": 21, "item_5": 180, "xp_per_min": 289, "item_5_name": "Arcane Boots", "hero_name": "Brewmaster", "gold_per_min": 342, "deaths": 4, "denies": 21, "item_2_name": "Magic Stick", "item_1_name": "Aghanim's Scepter"}, {"item_2": 34, "assists": 7, "leaver_status": 0, "item_1": 79, "item_0": 119, "item_0_name": "Shiva's Guard", "leaver_status_description": "finished match, no abandon", "level": 16, "player_slot": 128, "leaver_status_name": "NONE", "hero_id": 69, "last_hits": 140, "kills": 1, "account_id": 98887913, "item_3_name": "Black King Bar", "item_4": 180, "item_3": 116, "item_4_name": "Arcane Boots", "item_5": 46, "xp_per_min": 366, "item_5_name": "Town Portal Scroll", "hero_name": "Doom", "gold_per_min": 434, "deaths": 3, "denies": 1, "item_2_name": "Magic Stick", "item_1_name": "Mekansm"}, {"item_2": 90, "assists": 7, "leaver_status": 0, "item_1": 88, "item_0": 60, "item_0_name": "Point Booster", "leaver_status_description": "finished match, no abandon", "level": 13, "player_slot": 129, "leaver_status_name": "NONE", "hero_id": 40, "last_hits": 66, "kills": 1, "account_id": 89230834, "item_3_name": "Town Portal Scroll", "item_4": 180, "item_3": 46, "item_4_name": "Arcane Boots", "item_5": 0, "xp_per_min": 238, "hero_name": "Venomancer", "gold_per_min": 254, "deaths": 0, "denies": 3, "item_2_name": "Pipe of Insight", "item_1_name": "Ring of Basilius"}, {"item_2": 102, "assists": 7, "leaver_status": 0, "item_1": 1, "item_0": 36, "item_0_name": "Magic Wand", "leaver_status_description": "finished match, no abandon", "level": 15, "player_slot": 130, "leaver_status_name": "NONE", "hero_id": 88, "last_hits": 50, "kills": 4, "account_id": 89217927, "item_3_name": "Arcane Boots", "item_4": 42, "item_3": 180, "item_4_name": "Observer Ward", "item_5": 0, "xp_per_min": 312, "hero_name": "Nyx Assassin", "gold_per_min": 262, "deaths": 2, "denies": 1, "item_2_name": "Force Staff", "item_1_name": "Blink Dagger"}, {"item_2": 123, "assists": 7, "leaver_status": 0, "item_1": 96, "item_0": 1, "item_0_name": "Blink Dagger", "leaver_status_description": "finished match, no abandon", "level": 19, "player_slot": 131, "leaver_status_name": "NONE", "hero_id": 13, "last_hits": 197, "kills": 7, "account_id": 89157606, "item_3_name": "Bottle", "item_4": 30, "item_3": 41, "item_4_name": "Gem of True Sight", "item_5": 63, "xp_per_min": 470, "item_5_name": "Power Treads", "hero_name": "Puck", "gold_per_min": 436, "deaths": 1, "denies": 12, "item_2_name": "Linken's Sphere", "item_1_name": "Scythe of Vyse"}, {"item_2": 135, "assists": 8, "leaver_status": 0, "item_1": 116, "item_0": 139, "item_0_name": "Butterfly", "leaver_status_description": "finished match, no abandon", "level": 23, "player_slot": 132, "leaver_status_name": "NONE", "hero_id": 63, "last_hits": 391, "kills": 5, "account_id": 88508515, "item_3_name": "Power Treads", "item_4": 123, "item_3": 63, "item_4_name": "Linken's Sphere", "item_5": 0, "xp_per_min": 702, "hero_name": "Weaver", "gold_per_min": 700, "deaths": 0, "denies": 13, "item_2_name": "Monkey King Bar", "item_1_name": "Black King Bar"}], "dire_team_id": 1375614, "picks_bans": [{"order": 0, "is_pick": false, "hero_id": 27, "team": 0}, {"order": 1, "is_pick": false, "hero_id": 77, "team": 1}, {"order": 2, "is_pick": false, "hero_id": 73, "team": 0}, {"order": 3, "is_pick": false, "hero_id": 58, "team": 1}, {"order": 4, "is_pick": true, "hero_id": 65, "team": 0}, {"order": 5, "is_pick": true, "hero_id": 40, "team": 1}, {"order": 6, "is_pick": true, "hero_id": 88, "team": 1}, {"order": 7, "is_pick": true, "hero_id": 78, "team": 0}, {"order": 8, "is_pick": false, "hero_id": 17, "team": 0}, {"order": 9, "is_pick": false, "hero_id": 91, "team": 1}, {"order": 10, "is_pick": false, "hero_id": 49, "team": 0}, {"order": 11, "is_pick": false, "hero_id": 66, "team": 1}, {"order": 12, "is_pick": true, "hero_id": 69, "team": 1}, {"order": 13, "is_pick": true, "hero_id": 68, "team": 0}, {"order": 14, "is_pick": true, "hero_id": 13, "team": 1}, {"order": 15, "is_pick": true, "hero_id": 86, "team": 0}, {"order": 16, "is_pick": false, "hero_id": 10, "team": 1}, {"order": 17, "is_pick": false, "hero_id": 54, "team": 0}, {"order": 18, "is_pick": true, "hero_id": 63, "team": 1}, {"order": 19, "is_pick": true, "hero_id": 106, "team": 0}], "dire_name": "Newbee", "negative_votes": 172}