{"tower_status_radiant": 6, "flags": 0, "lobby_type": 1, "cluster": 123, "game_mode_name": "Captains Mode", "dire_logo": 3280051439172978439, "engine": 0, "barracks_status_dire": 59, "barracks_status_radiant": 11, "cluster_name": "US East", "radiant_score": 0, "match_id": 556074433, "lobby_name": "Practice", "dire_score": 0, "first_blood_time": 0, "human_players": 10, "pre_game_duration": 0, "tower_status_dire": 1540, "players": [{"item_2": 0, "assists": 5, "leaver_status": 0, "item_1": 63, "item_0": 139, "item_0_name": "Butterfly", "leaver_status_description": "finished match, no abandon", "level": 20, "player_slot": 0, "leaver_status_name": "NONE", "hero_id": 9, "last_hits": 211, "kills": 11, "account_id": 44039249, "item_3_name": "Manta Style", "item_4": 158, "item_3": 147, "item_4_name": "Mjollnir", "item_5": 46, "xp_per_min": 521, "item_5_name": "Town Portal Scroll", "hero_name": "Mirana", "gold_per_min": 515, "deaths": 7, "denies": 15, "item_1_name": "Power Treads"}, {"item_2": 116, "assists": 7, "leaver_status": 0, "item_1": 187, "item_0": 1, "item_0_name": "Blink Dagger", "leaver_status_description": "finished match, no abandon", "level": 14, "player_slot": 1, "leaver_status_name": "NONE", "hero_id": 73, "last_hits": 104, "kills": 2, "account_id": 67090308, "item_3_name": "Town Portal Scroll", "item_4": 63, "item_3": 46, "item_4_name": "Power Treads", "item_5": 40, "xp_per_min": 276, "item_5_name": "Dust of Appearance", "hero_name": "Alchemist", "gold_per_min": 317, "deaths": 8, "denies": 2, "item_2_name": "Black King Bar", "item_1_name": "Medallion of Courage"}, {"item_2": 63, "assists": 8, "leaver_status": 0, "item_1": 46, "item_0": 116, "item_0_name": "Black King Bar", "leaver_status_description": "finished match, no abandon", "level": 21, "player_slot": 2, "leaver_status_name": "NONE", "hero_id": 93, "last_hits": 264, "kills": 6, "account_id": 107898878, "item_3_name": "Hand of Midas", "item_4": 160, "item_3": 65, "item_4_name": "Eye of Skadi", "item_5": 147, "xp_per_min": 567, "item_5_name": "Manta Style", "hero_name": "Slark", "gold_per_min": 563, "deaths": 7, "denies": 9, "item_2_name": "Power Treads", "item_1_name": "Town Portal Scroll"}, {"item_2": 41, "assists": 8, "leaver_status": 0, "item_1": 180, "item_0": 79, "item_0_name": "Mekansm", "leaver_status_description": "finished match, no abandon", "level": 13, "player_slot": 3, "leaver_status_name": "NONE", "hero_id": 64, "last_hits": 50, "kills": 0, "account_id": 103190897, "item_3_name": "Smoke of Deceit", "item_4": 0, "item_3": 188, "item_5": 46, "xp_per_min": 221, "item_5_name": "Town Portal Scroll", "hero_name": "Jakiro", "gold_per_min": 224, "deaths": 5, "denies": 3, "item_2_name": "Bottle", "item_1_name": "Arcane Boots"}, {"item_2": 40, "assists": 9, "leaver_status": 0, "item_1": 50, "item_0": 41, "item_0_name": "Bottle", "leaver_status_description": "finished match, no abandon", "level": 16, "player_slot": 4, "leaver_status_name": "NONE", "hero_id": 51, "last_hits": 98, "kills": 4, "account_id": 100246000, "item_3_name": "Force Staff", "item_4": 108, "item_3": 102, "item_4_name": "Aghanim's Scepter", "item_5": 46, "xp_per_min": 324, "item_5_name": "Town Portal Scroll", "hero_name": "Clockwerk", "gold_per_min": 302, "deaths": 8, "denies": 9, "item_2_name": "Dust of Appearance", "item_1_name": "Phase Boots"}, {"item_2": 79, "assists": 17, "leaver_status": 0, "item_1": 178, "item_0": 1, "item_0_name": "Blink Dagger", "leaver_status_description": "finished match, no abandon", "level": 17, "player_slot": 128, "leaver_status_name": "NONE", "hero_id": 33, "last_hits": 141, "kills": 4, "account_id": 109778511, "item_3_name": "Gem of True Sight", "item_4": 29, "item_3": 30, "item_4_name": "Boots of Speed", "item_5": 102, "xp_per_min": 395, "item_5_name": "Force Staff", "hero_name": "Enigma", "gold_per_min": 387, "deaths": 6, "denies": 4, "item_2_name": "Mekansm", "item_1_name": "Soul Ring"}, {"item_2": 168, "assists": 11, "leaver_status": 0, "item_1": 63, "item_0": 116, "item_0_name": "Black King Bar", "leaver_status_description": "finished match, no abandon", "level": 22, "player_slot": 129, "leaver_status_name": "NONE", "hero_id": 46, "last_hits": 201, "kills": 3, "account_id": 115975133, "item_3_name": "Drum of Endurance", "item_4": 0, "item_3": 185, "item_5": 46, "xp_per_min": 633, "item_5_name": "Town Portal Scroll", "hero_name": "Templar Assassin", "gold_per_min": 502, "deaths": 5, "denies": 5, "item_2_name": "Desolator", "item_1_name": "Power Treads"}, {"item_2": 0, "assists": 12, "leaver_status": 0, "item_1": 30, "item_0": 9, "item_0_name": "Platemail", "leaver_status_description": "finished match, no abandon", "level": 17, "player_slot": 130, "leaver_status_name": "NONE", "hero_id": 92, "last_hits": 56, "kills": 8, "account_id": 21604967, "item_3_name": "Boots of Speed", "item_4": 108, "item_3": 29, "item_4_name": "Aghanim's Scepter", "item_5": 187, "xp_per_min": 374, "item_5_name": "Medallion of Courage", "hero_name": "Visage", "gold_per_min": 338, "deaths": 3, "denies": 6, "item_1_name": "Gem of True Sight"}, {"item_2": 50, "assists": 11, "leaver_status": 0, "item_1": 98, "item_0": 152, "item_0_name": "Shadow Blade", "leaver_status_description": "finished match, no abandon", "level": 22, "player_slot": 131, "leaver_status_name": "NONE", "hero_id": 53, "last_hits": 227, "kills": 14, "account_id": 86715129, "item_3_name": "Hand of Midas", "item_4": 46, "item_3": 65, "item_4_name": "Town Portal Scroll", "item_5": 96, "xp_per_min": 623, "item_5_name": "Scythe of Vyse", "hero_name": "Nature's Prophet", "gold_per_min": 618, "deaths": 5, "denies": 9, "item_2_name": "Phase Boots", "item_1_name": "Orchid Malevolence"}, {"item_2": 116, "assists": 15, "leaver_status": 0, "item_1": 0, "item_0": 147, "item_0_name": "Manta Style", "leaver_status_description": "finished match, no abandon", "level": 21, "player_slot": 132, "leaver_status_name": "NONE", "hero_id": 48, "last_hits": 243, "kills": 6, "account_id": 88362171, "item_3_name": "Power Treads", "item_4": 185, "item_3": 63, "item_4_name": "Drum of Endurance", "item_5": 212, "xp_per_min": 581, "item_5_name": "Ring of Aquila", "hero_name": "Luna", "gold_per_min": 519, "deaths": 4, "denies": 0, "item_2_name": "Black King Bar"}], "match_seq_num": 506495222, "dire_team_id": 1385412, "dire_team_complete": 1, "start_time": 1394409508, "picks_bans": [{"order": 0, "is_pick": false, "hero_id": 106, "team": 0}, {"order": 1, "is_pick": false, "hero_id": 88, "team": 1}, {"order": 2, "is_pick": false, "hero_id": 91, "team": 0}, {"order": 3, "is_pick": false, "hero_id": 74, "team": 1}, {"order": 4, "is_pick": true, "hero_id": 73, "team": 0}, {"order": 5, "is_pick": true, "hero_id": 92, "team": 1}, {"order": 6, "is_pick": true, "hero_id": 48, "team": 1}, {"order": 7, "is_pick": true, "hero_id": 9, "team": 0}, {"order": 8, "is_pick": false, "hero_id": 65, "team": 0}, {"order": 9, "is_pick": false, "hero_id": 79, "team": 1}, {"order": 10, "is_pick": false, "hero_id": 40, "team": 0}, {"order": 11, "is_pick": false, "hero_id": 86, "team": 1}, {"order": 12, "is_pick": true, "hero_id": 33, "team": 1}, {"order": 13, "is_pick": true, "hero_id": 51, "team": 0}, {"order": 14, "is_pick": true, "hero_id": 53, "team": 1}, {"order": 15, "is_pick": true, "hero_id": 64, "team": 0}, {"order": 16, "is_pick": false, "hero_id": 69, "team": 1}, {"order": 17, "is_pick": false, "hero_id": 6, "team": 0}, {"order": 18, "is_pick": true, "hero_id": 46, "team": 1}, {"order": 19, "is_pick": true, "hero_id": 93, "team": 0}], "radiant_win": false, "positive_votes": 6, "leagueid": 199, "game_mode": 2, "dire_name": "SNA + 4", "duration": 2523, "negative_votes": 1}