{"tower_status_radiant": 1920, "flags": 0, "radiant_team_complete": 1, "game_mode": 2, "radiant_score": 0, "match_id": 559312551, "lobby_name": "Practice", "dire_logo": 703982671830364844, "pre_game_duration": 0, "radiant_name": "EXECRATION1", "match_seq_num": 509408477, "dire_team_complete": 0, "start_time": 1394630713, "radiant_win": false, "positive_votes": 21, "leagueid": 181, "duration": 1407, "dire_score": 0, "lobby_type": 1, "cluster": 152, "engine": 0, "barracks_status_dire": 63, "barracks_status_radiant": 51, "cluster_name": "Southeast Asia", "first_blood_time": 228, "radiant_team_id": 494197, "radiant_logo": 469805271568881228, "human_players": 10, "game_mode_name": "Captains Mode", "tower_status_dire": 2047, "players": [{"item_2": 46, "assists": 3, "leaver_status": 0, "item_1": 1, "item_0": 29, "item_0_name": "Boots of Speed", "leaver_status_description": "finished match, no abandon", "level": 11, "player_slot": 0, "leaver_status_name": "NONE", "hero_id": 16, "last_hits": 27, "kills": 1, "account_id": 92710509, "item_3_name": "Magic Wand", "item_4": 0, "item_3": 36, "item_5": 16, "xp_per_min": 267, "item_5_name": "Iron Branch", "hero_name": "Sand King", "gold_per_min": 205, "deaths": 3, "denies": 0, "item_2_name": "Town Portal Scroll", "item_1_name": "Blink Dagger"}, {"item_2": 98, "assists": 6, "leaver_status": 1, "item_1": 46, "item_0": 41, "item_0_name": "Bottle", "leaver_status_description": "player DC, no abandon", "level": 14, "player_slot": 1, "leaver_status_name": "DISCONNECTED", "hero_id": 17, "last_hits": 113, "kills": 3, "account_id": 91443418, "item_3_name": "Magic Stick", "item_4": 16, "item_3": 34, "item_4_name": "Iron Branch", "item_5": 63, "xp_per_min": 469, "item_5_name": "Power Treads", "hero_name": "Storm Spirit", "gold_per_min": 393, "deaths": 5, "denies": 12, "item_2_name": "Orchid Malevolence", "item_1_name": "Town Portal Scroll"}, {"item_2": 0, "assists": 6, "leaver_status": 0, "item_1": 46, "item_0": 41, "item_0_name": "Bottle", "leaver_status_description": "finished match, no abandon", "level": 11, "player_slot": 2, "leaver_status_name": "NONE", "hero_id": 88, "last_hits": 33, "kills": 0, "account_id": 91654584, "item_3_name": "Magic Wand", "item_4": 29, "item_3": 36, "item_4_name": "Boots of Speed", "item_5": 0, "xp_per_min": 313, "hero_name": "Nyx Assassin", "gold_per_min": 208, "deaths": 5, "denies": 2, "item_1_name": "Town Portal Scroll"}, {"item_2": 36, "assists": 2, "leaver_status": 0, "item_1": 79, "item_0": 41, "item_0_name": "Bottle", "leaver_status_description": "finished match, no abandon", "level": 12, "player_slot": 3, "leaver_status_name": "NONE", "hero_id": 98, "last_hits": 99, "kills": 5, "account_id": 164685813, "item_4": 180, "item_3": 0, "item_4_name": "Arcane Boots", "item_5": 60, "xp_per_min": 379, "item_5_name": "Point Booster", "hero_name": "Timbersaw", "gold_per_min": 364, "deaths": 4, "denies": 11, "item_2_name": "Magic Wand", "item_1_name": "Mekansm"}, {"item_2": 36, "assists": 2, "leaver_status": 0, "item_1": 46, "item_0": 29, "item_0_name": "Boots of Speed", "leaver_status_description": "finished match, no abandon", "level": 7, "player_slot": 4, "leaver_status_name": "NONE", "hero_id": 68, "last_hits": 17, "kills": 2, "account_id": 92704330, "item_3_name": "Urn of Shadows", "item_4": 0, "item_3": 92, "item_5": 0, "xp_per_min": 134, "hero_name": "Ancient Apparition", "gold_per_min": 156, "deaths": 6, "denies": 7, "item_2_name": "Magic Wand", "item_1_name": "Town Portal Scroll"}, {"item_2": 188, "assists": 9, "leaver_status": 0, "item_1": 34, "item_0": 180, "item_0_name": "Arcane Boots", "leaver_status_description": "finished match, no abandon", "level": 12, "player_slot": 128, "leaver_status_name": "NONE", "hero_id": 7, "last_hits": 27, "kills": 3, "account_id": 108223843, "item_3_name": "Bracer", "item_4": 1, "item_3": 73, "item_4_name": "Blink Dagger", "item_5": 0, "xp_per_min": 353, "hero_name": "Earthshaker", "gold_per_min": 333, "deaths": 4, "denies": 0, "item_2_name": "Smoke of Deceit", "item_1_name": "Magic Stick"}, {"item_2": 73, "assists": 6, "leaver_status": 0, "item_1": 36, "item_0": 41, "item_0_name": "Bottle", "leaver_status_description": "finished match, no abandon", "level": 14, "player_slot": 129, "leaver_status_name": "NONE", "hero_id": 49, "last_hits": 79, "kills": 5, "account_id": 86794404, "item_3_name": "Black King Bar", "item_4": 63, "item_3": 116, "item_4_name": "Power Treads", "item_5": 30, "xp_per_min": 446, "item_5_name": "Gem of True Sight", "hero_name": "Dragon Knight", "gold_per_min": 440, "deaths": 3, "denies": 4, "item_2_name": "Bracer", "item_1_name": "Magic Wand"}, {"item_2": 0, "assists": 9, "leaver_status": 0, "item_1": 0, "item_0": 29, "item_0_name": "Boots of Speed", "leaver_status_description": "finished match, no abandon", "level": 11, "player_slot": 130, "leaver_status_name": "NONE", "hero_id": 92, "last_hits": 9, "kills": 7, "account_id": 117201231, "item_3_name": "Point Booster", "item_4": 36, "item_3": 60, "item_4_name": "Magic Wand", "item_5": 21, "xp_per_min": 277, "item_5_name": "Ogre Club", "hero_name": "Visage", "gold_per_min": 339, "deaths": 1, "denies": 6}, {"item_2": 50, "assists": 8, "leaver_status": 0, "item_1": 194, "item_0": 46, "item_0_name": "Town Portal Scroll", "leaver_status_description": "finished match, no abandon", "level": 14, "player_slot": 131, "leaver_status_name": "NONE", "hero_id": 53, "last_hits": 127, "kills": 4, "account_id": 104888934, "item_3_name": "Mekansm", "item_4": 65, "item_3": 79, "item_4_name": "Hand of Midas", "item_5": 0, "xp_per_min": 474, "hero_name": "Nature's Prophet", "gold_per_min": 568, "deaths": 1, "denies": 8, "item_2_name": "Phase Boots", "item_1_name": "Necronomicon"}, {"item_2": 117, "assists": 8, "leaver_status": 0, "item_1": 36, "item_0": 63, "item_0_name": "Power Treads", "leaver_status_description": "finished match, no abandon", "level": 13, "player_slot": 132, "leaver_status_name": "NONE", "hero_id": 35, "last_hits": 110, "kills": 4, "account_id": 90547237, "item_3_name": "Ring of Aquila", "item_4": 166, "item_3": 212, "item_4_name": "Maelstrom", "item_5": 185, "xp_per_min": 426, "item_5_name": "Drum of Endurance", "hero_name": "Sniper", "gold_per_min": 500, "deaths": 3, "denies": 23, "item_2_name": "Aegis of the Immortal", "item_1_name": "Magic Wand"}], "dire_team_id": 1105664, "picks_bans": [{"order": 0, "is_pick": false, "hero_id": 93, "team": 1}, {"order": 1, "is_pick": false, "hero_id": 51, "team": 0}, {"order": 2, "is_pick": false, "hero_id": 65, "team": 1}, {"order": 3, "is_pick": false, "hero_id": 74, "team": 0}, {"order": 4, "is_pick": true, "hero_id": 92, "team": 1}, {"order": 5, "is_pick": true, "hero_id": 88, "team": 0}, {"order": 6, "is_pick": true, "hero_id": 68, "team": 0}, {"order": 7, "is_pick": true, "hero_id": 53, "team": 1}, {"order": 8, "is_pick": false, "hero_id": 106, "team": 1}, {"order": 9, "is_pick": false, "hero_id": 77, "team": 0}, {"order": 10, "is_pick": false, "hero_id": 9, "team": 1}, {"order": 11, "is_pick": false, "hero_id": 13, "team": 0}, {"order": 12, "is_pick": true, "hero_id": 16, "team": 0}, {"order": 13, "is_pick": true, "hero_id": 7, "team": 1}, {"order": 14, "is_pick": true, "hero_id": 98, "team": 0}, {"order": 15, "is_pick": true, "hero_id": 35, "team": 1}, {"order": 16, "is_pick": false, "hero_id": 40, "team": 0}, {"order": 17, "is_pick": false, "hero_id": 10, "team": 1}, {"order": 18, "is_pick": true, "hero_id": 17, "team": 0}, {"order": 19, "is_pick": true, "hero_id": 49, "team": 1}], "dire_name": "Rex Regum QEON", "negative_votes": 5}