{"tower_status_radiant": 1927, "flags": 0, "radiant_team_complete": 1, "game_mode": 2, "radiant_score": 0, "match_id": 560867218, "lobby_name": "Practice", "radiant_team_id": 111474, "dire_logo": 921253447668725714, "pre_game_duration": 0, "radiant_name": "Alliance", "match_seq_num": 510811293, "dire_team_complete": 1, "start_time": 1394727801, "radiant_guild_logo": 901000742757135593, "radiant_win": true, "positive_votes": 949, "leagueid": 232, "duration": 1300, "dire_score": 0, "lobby_type": 1, "cluster": 131, "radiant_guild_id": 383, "engine": 0, "barracks_status_dire": 3, "barracks_status_radiant": 63, "cluster_name": "Europe West", "first_blood_time": 85, "radiant_guild_name": "The Alliance", "radiant_logo": 392172445572106046, "human_players": 10, "game_mode_name": "Captains Mode", "tower_status_dire": 1540, "players": [{"item_2": 121, "assists": 6, "leaver_status": 0, "item_1": 34, "item_0": 46, "item_0_name": "Town Portal Scroll", "leaver_status_description": "finished match, no abandon", "level": 13, "player_slot": 0, "leaver_status_name": "NONE", "hero_id": 52, "last_hits": 123, "kills": 5, "account_id": 101495620, "item_3_name": "Boots of Travel", "item_4": 88, "item_3": 48, "item_4_name": "Ring of Basilius", "item_5": 73, "xp_per_min": 461, "item_5_name": "Bracer", "hero_name": "Leshrac", "gold_per_min": 580, "deaths": 2, "denies": 7, "item_2_name": "Bloodstone", "item_1_name": "Magic Stick"}, {"item_2": 88, "assists": 8, "leaver_status": 0, "item_1": 29, "item_0": 79, "item_0_name": "Mekansm", "leaver_status_description": "finished match, no abandon", "level": 12, "player_slot": 1, "leaver_status_name": "NONE", "hero_id": 66, "last_hits": 43, "kills": 5, "account_id": 41288955, "item_3_name": "Force Staff", "item_4": 0, "item_3": 102, "item_5": 42, "xp_per_min": 387, "item_5_name": "Observer Ward", "hero_name": "Chen", "gold_per_min": 442, "deaths": 2, "denies": 1, "item_2_name": "Ring of Basilius", "item_1_name": "Boots of Speed"}, {"item_2": 102, "assists": 10, "leaver_status": 0, "item_1": 36, "item_0": 41, "item_0_name": "Bottle", "leaver_status_description": "finished match, no abandon", "level": 13, "player_slot": 2, "leaver_status_name": "NONE", "hero_id": 74, "last_hits": 53, "kills": 3, "account_id": 41231571, "item_3_name": "Phase Boots", "item_4": 24, "item_3": 50, "item_4_name": "Ultimate Orb", "item_5": 0, "xp_per_min": 434, "hero_name": "Invoker", "gold_per_min": 431, "deaths": 1, "denies": 7, "item_2_name": "Force Staff", "item_1_name": "Magic Wand"}, {"item_2": 16, "assists": 7, "leaver_status": 0, "item_1": 180, "item_0": 1, "item_0_name": "Blink Dagger", "leaver_status_description": "finished match, no abandon", "level": 11, "player_slot": 3, "leaver_status_name": "NONE", "hero_id": 16, "last_hits": 29, "kills": 4, "account_id": 3916428, "item_3_name": "Magic Stick", "item_4": 16, "item_3": 34, "item_4_name": "Iron Branch", "item_5": 0, "xp_per_min": 336, "hero_name": "Sand King", "gold_per_min": 341, "deaths": 4, "denies": 6, "item_2_name": "Iron Branch", "item_1_name": "Arcane Boots"}, {"item_2": 0, "assists": 4, "leaver_status": 0, "item_1": 46, "item_0": 214, "item_0_name": "Tranquil Boots", "additional_units": [{"item_2": 182, "item_1": 181, "item_4": 143, "item_0": 50, "item_3": 166, "item_5": 0, "unitname": "spirit_bear"}], "leaver_status_description": "finished match, no abandon", "level": 12, "player_slot": 4, "leaver_status_name": "NONE", "hero_id": 80, "last_hits": 98, "kills": 2, "account_id": 76482434, "item_3_name": "Iron Branch", "item_4": 0, "item_3": 16, "item_5": 0, "xp_per_min": 407, "hero_name": "Lone Druid", "gold_per_min": 486, "deaths": 2, "denies": 11, "item_1_name": "Town Portal Scroll"}, {"item_2": 43, "assists": 3, "leaver_status": 0, "item_1": 188, "item_0": 79, "item_0_name": "Mekansm", "leaver_status_description": "finished match, no abandon", "level": 11, "player_slot": 128, "leaver_status_name": "NONE", "hero_id": 31, "last_hits": 38, "kills": 4, "account_id": 89137399, "item_3_name": "Town Portal Scroll", "item_4": 16, "item_3": 46, "item_4_name": "Iron Branch", "item_5": 214, "xp_per_min": 309, "item_5_name": "Tranquil Boots", "hero_name": "Lich", "gold_per_min": 306, "deaths": 3, "denies": 12, "item_2_name": "Sentry Ward", "item_1_name": "Smoke of Deceit"}, {"item_2": 50, "assists": 3, "leaver_status": 1, "item_1": 185, "item_0": 41, "item_0_name": "Bottle", "leaver_status_description": "player DC, no abandon", "level": 11, "player_slot": 129, "leaver_status_name": "DISCONNECTED", "hero_id": 106, "last_hits": 61, "kills": 3, "account_id": 134556694, "item_4": 36, "item_3": 0, "item_4_name": "Magic Wand", "item_5": 46, "xp_per_min": 324, "item_5_name": "Town Portal Scroll", "hero_name": "Ember Spirit", "gold_per_min": 342, "deaths": 6, "denies": 4, "item_2_name": "Phase Boots", "item_1_name": "Drum of Endurance"}, {"item_2": 17, "assists": 3, "leaver_status": 0, "item_1": 81, "item_0": 63, "item_0_name": "Power Treads", "leaver_status_description": "finished match, no abandon", "level": 11, "player_slot": 130, "leaver_status_name": "NONE", "hero_id": 77, "last_hits": 106, "kills": 2, "account_id": 96196828, "item_3_name": "Medallion of Courage", "item_4": 46, "item_3": 187, "item_4_name": "Town Portal Scroll", "item_5": 11, "xp_per_min": 364, "item_5_name": "Quelling Blade", "hero_name": "Lycan", "gold_per_min": 420, "deaths": 4, "denies": 1, "item_2_name": "Belt of Strength", "item_1_name": "Vladmir's Offering"}, {"item_2": 36, "assists": 5, "leaver_status": 0, "item_1": 41, "item_0": 1, "item_0_name": "Blink Dagger", "leaver_status_description": "finished match, no abandon", "level": 12, "player_slot": 131, "leaver_status_name": "NONE", "hero_id": 13, "last_hits": 83, "kills": 1, "account_id": 53178236, "item_3_name": "Town Portal Scroll", "item_4": 15, "item_3": 46, "item_4_name": "Mantle of Intelligence", "item_5": 63, "xp_per_min": 393, "item_5_name": "Power Treads", "hero_name": "Puck", "gold_per_min": 373, "deaths": 3, "denies": 12, "item_2_name": "Magic Wand", "item_1_name": "Bottle"}, {"item_2": 73, "assists": 5, "leaver_status": 0, "item_1": 34, "item_0": 0, "leaver_status_description": "finished match, no abandon", "level": 8, "player_slot": 132, "leaver_status_name": "NONE", "hero_id": 87, "last_hits": 11, "kills": 1, "account_id": 76600360, "item_3_name": "Dust of Appearance", "item_4": 42, "item_3": 40, "item_4_name": "Observer Ward", "item_5": 180, "xp_per_min": 202, "item_5_name": "Arcane Boots", "hero_name": "Disruptor", "gold_per_min": 212, "deaths": 3, "denies": 4, "item_2_name": "Bracer", "item_1_name": "Magic Stick"}], "dire_team_id": 293390, "picks_bans": [{"order": 0, "is_pick": false, "hero_id": 65, "team": 1}, {"order": 1, "is_pick": false, "hero_id": 50, "team": 0}, {"order": 2, "is_pick": false, "hero_id": 91, "team": 1}, {"order": 3, "is_pick": false, "hero_id": 102, "team": 0}, {"order": 4, "is_pick": true, "hero_id": 77, "team": 1}, {"order": 5, "is_pick": true, "hero_id": 74, "team": 0}, {"order": 6, "is_pick": true, "hero_id": 66, "team": 0}, {"order": 7, "is_pick": true, "hero_id": 31, "team": 1}, {"order": 8, "is_pick": false, "hero_id": 96, "team": 1}, {"order": 9, "is_pick": false, "hero_id": 9, "team": 0}, {"order": 10, "is_pick": false, "hero_id": 45, "team": 1}, {"order": 11, "is_pick": false, "hero_id": 40, "team": 0}, {"order": 12, "is_pick": true, "hero_id": 52, "team": 0}, {"order": 13, "is_pick": true, "hero_id": 13, "team": 1}, {"order": 14, "is_pick": true, "hero_id": 16, "team": 0}, {"order": 15, "is_pick": true, "hero_id": 106, "team": 1}, {"order": 16, "is_pick": false, "hero_id": 83, "team": 0}, {"order": 17, "is_pick": false, "hero_id": 51, "team": 1}, {"order": 18, "is_pick": true, "hero_id": 80, "team": 0}, {"order": 19, "is_pick": true, "hero_id": 87, "team": 1}], "dire_name": "Radical Online X-tremists", "negative_votes": 71}