{"tower_status_radiant": 2022, "flags": 0, "radiant_team_complete": 0, "game_mode": 2, "radiant_score": 0, "match_id": 561107455, "lobby_name": "Practice", "dire_logo": 3282301796808543096, "pre_game_duration": 0, "radiant_name": "Team Liquid", "match_seq_num": 511029285, "dire_team_complete": 1, "start_time": 1394748573, "radiant_win": true, "positive_votes": 308, "leagueid": 232, "duration": 1687, "dire_score": 0, "lobby_type": 1, "cluster": 124, "engine": 0, "barracks_status_dire": 59, "barracks_status_radiant": 63, "cluster_name": "US East", "first_blood_time": 0, "radiant_team_id": 2163, "radiant_logo": 451783905032671206, "human_players": 10, "game_mode_name": "Captains Mode", "tower_status_dire": 1796, "players": [{"item_2": 214, "assists": 14, "leaver_status": 0, "item_1": 108, "item_0": 30, "item_0_name": "Gem of True Sight", "leaver_status_description": "finished match, no abandon", "level": 13, "player_slot": 0, "leaver_status_name": "NONE", "hero_id": 68, "last_hits": 36, "kills": 2, "account_id": 41470731, "item_4": 46, "item_3": 0, "item_4_name": "Town Portal Scroll", "item_5": 0, "xp_per_min": 325, "hero_name": "Ancient Apparition", "gold_per_min": 292, "deaths": 3, "denies": 1, "item_2_name": "Tranquil Boots", "item_1_name": "Aghanim's Scepter"}, {"item_2": 34, "assists": 12, "leaver_status": 0, "item_1": 102, "item_0": 180, "item_0_name": "Arcane Boots", "leaver_status_description": "finished match, no abandon", "level": 16, "player_slot": 1, "leaver_status_name": "NONE", "hero_id": 88, "last_hits": 66, "kills": 5, "account_id": 110880087, "item_3_name": "Blink Dagger", "item_4": 37, "item_3": 1, "item_4_name": "Ghost Scepter", "item_5": 46, "xp_per_min": 515, "item_5_name": "Town Portal Scroll", "hero_name": "Nyx Assassin", "gold_per_min": 388, "deaths": 5, "denies": 10, "item_2_name": "Magic Stick", "item_1_name": "Force Staff"}, {"item_2": 43, "assists": 9, "leaver_status": 0, "item_1": 46, "item_0": 36, "item_0_name": "Magic Wand", "leaver_status_description": "finished match, no abandon", "level": 15, "player_slot": 2, "leaver_status_name": "NONE", "hero_id": 5, "last_hits": 49, "kills": 6, "account_id": 38515149, "item_3_name": "Tranquil Boots", "item_4": 102, "item_3": 214, "item_4_name": "Force Staff", "item_5": 21, "xp_per_min": 428, "item_5_name": "Ogre Club", "hero_name": "Crystal Maiden", "gold_per_min": 364, "deaths": 2, "denies": 0, "item_2_name": "Sentry Ward", "item_1_name": "Town Portal Scroll"}, {"item_2": 41, "assists": 9, "leaver_status": 0, "item_1": 63, "item_0": 116, "item_0_name": "Black King Bar", "leaver_status_description": "finished match, no abandon", "level": 19, "player_slot": 3, "leaver_status_name": "NONE", "hero_id": 11, "last_hits": 241, "kills": 4, "account_id": 30237211, "item_3_name": "Satanic", "item_4": 65, "item_3": 156, "item_4_name": "Hand of Midas", "item_5": 0, "xp_per_min": 701, "hero_name": "Shadow Fiend", "gold_per_min": 699, "deaths": 2, "denies": 20, "item_2_name": "Bottle", "item_1_name": "Power Treads"}, {"item_2": 81, "assists": 6, "leaver_status": 0, "item_1": 187, "item_0": 194, "item_0_name": "Necronomicon", "leaver_status_description": "finished match, no abandon", "level": 17, "player_slot": 4, "leaver_status_name": "NONE", "hero_id": 77, "last_hits": 188, "kills": 8, "account_id": 67601693, "item_3_name": "Black King Bar", "item_4": 63, "item_3": 116, "item_4_name": "Power Treads", "item_5": 46, "xp_per_min": 599, "item_5_name": "Town Portal Scroll", "hero_name": "Lycan", "gold_per_min": 658, "deaths": 3, "denies": 3, "item_2_name": "Vladmir's Offering", "item_1_name": "Medallion of Courage"}, {"item_2": 92, "assists": 6, "leaver_status": 0, "item_1": 0, "item_0": 34, "item_0_name": "Magic Stick", "leaver_status_description": "finished match, no abandon", "level": 11, "player_slot": 128, "leaver_status_name": "NONE", "hero_id": 40, "last_hits": 25, "kills": 1, "account_id": 8591574, "item_3_name": "Boots of Speed", "item_4": 46, "item_3": 29, "item_4_name": "Town Portal Scroll", "item_5": 0, "xp_per_min": 230, "hero_name": "Venomancer", "gold_per_min": 207, "deaths": 3, "denies": 2, "item_2_name": "Urn of Shadows"}, {"item_2": 46, "assists": 5, "leaver_status": 0, "item_1": 0, "item_0": 79, "item_0_name": "Mekansm", "leaver_status_description": "finished match, no abandon", "level": 12, "player_slot": 129, "leaver_status_name": "NONE", "hero_id": 55, "last_hits": 125, "kills": 0, "account_id": 36366510, "item_3_name": "Magic Wand", "item_4": 116, "item_3": 36, "item_4_name": "Black King Bar", "item_5": 29, "xp_per_min": 296, "item_5_name": "Boots of Speed", "hero_name": "Dark Seer", "gold_per_min": 348, "deaths": 5, "denies": 3, "item_2_name": "Town Portal Scroll"}, {"item_2": 36, "assists": 4, "leaver_status": 0, "item_1": 116, "item_0": 0, "leaver_status_description": "finished match, no abandon", "level": 16, "player_slot": 130, "leaver_status_name": "NONE", "hero_id": 46, "last_hits": 135, "kills": 5, "account_id": 83724325, "item_3_name": "Hand of Midas", "item_4": 55, "item_3": 65, "item_4_name": "Hyperstone", "item_5": 50, "xp_per_min": 486, "item_5_name": "Phase Boots", "hero_name": "Templar Assassin", "gold_per_min": 449, "deaths": 6, "denies": 1, "item_2_name": "Magic Wand", "item_1_name": "Black King Bar"}, {"item_2": 24, "assists": 5, "leaver_status": 0, "item_1": 164, "item_0": 116, "item_0_name": "Black King Bar", "leaver_status_description": "finished match, no abandon", "level": 17, "player_slot": 131, "leaver_status_name": "NONE", "hero_id": 48, "last_hits": 196, "kills": 5, "account_id": 44091499, "item_3_name": "Ring of Basilius", "item_4": 170, "item_3": 88, "item_4_name": "Yasha", "item_5": 63, "xp_per_min": 552, "item_5_name": "Power Treads", "hero_name": "Luna", "gold_per_min": 533, "deaths": 4, "denies": 14, "item_2_name": "Ultimate Orb", "item_1_name": "Helm of the Dominator"}, {"item_2": 34, "assists": 6, "leaver_status": 0, "item_1": 180, "item_0": 46, "item_0_name": "Town Portal Scroll", "leaver_status_description": "finished match, no abandon", "level": 10, "player_slot": 132, "leaver_status_name": "NONE", "hero_id": 87, "last_hits": 17, "kills": 1, "account_id": 956503, "item_3_name": "Point Booster", "item_4": 0, "item_3": 60, "item_5": 0, "xp_per_min": 204, "hero_name": "Disruptor", "gold_per_min": 181, "deaths": 7, "denies": 2, "item_2_name": "Magic Stick", "item_1_name": "Arcane Boots"}], "dire_team_id": 1353274, "picks_bans": [{"order": 0, "is_pick": false, "hero_id": 74, "team": 1}, {"order": 1, "is_pick": false, "hero_id": 106, "team": 0}, {"order": 2, "is_pick": false, "hero_id": 65, "team": 1}, {"order": 3, "is_pick": false, "hero_id": 17, "team": 0}, {"order": 4, "is_pick": true, "hero_id": 87, "team": 1}, {"order": 5, "is_pick": true, "hero_id": 68, "team": 0}, {"order": 6, "is_pick": true, "hero_id": 77, "team": 0}, {"order": 7, "is_pick": true, "hero_id": 40, "team": 1}, {"order": 8, "is_pick": false, "hero_id": 53, "team": 1}, {"order": 9, "is_pick": false, "hero_id": 102, "team": 0}, {"order": 10, "is_pick": false, "hero_id": 27, "team": 1}, {"order": 11, "is_pick": false, "hero_id": 99, "team": 0}, {"order": 12, "is_pick": true, "hero_id": 5, "team": 0}, {"order": 13, "is_pick": true, "hero_id": 48, "team": 1}, {"order": 14, "is_pick": true, "hero_id": 88, "team": 0}, {"order": 15, "is_pick": true, "hero_id": 55, "team": 1}, {"order": 16, "is_pick": false, "hero_id": 13, "team": 0}, {"order": 17, "is_pick": false, "hero_id": 34, "team": 1}, {"order": 18, "is_pick": true, "hero_id": 11, "team": 0}, {"order": 19, "is_pick": true, "hero_id": 46, "team": 1}], "dire_name": "dignotoss", "negative_votes": 25}