{"tower_status_radiant": 1974, "flags": 0, "radiant_team_complete": 0, "game_mode": 2, "radiant_score": 0, "match_id": 566270483, "lobby_name": "Practice", "radiant_team_id": 992815, "dire_logo": 3318330593689243108, "pre_game_duration": 0, "radiant_name": "MVP HOTSIX", "match_seq_num": 515697006, "dire_team_complete": 0, "start_time": 1395049572, "radiant_guild_logo": 703980765977979958, "radiant_win": true, "positive_votes": 286, "leagueid": 232, "duration": 1975, "dire_score": 0, "lobby_type": 1, "cluster": 143, "radiant_guild_id": 153294, "engine": 0, "barracks_status_dire": 51, "barracks_status_radiant": 63, "cluster_name": "South Korea", "first_blood_time": 180, "radiant_guild_name": "Most Valuable Player[KOR]", "radiant_logo": 846967607621602318, "human_players": 10, "game_mode_name": "Captains Mode", "tower_status_dire": 1796, "players": [{"item_2": 212, "assists": 7, "leaver_status": 0, "item_1": 36, "item_0": 46, "item_0_name": "Town Portal Scroll", "leaver_status_description": "finished match, no abandon", "level": 18, "player_slot": 0, "leaver_status_name": "NONE", "hero_id": 9, "last_hits": 122, "kills": 8, "account_id": 104275965, "item_3_name": "Drum of Endurance", "item_4": 123, "item_3": 185, "item_4_name": "Linken's Sphere", "item_5": 50, "xp_per_min": 518, "item_5_name": "Phase Boots", "hero_name": "Mirana", "gold_per_min": 460, "deaths": 3, "denies": 8, "item_2_name": "Ring of Aquila", "item_1_name": "Magic Wand"}, {"item_2": 119, "assists": 11, "leaver_status": 0, "item_1": 96, "item_0": 1, "item_0_name": "Blink Dagger", "leaver_status_description": "finished match, no abandon", "level": 22, "player_slot": 1, "leaver_status_name": "NONE", "hero_id": 98, "last_hits": 276, "kills": 17, "account_id": 92706637, "item_3_name": "Bloodstone", "item_4": 48, "item_3": 121, "item_4_name": "Boots of Travel", "item_5": 36, "xp_per_min": 831, "item_5_name": "Magic Wand", "hero_name": "Timbersaw", "gold_per_min": 718, "deaths": 0, "denies": 7, "item_2_name": "Shiva's Guard", "item_1_name": "Scythe of Vyse"}, {"item_2": 0, "assists": 11, "leaver_status": 0, "item_1": 214, "item_0": 36, "item_0_name": "Magic Wand", "leaver_status_description": "finished match, no abandon", "level": 13, "player_slot": 2, "leaver_status_name": "NONE", "hero_id": 5, "last_hits": 58, "kills": 2, "account_id": 145550466, "item_3_name": "Force Staff", "item_4": 37, "item_3": 102, "item_4_name": "Ghost Scepter", "item_5": 46, "xp_per_min": 312, "item_5_name": "Town Portal Scroll", "hero_name": "Crystal Maiden", "gold_per_min": 293, "deaths": 4, "denies": 0, "item_1_name": "Tranquil Boots"}, {"item_2": 1, "assists": 13, "leaver_status": 0, "item_1": 42, "item_0": 46, "item_0_name": "Town Portal Scroll", "leaver_status_description": "finished match, no abandon", "level": 14, "player_slot": 3, "leaver_status_name": "NONE", "hero_id": 26, "last_hits": 9, "kills": 4, "account_id": 32936165, "item_3_name": "Tranquil Boots", "item_4": 43, "item_3": 214, "item_4_name": "Sentry Ward", "item_5": 36, "xp_per_min": 335, "item_5_name": "Magic Wand", "hero_name": "Lion", "gold_per_min": 256, "deaths": 6, "denies": 6, "item_2_name": "Blink Dagger", "item_1_name": "Observer Ward"}, {"item_2": 147, "assists": 14, "leaver_status": 0, "item_1": 116, "item_0": 63, "item_0_name": "Power Treads", "leaver_status_description": "finished match, no abandon", "level": 18, "player_slot": 4, "leaver_status_name": "NONE", "hero_id": 48, "last_hits": 147, "kills": 4, "account_id": 137855676, "item_4": 46, "item_3": 0, "item_4_name": "Town Portal Scroll", "item_5": 26, "xp_per_min": 529, "item_5_name": "Morbid Mask", "hero_name": "Luna", "gold_per_min": 486, "deaths": 3, "denies": 14, "item_2_name": "Manta Style", "item_1_name": "Black King Bar"}, {"item_2": 46, "assists": 8, "leaver_status": 3, "item_1": 185, "item_0": 168, "item_0_name": "Desolator", "leaver_status_description": "player dc, clicked leave, abandon", "level": 17, "player_slot": 128, "leaver_status_name": "ABANDONED", "hero_id": 54, "last_hits": 170, "kills": 4, "account_id": 5738462, "item_3_name": "Hyperstone", "item_4": 151, "item_3": 55, "item_4_name": "Armlet of Mordiggian", "item_5": 50, "xp_per_min": 471, "item_5_name": "Phase Boots", "hero_name": "Lifestealer", "gold_per_min": 432, "deaths": 3, "denies": 11, "item_2_name": "Town Portal Scroll", "item_1_name": "Drum of Endurance"}, {"item_2": 188, "assists": 6, "leaver_status": 0, "item_1": 0, "item_0": 79, "item_0_name": "Mekansm", "leaver_status_description": "finished match, no abandon", "level": 10, "player_slot": 129, "leaver_status_name": "NONE", "hero_id": 91, "last_hits": 23, "kills": 1, "account_id": 121610839, "item_3_name": "Boots of Speed", "item_4": 43, "item_3": 29, "item_4_name": "Sentry Ward", "item_5": 0, "xp_per_min": 167, "hero_name": "Io", "gold_per_min": 190, "deaths": 7, "denies": 0, "item_2_name": "Smoke of Deceit"}, {"item_2": 131, "assists": 5, "leaver_status": 3, "item_1": 36, "item_0": 40, "item_0_name": "Dust of Appearance", "leaver_status_description": "player dc, clicked leave, abandon", "level": 15, "player_slot": 130, "leaver_status_name": "ABANDONED", "hero_id": 96, "last_hits": 95, "kills": 4, "account_id": 66598119, "item_3_name": "Blink Dagger", "item_4": 214, "item_3": 1, "item_4_name": "Tranquil Boots", "item_5": 46, "xp_per_min": 381, "item_5_name": "Town Portal Scroll", "hero_name": "Centaur Warrunner", "gold_per_min": 303, "deaths": 8, "denies": 5, "item_2_name": "Hood of Defiance", "item_1_name": "Magic Wand"}, {"item_2": 29, "assists": 4, "leaver_status": 0, "item_1": 46, "item_0": 1, "item_0_name": "Blink Dagger", "leaver_status_description": "finished match, no abandon", "level": 11, "player_slot": 131, "leaver_status_name": "NONE", "hero_id": 16, "last_hits": 30, "kills": 3, "account_id": 4885465, "item_3_name": "Observer Ward", "item_4": 0, "item_3": 42, "item_5": 36, "xp_per_min": 220, "item_5_name": "Magic Wand", "hero_name": "Sand King", "gold_per_min": 223, "deaths": 9, "denies": 0, "item_2_name": "Boots of Speed", "item_1_name": "Town Portal Scroll"}, {"item_2": 77, "assists": 5, "leaver_status": 0, "item_1": 41, "item_0": 98, "item_0_name": "Orchid Malevolence", "leaver_status_description": "finished match, no abandon", "level": 15, "player_slot": 132, "leaver_status_name": "NONE", "hero_id": 17, "last_hits": 124, "kills": 2, "account_id": 109335272, "item_3_name": "Magic Wand", "item_4": 63, "item_3": 36, "item_4_name": "Power Treads", "item_5": 46, "xp_per_min": 388, "item_5_name": "Town Portal Scroll", "hero_name": "Storm Spirit", "gold_per_min": 350, "deaths": 8, "denies": 4, "item_2_name": "Null Talisman", "item_1_name": "Bottle"}], "dire_team_id": 1351674, "picks_bans": [{"order": 0, "is_pick": false, "hero_id": 74, "team": 1}, {"order": 1, "is_pick": false, "hero_id": 77, "team": 0}, {"order": 2, "is_pick": false, "hero_id": 65, "team": 1}, {"order": 3, "is_pick": false, "hero_id": 69, "team": 0}, {"order": 4, "is_pick": true, "hero_id": 96, "team": 1}, {"order": 5, "is_pick": true, "hero_id": 5, "team": 0}, {"order": 6, "is_pick": true, "hero_id": 9, "team": 0}, {"order": 7, "is_pick": true, "hero_id": 91, "team": 1}, {"order": 8, "is_pick": false, "hero_id": 88, "team": 1}, {"order": 9, "is_pick": false, "hero_id": 19, "team": 0}, {"order": 10, "is_pick": false, "hero_id": 51, "team": 1}, {"order": 11, "is_pick": false, "hero_id": 53, "team": 0}, {"order": 12, "is_pick": true, "hero_id": 26, "team": 0}, {"order": 13, "is_pick": true, "hero_id": 17, "team": 1}, {"order": 14, "is_pick": true, "hero_id": 98, "team": 0}, {"order": 15, "is_pick": true, "hero_id": 54, "team": 1}, {"order": 16, "is_pick": false, "hero_id": 92, "team": 0}, {"order": 17, "is_pick": false, "hero_id": 46, "team": 1}, {"order": 18, "is_pick": true, "hero_id": 48, "team": 0}, {"order": 19, "is_pick": true, "hero_id": 16, "team": 1}], "dire_name": "Monkey Spanner", "negative_votes": 80}