{"tower_status_radiant": 48, "flags": 0, "radiant_team_complete": 1, "game_mode": 16, "radiant_score": 0, "match_id": 576096681, "lobby_name": "Practice", "dire_logo": 307739466828348574, "pre_game_duration": 0, "radiant_name": "Radical Online X-tremists", "match_seq_num": 524516777, "dire_team_complete": 1, "start_time": 1395592886, "radiant_win": false, "positive_votes": 136, "leagueid": 203, "duration": 2892, "dire_score": 0, "lobby_type": 1, "cluster": 133, "engine": 0, "barracks_status_dire": 51, "barracks_status_radiant": 12, "cluster_name": "Europe West", "first_blood_time": 42, "radiant_team_id": 293390, "radiant_logo": 921253447668725714, "human_players": 10, "game_mode_name": "Captains Draft", "tower_status_dire": 1796, "players": [{"item_2": 92, "assists": 5, "leaver_status": 0, "item_1": 102, "item_0": 1, "item_0_name": "Blink Dagger", "leaver_status_description": "finished match, no abandon", "level": 16, "player_slot": 0, "leaver_status_name": "NONE", "hero_id": 26, "last_hits": 25, "kills": 11, "account_id": 89137399, "item_3_name": "Magic Wand", "item_4": 46, "item_3": 36, "item_4_name": "Town Portal Scroll", "item_5": 214, "xp_per_min": 286, "item_5_name": "Tranquil Boots", "hero_name": "Lion", "gold_per_min": 247, "deaths": 7, "denies": 2, "item_2_name": "Urn of Shadows", "item_1_name": "Force Staff"}, {"item_2": 102, "assists": 8, "leaver_status": 0, "item_1": 119, "item_0": 96, "item_0_name": "Scythe of Vyse", "leaver_status_description": "finished match, no abandon", "level": 21, "player_slot": 1, "leaver_status_name": "NONE", "hero_id": 76, "last_hits": 250, "kills": 7, "account_id": 134556694, "item_3_name": "Power Treads", "item_4": 116, "item_3": 63, "item_4_name": "Black King Bar", "item_5": 65, "xp_per_min": 497, "item_5_name": "Hand of Midas", "hero_name": "Outworld Devourer", "gold_per_min": 488, "deaths": 7, "denies": 25, "item_2_name": "Force Staff", "item_1_name": "Shiva's Guard"}, {"item_2": 0, "assists": 13, "leaver_status": 0, "item_1": 37, "item_0": 29, "item_0_name": "Boots of Speed", "leaver_status_description": "finished match, no abandon", "level": 19, "player_slot": 2, "leaver_status_name": "NONE", "hero_id": 45, "last_hits": 229, "kills": 1, "account_id": 96196828, "item_3_name": "Mekansm", "item_4": 102, "item_3": 79, "item_4_name": "Force Staff", "item_5": 108, "xp_per_min": 423, "item_5_name": "Aghanim's Scepter", "hero_name": "Pugna", "gold_per_min": 393, "deaths": 7, "denies": 11, "item_1_name": "Ghost Scepter"}, {"item_2": 0, "assists": 15, "leaver_status": 0, "item_1": 34, "item_0": 210, "item_0_name": "Heaven's Halberd", "leaver_status_description": "finished match, no abandon", "level": 22, "player_slot": 3, "leaver_status_name": "NONE", "hero_id": 99, "last_hits": 247, "kills": 9, "account_id": 53178236, "item_3_name": "Vanguard", "item_4": 112, "item_3": 125, "item_4_name": "Assault Cuirass", "item_5": 63, "xp_per_min": 549, "item_5_name": "Power Treads", "hero_name": "Bristleback", "gold_per_min": 479, "deaths": 4, "denies": 5, "item_1_name": "Magic Stick"}, {"item_2": 0, "assists": 16, "leaver_status": 0, "item_1": 0, "item_0": 0, "leaver_status_description": "finished match, no abandon", "level": 17, "player_slot": 4, "leaver_status_name": "NONE", "hero_id": 29, "last_hits": 83, "kills": 1, "account_id": 76600360, "item_3_name": "Pipe of Insight", "item_4": 81, "item_3": 90, "item_4_name": "Vladmir's Offering", "item_5": 180, "xp_per_min": 347, "item_5_name": "Arcane Boots", "hero_name": "Tidehunter", "gold_per_min": 269, "deaths": 4, "denies": 1}, {"item_2": 102, "assists": 16, "leaver_status": 0, "item_1": 214, "item_0": 36, "item_0_name": "Magic Wand", "leaver_status_description": "finished match, no abandon", "level": 16, "player_slot": 128, "leaver_status_name": "NONE", "hero_id": 5, "last_hits": 64, "kills": 0, "account_id": 94155156, "item_3_name": "Town Portal Scroll", "item_4": 73, "item_3": 46, "item_4_name": "Bracer", "item_5": 162, "xp_per_min": 287, "item_5_name": "Sange", "hero_name": "Crystal Maiden", "gold_per_min": 246, "deaths": 7, "denies": 2, "item_2_name": "Force Staff", "item_1_name": "Tranquil Boots"}, {"item_2": 46, "assists": 17, "leaver_status": 0, "item_1": 214, "item_0": 162, "item_0_name": "Sange", "leaver_status_description": "finished match, no abandon", "level": 15, "player_slot": 129, "leaver_status_name": "NONE", "hero_id": 102, "last_hits": 38, "kills": 1, "account_id": 19672354, "item_3_name": "Magic Wand", "item_4": 92, "item_3": 36, "item_4_name": "Urn of Shadows", "item_5": 0, "xp_per_min": 279, "hero_name": "Abaddon", "gold_per_min": 227, "deaths": 7, "denies": 3, "item_2_name": "Town Portal Scroll", "item_1_name": "Tranquil Boots"}, {"item_2": 1, "assists": 16, "leaver_status": 0, "item_1": 0, "item_0": 127, "item_0_name": "Blade Mail", "leaver_status_description": "finished match, no abandon", "level": 19, "player_slot": 130, "leaver_status_name": "NONE", "hero_id": 96, "last_hits": 188, "kills": 5, "account_id": 100317750, "item_3_name": "Tranquil Boots", "item_4": 46, "item_3": 214, "item_4_name": "Town Portal Scroll", "item_5": 114, "xp_per_min": 410, "item_5_name": "Heart of Tarrasque", "hero_name": "Centaur Warrunner", "gold_per_min": 400, "deaths": 7, "denies": 16, "item_2_name": "Blink Dagger"}, {"item_2": 116, "assists": 12, "leaver_status": 0, "item_1": 65, "item_0": 123, "item_0_name": "Linken's Sphere", "leaver_status_description": "finished match, no abandon", "level": 25, "player_slot": 131, "leaver_status_name": "NONE", "hero_id": 63, "last_hits": 336, "kills": 9, "account_id": 8712306, "item_3_name": "Monkey King Bar", "item_4": 168, "item_3": 135, "item_4_name": "Desolator", "item_5": 0, "xp_per_min": 672, "hero_name": "Weaver", "gold_per_min": 622, "deaths": 4, "denies": 5, "item_2_name": "Black King Bar", "item_1_name": "Hand of Midas"}, {"item_2": 63, "assists": 10, "leaver_status": 0, "item_1": 160, "item_0": 46, "item_0_name": "Town Portal Scroll", "leaver_status_description": "finished match, no abandon", "level": 22, "player_slot": 132, "leaver_status_name": "NONE", "hero_id": 35, "last_hits": 251, "kills": 13, "account_id": 21265941, "item_3_name": "Sange and Yasha", "item_4": 135, "item_3": 154, "item_4_name": "Monkey King Bar", "item_5": 0, "xp_per_min": 555, "hero_name": "Sniper", "gold_per_min": 531, "deaths": 5, "denies": 21, "item_2_name": "Power Treads", "item_1_name": "Eye of Skadi"}], "dire_team_id": 350190, "picks_bans": [{"order": 0, "is_pick": false, "hero_id": 58, "team": 0}, {"order": 1, "is_pick": false, "hero_id": 93, "team": 1}, {"order": 2, "is_pick": false, "hero_id": 80, "team": 0}, {"order": 3, "is_pick": false, "hero_id": 51, "team": 1}, {"order": 4, "is_pick": true, "hero_id": 45, "team": 0}, {"order": 5, "is_pick": true, "hero_id": 96, "team": 1}, {"order": 6, "is_pick": true, "hero_id": 102, "team": 1}, {"order": 7, "is_pick": true, "hero_id": 76, "team": 0}, {"order": 8, "is_pick": true, "hero_id": 99, "team": 0}, {"order": 9, "is_pick": true, "hero_id": 5, "team": 1}, {"order": 10, "is_pick": true, "hero_id": 63, "team": 1}, {"order": 11, "is_pick": true, "hero_id": 26, "team": 0}, {"order": 12, "is_pick": true, "hero_id": 29, "team": 0}, {"order": 13, "is_pick": true, "hero_id": 35, "team": 1}], "dire_name": "Fnatic", "negative_votes": 7}