{"tower_status_radiant": 1824, "flags": 0, "radiant_team_complete": 1, "game_mode": 2, "radiant_score": 0, "match_id": 585963815, "lobby_name": "Practice", "dire_logo": 353896369579233638, "pre_game_duration": 0, "radiant_name": "GOOMBA Gamingg", "match_seq_num": 532941624, "dire_team_complete": 0, "start_time": 1396122493, "radiant_win": false, "positive_votes": 3, "leagueid": 202, "duration": 1555, "dire_score": 0, "lobby_type": 1, "cluster": 131, "engine": 0, "barracks_status_dire": 63, "barracks_status_radiant": 60, "cluster_name": "Europe West", "first_blood_time": 157, "radiant_team_id": 1163855, "radiant_logo": 702856043213990463, "human_players": 10, "game_mode_name": "Captains Mode", "tower_status_dire": 1974, "players": [{"item_2": 46, "assists": 11, "leaver_status": 0, "item_1": 116, "item_0": 63, "item_0_name": "Power Treads", "leaver_status_description": "finished match, no abandon", "level": 14, "player_slot": 0, "leaver_status_name": "NONE", "hero_id": 63, "last_hits": 114, "kills": 3, "account_id": 82868780, "item_3_name": "Magic Wand", "item_4": 212, "item_3": 36, "item_4_name": "Ring of Aquila", "item_5": 0, "xp_per_min": 404, "hero_name": "Weaver", "gold_per_min": 389, "deaths": 5, "denies": 15, "item_2_name": "Town Portal Scroll", "item_1_name": "Black King Bar"}, {"item_2": 0, "assists": 11, "leaver_status": 0, "item_1": 1, "item_0": 180, "item_0_name": "Arcane Boots", "leaver_status_description": "finished match, no abandon", "level": 11, "player_slot": 1, "leaver_status_name": "NONE", "hero_id": 88, "last_hits": 18, "kills": 0, "account_id": 7185015, "item_3_name": "Observer Ward", "item_4": 0, "item_3": 42, "item_5": 0, "xp_per_min": 286, "hero_name": "Nyx Assassin", "gold_per_min": 208, "deaths": 5, "denies": 1, "item_1_name": "Blink Dagger"}, {"item_2": 214, "assists": 4, "leaver_status": 0, "item_1": 4, "item_0": 36, "item_0_name": "Magic Wand", "leaver_status_description": "finished match, no abandon", "level": 11, "player_slot": 2, "leaver_status_name": "NONE", "hero_id": 2, "last_hits": 64, "kills": 1, "account_id": 86750146, "item_3_name": "Blink Dagger", "item_4": 182, "item_3": 1, "item_4_name": "Stout Shield", "item_5": 46, "xp_per_min": 282, "item_5_name": "Town Portal Scroll", "hero_name": "Axe", "gold_per_min": 258, "deaths": 9, "denies": 1, "item_2_name": "Tranquil Boots", "item_1_name": "Chainmail"}, {"item_2": 41, "assists": 10, "leaver_status": 0, "item_1": 29, "item_0": 1, "item_0_name": "Blink Dagger", "leaver_status_description": "finished match, no abandon", "level": 13, "player_slot": 3, "leaver_status_name": "NONE", "hero_id": 13, "last_hits": 90, "kills": 2, "account_id": 82783272, "item_3_name": "Town Portal Scroll", "item_4": 24, "item_3": 46, "item_4_name": "Ultimate Orb", "item_5": 77, "xp_per_min": 354, "item_5_name": "Null Talisman", "hero_name": "Puck", "gold_per_min": 324, "deaths": 4, "denies": 5, "item_2_name": "Bottle", "item_1_name": "Boots of Speed"}, {"item_2": 21, "assists": 5, "leaver_status": 0, "item_1": 79, "item_0": 187, "item_0_name": "Medallion of Courage", "leaver_status_description": "finished match, no abandon", "level": 11, "player_slot": 4, "leaver_status_name": "NONE", "hero_id": 92, "last_hits": 34, "kills": 9, "account_id": 92756297, "item_3_name": "Sentry Ward", "item_4": 34, "item_3": 43, "item_4_name": "Magic Stick", "item_5": 29, "xp_per_min": 284, "item_5_name": "Boots of Speed", "hero_name": "Visage", "gold_per_min": 306, "deaths": 5, "denies": 4, "item_2_name": "Ogre Club", "item_1_name": "Mekansm"}, {"item_2": 0, "assists": 9, "leaver_status": 0, "item_1": 63, "item_0": 36, "item_0_name": "Magic Wand", "leaver_status_description": "finished match, no abandon", "level": 11, "player_slot": 128, "leaver_status_name": "NONE", "hero_id": 50, "last_hits": 37, "kills": 5, "account_id": 94049589, "item_3_name": "Medallion of Courage", "item_4": 46, "item_3": 187, "item_4_name": "Town Portal Scroll", "item_5": 92, "xp_per_min": 308, "item_5_name": "Urn of Shadows", "hero_name": "Dazzle", "gold_per_min": 346, "deaths": 6, "denies": 2, "item_1_name": "Power Treads"}, {"item_2": 34, "assists": 11, "leaver_status": 0, "item_1": 193, "item_0": 1, "item_0_name": "Blink Dagger", "leaver_status_description": "finished match, no abandon", "level": 14, "player_slot": 129, "leaver_status_name": "NONE", "hero_id": 96, "last_hits": 92, "kills": 3, "account_id": 86870856, "item_3_name": "Town Portal Scroll", "item_4": 214, "item_3": 46, "item_4_name": "Tranquil Boots", "item_5": 182, "xp_per_min": 423, "item_5_name": "Stout Shield", "hero_name": "Centaur Warrunner", "gold_per_min": 424, "deaths": 5, "denies": 2, "item_2_name": "Magic Stick", "item_1_name": "Necronomicon"}, {"item_2": 1, "assists": 10, "leaver_status": 0, "item_1": 108, "item_0": 30, "item_0_name": "Gem of True Sight", "leaver_status_description": "finished match, no abandon", "level": 18, "player_slot": 130, "leaver_status_name": "NONE", "hero_id": 22, "last_hits": 80, "kills": 14, "account_id": 86750262, "item_3_name": "Veil of Discord", "item_4": 36, "item_3": 190, "item_4_name": "Magic Wand", "item_5": 180, "xp_per_min": 685, "item_5_name": "Arcane Boots", "hero_name": "Zeus", "gold_per_min": 535, "deaths": 1, "denies": 10, "item_2_name": "Blink Dagger", "item_1_name": "Aghanim's Scepter"}, {"item_2": 36, "assists": 12, "leaver_status": 0, "item_1": 188, "item_0": 37, "item_0_name": "Ghost Scepter", "leaver_status_description": "finished match, no abandon", "level": 13, "player_slot": 131, "leaver_status_name": "NONE", "hero_id": 87, "last_hits": 38, "kills": 1, "account_id": 75750590, "item_3_name": "Observer Ward", "item_4": 79, "item_3": 42, "item_4_name": "Mekansm", "item_5": 180, "xp_per_min": 348, "item_5_name": "Arcane Boots", "hero_name": "Disruptor", "gold_per_min": 302, "deaths": 2, "denies": 3, "item_2_name": "Magic Wand", "item_1_name": "Smoke of Deceit"}, {"item_2": 112, "assists": 10, "leaver_status": 0, "item_1": 143, "item_0": 81, "item_0_name": "Vladmir's Offering", "leaver_status_description": "finished match, no abandon", "level": 17, "player_slot": 132, "leaver_status_name": "NONE", "hero_id": 77, "last_hits": 165, "kills": 4, "account_id": 98018029, "item_3_name": "Necronomicon", "item_4": 0, "item_3": 194, "item_5": 29, "xp_per_min": 612, "item_5_name": "Boots of Speed", "hero_name": "Lycan", "gold_per_min": 624, "deaths": 2, "denies": 12, "item_2_name": "Assault Cuirass", "item_1_name": "Skull Basher"}], "dire_team_id": 55, "picks_bans": [{"order": 0, "is_pick": false, "hero_id": 74, "team": 0}, {"order": 1, "is_pick": false, "hero_id": 89, "team": 1}, {"order": 2, "is_pick": false, "hero_id": 68, "team": 0}, {"order": 3, "is_pick": false, "hero_id": 65, "team": 1}, {"order": 4, "is_pick": true, "hero_id": 92, "team": 0}, {"order": 5, "is_pick": true, "hero_id": 50, "team": 1}, {"order": 6, "is_pick": true, "hero_id": 77, "team": 1}, {"order": 7, "is_pick": true, "hero_id": 13, "team": 0}, {"order": 8, "is_pick": false, "hero_id": 46, "team": 0}, {"order": 9, "is_pick": false, "hero_id": 83, "team": 1}, {"order": 10, "is_pick": false, "hero_id": 17, "team": 0}, {"order": 11, "is_pick": false, "hero_id": 51, "team": 1}, {"order": 12, "is_pick": true, "hero_id": 96, "team": 1}, {"order": 13, "is_pick": true, "hero_id": 63, "team": 0}, {"order": 14, "is_pick": true, "hero_id": 87, "team": 1}, {"order": 15, "is_pick": true, "hero_id": 2, "team": 0}, {"order": 16, "is_pick": false, "hero_id": 102, "team": 1}, {"order": 17, "is_pick": false, "hero_id": 27, "team": 0}, {"order": 18, "is_pick": true, "hero_id": 22, "team": 1}, {"order": 19, "is_pick": true, "hero_id": 88, "team": 0}], "dire_name": "_PowerRangers", "negative_votes": 2}