{"tower_status_radiant": 1846, "flags": 0, "radiant_team_complete": 0, "game_mode": 2, "radiant_score": 0, "match_id": 587076519, "lobby_name": "Practice", "dire_logo": 903240950768908634, "pre_game_duration": 0, "radiant_name": "On Mange GRAS", "match_seq_num": 533981684, "dire_team_complete": 0, "start_time": 1396183033, "radiant_win": true, "positive_votes": 21, "leagueid": 148, "duration": 2632, "dire_score": 0, "lobby_type": 1, "cluster": 133, "engine": 0, "barracks_status_dire": 51, "barracks_status_radiant": 63, "cluster_name": "Europe West", "first_blood_time": 82, "radiant_team_id": 238607, "radiant_logo": 864955909158172858, "human_players": 10, "game_mode_name": "Captains Mode", "tower_status_dire": 1792, "players": [{"item_2": 180, "assists": 24, "leaver_status": 0, "item_1": 37, "item_0": 102, "item_0_name": "Force Staff", "leaver_status_description": "finished match, no abandon", "level": 18, "player_slot": 0, "leaver_status_name": "NONE", "hero_id": 7, "last_hits": 40, "kills": 8, "account_id": 92072688, "item_3_name": "Blink Dagger", "item_4": 46, "item_3": 1, "item_4_name": "Town Portal Scroll", "item_5": 9, "xp_per_min": 423, "item_5_name": "Platemail", "hero_name": "Earthshaker", "gold_per_min": 364, "deaths": 5, "denies": 1, "item_2_name": "Arcane Boots", "item_1_name": "Ghost Scepter"}, {"item_2": 36, "assists": 17, "leaver_status": 0, "item_1": 42, "item_0": 102, "item_0_name": "Force Staff", "leaver_status_description": "finished match, no abandon", "level": 19, "player_slot": 1, "leaver_status_name": "NONE", "hero_id": 68, "last_hits": 46, "kills": 11, "account_id": 85353404, "item_3_name": "Aghanim's Scepter", "item_4": 180, "item_3": 108, "item_4_name": "Arcane Boots", "item_5": 46, "xp_per_min": 452, "item_5_name": "Town Portal Scroll", "hero_name": "Ancient Apparition", "gold_per_min": 352, "deaths": 1, "denies": 4, "item_2_name": "Magic Wand", "item_1_name": "Observer Ward"}, {"item_2": 63, "assists": 22, "leaver_status": 0, "item_1": 108, "item_0": 79, "item_0_name": "Mekansm", "leaver_status_description": "finished match, no abandon", "level": 22, "player_slot": 2, "leaver_status_name": "NONE", "hero_id": 47, "last_hits": 150, "kills": 14, "account_id": 26132830, "item_3_name": "Aegis of the Immortal", "item_4": 116, "item_3": 117, "item_4_name": "Black King Bar", "item_5": 46, "xp_per_min": 581, "item_5_name": "Town Portal Scroll", "hero_name": "Viper", "gold_per_min": 464, "deaths": 8, "denies": 7, "item_2_name": "Power Treads", "item_1_name": "Aghanim's Scepter"}, {"item_2": 1, "assists": 18, "leaver_status": 0, "item_1": 127, "item_0": 210, "item_0_name": "Heaven's Halberd", "leaver_status_description": "finished match, no abandon", "level": 20, "player_slot": 3, "leaver_status_name": "NONE", "hero_id": 96, "last_hits": 195, "kills": 6, "account_id": 89558517, "item_3_name": "Pipe of Insight", "item_4": 0, "item_3": 90, "item_5": 48, "xp_per_min": 517, "item_5_name": "Boots of Travel", "hero_name": "Centaur Warrunner", "gold_per_min": 468, "deaths": 8, "denies": 19, "item_2_name": "Blink Dagger", "item_1_name": "Blade Mail"}, {"item_2": 100, "assists": 20, "leaver_status": 0, "item_1": 102, "item_0": 1, "item_0_name": "Blink Dagger", "leaver_status_description": "finished match, no abandon", "level": 19, "player_slot": 4, "leaver_status_name": "NONE", "hero_id": 65, "last_hits": 142, "kills": 6, "account_id": 8372309, "item_3_name": "Chainmail", "item_4": 0, "item_3": 4, "item_5": 48, "xp_per_min": 452, "item_5_name": "Boots of Travel", "hero_name": "Batrider", "gold_per_min": 390, "deaths": 5, "denies": 9, "item_2_name": "Eul's Scepter of Divinity", "item_1_name": "Force Staff"}, {"item_2": 108, "assists": 8, "leaver_status": 0, "item_1": 36, "item_0": 102, "item_0_name": "Force Staff", "leaver_status_description": "finished match, no abandon", "level": 15, "player_slot": 128, "leaver_status_name": "NONE", "hero_id": 58, "last_hits": 97, "kills": 6, "account_id": 50383931, "item_3_name": "Power Treads", "item_4": 46, "item_3": 63, "item_4_name": "Town Portal Scroll", "item_5": 188, "xp_per_min": 297, "item_5_name": "Smoke of Deceit", "hero_name": "Enchantress", "gold_per_min": 256, "deaths": 9, "denies": 0, "item_2_name": "Aghanim's Scepter", "item_1_name": "Magic Wand"}, {"item_2": 23, "assists": 10, "leaver_status": 0, "item_1": 46, "item_0": 180, "item_0_name": "Arcane Boots", "leaver_status_description": "finished match, no abandon", "level": 17, "player_slot": 129, "leaver_status_name": "NONE", "hero_id": 88, "last_hits": 69, "kills": 1, "account_id": 1983704, "item_3_name": "Blink Dagger", "item_4": 185, "item_3": 1, "item_4_name": "Drum of Endurance", "item_5": 34, "xp_per_min": 376, "item_5_name": "Magic Stick", "hero_name": "Nyx Assassin", "gold_per_min": 245, "deaths": 10, "denies": 0, "item_2_name": "Staff of Wizardry", "item_1_name": "Town Portal Scroll"}, {"item_2": 65, "assists": 6, "leaver_status": 0, "item_1": 50, "item_0": 208, "item_0_name": "Abyssal Blade", "leaver_status_description": "finished match, no abandon", "level": 20, "player_slot": 130, "leaver_status_name": "NONE", "hero_id": 54, "last_hits": 183, "kills": 10, "account_id": 78648686, "item_3_name": "Sange and Yasha", "item_4": 185, "item_3": 154, "item_4_name": "Drum of Endurance", "item_5": 46, "xp_per_min": 487, "item_5_name": "Town Portal Scroll", "hero_name": "Lifestealer", "gold_per_min": 453, "deaths": 6, "denies": 8, "item_2_name": "Hand of Midas", "item_1_name": "Phase Boots"}, {"item_2": 41, "assists": 12, "leaver_status": 0, "item_1": 178, "item_0": 1, "item_0_name": "Blink Dagger", "leaver_status_description": "finished match, no abandon", "level": 21, "player_slot": 131, "leaver_status_name": "NONE", "hero_id": 34, "last_hits": 230, "kills": 9, "account_id": 16769223, "item_3_name": "Dagon", "item_4": 48, "item_3": 204, "item_4_name": "Boots of Travel", "item_5": 0, "xp_per_min": 570, "hero_name": "Tinker", "gold_per_min": 440, "deaths": 10, "denies": 7, "item_2_name": "Bottle", "item_1_name": "Soul Ring"}, {"item_2": 46, "assists": 5, "leaver_status": 0, "item_1": 214, "item_0": 36, "item_0_name": "Magic Wand", "leaver_status_description": "finished match, no abandon", "level": 11, "player_slot": 132, "leaver_status_name": "NONE", "hero_id": 5, "last_hits": 17, "kills": 0, "account_id": 254297, "item_4": 0, "item_3": 0, "item_5": 0, "xp_per_min": 154, "hero_name": "Crystal Maiden", "gold_per_min": 148, "deaths": 11, "denies": 2, "item_2_name": "Town Portal Scroll", "item_1_name": "Tranquil Boots"}], "dire_team_id": 397442, "picks_bans": [{"order": 0, "is_pick": false, "hero_id": 92, "team": 0}, {"order": 1, "is_pick": false, "hero_id": 77, "team": 1}, {"order": 2, "is_pick": false, "hero_id": 74, "team": 0}, {"order": 3, "is_pick": false, "hero_id": 106, "team": 1}, {"order": 4, "is_pick": true, "hero_id": 68, "team": 0}, {"order": 5, "is_pick": true, "hero_id": 5, "team": 1}, {"order": 6, "is_pick": true, "hero_id": 54, "team": 1}, {"order": 7, "is_pick": true, "hero_id": 96, "team": 0}, {"order": 8, "is_pick": false, "hero_id": 13, "team": 0}, {"order": 9, "is_pick": false, "hero_id": 48, "team": 1}, {"order": 10, "is_pick": false, "hero_id": 17, "team": 0}, {"order": 11, "is_pick": false, "hero_id": 9, "team": 1}, {"order": 12, "is_pick": true, "hero_id": 88, "team": 1}, {"order": 13, "is_pick": true, "hero_id": 47, "team": 0}, {"order": 14, "is_pick": true, "hero_id": 34, "team": 1}, {"order": 15, "is_pick": true, "hero_id": 7, "team": 0}, {"order": 16, "is_pick": false, "hero_id": 6, "team": 1}, {"order": 17, "is_pick": false, "hero_id": 87, "team": 0}, {"order": 18, "is_pick": true, "hero_id": 58, "team": 1}, {"order": 19, "is_pick": true, "hero_id": 65, "team": 0}], "dire_name": "L'Amical Savoyard de la Raclette", "negative_votes": 0}