{"tower_status_radiant": 1796, "flags": 0, "radiant_team_complete": 1, "game_mode": 2, "radiant_score": 0, "match_id": 587302861, "lobby_name": "Practice", "dire_logo": 534021245383052793, "pre_game_duration": 0, "radiant_name": "Radical Online X-tremists", "match_seq_num": 534160986, "dire_team_complete": 1, "start_time": 1396191252, "radiant_win": false, "positive_votes": 5, "leagueid": 236, "duration": 1680, "dire_score": 0, "lobby_type": 1, "cluster": 131, "engine": 0, "barracks_status_dire": 63, "barracks_status_radiant": 63, "cluster_name": "Europe West", "first_blood_time": 265, "radiant_team_id": 293390, "radiant_logo": 921253447668725714, "human_players": 10, "game_mode_name": "Captains Mode", "tower_status_dire": 2046, "players": [{"item_2": 42, "assists": 2, "leaver_status": 0, "item_1": 180, "item_0": 36, "item_0_name": "Magic Wand", "leaver_status_description": "finished match, no abandon", "level": 8, "player_slot": 0, "leaver_status_name": "NONE", "hero_id": 83, "last_hits": 18, "kills": 1, "account_id": 89137399, "item_3_name": "Buckler", "item_4": 46, "item_3": 86, "item_4_name": "Town Portal Scroll", "item_5": 0, "xp_per_min": 143, "hero_name": "Treant Protector", "gold_per_min": 156, "deaths": 5, "denies": 0, "item_2_name": "Observer Ward", "item_1_name": "Arcane Boots"}, {"item_2": 0, "assists": 3, "leaver_status": 0, "item_1": 88, "item_0": 102, "item_0_name": "Force Staff", "leaver_status_description": "finished match, no abandon", "level": 11, "player_slot": 1, "leaver_status_name": "NONE", "hero_id": 74, "last_hits": 106, "kills": 1, "account_id": 134556694, "item_3_name": "Null Talisman", "item_4": 65, "item_3": 77, "item_4_name": "Hand of Midas", "item_5": 63, "xp_per_min": 287, "item_5_name": "Power Treads", "hero_name": "Invoker", "gold_per_min": 325, "deaths": 7, "denies": 18, "item_1_name": "Ring of Basilius"}, {"item_2": 164, "assists": 3, "leaver_status": 0, "item_1": 46, "item_0": 63, "item_0_name": "Power Treads", "leaver_status_description": "finished match, no abandon", "level": 16, "player_slot": 2, "leaver_status_name": "NONE", "hero_id": 48, "last_hits": 195, "kills": 2, "account_id": 96196828, "item_3_name": "Hand of Midas", "item_4": 116, "item_3": 65, "item_4_name": "Black King Bar", "item_5": 32, "xp_per_min": 489, "item_5_name": "Talisman of Evasion", "hero_name": "Luna", "gold_per_min": 511, "deaths": 4, "denies": 33, "item_2_name": "Helm of the Dominator", "item_1_name": "Town Portal Scroll"}, {"item_2": 71, "assists": 1, "leaver_status": 0, "item_1": 34, "item_0": 129, "item_0_name": "Soul Booster", "leaver_status_description": "finished match, no abandon", "level": 11, "player_slot": 3, "leaver_status_name": "NONE", "hero_id": 98, "last_hits": 75, "kills": 2, "account_id": 53178236, "item_3_name": "Boots of Speed", "item_4": 0, "item_3": 29, "item_5": 0, "xp_per_min": 252, "hero_name": "Timbersaw", "gold_per_min": 243, "deaths": 5, "denies": 2, "item_2_name": "Poor Man's Shield", "item_1_name": "Magic Stick"}, {"item_2": 16, "assists": 0, "leaver_status": 0, "item_1": 34, "item_0": 40, "item_0_name": "Dust of Appearance", "leaver_status_description": "finished match, no abandon", "level": 8, "player_slot": 4, "leaver_status_name": "NONE", "hero_id": 86, "last_hits": 13, "kills": 3, "account_id": 76600360, "item_4": 0, "item_3": 0, "item_5": 180, "xp_per_min": 156, "item_5_name": "Arcane Boots", "hero_name": "Rubick", "gold_per_min": 154, "deaths": 5, "denies": 3, "item_2_name": "Iron Branch", "item_1_name": "Magic Stick"}, {"item_2": 36, "assists": 8, "leaver_status": 0, "item_1": 46, "item_0": 1, "item_0_name": "Blink Dagger", "leaver_status_description": "finished match, no abandon", "level": 11, "player_slot": 128, "leaver_status_name": "NONE", "hero_id": 27, "last_hits": 62, "kills": 2, "account_id": 89782335, "item_3_name": "Arcane Boots", "item_4": 108, "item_3": 180, "item_4_name": "Aghanim's Scepter", "item_5": 0, "xp_per_min": 278, "hero_name": "Shadow Shaman", "gold_per_min": 380, "deaths": 4, "denies": 9, "item_2_name": "Magic Wand", "item_1_name": "Town Portal Scroll"}, {"item_2": 92, "assists": 7, "leaver_status": 0, "item_1": 46, "item_0": 187, "item_0_name": "Medallion of Courage", "leaver_status_description": "finished match, no abandon", "level": 14, "player_slot": 129, "leaver_status_name": "NONE", "hero_id": 50, "last_hits": 26, "kills": 4, "account_id": 124049453, "item_3_name": "Aghanim's Scepter", "item_4": 29, "item_3": 108, "item_4_name": "Boots of Speed", "item_5": 0, "xp_per_min": 387, "hero_name": "Dazzle", "gold_per_min": 318, "deaths": 2, "denies": 7, "item_2_name": "Urn of Shadows", "item_1_name": "Town Portal Scroll"}, {"item_2": 127, "assists": 8, "leaver_status": 0, "item_1": 214, "item_0": 1, "item_0_name": "Blink Dagger", "leaver_status_description": "finished match, no abandon", "level": 14, "player_slot": 130, "leaver_status_name": "NONE", "hero_id": 96, "last_hits": 57, "kills": 2, "account_id": 123787524, "item_4": 61, "item_3": 0, "item_4_name": "Vitality Booster", "item_5": 182, "xp_per_min": 394, "item_5_name": "Stout Shield", "hero_name": "Centaur Warrunner", "gold_per_min": 344, "deaths": 3, "denies": 0, "item_2_name": "Blade Mail", "item_1_name": "Tranquil Boots"}, {"item_2": 185, "assists": 6, "leaver_status": 0, "item_1": 116, "item_0": 1, "item_0_name": "Blink Dagger", "leaver_status_description": "finished match, no abandon", "level": 19, "player_slot": 131, "leaver_status_name": "NONE", "hero_id": 46, "last_hits": 139, "kills": 13, "account_id": 86840554, "item_3_name": "Phase Boots", "item_4": 168, "item_3": 50, "item_4_name": "Desolator", "item_5": 170, "xp_per_min": 696, "item_5_name": "Yasha", "hero_name": "Templar Assassin", "gold_per_min": 609, "deaths": 0, "denies": 16, "item_2_name": "Drum of Endurance", "item_1_name": "Black King Bar"}, {"item_2": 116, "assists": 6, "leaver_status": 0, "item_1": 63, "item_0": 1, "item_0_name": "Blink Dagger", "leaver_status_description": "finished match, no abandon", "level": 15, "player_slot": 132, "leaver_status_name": "NONE", "hero_id": 28, "last_hits": 137, "kills": 5, "account_id": 112250781, "item_3_name": "Vanguard", "item_4": 0, "item_3": 125, "item_5": 36, "xp_per_min": 465, "item_5_name": "Magic Wand", "hero_name": "Slardar", "gold_per_min": 507, "deaths": 0, "denies": 12, "item_2_name": "Black King Bar", "item_1_name": "Power Treads"}], "dire_team_id": 1194118, "picks_bans": [{"order": 0, "is_pick": false, "hero_id": 89, "team": 0}, {"order": 1, "is_pick": false, "hero_id": 77, "team": 1}, {"order": 2, "is_pick": false, "hero_id": 68, "team": 0}, {"order": 3, "is_pick": false, "hero_id": 106, "team": 1}, {"order": 4, "is_pick": true, "hero_id": 74, "team": 0}, {"order": 5, "is_pick": true, "hero_id": 50, "team": 1}, {"order": 6, "is_pick": true, "hero_id": 96, "team": 1}, {"order": 7, "is_pick": true, "hero_id": 83, "team": 0}, {"order": 8, "is_pick": false, "hero_id": 43, "team": 0}, {"order": 9, "is_pick": false, "hero_id": 3, "team": 1}, {"order": 10, "is_pick": false, "hero_id": 92, "team": 0}, {"order": 11, "is_pick": false, "hero_id": 66, "team": 1}, {"order": 12, "is_pick": true, "hero_id": 27, "team": 1}, {"order": 13, "is_pick": true, "hero_id": 48, "team": 0}, {"order": 14, "is_pick": true, "hero_id": 28, "team": 1}, {"order": 15, "is_pick": true, "hero_id": 98, "team": 0}, {"order": 16, "is_pick": false, "hero_id": 40, "team": 1}, {"order": 17, "is_pick": false, "hero_id": 11, "team": 0}, {"order": 18, "is_pick": true, "hero_id": 46, "team": 1}, {"order": 19, "is_pick": true, "hero_id": 86, "team": 0}], "dire_name": "Relax, you are doing fine.", "negative_votes": 1}