{"tower_status_radiant": 2047, "flags": 0, "radiant_team_complete": 1, "game_mode": 16, "radiant_score": 0, "match_id": 587595292, "lobby_name": "Practice", "dire_logo": 1047377791103893273, "pre_game_duration": 0, "radiant_name": "Natus Vincere", "match_seq_num": 534400231, "dire_team_complete": 1, "start_time": 1396201955, "radiant_win": true, "positive_votes": 218, "leagueid": 203, "duration": 1044, "dire_score": 0, "lobby_type": 1, "cluster": 131, "engine": 0, "barracks_status_dire": 63, "barracks_status_radiant": 63, "cluster_name": "Europe West", "first_blood_time": 239, "radiant_team_id": 36, "radiant_logo": 46499322609643214, "human_players": 10, "game_mode_name": "Captains Draft", "tower_status_dire": 1796, "players": [{"item_2": 0, "assists": 11, "leaver_status": 0, "item_1": 180, "item_0": 0, "leaver_status_description": "finished match, no abandon", "level": 9, "player_slot": 0, "leaver_status_name": "NONE", "hero_id": 7, "last_hits": 14, "kills": 0, "account_id": 87278757, "item_3_name": "Sentry Ward", "item_4": 34, "item_3": 43, "item_4_name": "Magic Stick", "item_5": 102, "xp_per_min": 286, "item_5_name": "Force Staff", "hero_name": "Earthshaker", "gold_per_min": 319, "deaths": 1, "denies": 3, "item_1_name": "Arcane Boots"}, {"item_2": 79, "assists": 9, "leaver_status": 0, "item_1": 36, "item_0": 180, "item_0_name": "Arcane Boots", "leaver_status_description": "finished match, no abandon", "level": 11, "player_slot": 1, "leaver_status_name": "NONE", "hero_id": 45, "last_hits": 78, "kills": 7, "account_id": 89625472, "item_3_name": "Ring of Basilius", "item_4": 106, "item_3": 88, "item_4_name": "Necronomicon", "item_5": 46, "xp_per_min": 363, "item_5_name": "Town Portal Scroll", "hero_name": "Pugna", "gold_per_min": 592, "deaths": 2, "denies": 9, "item_2_name": "Mekansm", "item_1_name": "Magic Wand"}, {"item_2": 16, "assists": 9, "leaver_status": 0, "item_1": 41, "item_0": 24, "item_0_name": "Ultimate Orb", "leaver_status_description": "finished match, no abandon", "level": 12, "player_slot": 2, "leaver_status_name": "NONE", "hero_id": 34, "last_hits": 90, "kills": 5, "account_id": 70388657, "item_3_name": "Boots of Travel", "item_4": 1, "item_3": 48, "item_4_name": "Blink Dagger", "item_5": 178, "xp_per_min": 500, "item_5_name": "Soul Ring", "hero_name": "Tinker", "gold_per_min": 558, "deaths": 2, "denies": 13, "item_2_name": "Iron Branch", "item_1_name": "Bottle"}, {"item_2": 94, "assists": 8, "leaver_status": 0, "item_1": 0, "item_0": 46, "item_0_name": "Town Portal Scroll", "leaver_status_description": "finished match, no abandon", "level": 11, "player_slot": 3, "leaver_status_name": "NONE", "hero_id": 21, "last_hits": 29, "kills": 6, "account_id": 82262664, "item_3_name": "Force Staff", "item_4": 180, "item_3": 102, "item_4_name": "Arcane Boots", "item_5": 36, "xp_per_min": 404, "item_5_name": "Magic Wand", "hero_name": "Windranger", "gold_per_min": 420, "deaths": 1, "denies": 1, "item_2_name": "Headdress"}, {"item_2": 0, "assists": 9, "leaver_status": 0, "item_1": 27, "item_0": 125, "item_0_name": "Vanguard", "leaver_status_description": "finished match, no abandon", "level": 12, "player_slot": 4, "leaver_status_name": "NONE", "hero_id": 96, "last_hits": 46, "kills": 4, "account_id": 86723143, "item_3_name": "Tranquil Boots", "item_4": 1, "item_3": 214, "item_4_name": "Blink Dagger", "item_5": 34, "xp_per_min": 494, "item_5_name": "Magic Stick", "hero_name": "Centaur Warrunner", "gold_per_min": 470, "deaths": 1, "denies": 5, "item_1_name": "Ring of Regen"}, {"item_2": 212, "assists": 2, "leaver_status": 0, "item_1": 63, "item_0": 41, "item_0_name": "Bottle", "leaver_status_description": "finished match, no abandon", "level": 11, "player_slot": 128, "leaver_status_name": "NONE", "hero_id": 47, "last_hits": 56, "kills": 4, "account_id": 86799300, "item_3_name": "Town Portal Scroll", "item_4": 86, "item_3": 46, "item_4_name": "Buckler", "item_5": 36, "xp_per_min": 382, "item_5_name": "Magic Wand", "hero_name": "Viper", "gold_per_min": 359, "deaths": 3, "denies": 6, "item_2_name": "Ring of Aquila", "item_1_name": "Power Treads"}, {"item_2": 29, "assists": 5, "leaver_status": 0, "item_1": 46, "item_0": 34, "item_0_name": "Magic Stick", "leaver_status_description": "finished match, no abandon", "level": 7, "player_slot": 129, "leaver_status_name": "NONE", "hero_id": 18, "last_hits": 5, "kills": 1, "account_id": 88271237, "item_3_name": "Gauntlets of Strength", "item_4": 0, "item_3": 13, "item_5": 16, "xp_per_min": 149, "item_5_name": "Iron Branch", "hero_name": "Sven", "gold_per_min": 156, "deaths": 7, "denies": 3, "item_2_name": "Boots of Speed", "item_1_name": "Town Portal Scroll"}, {"item_2": 182, "assists": 2, "leaver_status": 0, "item_1": 0, "item_0": 63, "item_0_name": "Power Treads", "leaver_status_description": "finished match, no abandon", "level": 11, "player_slot": 130, "leaver_status_name": "NONE", "hero_id": 1, "last_hits": 79, "kills": 1, "account_id": 16769223, "item_3_name": "Claymore", "item_4": 36, "item_3": 5, "item_4_name": "Magic Wand", "item_5": 56, "xp_per_min": 374, "item_5_name": "Ring of Health", "hero_name": "Anti-Mage", "gold_per_min": 334, "deaths": 3, "denies": 16, "item_2_name": "Stout Shield"}, {"item_2": 34, "assists": 2, "leaver_status": 0, "item_1": 182, "item_0": 29, "item_0_name": "Boots of Speed", "leaver_status_description": "finished match, no abandon", "level": 8, "player_slot": 131, "leaver_status_name": "NONE", "hero_id": 78, "last_hits": 19, "kills": 1, "account_id": 74432222, "item_3_name": "Town Portal Scroll", "item_4": 16, "item_3": 46, "item_4_name": "Iron Branch", "item_5": 0, "xp_per_min": 237, "hero_name": "Brewmaster", "gold_per_min": 176, "deaths": 6, "denies": 2, "item_2_name": "Magic Stick", "item_1_name": "Stout Shield"}, {"item_2": 46, "assists": 3, "leaver_status": 3, "item_1": 43, "item_0": 36, "item_0_name": "Magic Wand", "leaver_status_description": "player dc, clicked leave, abandon", "level": 6, "player_slot": 132, "leaver_status_name": "ABANDONED", "hero_id": 26, "last_hits": 7, "kills": 0, "account_id": 31078647, "item_4": 29, "item_3": 0, "item_4_name": "Boots of Speed", "item_5": 0, "xp_per_min": 134, "hero_name": "Lion", "gold_per_min": 129, "deaths": 3, "denies": 0, "item_2_name": "Town Portal Scroll", "item_1_name": "Sentry Ward"}], "dire_team_id": 1079149, "picks_bans": [{"order": 0, "is_pick": false, "hero_id": 40, "team": 0}, {"order": 1, "is_pick": false, "hero_id": 77, "team": 1}, {"order": 2, "is_pick": false, "hero_id": 92, "team": 0}, {"order": 3, "is_pick": false, "hero_id": 89, "team": 1}, {"order": 4, "is_pick": true, "hero_id": 96, "team": 0}, {"order": 5, "is_pick": true, "hero_id": 26, "team": 1}, {"order": 6, "is_pick": true, "hero_id": 18, "team": 1}, {"order": 7, "is_pick": true, "hero_id": 34, "team": 0}, {"order": 8, "is_pick": true, "hero_id": 45, "team": 0}, {"order": 9, "is_pick": true, "hero_id": 1, "team": 1}, {"order": 10, "is_pick": true, "hero_id": 47, "team": 1}, {"order": 11, "is_pick": true, "hero_id": 7, "team": 0}, {"order": 12, "is_pick": true, "hero_id": 21, "team": 0}, {"order": 13, "is_pick": true, "hero_id": 78, "team": 1}], "dire_name": "SIGMA.int", "negative_votes": 12}