{"tower_status_radiant": 0, "flags": 0, "radiant_team_complete": 0, "game_mode": 2, "radiant_score": 0, "match_id": 589089799, "lobby_name": "Practice", "dire_logo": 541924293718462159, "pre_game_duration": 0, "radiant_name": "Ahead.", "match_seq_num": 535762066, "dire_team_complete": 1, "start_time": 1396290230, "radiant_win": false, "positive_votes": 11, "leagueid": 1003, "duration": 1653, "dire_score": 0, "lobby_type": 1, "cluster": 133, "engine": 0, "barracks_status_dire": 63, "barracks_status_radiant": 0, "cluster_name": "Europe West", "first_blood_time": 135, "radiant_team_id": 1374236, "radiant_logo": 432648400978045890, "human_players": 10, "game_mode_name": "Captains Mode", "tower_status_dire": 2047, "players": [{"item_2": 86, "assists": 9, "leaver_status": 0, "item_1": 94, "item_0": 1, "item_0_name": "Blink Dagger", "leaver_status_description": "finished match, no abandon", "level": 12, "player_slot": 0, "leaver_status_name": "NONE", "hero_id": 96, "last_hits": 56, "kills": 1, "account_id": 52341014, "item_3_name": "Tranquil Boots", "item_4": 46, "item_3": 214, "item_4_name": "Town Portal Scroll", "item_5": 0, "xp_per_min": 313, "hero_name": "Centaur Warrunner", "gold_per_min": 233, "deaths": 7, "denies": 2, "item_2_name": "Buckler", "item_1_name": "Headdress"}, {"item_2": 46, "assists": 8, "leaver_status": 0, "item_1": 23, "item_0": 36, "item_0_name": "Magic Wand", "leaver_status_description": "finished match, no abandon", "level": 11, "player_slot": 1, "leaver_status_name": "NONE", "hero_id": 86, "last_hits": 22, "kills": 3, "account_id": 66620961, "item_3_name": "Sentry Ward", "item_4": 0, "item_3": 43, "item_5": 180, "xp_per_min": 279, "item_5_name": "Arcane Boots", "hero_name": "Rubick", "gold_per_min": 220, "deaths": 7, "denies": 2, "item_2_name": "Town Portal Scroll", "item_1_name": "Staff of Wizardry"}, {"item_2": 46, "assists": 8, "leaver_status": 0, "item_1": 152, "item_0": 63, "item_0_name": "Power Treads", "leaver_status_description": "finished match, no abandon", "level": 15, "player_slot": 2, "leaver_status_name": "NONE", "hero_id": 93, "last_hits": 103, "kills": 5, "account_id": 91460772, "item_3_name": "Magic Stick", "item_4": 21, "item_3": 34, "item_4_name": "Ogre Club", "item_5": 181, "xp_per_min": 475, "item_5_name": "Orb of Venom", "hero_name": "Slark", "gold_per_min": 355, "deaths": 5, "denies": 21, "item_2_name": "Town Portal Scroll", "item_1_name": "Shadow Blade"}, {"item_2": 36, "assists": 7, "leaver_status": 0, "item_1": 41, "item_0": 185, "item_0_name": "Drum of Endurance", "leaver_status_description": "finished match, no abandon", "level": 15, "player_slot": 3, "leaver_status_name": "NONE", "hero_id": 46, "last_hits": 93, "kills": 3, "account_id": 123051238, "item_3_name": "Ogre Club", "item_4": 63, "item_3": 21, "item_4_name": "Power Treads", "item_5": 46, "xp_per_min": 438, "item_5_name": "Town Portal Scroll", "hero_name": "Templar Assassin", "gold_per_min": 337, "deaths": 12, "denies": 17, "item_2_name": "Magic Wand", "item_1_name": "Bottle"}, {"item_2": 21, "assists": 8, "leaver_status": 0, "item_1": 23, "item_0": 187, "item_0_name": "Medallion of Courage", "leaver_status_description": "finished match, no abandon", "level": 12, "player_slot": 4, "leaver_status_name": "NONE", "hero_id": 92, "last_hits": 18, "kills": 8, "account_id": 64631786, "item_3_name": "Magic Wand", "item_4": 22, "item_3": 36, "item_4_name": "Blade of Alacrity", "item_5": 50, "xp_per_min": 305, "item_5_name": "Phase Boots", "hero_name": "Visage", "gold_per_min": 270, "deaths": 6, "denies": 1, "item_2_name": "Ogre Club", "item_1_name": "Staff of Wizardry"}, {"item_2": 37, "assists": 18, "leaver_status": 0, "item_1": 172, "item_0": 102, "item_0_name": "Force Staff", "leaver_status_description": "finished match, no abandon", "level": 14, "player_slot": 128, "leaver_status_name": "NONE", "hero_id": 65, "last_hits": 76, "kills": 3, "account_id": 86802844, "item_3_name": "Blink Dagger", "item_4": 0, "item_3": 1, "item_5": 29, "xp_per_min": 403, "item_5_name": "Boots of Speed", "hero_name": "Batrider", "gold_per_min": 416, "deaths": 6, "denies": 1, "item_2_name": "Ghost Scepter", "item_1_name": "Mask of Madness"}, {"item_2": 37, "assists": 20, "leaver_status": 0, "item_1": 102, "item_0": 50, "item_0_name": "Phase Boots", "leaver_status_description": "finished match, no abandon", "level": 19, "player_slot": 129, "leaver_status_name": "NONE", "hero_id": 74, "last_hits": 73, "kills": 9, "account_id": 86725175, "item_3_name": "Boots of Travel", "item_4": 185, "item_3": 48, "item_4_name": "Drum of Endurance", "item_5": 36, "xp_per_min": 700, "item_5_name": "Magic Wand", "hero_name": "Invoker", "gold_per_min": 545, "deaths": 4, "denies": 16, "item_2_name": "Ghost Scepter", "item_1_name": "Force Staff"}, {"item_2": 48, "assists": 12, "leaver_status": 0, "item_1": 121, "item_0": 92, "item_0_name": "Urn of Shadows", "leaver_status_description": "finished match, no abandon", "level": 17, "player_slot": 130, "leaver_status_name": "NONE", "hero_id": 52, "last_hits": 48, "kills": 13, "account_id": 91064780, "item_3_name": "Magic Stick", "item_4": 21, "item_3": 34, "item_4_name": "Ogre Club", "item_5": 37, "xp_per_min": 563, "item_5_name": "Ghost Scepter", "hero_name": "Leshrac", "gold_per_min": 515, "deaths": 3, "denies": 3, "item_2_name": "Boots of Travel", "item_1_name": "Bloodstone"}, {"item_2": 36, "assists": 14, "leaver_status": 0, "item_1": 108, "item_0": 214, "item_0_name": "Tranquil Boots", "leaver_status_description": "finished match, no abandon", "level": 12, "player_slot": 131, "leaver_status_name": "NONE", "hero_id": 27, "last_hits": 47, "kills": 3, "account_id": 11550182, "item_3_name": "Bracer", "item_4": 73, "item_3": 73, "item_4_name": "Bracer", "item_5": 73, "xp_per_min": 316, "item_5_name": "Bracer", "hero_name": "Shadow Shaman", "gold_per_min": 421, "deaths": 6, "denies": 2, "item_2_name": "Magic Wand", "item_1_name": "Aghanim's Scepter"}, {"item_2": 154, "assists": 14, "leaver_status": 0, "item_1": 185, "item_0": 152, "item_0_name": "Shadow Blade", "leaver_status_description": "finished match, no abandon", "level": 19, "player_slot": 132, "leaver_status_name": "NONE", "hero_id": 69, "last_hits": 167, "kills": 8, "account_id": 89269794, "item_3_name": "Phase Boots", "item_4": 112, "item_3": 50, "item_4_name": "Assault Cuirass", "item_5": 65, "xp_per_min": 731, "item_5_name": "Hand of Midas", "hero_name": "Doom", "gold_per_min": 859, "deaths": 1, "denies": 20, "item_2_name": "Sange and Yasha", "item_1_name": "Drum of Endurance"}], "dire_team_id": 46, "picks_bans": [{"order": 0, "is_pick": false, "hero_id": 68, "team": 1}, {"order": 1, "is_pick": false, "hero_id": 77, "team": 0}, {"order": 2, "is_pick": false, "hero_id": 50, "team": 1}, {"order": 3, "is_pick": false, "hero_id": 106, "team": 0}, {"order": 4, "is_pick": true, "hero_id": 65, "team": 1}, {"order": 5, "is_pick": true, "hero_id": 96, "team": 0}, {"order": 6, "is_pick": true, "hero_id": 92, "team": 0}, {"order": 7, "is_pick": true, "hero_id": 74, "team": 1}, {"order": 8, "is_pick": false, "hero_id": 13, "team": 1}, {"order": 9, "is_pick": false, "hero_id": 48, "team": 0}, {"order": 10, "is_pick": false, "hero_id": 10, "team": 1}, {"order": 11, "is_pick": false, "hero_id": 54, "team": 0}, {"order": 12, "is_pick": true, "hero_id": 86, "team": 0}, {"order": 13, "is_pick": true, "hero_id": 27, "team": 1}, {"order": 14, "is_pick": true, "hero_id": 93, "team": 0}, {"order": 15, "is_pick": true, "hero_id": 69, "team": 1}, {"order": 16, "is_pick": false, "hero_id": 87, "team": 0}, {"order": 17, "is_pick": false, "hero_id": 60, "team": 1}, {"order": 18, "is_pick": true, "hero_id": 46, "team": 0}, {"order": 19, "is_pick": true, "hero_id": 52, "team": 1}], "dire_name": "Team Empire", "negative_votes": 2}