{"tower_status_radiant": 1852, "flags": 0, "radiant_team_complete": 1, "game_mode": 2, "radiant_score": 0, "match_id": 593037785, "lobby_name": "Practice", "dire_logo": 46499322609643214, "pre_game_duration": 0, "radiant_name": "Radical Online X-tremists", "match_seq_num": 539323539, "dire_team_complete": 1, "start_time": 1396543946, "radiant_win": true, "positive_votes": 832, "leagueid": 232, "duration": 2030, "dire_score": 0, "lobby_type": 1, "cluster": 133, "engine": 0, "barracks_status_dire": 3, "barracks_status_radiant": 63, "cluster_name": "Europe West", "first_blood_time": 519, "radiant_team_id": 293390, "radiant_logo": 921253447668725714, "human_players": 10, "game_mode_name": "Captains Mode", "tower_status_dire": 1542, "players": [{"item_2": 81, "assists": 11, "leaver_status": 0, "item_1": 102, "item_0": 92, "item_0_name": "Urn of Shadows", "leaver_status_description": "finished match, no abandon", "level": 13, "player_slot": 0, "leaver_status_name": "NONE", "hero_id": 102, "last_hits": 32, "kills": 4, "account_id": 89137399, "item_3_name": "Magic Wand", "item_4": 30, "item_3": 36, "item_4_name": "Gem of True Sight", "item_5": 214, "xp_per_min": 302, "item_5_name": "Tranquil Boots", "hero_name": "Abaddon", "gold_per_min": 278, "deaths": 0, "denies": 1, "item_2_name": "Vladmir's Offering", "item_1_name": "Force Staff"}, {"item_2": 110, "assists": 12, "leaver_status": 0, "item_1": 180, "item_0": 41, "item_0_name": "Bottle", "leaver_status_description": "finished match, no abandon", "level": 16, "player_slot": 1, "leaver_status_name": "NONE", "hero_id": 27, "last_hits": 167, "kills": 4, "account_id": 134556694, "item_3_name": "Aghanim's Scepter", "item_4": 1, "item_3": 108, "item_4_name": "Blink Dagger", "item_5": 0, "xp_per_min": 422, "hero_name": "Shadow Shaman", "gold_per_min": 485, "deaths": 2, "denies": 3, "item_2_name": "Refresher Orb", "item_1_name": "Arcane Boots"}, {"item_2": 139, "assists": 5, "leaver_status": 0, "item_1": 65, "item_0": 63, "item_0_name": "Power Treads", "leaver_status_description": "finished match, no abandon", "level": 18, "player_slot": 2, "leaver_status_name": "NONE", "hero_id": 48, "last_hits": 215, "kills": 9, "account_id": 96196828, "item_3_name": "Manta Style", "item_4": 116, "item_3": 147, "item_4_name": "Black King Bar", "item_5": 164, "xp_per_min": 512, "item_5_name": "Helm of the Dominator", "hero_name": "Luna", "gold_per_min": 662, "deaths": 0, "denies": 39, "item_2_name": "Butterfly", "item_1_name": "Hand of Midas"}, {"item_2": 90, "assists": 12, "leaver_status": 0, "item_1": 79, "item_0": 1, "item_0_name": "Blink Dagger", "leaver_status_description": "finished match, no abandon", "level": 15, "player_slot": 3, "leaver_status_name": "NONE", "hero_id": 96, "last_hits": 86, "kills": 3, "account_id": 53178236, "item_3_name": "Tranquil Boots", "item_4": 34, "item_3": 214, "item_4_name": "Magic Stick", "item_5": 46, "xp_per_min": 365, "item_5_name": "Town Portal Scroll", "hero_name": "Centaur Warrunner", "gold_per_min": 351, "deaths": 1, "denies": 2, "item_2_name": "Pipe of Insight", "item_1_name": "Mekansm"}, {"item_2": 108, "assists": 8, "leaver_status": 0, "item_1": 0, "item_0": 0, "leaver_status_description": "finished match, no abandon", "level": 13, "player_slot": 4, "leaver_status_name": "NONE", "hero_id": 50, "last_hits": 31, "kills": 1, "account_id": 76600360, "item_3_name": "Drum of Endurance", "item_4": 0, "item_3": 185, "item_5": 180, "xp_per_min": 290, "item_5_name": "Arcane Boots", "hero_name": "Dazzle", "gold_per_min": 271, "deaths": 2, "denies": 1, "item_2_name": "Aghanim's Scepter"}, {"item_2": 79, "assists": 1, "leaver_status": 0, "item_1": 180, "item_0": 46, "item_0_name": "Town Portal Scroll", "leaver_status_description": "finished match, no abandon", "level": 13, "player_slot": 128, "leaver_status_name": "NONE", "hero_id": 33, "last_hits": 175, "kills": 1, "account_id": 87278757, "item_3_name": "Black King Bar", "item_4": 42, "item_3": 116, "item_4_name": "Observer Ward", "item_5": 0, "xp_per_min": 275, "hero_name": "Enigma", "gold_per_min": 333, "deaths": 5, "denies": 6, "item_2_name": "Mekansm", "item_1_name": "Arcane Boots"}, {"item_2": 116, "assists": 1, "leaver_status": 0, "item_1": 21, "item_0": 50, "item_0_name": "Phase Boots", "leaver_status_description": "finished match, no abandon", "level": 15, "player_slot": 129, "leaver_status_name": "NONE", "hero_id": 69, "last_hits": 161, "kills": 2, "account_id": 89625472, "item_3_name": "Assault Cuirass", "item_4": 65, "item_3": 112, "item_4_name": "Hand of Midas", "item_5": 17, "xp_per_min": 359, "item_5_name": "Belt of Strength", "hero_name": "Doom", "gold_per_min": 482, "deaths": 4, "denies": 6, "item_2_name": "Black King Bar", "item_1_name": "Ogre Club"}, {"item_2": 119, "assists": 2, "leaver_status": 0, "item_1": 41, "item_0": 0, "leaver_status_description": "finished match, no abandon", "level": 15, "player_slot": 130, "leaver_status_name": "NONE", "hero_id": 34, "last_hits": 199, "kills": 1, "account_id": 70388657, "item_3_name": "Boots of Travel", "item_4": 1, "item_3": 48, "item_4_name": "Blink Dagger", "item_5": 178, "xp_per_min": 386, "item_5_name": "Soul Ring", "hero_name": "Tinker", "gold_per_min": 422, "deaths": 1, "denies": 13, "item_2_name": "Shiva's Guard", "item_1_name": "Bottle"}, {"item_2": 0, "assists": 2, "leaver_status": 0, "item_1": 0, "item_0": 46, "item_0_name": "Town Portal Scroll", "leaver_status_description": "finished match, no abandon", "level": 11, "player_slot": 131, "leaver_status_name": "NONE", "hero_id": 86, "last_hits": 17, "kills": 1, "account_id": 82262664, "item_3_name": "Magic Wand", "item_4": 180, "item_3": 36, "item_4_name": "Arcane Boots", "item_5": 0, "xp_per_min": 198, "hero_name": "Rubick", "gold_per_min": 155, "deaths": 7, "denies": 3}, {"item_2": 36, "assists": 2, "leaver_status": 0, "item_1": 102, "item_0": 214, "item_0_name": "Tranquil Boots", "leaver_status_description": "finished match, no abandon", "level": 13, "player_slot": 132, "leaver_status_name": "NONE", "hero_id": 65, "last_hits": 104, "kills": 0, "account_id": 86723143, "item_3_name": "Staff of Wizardry", "item_4": 1, "item_3": 23, "item_4_name": "Blink Dagger", "item_5": 46, "xp_per_min": 289, "item_5_name": "Town Portal Scroll", "hero_name": "Batrider", "gold_per_min": 259, "deaths": 4, "denies": 0, "item_2_name": "Magic Wand", "item_1_name": "Force Staff"}], "dire_team_id": 36, "picks_bans": [{"order": 0, "is_pick": false, "hero_id": 68, "team": 0}, {"order": 1, "is_pick": false, "hero_id": 106, "team": 1}, {"order": 2, "is_pick": false, "hero_id": 74, "team": 0}, {"order": 3, "is_pick": false, "hero_id": 77, "team": 1}, {"order": 4, "is_pick": true, "hero_id": 50, "team": 0}, {"order": 5, "is_pick": true, "hero_id": 65, "team": 1}, {"order": 6, "is_pick": true, "hero_id": 69, "team": 1}, {"order": 7, "is_pick": true, "hero_id": 96, "team": 0}, {"order": 8, "is_pick": false, "hero_id": 92, "team": 0}, {"order": 9, "is_pick": false, "hero_id": 93, "team": 1}, {"order": 10, "is_pick": false, "hero_id": 83, "team": 0}, {"order": 11, "is_pick": false, "hero_id": 28, "team": 1}, {"order": 12, "is_pick": true, "hero_id": 86, "team": 1}, {"order": 13, "is_pick": true, "hero_id": 102, "team": 0}, {"order": 14, "is_pick": true, "hero_id": 33, "team": 1}, {"order": 15, "is_pick": true, "hero_id": 48, "team": 0}, {"order": 16, "is_pick": false, "hero_id": 13, "team": 1}, {"order": 17, "is_pick": false, "hero_id": 17, "team": 0}, {"order": 18, "is_pick": true, "hero_id": 34, "team": 1}, {"order": 19, "is_pick": true, "hero_id": 27, "team": 0}], "dire_name": "Natus Vincere", "negative_votes": 121}