{"tower_status_radiant": 1846, "flags": 0, "radiant_team_complete": 1, "game_mode": 2, "radiant_score": 0, "match_id": 595879914, "lobby_name": "Practice", "dire_logo": 594785681587718235, "pre_game_duration": 0, "radiant_name": "Team Empire", "match_seq_num": 541919048, "dire_team_complete": 1, "start_time": 1396706461, "radiant_win": true, "positive_votes": 19, "leagueid": 1118, "duration": 2283, "dire_score": 0, "lobby_type": 1, "cluster": 136, "engine": 0, "barracks_status_dire": 3, "barracks_status_radiant": 63, "cluster_name": "Europe West", "first_blood_time": 114, "radiant_team_id": 46, "radiant_logo": 541924293718462159, "human_players": 10, "game_mode_name": "Captains Mode", "tower_status_dire": 6, "players": [{"item_2": 0, "assists": 8, "leaver_status": 0, "item_1": 172, "item_0": 102, "item_0_name": "Force Staff", "leaver_status_description": "finished match, no abandon", "level": 17, "player_slot": 0, "leaver_status_name": "NONE", "hero_id": 65, "last_hits": 163, "kills": 3, "account_id": 86802844, "item_3_name": "Blink Dagger", "item_4": 116, "item_3": 1, "item_4_name": "Black King Bar", "item_5": 214, "xp_per_min": 420, "item_5_name": "Tranquil Boots", "hero_name": "Batrider", "gold_per_min": 410, "deaths": 5, "denies": 1, "item_1_name": "Mask of Madness"}, {"item_2": 194, "assists": 12, "leaver_status": 0, "item_1": 102, "item_0": 96, "item_0_name": "Scythe of Vyse", "leaver_status_description": "finished match, no abandon", "level": 22, "player_slot": 1, "leaver_status_name": "NONE", "hero_id": 74, "last_hits": 260, "kills": 9, "account_id": 86725175, "item_3_name": "Hand of Midas", "item_4": 160, "item_3": 65, "item_4_name": "Eye of Skadi", "item_5": 29, "xp_per_min": 687, "item_5_name": "Boots of Speed", "hero_name": "Invoker", "gold_per_min": 680, "deaths": 2, "denies": 18, "item_2_name": "Necronomicon", "item_1_name": "Force Staff"}, {"item_2": 46, "assists": 14, "leaver_status": 0, "item_1": 116, "item_0": 92, "item_0_name": "Urn of Shadows", "leaver_status_description": "finished match, no abandon", "level": 15, "player_slot": 2, "leaver_status_name": "NONE", "hero_id": 3, "last_hits": 28, "kills": 3, "account_id": 91064780, "item_3_name": "Magic Stick", "item_4": 180, "item_3": 34, "item_4_name": "Arcane Boots", "item_5": 0, "xp_per_min": 316, "hero_name": "Bane", "gold_per_min": 287, "deaths": 7, "denies": 1, "item_2_name": "Town Portal Scroll", "item_1_name": "Black King Bar"}, {"item_2": 37, "assists": 12, "leaver_status": 0, "item_1": 36, "item_0": 46, "item_0_name": "Town Portal Scroll", "leaver_status_description": "finished match, no abandon", "level": 16, "player_slot": 3, "leaver_status_name": "NONE", "hero_id": 50, "last_hits": 44, "kills": 2, "account_id": 11550182, "item_3_name": "Gem of True Sight", "item_4": 81, "item_3": 30, "item_4_name": "Vladmir's Offering", "item_5": 29, "xp_per_min": 392, "item_5_name": "Boots of Speed", "hero_name": "Dazzle", "gold_per_min": 309, "deaths": 2, "denies": 3, "item_2_name": "Ghost Scepter", "item_1_name": "Magic Wand"}, {"item_2": 116, "assists": 11, "leaver_status": 0, "item_1": 185, "item_0": 152, "item_0_name": "Shadow Blade", "leaver_status_description": "finished match, no abandon", "level": 20, "player_slot": 4, "leaver_status_name": "NONE", "hero_id": 69, "last_hits": 218, "kills": 9, "account_id": 89269794, "item_3_name": "Phase Boots", "item_4": 112, "item_3": 50, "item_4_name": "Assault Cuirass", "item_5": 65, "xp_per_min": 597, "item_5_name": "Hand of Midas", "hero_name": "Doom", "gold_per_min": 724, "deaths": 5, "denies": 18, "item_2_name": "Black King Bar", "item_1_name": "Drum of Endurance"}, {"item_2": 77, "assists": 10, "leaver_status": 0, "item_1": 46, "item_0": 41, "item_0_name": "Bottle", "leaver_status_description": "finished match, no abandon", "level": 19, "player_slot": 128, "leaver_status_name": "NONE", "hero_id": 17, "last_hits": 130, "kills": 2, "account_id": 91918857, "item_3_name": "Power Treads", "item_4": 98, "item_3": 63, "item_4_name": "Orchid Malevolence", "item_5": 24, "xp_per_min": 521, "item_5_name": "Ultimate Orb", "hero_name": "Storm Spirit", "gold_per_min": 349, "deaths": 7, "denies": 12, "item_2_name": "Null Talisman", "item_1_name": "Town Portal Scroll"}, {"item_2": 65, "assists": 3, "leaver_status": 0, "item_1": 141, "item_0": 166, "item_0_name": "Maelstrom", "leaver_status_description": "finished match, no abandon", "level": 20, "player_slot": 129, "leaver_status_name": "NONE", "hero_id": 41, "last_hits": 273, "kills": 7, "account_id": 69325073, "item_3_name": "Battle Fury", "item_4": 172, "item_3": 145, "item_4_name": "Mask of Madness", "item_5": 63, "xp_per_min": 582, "item_5_name": "Power Treads", "hero_name": "Faceless Void", "gold_per_min": 603, "deaths": 4, "denies": 24, "item_2_name": "Hand of Midas", "item_1_name": "Daedalus"}, {"item_2": 127, "assists": 8, "leaver_status": 0, "item_1": 102, "item_0": 0, "leaver_status_description": "finished match, no abandon", "level": 15, "player_slot": 130, "leaver_status_name": "NONE", "hero_id": 51, "last_hits": 72, "kills": 5, "account_id": 86747757, "item_3_name": "Magic Stick", "item_4": 60, "item_3": 34, "item_4_name": "Point Booster", "item_5": 29, "xp_per_min": 354, "item_5_name": "Boots of Speed", "hero_name": "Clockwerk", "gold_per_min": 274, "deaths": 9, "denies": 2, "item_2_name": "Blade Mail", "item_1_name": "Force Staff"}, {"item_2": 0, "assists": 14, "leaver_status": 0, "item_1": 57, "item_0": 29, "item_0_name": "Boots of Speed", "leaver_status_description": "finished match, no abandon", "level": 15, "player_slot": 131, "leaver_status_name": "NONE", "hero_id": 68, "last_hits": 61, "kills": 3, "account_id": 89742217, "item_3_name": "Town Portal Scroll", "item_4": 24, "item_3": 46, "item_4_name": "Ultimate Orb", "item_5": 108, "xp_per_min": 322, "item_5_name": "Aghanim's Scepter", "hero_name": "Ancient Apparition", "gold_per_min": 269, "deaths": 3, "denies": 4, "item_1_name": "Void Stone"}, {"item_2": 29, "assists": 4, "leaver_status": 0, "item_1": 79, "item_0": 102, "item_0_name": "Force Staff", "leaver_status_description": "finished match, no abandon", "level": 15, "player_slot": 132, "leaver_status_name": "NONE", "hero_id": 66, "last_hits": 127, "kills": 4, "account_id": 88792641, "item_3_name": "Ring of Basilius", "item_4": 24, "item_3": 88, "item_4_name": "Ultimate Orb", "item_5": 46, "xp_per_min": 323, "item_5_name": "Town Portal Scroll", "hero_name": "Chen", "gold_per_min": 302, "deaths": 3, "denies": 1, "item_2_name": "Boots of Speed", "item_1_name": "Mekansm"}], "dire_team_id": 1161668, "picks_bans": [{"order": 0, "is_pick": false, "hero_id": 106, "team": 1}, {"order": 1, "is_pick": false, "hero_id": 89, "team": 0}, {"order": 2, "is_pick": false, "hero_id": 77, "team": 1}, {"order": 3, "is_pick": false, "hero_id": 96, "team": 0}, {"order": 4, "is_pick": true, "hero_id": 68, "team": 1}, {"order": 5, "is_pick": true, "hero_id": 65, "team": 0}, {"order": 6, "is_pick": true, "hero_id": 74, "team": 0}, {"order": 7, "is_pick": true, "hero_id": 66, "team": 1}, {"order": 8, "is_pick": false, "hero_id": 48, "team": 1}, {"order": 9, "is_pick": false, "hero_id": 11, "team": 0}, {"order": 10, "is_pick": false, "hero_id": 92, "team": 1}, {"order": 11, "is_pick": false, "hero_id": 53, "team": 0}, {"order": 12, "is_pick": true, "hero_id": 50, "team": 0}, {"order": 13, "is_pick": true, "hero_id": 17, "team": 1}, {"order": 14, "is_pick": true, "hero_id": 3, "team": 0}, {"order": 15, "is_pick": true, "hero_id": 51, "team": 1}, {"order": 16, "is_pick": false, "hero_id": 67, "team": 0}, {"order": 17, "is_pick": false, "hero_id": 54, "team": 1}, {"order": 18, "is_pick": true, "hero_id": 69, "team": 0}, {"order": 19, "is_pick": true, "hero_id": 41, "team": 1}], "dire_name": "xGame.kz", "negative_votes": 3}