{"duration": 1962, "radiant_logo": 938135151856570525, "leagueid": 12, "game_mode": 2, "radiant_score": 0, "positive_votes": 14, "lobby_type": 1, "lobby_name": "Practice", "radiant_win": false, "engine": 0, "pre_game_duration": 0, "match_id": 59889817, "dire_team_complete": 0, "dire_team_id": 94252, "flags": 0, "dire_logo": 577845243054863615, "cluster": 132, "negative_votes": 0, "players": [{"item_5_name": "Sentry Ward", "item_2": 36, "assists": 12, "item_4": 0, "leaver_status": 0, "leaver_status_description": "finished match, no abandon", "item_1": 92, "kills": 4, "hero_name": "Io", "hero_id": 91, "level": 11, "item_0": 214, "gold_per_min": 203, "leaver_status_name": "NONE", "denies": 2, "player_slot": 0, "deaths": 11, "account_id": 34128052, "item_5": 43, "item_3": 178, "item_0_name": "Tranquil Boots", "item_3_name": "Soul Ring", "item_2_name": "Magic Wand", "last_hits": 22, "item_1_name": "Urn of Shadows", "xp_per_min": 229}, {"item_5_name": "Drum of Endurance", "item_2": 214, "assists": 4, "item_4": 5, "item_4_name": "Claymore", "leaver_status": 0, "leaver_status_description": "finished match, no abandon", "item_1": 46, "kills": 4, "hero_id": 97, "level": 16, "item_0": 0, "gold_per_min": 338, "leaver_status_name": "NONE", "denies": 7, "player_slot": 1, "deaths": 7, "account_id": 32995405, "item_5": 185, "item_3": 1, "hero_name": "Magnus", "item_3_name": "Blink Dagger", "item_2_name": "Tranquil Boots", "last_hits": 120, "item_1_name": "Town Portal Scroll", "xp_per_min": 437}, {"item_5_name": "Ogre Club", "item_2": 168, "assists": 6, "item_4": 1, "item_4_name": "Blink Dagger", "leaver_status": 1, "leaver_status_description": "player DC, no abandon", "item_1": 46, "kills": 6, "hero_name": "Templar Assassin", "hero_id": 46, "level": 17, "item_0": 36, "gold_per_min": 402, "leaver_status_name": "DISCONNECTED", "denies": 12, "player_slot": 2, "deaths": 7, "account_id": 34930858, "item_5": 21, "item_3": 50, "item_0_name": "Magic Wand", "item_3_name": "Phase Boots", "item_2_name": "Desolator", "last_hits": 130, "item_1_name": "Town Portal Scroll", "xp_per_min": 501}, {"item_5_name": "Phase Boots", "item_2": 0, "assists": 6, "item_4": 108, "item_4_name": "Aghanim's Scepter", "leaver_status": 1, "leaver_status_description": "player DC, no abandon", "item_1": 185, "kills": 9, "hero_name": "Tiny", "hero_id": 19, "level": 15, "item_0": 36, "gold_per_min": 398, "leaver_status_name": "DISCONNECTED", "denies": 8, "player_slot": 3, "deaths": 10, "account_id": 40602549, "item_5": 50, "item_3": 170, "item_0_name": "Magic Wand", "item_3_name": "Yasha", "last_hits": 125, "item_1_name": "Drum of Endurance", "xp_per_min": 397}, {"item_5_name": "Iron Branch", "item_2": 40, "assists": 8, "item_4": 188, "item_4_name": "Smoke of Deceit", "leaver_status": 1, "leaver_status_description": "player DC, no abandon", "item_1": 42, "kills": 2, "hero_name": "Disruptor", "hero_id": 87, "level": 9, "item_0": 36, "gold_per_min": 157, "leaver_status_name": "DISCONNECTED", "denies": 0, "player_slot": 4, "deaths": 12, "account_id": 88522876, "item_5": 16, "item_3": 29, "item_0_name": "Magic Wand", "item_3_name": "Boots of Speed", "item_2_name": "Dust of Appearance", "last_hits": 11, "item_1_name": "Observer Ward", "xp_per_min": 160}, {"item_5_name": "Magic Wand", "item_2": 108, "assists": 16, "item_4": 63, "item_4_name": "Power Treads", "leaver_status": 0, "leaver_status_description": "finished match, no abandon", "item_1": 46, "kills": 6, "hero_name": "Enchantress", "hero_id": 58, "level": 15, "item_0": 42, "gold_per_min": 367, "leaver_status_name": "NONE", "denies": 0, "player_slot": 128, "deaths": 8, "account_id": 82262664, "item_5": 36, "item_3": 172, "item_0_name": "Observer Ward", "item_3_name": "Mask of Madness", "item_2_name": "Aghanim's Scepter", "last_hits": 64, "item_1_name": "Town Portal Scroll", "xp_per_min": 410}, {"item_5_name": "Drum of Endurance", "item_2": 46, "assists": 15, "item_4": 114, "item_4_name": "Heart of Tarrasque", "leaver_status": 0, "leaver_status_description": "finished match, no abandon", "item_1": 116, "kills": 20, "hero_name": "Chaos Knight", "hero_id": 81, "level": 20, "item_0": 151, "gold_per_min": 667, "leaver_status_name": "NONE", "denies": 8, "player_slot": 129, "deaths": 4, "account_id": 21289303, "item_5": 185, "item_3": 63, "item_0_name": "Armlet of Mordiggian", "item_3_name": "Power Treads", "item_2_name": "Town Portal Scroll", "last_hits": 125, "item_1_name": "Black King Bar", "xp_per_min": 670}, {"item_5_name": "Aghanim's Scepter", "item_2": 46, "assists": 19, "item_4": 180, "item_4_name": "Arcane Boots", "leaver_status": 0, "leaver_status_description": "finished match, no abandon", "item_1": 1, "kills": 6, "hero_name": "Brewmaster", "hero_id": 78, "level": 20, "item_0": 41, "gold_per_min": 476, "leaver_status_name": "NONE", "denies": 6, "player_slot": 130, "deaths": 3, "account_id": 31078647, "item_5": 108, "item_3": 36, "item_0_name": "Bottle", "item_3_name": "Magic Wand", "item_2_name": "Town Portal Scroll", "last_hits": 114, "item_1_name": "Blink Dagger", "xp_per_min": 660}, {"item_5_name": "Ogre Club", "item_2": 42, "assists": 11, "item_4": 63, "item_4_name": "Power Treads", "leaver_status": 0, "leaver_status_description": "finished match, no abandon", "item_1": 185, "kills": 4, "hero_name": "Leshrac", "hero_id": 52, "level": 13, "item_0": 36, "gold_per_min": 303, "leaver_status_name": "NONE", "denies": 0, "player_slot": 131, "deaths": 8, "account_id": 37105332, "item_5": 21, "item_3": 43, "item_0_name": "Magic Wand", "item_3_name": "Sentry Ward", "item_2_name": "Observer Ward", "last_hits": 36, "item_1_name": "Drum of Endurance", "xp_per_min": 287}, {"item_5_name": "Boots of Travel", "item_2": 81, "assists": 14, "item_4": 168, "item_4_name": "Desolator", "leaver_status": 0, "leaver_status_description": "finished match, no abandon", "item_1": 185, "kills": 10, "hero_name": "Bounty Hunter", "hero_id": 62, "level": 18, "item_0": 92, "gold_per_min": 641, "leaver_status_name": "NONE", "denies": 9, "player_slot": 132, "deaths": 2, "account_id": 20321748, "item_5": 48, "item_3": 154, "item_0_name": "Urn of Shadows", "item_3_name": "Sange and Yasha", "item_2_name": "Vladmir's Offering", "last_hits": 82, "item_1_name": "Drum of Endurance", "xp_per_min": 556}], "tower_status_radiant": 0, "radiant_team_id": 95805, "dire_score": 0, "human_players": 10, "match_seq_num": 57069459, "radiant_name": "Pulse", "cluster_name": "Europe West", "radiant_team_complete": 1, "barracks_status_dire": 63, "start_time": 1352411322, "dire_name": "The GD B-Team", "first_blood_time": 152, "tower_status_dire": 1956, "barracks_status_radiant": 48, "game_mode_name": "Captains Mode"}