{"tower_status_radiant": 1846, "flags": 0, "radiant_team_complete": 1, "game_mode": 2, "radiant_score": 0, "match_id": 603464718, "lobby_name": "Practice", "dire_logo": 307739466828348574, "pre_game_duration": 0, "radiant_name": "Team Empire", "match_seq_num": 548795533, "dire_team_complete": 1, "start_time": 1397141331, "radiant_win": true, "positive_votes": 204, "leagueid": 1014, "duration": 2607, "dire_score": 0, "lobby_type": 1, "cluster": 133, "engine": 0, "barracks_status_dire": 48, "barracks_status_radiant": 63, "cluster_name": "Europe West", "first_blood_time": 104, "radiant_team_id": 46, "radiant_logo": 541924293718462159, "human_players": 10, "game_mode_name": "Captains Mode", "tower_status_dire": 1792, "players": [{"item_2": 48, "assists": 17, "leaver_status": 0, "item_1": 41, "item_0": 102, "item_0_name": "Force Staff", "leaver_status_description": "finished match, no abandon", "level": 18, "player_slot": 0, "leaver_status_name": "NONE", "hero_id": 65, "last_hits": 148, "kills": 2, "account_id": 86802844, "item_3_name": "Blink Dagger", "item_4": 116, "item_3": 1, "item_4_name": "Black King Bar", "item_5": 30, "xp_per_min": 402, "item_5_name": "Gem of True Sight", "hero_name": "Batrider", "gold_per_min": 356, "deaths": 6, "denies": 2, "item_2_name": "Boots of Travel", "item_1_name": "Bottle"}, {"item_2": 194, "assists": 12, "leaver_status": 0, "item_1": 116, "item_0": 63, "item_0_name": "Power Treads", "leaver_status_description": "finished match, no abandon", "level": 20, "player_slot": 1, "leaver_status_name": "NONE", "hero_id": 74, "last_hits": 179, "kills": 10, "account_id": 86725175, "item_3_name": "Hand of Midas", "item_4": 0, "item_3": 65, "item_5": 46, "xp_per_min": 504, "item_5_name": "Town Portal Scroll", "hero_name": "Invoker", "gold_per_min": 493, "deaths": 12, "denies": 19, "item_2_name": "Necronomicon", "item_1_name": "Black King Bar"}, {"item_2": 108, "assists": 18, "leaver_status": 0, "item_1": 166, "item_0": 37, "item_0_name": "Ghost Scepter", "leaver_status_description": "finished match, no abandon", "level": 16, "player_slot": 2, "leaver_status_name": "NONE", "hero_id": 92, "last_hits": 69, "kills": 2, "account_id": 91064780, "item_3_name": "Magic Wand", "item_4": 214, "item_3": 36, "item_4_name": "Tranquil Boots", "item_5": 30, "xp_per_min": 327, "item_5_name": "Gem of True Sight", "hero_name": "Visage", "gold_per_min": 296, "deaths": 7, "denies": 4, "item_2_name": "Aghanim's Scepter", "item_1_name": "Maelstrom"}, {"item_2": 102, "assists": 12, "leaver_status": 0, "item_1": 92, "item_0": 63, "item_0_name": "Power Treads", "leaver_status_description": "finished match, no abandon", "level": 15, "player_slot": 3, "leaver_status_name": "NONE", "hero_id": 79, "last_hits": 21, "kills": 4, "account_id": 11550182, "item_3_name": "Town Portal Scroll", "item_4": 0, "item_3": 46, "item_5": 34, "xp_per_min": 291, "item_5_name": "Magic Stick", "hero_name": "Shadow Demon", "gold_per_min": 231, "deaths": 5, "denies": 3, "item_2_name": "Force Staff", "item_1_name": "Urn of Shadows"}, {"item_2": 53, "assists": 16, "leaver_status": 0, "item_1": 139, "item_0": 116, "item_0_name": "Black King Bar", "leaver_status_description": "finished match, no abandon", "level": 20, "player_slot": 4, "leaver_status_name": "NONE", "hero_id": 48, "last_hits": 290, "kills": 5, "account_id": 89269794, "item_3_name": "Manta Style", "item_4": 212, "item_3": 147, "item_4_name": "Ring of Aquila", "item_5": 63, "xp_per_min": 490, "item_5_name": "Power Treads", "hero_name": "Luna", "gold_per_min": 576, "deaths": 2, "denies": 11, "item_2_name": "Reaver", "item_1_name": "Butterfly"}, {"item_2": 102, "assists": 8, "leaver_status": 0, "item_1": 214, "item_0": 79, "item_0_name": "Mekansm", "leaver_status_description": "finished match, no abandon", "level": 17, "player_slot": 128, "leaver_status_name": "NONE", "hero_id": 31, "last_hits": 67, "kills": 6, "account_id": 94155156, "item_3_name": "Observer Ward", "item_4": 0, "item_3": 42, "item_5": 24, "xp_per_min": 358, "item_5_name": "Ultimate Orb", "hero_name": "Lich", "gold_per_min": 258, "deaths": 6, "denies": 4, "item_2_name": "Force Staff", "item_1_name": "Tranquil Boots"}, {"item_2": 108, "assists": 6, "leaver_status": 0, "item_1": 180, "item_0": 41, "item_0_name": "Bottle", "leaver_status_description": "finished match, no abandon", "level": 15, "player_slot": 129, "leaver_status_name": "NONE", "hero_id": 58, "last_hits": 84, "kills": 3, "account_id": 19672354, "item_3_name": "Magic Wand", "item_4": 187, "item_3": 36, "item_4_name": "Medallion of Courage", "item_5": 46, "xp_per_min": 301, "item_5_name": "Town Portal Scroll", "hero_name": "Enchantress", "gold_per_min": 269, "deaths": 4, "denies": 0, "item_2_name": "Aghanim's Scepter", "item_1_name": "Arcane Boots"}, {"item_2": 151, "assists": 7, "leaver_status": 0, "item_1": 154, "item_0": 50, "item_0_name": "Phase Boots", "leaver_status_description": "finished match, no abandon", "level": 20, "player_slot": 130, "leaver_status_name": "NONE", "hero_id": 54, "last_hits": 177, "kills": 12, "account_id": 100317750, "item_3_name": "Drum of Endurance", "item_4": 9, "item_3": 185, "item_4_name": "Platemail", "item_5": 143, "xp_per_min": 519, "item_5_name": "Skull Basher", "hero_name": "Lifestealer", "gold_per_min": 454, "deaths": 5, "denies": 27, "item_2_name": "Armlet of Mordiggian", "item_1_name": "Sange and Yasha"}, {"item_2": 46, "assists": 5, "leaver_status": 0, "item_1": 214, "item_0": 90, "item_0_name": "Pipe of Insight", "leaver_status_description": "finished match, no abandon", "level": 18, "player_slot": 131, "leaver_status_name": "NONE", "hero_id": 96, "last_hits": 218, "kills": 5, "account_id": 8712306, "item_3_name": "Blink Dagger", "item_4": 114, "item_3": 1, "item_4_name": "Heart of Tarrasque", "item_5": 0, "xp_per_min": 400, "hero_name": "Centaur Warrunner", "gold_per_min": 389, "deaths": 8, "denies": 7, "item_2_name": "Town Portal Scroll", "item_1_name": "Tranquil Boots"}, {"item_2": 180, "assists": 12, "leaver_status": 0, "item_1": 1, "item_0": 46, "item_0_name": "Town Portal Scroll", "leaver_status_description": "finished match, no abandon", "level": 18, "player_slot": 132, "leaver_status_name": "NONE", "hero_id": 88, "last_hits": 75, "kills": 6, "account_id": 21265941, "item_3_name": "Dagon", "item_4": 0, "item_3": 201, "item_5": 102, "xp_per_min": 420, "item_5_name": "Force Staff", "hero_name": "Nyx Assassin", "gold_per_min": 299, "deaths": 3, "denies": 8, "item_2_name": "Arcane Boots", "item_1_name": "Blink Dagger"}], "dire_team_id": 350190, "picks_bans": [{"order": 0, "is_pick": false, "hero_id": 91, "team": 0}, {"order": 1, "is_pick": false, "hero_id": 77, "team": 1}, {"order": 2, "is_pick": false, "hero_id": 106, "team": 0}, {"order": 3, "is_pick": false, "hero_id": 50, "team": 1}, {"order": 4, "is_pick": true, "hero_id": 74, "team": 0}, {"order": 5, "is_pick": true, "hero_id": 88, "team": 1}, {"order": 6, "is_pick": true, "hero_id": 96, "team": 1}, {"order": 7, "is_pick": true, "hero_id": 65, "team": 0}, {"order": 8, "is_pick": false, "hero_id": 33, "team": 0}, {"order": 9, "is_pick": false, "hero_id": 68, "team": 1}, {"order": 10, "is_pick": false, "hero_id": 89, "team": 0}, {"order": 11, "is_pick": false, "hero_id": 27, "team": 1}, {"order": 12, "is_pick": true, "hero_id": 54, "team": 1}, {"order": 13, "is_pick": true, "hero_id": 79, "team": 0}, {"order": 14, "is_pick": true, "hero_id": 58, "team": 1}, {"order": 15, "is_pick": true, "hero_id": 48, "team": 0}, {"order": 16, "is_pick": false, "hero_id": 52, "team": 1}, {"order": 17, "is_pick": false, "hero_id": 86, "team": 0}, {"order": 18, "is_pick": true, "hero_id": 31, "team": 1}, {"order": 19, "is_pick": true, "hero_id": 92, "team": 0}], "dire_name": "Fnatic", "negative_votes": 51}