{"tower_status_radiant": 1536, "flags": 0, "radiant_team_complete": 1, "game_mode": 2, "radiant_score": 0, "match_id": 603688011, "lobby_name": "Practice", "dire_logo": 1047377791103893273, "pre_game_duration": 0, "radiant_name": "Team Empire", "match_seq_num": 548995180, "dire_team_complete": 0, "start_time": 1397150023, "radiant_win": false, "positive_votes": 86, "leagueid": 1014, "duration": 2810, "dire_score": 0, "lobby_type": 1, "cluster": 131, "engine": 0, "barracks_status_dire": 63, "barracks_status_radiant": 0, "cluster_name": "Europe West", "first_blood_time": 105, "radiant_team_id": 46, "radiant_logo": 541924293718462159, "human_players": 10, "game_mode_name": "Captains Mode", "tower_status_dire": 1796, "players": [{"item_2": 48, "assists": 6, "leaver_status": 0, "item_1": 172, "item_0": 102, "item_0_name": "Force Staff", "leaver_status_description": "finished match, no abandon", "level": 19, "player_slot": 0, "leaver_status_name": "NONE", "hero_id": 65, "last_hits": 180, "kills": 6, "account_id": 86802844, "item_3_name": "Blink Dagger", "item_4": 116, "item_3": 1, "item_4_name": "Black King Bar", "item_5": 0, "xp_per_min": 422, "hero_name": "Batrider", "gold_per_min": 368, "deaths": 5, "denies": 0, "item_2_name": "Boots of Travel", "item_1_name": "Mask of Madness"}, {"item_2": 180, "assists": 6, "leaver_status": 0, "item_1": 0, "item_0": 92, "item_0_name": "Urn of Shadows", "leaver_status_description": "finished match, no abandon", "level": 16, "player_slot": 1, "leaver_status_name": "NONE", "hero_id": 3, "last_hits": 42, "kills": 5, "account_id": 91064780, "item_3_name": "Magic Wand", "item_4": 46, "item_3": 36, "item_4_name": "Town Portal Scroll", "item_5": 21, "xp_per_min": 308, "item_5_name": "Ogre Club", "hero_name": "Bane", "gold_per_min": 252, "deaths": 10, "denies": 7, "item_2_name": "Arcane Boots"}, {"item_2": 194, "assists": 6, "leaver_status": 0, "item_1": 160, "item_0": 96, "item_0_name": "Scythe of Vyse", "leaver_status_description": "finished match, no abandon", "level": 24, "player_slot": 2, "leaver_status_name": "NONE", "hero_id": 74, "last_hits": 363, "kills": 10, "account_id": 86725175, "item_3_name": "Hand of Midas", "item_4": 48, "item_3": 65, "item_4_name": "Boots of Travel", "item_5": 77, "xp_per_min": 688, "item_5_name": "Null Talisman", "hero_name": "Invoker", "gold_per_min": 638, "deaths": 6, "denies": 13, "item_2_name": "Necronomicon", "item_1_name": "Eye of Skadi"}, {"item_2": 108, "assists": 11, "leaver_status": 0, "item_1": 29, "item_0": 46, "item_0_name": "Town Portal Scroll", "leaver_status_description": "finished match, no abandon", "level": 14, "player_slot": 3, "leaver_status_name": "NONE", "hero_id": 87, "last_hits": 58, "kills": 0, "account_id": 11550182, "item_3_name": "Clarity", "item_4": 38, "item_3": 38, "item_4_name": "Clarity", "item_5": 38, "xp_per_min": 229, "item_5_name": "Clarity", "hero_name": "Disruptor", "gold_per_min": 209, "deaths": 11, "denies": 1, "item_2_name": "Aghanim's Scepter", "item_1_name": "Boots of Speed"}, {"item_2": 208, "assists": 14, "leaver_status": 0, "item_1": 185, "item_0": 151, "item_0_name": "Armlet of Mordiggian", "leaver_status_description": "finished match, no abandon", "level": 22, "player_slot": 4, "leaver_status_name": "NONE", "hero_id": 54, "last_hits": 325, "kills": 5, "account_id": 89269794, "item_3_name": "Phase Boots", "item_4": 112, "item_3": 50, "item_4_name": "Assault Cuirass", "item_5": 65, "xp_per_min": 586, "item_5_name": "Hand of Midas", "hero_name": "Lifestealer", "gold_per_min": 580, "deaths": 5, "denies": 28, "item_2_name": "Abyssal Blade", "item_1_name": "Drum of Endurance"}, {"item_2": 65, "assists": 16, "leaver_status": 0, "item_1": 123, "item_0": 48, "item_0_name": "Boots of Travel", "leaver_status_description": "finished match, no abandon", "level": 25, "player_slot": 128, "leaver_status_name": "NONE", "hero_id": 63, "last_hits": 239, "kills": 10, "account_id": 87285329, "item_3_name": "Butterfly", "item_4": 0, "item_3": 139, "item_5": 168, "xp_per_min": 700, "item_5_name": "Desolator", "hero_name": "Weaver", "gold_per_min": 634, "deaths": 2, "denies": 21, "item_2_name": "Hand of Midas", "item_1_name": "Linken's Sphere"}, {"item_2": 41, "assists": 20, "leaver_status": 0, "item_1": 96, "item_0": 1, "item_0_name": "Blink Dagger", "leaver_status_description": "finished match, no abandon", "level": 20, "player_slot": 129, "leaver_status_name": "NONE", "hero_id": 13, "last_hits": 170, "kills": 7, "account_id": 86799300, "item_3_name": "Boots of Travel", "item_4": 63, "item_3": 48, "item_4_name": "Power Treads", "item_5": 46, "xp_per_min": 485, "item_5_name": "Town Portal Scroll", "hero_name": "Puck", "gold_per_min": 435, "deaths": 6, "denies": 14, "item_2_name": "Bottle", "item_1_name": "Scythe of Vyse"}, {"item_2": 0, "assists": 15, "leaver_status": 0, "item_1": 1, "item_0": 127, "item_0_name": "Blade Mail", "leaver_status_description": "finished match, no abandon", "level": 19, "player_slot": 130, "leaver_status_name": "NONE", "hero_id": 2, "last_hits": 110, "kills": 8, "account_id": 87382579, "item_3_name": "Point Booster", "item_4": 214, "item_3": 60, "item_4_name": "Tranquil Boots", "item_5": 9, "xp_per_min": 438, "item_5_name": "Platemail", "hero_name": "Axe", "gold_per_min": 358, "deaths": 10, "denies": 0, "item_1_name": "Blink Dagger"}, {"item_2": 96, "assists": 14, "leaver_status": 0, "item_1": 194, "item_0": 50, "item_0_name": "Phase Boots", "leaver_status_description": "finished match, no abandon", "level": 23, "player_slot": 131, "leaver_status_name": "NONE", "hero_id": 53, "last_hits": 263, "kills": 7, "account_id": 86726887, "item_3_name": "Hand of Midas", "item_4": 158, "item_3": 65, "item_4_name": "Mjollnir", "item_5": 0, "xp_per_min": 626, "hero_name": "Nature's Prophet", "gold_per_min": 578, "deaths": 6, "denies": 2, "item_2_name": "Scythe of Vyse", "item_1_name": "Necronomicon"}, {"item_2": 46, "assists": 14, "leaver_status": 0, "item_1": 92, "item_0": 30, "item_0_name": "Gem of True Sight", "leaver_status_description": "finished match, no abandon", "level": 17, "player_slot": 132, "leaver_status_name": "NONE", "hero_id": 68, "last_hits": 64, "kills": 5, "account_id": 31078647, "item_3_name": "Magic Wand", "item_4": 63, "item_3": 36, "item_4_name": "Power Treads", "item_5": 108, "xp_per_min": 352, "item_5_name": "Aghanim's Scepter", "hero_name": "Ancient Apparition", "gold_per_min": 303, "deaths": 2, "denies": 6, "item_2_name": "Town Portal Scroll", "item_1_name": "Urn of Shadows"}], "dire_team_id": 1079149, "picks_bans": [{"order": 0, "is_pick": false, "hero_id": 106, "team": 0}, {"order": 1, "is_pick": false, "hero_id": 77, "team": 1}, {"order": 2, "is_pick": false, "hero_id": 66, "team": 0}, {"order": 3, "is_pick": false, "hero_id": 96, "team": 1}, {"order": 4, "is_pick": true, "hero_id": 74, "team": 0}, {"order": 5, "is_pick": true, "hero_id": 13, "team": 1}, {"order": 6, "is_pick": true, "hero_id": 68, "team": 1}, {"order": 7, "is_pick": true, "hero_id": 65, "team": 0}, {"order": 8, "is_pick": false, "hero_id": 40, "team": 0}, {"order": 9, "is_pick": false, "hero_id": 86, "team": 1}, {"order": 10, "is_pick": false, "hero_id": 67, "team": 0}, {"order": 11, "is_pick": false, "hero_id": 48, "team": 1}, {"order": 12, "is_pick": true, "hero_id": 53, "team": 1}, {"order": 13, "is_pick": true, "hero_id": 3, "team": 0}, {"order": 14, "is_pick": true, "hero_id": 63, "team": 1}, {"order": 15, "is_pick": true, "hero_id": 54, "team": 0}, {"order": 16, "is_pick": false, "hero_id": 50, "team": 1}, {"order": 17, "is_pick": false, "hero_id": 79, "team": 0}, {"order": 18, "is_pick": true, "hero_id": 2, "team": 1}, {"order": 19, "is_pick": true, "hero_id": 87, "team": 0}], "dire_name": "SIGMA.int", "negative_votes": 12}