{"tower_status_radiant": 1536, "flags": 0, "radiant_team_complete": 0, "game_mode": 2, "radiant_score": 0, "match_id": 609104992, "lobby_name": "Practice", "dire_logo": 3280049265377219538, "pre_game_duration": 0, "radiant_name": "Team Liquid", "match_seq_num": 553866982, "dire_team_complete": 0, "start_time": 1397423059, "radiant_win": false, "positive_votes": 15, "leagueid": 1100, "duration": 3181, "dire_score": 0, "lobby_type": 1, "cluster": 122, "engine": 0, "barracks_status_dire": 31, "barracks_status_radiant": 48, "cluster_name": "US East", "first_blood_time": 47, "radiant_team_id": 2163, "radiant_logo": 451783905032671206, "human_players": 10, "game_mode_name": "Captains Mode", "tower_status_dire": 1572, "players": [{"item_2": 168, "assists": 5, "leaver_status": 0, "item_1": 149, "item_0": 123, "item_0_name": "Linken's Sphere", "leaver_status_description": "finished match, no abandon", "level": 18, "player_slot": 0, "leaver_status_name": "NONE", "hero_id": 106, "last_hits": 227, "kills": 9, "account_id": 67601693, "item_3_name": "Drum of Endurance", "item_4": 50, "item_3": 185, "item_4_name": "Phase Boots", "item_5": 46, "xp_per_min": 346, "item_5_name": "Town Portal Scroll", "hero_name": "Ember Spirit", "gold_per_min": 390, "deaths": 8, "denies": 15, "item_2_name": "Desolator", "item_1_name": "Crystalys"}, {"item_2": 139, "assists": 7, "leaver_status": 3, "item_1": 63, "item_0": 147, "item_0_name": "Manta Style", "leaver_status_description": "player dc, clicked leave, abandon", "level": 23, "player_slot": 1, "leaver_status_name": "ABANDONED", "hero_id": 10, "last_hits": 357, "kills": 3, "account_id": 86738694, "item_3_name": "Black King Bar", "item_4": 123, "item_3": 116, "item_4_name": "Linken's Sphere", "item_5": 65, "xp_per_min": 525, "item_5_name": "Hand of Midas", "hero_name": "Morphling", "gold_per_min": 529, "deaths": 4, "denies": 9, "item_2_name": "Butterfly", "item_1_name": "Power Treads"}, {"item_2": 108, "assists": 4, "leaver_status": 0, "item_1": 42, "item_0": 46, "item_0_name": "Town Portal Scroll", "leaver_status_description": "finished match, no abandon", "level": 12, "player_slot": 2, "leaver_status_name": "NONE", "hero_id": 87, "last_hits": 22, "kills": 2, "account_id": 85805514, "item_3_name": "Boots of Speed", "item_4": 0, "item_3": 29, "item_5": 0, "xp_per_min": 154, "hero_name": "Disruptor", "gold_per_min": 181, "deaths": 11, "denies": 0, "item_2_name": "Aghanim's Scepter", "item_1_name": "Observer Ward"}, {"item_2": 63, "assists": 6, "leaver_status": 0, "item_1": 41, "item_0": 102, "item_0_name": "Force Staff", "leaver_status_description": "finished match, no abandon", "level": 15, "player_slot": 3, "leaver_status_name": "NONE", "hero_id": 51, "last_hits": 106, "kills": 3, "account_id": 30237211, "item_3_name": "Magic Stick", "item_4": 0, "item_3": 34, "item_5": 108, "xp_per_min": 231, "item_5_name": "Aghanim's Scepter", "hero_name": "Clockwerk", "gold_per_min": 254, "deaths": 5, "denies": 10, "item_2_name": "Power Treads", "item_1_name": "Bottle"}, {"item_2": 92, "assists": 7, "leaver_status": 0, "item_1": 108, "item_0": 43, "item_0_name": "Sentry Ward", "leaver_status_description": "finished match, no abandon", "level": 18, "player_slot": 4, "leaver_status_name": "NONE", "hero_id": 50, "last_hits": 146, "kills": 1, "account_id": 38515149, "item_3_name": "Arcane Boots", "item_4": 0, "item_3": 180, "item_5": 24, "xp_per_min": 321, "item_5_name": "Ultimate Orb", "hero_name": "Dazzle", "gold_per_min": 297, "deaths": 4, "denies": 3, "item_2_name": "Urn of Shadows", "item_1_name": "Aghanim's Scepter"}, {"item_2": 172, "assists": 17, "leaver_status": 0, "item_1": 147, "item_0": 48, "item_0_name": "Boots of Travel", "leaver_status_description": "finished match, no abandon", "level": 25, "player_slot": 128, "leaver_status_name": "NONE", "hero_id": 48, "last_hits": 467, "kills": 9, "account_id": 87285329, "item_3_name": "Eye of Skadi", "item_4": 116, "item_3": 160, "item_4_name": "Black King Bar", "item_5": 139, "xp_per_min": 617, "item_5_name": "Butterfly", "hero_name": "Luna", "gold_per_min": 695, "deaths": 4, "denies": 6, "item_2_name": "Mask of Madness", "item_1_name": "Manta Style"}, {"item_2": 90, "assists": 14, "leaver_status": 0, "item_1": 1, "item_0": 214, "item_0_name": "Tranquil Boots", "leaver_status_description": "finished match, no abandon", "level": 21, "player_slot": 129, "leaver_status_name": "NONE", "hero_id": 96, "last_hits": 168, "kills": 6, "account_id": 86726887, "item_3_name": "Town Portal Scroll", "item_4": 102, "item_3": 46, "item_4_name": "Force Staff", "item_5": 119, "xp_per_min": 457, "item_5_name": "Shiva's Guard", "hero_name": "Centaur Warrunner", "gold_per_min": 363, "deaths": 3, "denies": 6, "item_2_name": "Pipe of Insight", "item_1_name": "Blink Dagger"}, {"item_2": 116, "assists": 13, "leaver_status": 0, "item_1": 102, "item_0": 1, "item_0_name": "Blink Dagger", "leaver_status_description": "finished match, no abandon", "level": 21, "player_slot": 130, "leaver_status_name": "NONE", "hero_id": 65, "last_hits": 258, "kills": 7, "account_id": 86799300, "item_3_name": "Scythe of Vyse", "item_4": 30, "item_3": 96, "item_4_name": "Gem of True Sight", "item_5": 48, "xp_per_min": 454, "item_5_name": "Boots of Travel", "hero_name": "Batrider", "gold_per_min": 432, "deaths": 5, "denies": 6, "item_2_name": "Black King Bar", "item_1_name": "Force Staff"}, {"item_2": 29, "assists": 14, "leaver_status": 0, "item_1": 46, "item_0": 36, "item_0_name": "Magic Wand", "leaver_status_description": "finished match, no abandon", "level": 15, "player_slot": 131, "leaver_status_name": "NONE", "hero_id": 3, "last_hits": 27, "kills": 0, "account_id": 94049589, "item_3_name": "Medallion of Courage", "item_4": 21, "item_3": 187, "item_4_name": "Ogre Club", "item_5": 188, "xp_per_min": 252, "item_5_name": "Smoke of Deceit", "hero_name": "Bane", "gold_per_min": 210, "deaths": 5, "denies": 1, "item_2_name": "Boots of Speed", "item_1_name": "Town Portal Scroll"}, {"item_2": 46, "assists": 13, "leaver_status": 0, "item_1": 158, "item_0": 51, "item_0_name": "Demon Edge", "leaver_status_description": "finished match, no abandon", "level": 22, "player_slot": 132, "leaver_status_name": "NONE", "hero_id": 9, "last_hits": 172, "kills": 10, "account_id": 31078647, "item_3_name": "Drum of Endurance", "item_4": 63, "item_3": 185, "item_4_name": "Power Treads", "item_5": 170, "xp_per_min": 489, "item_5_name": "Yasha", "hero_name": "Mirana", "gold_per_min": 409, "deaths": 2, "denies": 2, "item_2_name": "Town Portal Scroll", "item_1_name": "Mjollnir"}], "dire_team_id": 1370482, "picks_bans": [{"order": 0, "is_pick": false, "hero_id": 74, "team": 0}, {"order": 1, "is_pick": false, "hero_id": 89, "team": 1}, {"order": 2, "is_pick": false, "hero_id": 69, "team": 0}, {"order": 3, "is_pick": false, "hero_id": 77, "team": 1}, {"order": 4, "is_pick": true, "hero_id": 106, "team": 0}, {"order": 5, "is_pick": true, "hero_id": 65, "team": 1}, {"order": 6, "is_pick": true, "hero_id": 96, "team": 1}, {"order": 7, "is_pick": true, "hero_id": 50, "team": 0}, {"order": 8, "is_pick": false, "hero_id": 54, "team": 0}, {"order": 9, "is_pick": false, "hero_id": 11, "team": 1}, {"order": 10, "is_pick": false, "hero_id": 67, "team": 0}, {"order": 11, "is_pick": false, "hero_id": 92, "team": 1}, {"order": 12, "is_pick": true, "hero_id": 3, "team": 1}, {"order": 13, "is_pick": true, "hero_id": 51, "team": 0}, {"order": 14, "is_pick": true, "hero_id": 9, "team": 1}, {"order": 15, "is_pick": true, "hero_id": 87, "team": 0}, {"order": 16, "is_pick": false, "hero_id": 53, "team": 1}, {"order": 17, "is_pick": false, "hero_id": 66, "team": 0}, {"order": 18, "is_pick": true, "hero_id": 48, "team": 1}, {"order": 19, "is_pick": true, "hero_id": 10, "team": 0}], "dire_name": "Doggy Team", "negative_votes": 0}