{"tower_status_radiant": 2046, "flags": 0, "radiant_team_complete": 1, "game_mode": 2, "radiant_score": 0, "match_id": 611804398, "lobby_name": "Practice", "dire_logo": 46499322609643214, "pre_game_duration": 0, "radiant_name": "Cloud9 G2A", "match_seq_num": 556302084, "dire_team_complete": 0, "start_time": 1397585967, "radiant_win": true, "positive_votes": 486, "leagueid": 196, "duration": 1943, "dire_score": 0, "lobby_type": 1, "cluster": 131, "engine": 0, "barracks_status_dire": 51, "barracks_status_radiant": 63, "cluster_name": "Europe West", "first_blood_time": 314, "radiant_team_id": 1333179, "radiant_logo": 613916634234800981, "human_players": 10, "game_mode_name": "Captains Mode", "tower_status_dire": 1796, "players": [{"item_2": 0, "assists": 14, "leaver_status": 0, "item_1": 0, "item_0": 116, "item_0_name": "Black King Bar", "leaver_status_description": "finished match, no abandon", "level": 15, "player_slot": 0, "leaver_status_name": "NONE", "hero_id": 5, "last_hits": 48, "kills": 1, "account_id": 6922000, "item_3_name": "Magic Stick", "item_4": 214, "item_3": 34, "item_4_name": "Tranquil Boots", "item_5": 0, "xp_per_min": 391, "hero_name": "Crystal Maiden", "gold_per_min": 312, "deaths": 2, "denies": 0}, {"item_2": 63, "assists": 9, "leaver_status": 0, "item_1": 116, "item_0": 172, "item_0_name": "Mask of Madness", "leaver_status_description": "finished match, no abandon", "level": 17, "player_slot": 1, "leaver_status_name": "NONE", "hero_id": 6, "last_hits": 168, "kills": 3, "account_id": 43276219, "item_3_name": "Mjollnir", "item_4": 65, "item_3": 158, "item_4_name": "Hand of Midas", "item_5": 0, "xp_per_min": 503, "hero_name": "Drow Ranger", "gold_per_min": 576, "deaths": 5, "denies": 12, "item_2_name": "Power Treads", "item_1_name": "Black King Bar"}, {"item_2": 168, "assists": 6, "leaver_status": 0, "item_1": 63, "item_0": 1, "item_0_name": "Blink Dagger", "leaver_status_description": "finished match, no abandon", "level": 19, "player_slot": 2, "leaver_status_name": "NONE", "hero_id": 46, "last_hits": 190, "kills": 6, "account_id": 19757254, "item_3_name": "Hand of Midas", "item_4": 117, "item_3": 65, "item_4_name": "Aegis of the Immortal", "item_5": 116, "xp_per_min": 630, "item_5_name": "Black King Bar", "hero_name": "Templar Assassin", "gold_per_min": 580, "deaths": 0, "denies": 10, "item_2_name": "Desolator", "item_1_name": "Power Treads"}, {"item_2": 112, "assists": 3, "leaver_status": 0, "item_1": 34, "item_0": 108, "item_0_name": "Aghanim's Scepter", "leaver_status_description": "finished match, no abandon", "level": 16, "player_slot": 3, "leaver_status_name": "NONE", "hero_id": 92, "last_hits": 114, "kills": 12, "account_id": 40547474, "item_3_name": "Town Portal Scroll", "item_4": 187, "item_3": 46, "item_4_name": "Medallion of Courage", "item_5": 214, "xp_per_min": 453, "item_5_name": "Tranquil Boots", "hero_name": "Visage", "gold_per_min": 468, "deaths": 2, "denies": 10, "item_2_name": "Assault Cuirass", "item_1_name": "Magic Stick"}, {"item_2": 214, "assists": 12, "leaver_status": 0, "item_1": 57, "item_0": 1, "item_0_name": "Blink Dagger", "leaver_status_description": "finished match, no abandon", "level": 16, "player_slot": 4, "leaver_status_name": "NONE", "hero_id": 65, "last_hits": 132, "kills": 4, "account_id": 88719902, "item_3_name": "Force Staff", "item_4": 0, "item_3": 102, "item_5": 116, "xp_per_min": 435, "item_5_name": "Black King Bar", "hero_name": "Batrider", "gold_per_min": 408, "deaths": 3, "denies": 3, "item_2_name": "Tranquil Boots", "item_1_name": "Void Stone"}, {"item_2": 188, "assists": 3, "leaver_status": 0, "item_1": 29, "item_0": 34, "item_0_name": "Magic Stick", "leaver_status_description": "finished match, no abandon", "level": 10, "player_slot": 128, "leaver_status_name": "NONE", "hero_id": 68, "last_hits": 11, "kills": 1, "account_id": 87278757, "item_4": 0, "item_3": 0, "item_5": 102, "xp_per_min": 179, "item_5_name": "Force Staff", "hero_name": "Ancient Apparition", "gold_per_min": 158, "deaths": 6, "denies": 7, "item_2_name": "Smoke of Deceit", "item_1_name": "Boots of Speed"}, {"item_2": 41, "assists": 5, "leaver_status": 0, "item_1": 176, "item_0": 29, "item_0_name": "Boots of Speed", "leaver_status_description": "finished match, no abandon", "level": 17, "player_slot": 129, "leaver_status_name": "NONE", "hero_id": 10, "last_hits": 182, "kills": 3, "account_id": 89625472, "item_3_name": "Manta Style", "item_4": 65, "item_3": 147, "item_4_name": "Hand of Midas", "item_5": 46, "xp_per_min": 524, "item_5_name": "Town Portal Scroll", "hero_name": "Morphling", "gold_per_min": 461, "deaths": 3, "denies": 33, "item_2_name": "Bottle", "item_1_name": "Ethereal Blade"}, {"item_2": 37, "assists": 3, "leaver_status": 0, "item_1": 102, "item_0": 108, "item_0_name": "Aghanim's Scepter", "leaver_status_description": "finished match, no abandon", "level": 16, "player_slot": 130, "leaver_status_name": "NONE", "hero_id": 74, "last_hits": 169, "kills": 3, "account_id": 70388657, "item_3_name": "Hand of Midas", "item_4": 1, "item_3": 65, "item_4_name": "Blink Dagger", "item_5": 29, "xp_per_min": 468, "item_5_name": "Boots of Speed", "hero_name": "Invoker", "gold_per_min": 448, "deaths": 5, "denies": 22, "item_2_name": "Ghost Scepter", "item_1_name": "Force Staff"}, {"item_2": 0, "assists": 2, "leaver_status": 0, "item_1": 42, "item_0": 46, "item_0_name": "Town Portal Scroll", "leaver_status_description": "finished match, no abandon", "level": 11, "player_slot": 131, "leaver_status_name": "NONE", "hero_id": 86, "last_hits": 44, "kills": 4, "account_id": 82262664, "item_3_name": "Blink Dagger", "item_4": 180, "item_3": 1, "item_4_name": "Arcane Boots", "item_5": 36, "xp_per_min": 220, "item_5_name": "Magic Wand", "hero_name": "Rubick", "gold_per_min": 212, "deaths": 6, "denies": 1, "item_1_name": "Observer Ward"}, {"item_2": 36, "assists": 4, "leaver_status": 0, "item_1": 79, "item_0": 180, "item_0_name": "Arcane Boots", "leaver_status_description": "finished match, no abandon", "level": 13, "player_slot": 132, "leaver_status_name": "NONE", "hero_id": 29, "last_hits": 95, "kills": 0, "account_id": 86723143, "item_3_name": "Town Portal Scroll", "item_4": 1, "item_3": 46, "item_4_name": "Blink Dagger", "item_5": 0, "xp_per_min": 280, "hero_name": "Tidehunter", "gold_per_min": 261, "deaths": 6, "denies": 0, "item_2_name": "Magic Wand", "item_1_name": "Mekansm"}], "dire_team_id": 36, "picks_bans": [{"order": 0, "is_pick": false, "hero_id": 83, "team": 0}, {"order": 1, "is_pick": false, "hero_id": 89, "team": 1}, {"order": 2, "is_pick": false, "hero_id": 106, "team": 0}, {"order": 3, "is_pick": false, "hero_id": 77, "team": 1}, {"order": 4, "is_pick": true, "hero_id": 65, "team": 0}, {"order": 5, "is_pick": true, "hero_id": 68, "team": 1}, {"order": 6, "is_pick": true, "hero_id": 74, "team": 1}, {"order": 7, "is_pick": true, "hero_id": 46, "team": 0}, {"order": 8, "is_pick": false, "hero_id": 67, "team": 0}, {"order": 9, "is_pick": false, "hero_id": 42, "team": 1}, {"order": 10, "is_pick": false, "hero_id": 69, "team": 0}, {"order": 11, "is_pick": false, "hero_id": 48, "team": 1}, {"order": 12, "is_pick": true, "hero_id": 86, "team": 1}, {"order": 13, "is_pick": true, "hero_id": 92, "team": 0}, {"order": 14, "is_pick": true, "hero_id": 29, "team": 1}, {"order": 15, "is_pick": true, "hero_id": 6, "team": 0}, {"order": 16, "is_pick": false, "hero_id": 7, "team": 1}, {"order": 17, "is_pick": false, "hero_id": 9, "team": 0}, {"order": 18, "is_pick": true, "hero_id": 10, "team": 1}, {"order": 19, "is_pick": true, "hero_id": 5, "team": 0}], "dire_name": "Natus Vincere", "negative_votes": 32}