{"tower_status_radiant": 1540, "flags": 0, "radiant_team_complete": 0, "game_mode": 2, "radiant_score": 0, "match_id": 613304339, "lobby_name": "Practice", "dire_logo": 353896369579233638, "pre_game_duration": 0, "radiant_name": "Team-ASC", "match_seq_num": 557649414, "dire_team_complete": 0, "start_time": 1397675124, "radiant_win": false, "positive_votes": 8, "leagueid": 502, "duration": 1395, "dire_score": 0, "lobby_type": 1, "cluster": 133, "engine": 0, "barracks_status_dire": 63, "barracks_status_radiant": 11, "cluster_name": "Europe West", "first_blood_time": 134, "radiant_team_id": 644494, "radiant_logo": 595883498808348168, "human_players": 10, "game_mode_name": "Captains Mode", "tower_status_dire": 1980, "players": [{"item_2": 34, "assists": 6, "leaver_status": 0, "item_1": 46, "item_0": 180, "item_0_name": "Arcane Boots", "leaver_status_description": "finished match, no abandon", "level": 9, "player_slot": 0, "leaver_status_name": "NONE", "hero_id": 86, "last_hits": 22, "kills": 1, "account_id": 91389607, "item_3_name": "Staff of Wizardry", "item_4": 16, "item_3": 23, "item_4_name": "Iron Branch", "item_5": 16, "xp_per_min": 217, "item_5_name": "Iron Branch", "hero_name": "Rubick", "gold_per_min": 207, "deaths": 4, "denies": 1, "item_2_name": "Magic Stick", "item_1_name": "Town Portal Scroll"}, {"item_2": 185, "assists": 3, "leaver_status": 0, "item_1": 63, "item_0": 41, "item_0_name": "Bottle", "leaver_status_description": "finished match, no abandon", "level": 13, "player_slot": 1, "leaver_status_name": "NONE", "hero_id": 9, "last_hits": 87, "kills": 4, "account_id": 114559048, "item_3_name": "Hand of Midas", "item_4": 22, "item_3": 65, "item_4_name": "Blade of Alacrity", "item_5": 212, "xp_per_min": 402, "item_5_name": "Ring of Aquila", "hero_name": "Mirana", "gold_per_min": 398, "deaths": 4, "denies": 8, "item_2_name": "Drum of Endurance", "item_1_name": "Power Treads"}, {"item_2": 0, "assists": 4, "leaver_status": 0, "item_1": 63, "item_0": 67, "item_0_name": "Oblivion Staff", "leaver_status_description": "finished match, no abandon", "level": 12, "player_slot": 2, "leaver_status_name": "NONE", "hero_id": 17, "last_hits": 90, "kills": 2, "account_id": 106573901, "item_3_name": "Bottle", "item_4": 67, "item_3": 41, "item_4_name": "Oblivion Staff", "item_5": 34, "xp_per_min": 377, "item_5_name": "Magic Stick", "hero_name": "Storm Spirit", "gold_per_min": 357, "deaths": 6, "denies": 10, "item_1_name": "Power Treads"}, {"item_2": 41, "assists": 5, "leaver_status": 0, "item_1": 36, "item_0": 92, "item_0_name": "Urn of Shadows", "leaver_status_description": "finished match, no abandon", "level": 11, "player_slot": 3, "leaver_status_name": "NONE", "hero_id": 91, "last_hits": 31, "kills": 2, "account_id": 105939162, "item_3_name": "Arcane Boots", "item_4": 42, "item_3": 180, "item_4_name": "Observer Ward", "item_5": 86, "xp_per_min": 268, "item_5_name": "Buckler", "hero_name": "Io", "gold_per_min": 257, "deaths": 7, "denies": 2, "item_2_name": "Bottle", "item_1_name": "Magic Wand"}, {"item_2": 36, "assists": 7, "leaver_status": 0, "item_1": 125, "item_0": 4, "item_0_name": "Chainmail", "leaver_status_description": "finished match, no abandon", "level": 10, "player_slot": 4, "leaver_status_name": "NONE", "hero_id": 99, "last_hits": 66, "kills": 1, "account_id": 98894211, "item_3_name": "Power Treads", "item_4": 73, "item_3": 63, "item_4_name": "Bracer", "item_5": 0, "xp_per_min": 253, "hero_name": "Bristleback", "gold_per_min": 300, "deaths": 7, "denies": 2, "item_2_name": "Magic Wand", "item_1_name": "Vanguard"}, {"item_2": 43, "assists": 11, "leaver_status": 0, "item_1": 180, "item_0": 187, "item_0_name": "Medallion of Courage", "leaver_status_description": "finished match, no abandon", "level": 12, "player_slot": 128, "leaver_status_name": "NONE", "hero_id": 50, "last_hits": 23, "kills": 6, "account_id": 94049589, "item_3_name": "Magic Wand", "item_4": 92, "item_3": 36, "item_4_name": "Urn of Shadows", "item_5": 60, "xp_per_min": 376, "item_5_name": "Point Booster", "hero_name": "Dazzle", "gold_per_min": 369, "deaths": 3, "denies": 1, "item_2_name": "Sentry Ward", "item_1_name": "Arcane Boots"}, {"item_2": 125, "assists": 6, "leaver_status": 0, "item_1": 41, "item_0": 1, "item_0_name": "Blink Dagger", "leaver_status_description": "finished match, no abandon", "level": 13, "player_slot": 129, "leaver_status_name": "NONE", "hero_id": 69, "last_hits": 89, "kills": 4, "account_id": 86870856, "item_3_name": "Mekansm", "item_4": 180, "item_3": 79, "item_4_name": "Arcane Boots", "item_5": 9, "xp_per_min": 397, "item_5_name": "Platemail", "hero_name": "Doom", "gold_per_min": 531, "deaths": 1, "denies": 2, "item_2_name": "Vanguard", "item_1_name": "Bottle"}, {"item_2": 29, "assists": 5, "leaver_status": 0, "item_1": 102, "item_0": 24, "item_0_name": "Ultimate Orb", "leaver_status_description": "finished match, no abandon", "level": 16, "player_slot": 130, "leaver_status_name": "NONE", "hero_id": 74, "last_hits": 131, "kills": 5, "account_id": 86750262, "item_3_name": "Town Portal Scroll", "item_4": 194, "item_3": 46, "item_4_name": "Necronomicon", "item_5": 65, "xp_per_min": 611, "item_5_name": "Hand of Midas", "hero_name": "Invoker", "gold_per_min": 627, "deaths": 1, "denies": 14, "item_2_name": "Boots of Speed", "item_1_name": "Force Staff"}, {"item_2": 36, "assists": 12, "leaver_status": 0, "item_1": 1, "item_0": 46, "item_0_name": "Town Portal Scroll", "leaver_status_description": "finished match, no abandon", "level": 12, "player_slot": 131, "leaver_status_name": "NONE", "hero_id": 27, "last_hits": 35, "kills": 3, "account_id": 75750590, "item_3_name": "Sentry Ward", "item_4": 102, "item_3": 43, "item_4_name": "Force Staff", "item_5": 180, "xp_per_min": 376, "item_5_name": "Arcane Boots", "hero_name": "Shadow Shaman", "gold_per_min": 444, "deaths": 3, "denies": 1, "item_2_name": "Magic Wand", "item_1_name": "Blink Dagger"}, {"item_2": 125, "assists": 11, "leaver_status": 0, "item_1": 37, "item_0": 127, "item_0_name": "Blade Mail", "leaver_status_description": "finished match, no abandon", "level": 14, "player_slot": 132, "leaver_status_name": "NONE", "hero_id": 28, "last_hits": 80, "kills": 8, "account_id": 98018029, "item_3_name": "Blink Dagger", "item_4": 34, "item_3": 1, "item_4_name": "Magic Stick", "item_5": 63, "xp_per_min": 502, "item_5_name": "Power Treads", "hero_name": "Slardar", "gold_per_min": 526, "deaths": 2, "denies": 26, "item_2_name": "Vanguard", "item_1_name": "Ghost Scepter"}], "dire_team_id": 55, "picks_bans": [{"order": 0, "is_pick": false, "hero_id": 106, "team": 1}, {"order": 1, "is_pick": false, "hero_id": 77, "team": 0}, {"order": 2, "is_pick": false, "hero_id": 68, "team": 1}, {"order": 3, "is_pick": false, "hero_id": 89, "team": 0}, {"order": 4, "is_pick": true, "hero_id": 74, "team": 1}, {"order": 5, "is_pick": true, "hero_id": 91, "team": 0}, {"order": 6, "is_pick": true, "hero_id": 17, "team": 0}, {"order": 7, "is_pick": true, "hero_id": 50, "team": 1}, {"order": 8, "is_pick": false, "hero_id": 51, "team": 1}, {"order": 9, "is_pick": false, "hero_id": 88, "team": 0}, {"order": 10, "is_pick": false, "hero_id": 65, "team": 1}, {"order": 11, "is_pick": false, "hero_id": 96, "team": 0}, {"order": 12, "is_pick": true, "hero_id": 86, "team": 0}, {"order": 13, "is_pick": true, "hero_id": 69, "team": 1}, {"order": 14, "is_pick": true, "hero_id": 9, "team": 0}, {"order": 15, "is_pick": true, "hero_id": 27, "team": 1}, {"order": 16, "is_pick": false, "hero_id": 48, "team": 0}, {"order": 17, "is_pick": false, "hero_id": 53, "team": 1}, {"order": 18, "is_pick": true, "hero_id": 99, "team": 0}, {"order": 19, "is_pick": true, "hero_id": 28, "team": 1}], "dire_name": "_PowerRangers", "negative_votes": 1}