{"tower_status_radiant": 2047, "flags": 0, "radiant_team_complete": 1, "dire_guild_logo": 469809516190933529, "game_mode": 2, "radiant_score": 0, "match_id": 625249669, "lobby_name": "Practice", "radiant_team_id": 7, "dire_logo": 3281181583551777655, "pre_game_duration": 0, "radiant_name": "DK", "match_seq_num": 568443951, "dire_team_complete": 1, "start_time": 1398346243, "radiant_win": true, "positive_votes": 488, "leagueid": 1014, "duration": 1607, "dire_score": 0, "lobby_type": 1, "cluster": 223, "engine": 0, "barracks_status_dire": 15, "barracks_status_radiant": 63, "cluster_name": "China", "first_blood_time": 152, "dire_guild_id": 193653, "radiant_logo": 438324451817706092, "human_players": 10, "game_mode_name": "Captains Mode", "dire_guild_name": "HGT Team", "tower_status_dire": 1572, "players": [{"item_2": 36, "assists": 3, "leaver_status": 0, "item_1": 116, "item_0": 98, "item_0_name": "Orchid Malevolence", "leaver_status_description": "finished match, no abandon", "level": 16, "player_slot": 0, "leaver_status_name": "NONE", "hero_id": 39, "last_hits": 162, "kills": 11, "account_id": 89871557, "item_3_name": "Power Treads", "item_4": 46, "item_3": 63, "item_4_name": "Town Portal Scroll", "item_5": 24, "xp_per_min": 516, "item_5_name": "Ultimate Orb", "hero_name": "Queen of Pain", "gold_per_min": 606, "deaths": 2, "denies": 23, "item_2_name": "Magic Wand", "item_1_name": "Black King Bar"}, {"item_2": 36, "assists": 3, "leaver_status": 0, "item_1": 41, "item_0": 1, "item_0_name": "Blink Dagger", "leaver_status_description": "finished match, no abandon", "level": 15, "player_slot": 1, "leaver_status_name": "NONE", "hero_id": 65, "last_hits": 125, "kills": 3, "account_id": 89423756, "item_3_name": "Boots of Travel", "item_4": 30, "item_3": 48, "item_4_name": "Gem of True Sight", "item_5": 102, "xp_per_min": 447, "item_5_name": "Force Staff", "hero_name": "Batrider", "gold_per_min": 430, "deaths": 2, "denies": 0, "item_2_name": "Magic Wand", "item_1_name": "Bottle"}, {"item_2": 0, "assists": 11, "leaver_status": 0, "item_1": 79, "item_0": 34, "item_0_name": "Magic Stick", "leaver_status_description": "finished match, no abandon", "level": 14, "player_slot": 2, "leaver_status_name": "NONE", "hero_id": 103, "last_hits": 105, "kills": 3, "account_id": 84772440, "item_3_name": "Tranquil Boots", "item_4": 178, "item_3": 214, "item_4_name": "Soul Ring", "item_5": 90, "xp_per_min": 419, "item_5_name": "Pipe of Insight", "hero_name": "Elder Titan", "gold_per_min": 422, "deaths": 3, "denies": 10, "item_1_name": "Mekansm"}, {"item_2": 36, "assists": 11, "leaver_status": 0, "item_1": 116, "item_0": 174, "item_0_name": "Diffusal Blade", "leaver_status_description": "finished match, no abandon", "level": 14, "player_slot": 3, "leaver_status_name": "NONE", "hero_id": 32, "last_hits": 118, "kills": 1, "account_id": 90892734, "item_3_name": "Power Treads", "item_4": 185, "item_3": 63, "item_4_name": "Drum of Endurance", "item_5": 117, "xp_per_min": 415, "item_5_name": "Aegis of the Immortal", "hero_name": "Riki", "gold_per_min": 462, "deaths": 2, "denies": 17, "item_2_name": "Magic Wand", "item_1_name": "Black King Bar"}, {"item_2": 180, "assists": 6, "leaver_status": 0, "item_1": 34, "item_0": 1, "item_0_name": "Blink Dagger", "leaver_status_description": "finished match, no abandon", "level": 11, "player_slot": 4, "leaver_status_name": "NONE", "hero_id": 91, "last_hits": 25, "kills": 2, "account_id": 89407113, "item_3_name": "Town Portal Scroll", "item_4": 30, "item_3": 46, "item_4_name": "Gem of True Sight", "item_5": 92, "xp_per_min": 286, "item_5_name": "Urn of Shadows", "hero_name": "Io", "gold_per_min": 265, "deaths": 1, "denies": 6, "item_2_name": "Arcane Boots", "item_1_name": "Magic Stick"}, {"item_2": 212, "assists": 4, "leaver_status": 0, "item_1": 63, "item_0": 36, "item_0_name": "Magic Wand", "leaver_status_description": "finished match, no abandon", "level": 12, "player_slot": 128, "leaver_status_name": "NONE", "hero_id": 10, "last_hits": 125, "kills": 2, "account_id": 113705693, "item_3_name": "Blink Dagger", "item_4": 37, "item_3": 1, "item_4_name": "Ghost Scepter", "item_5": 0, "xp_per_min": 311, "hero_name": "Morphling", "gold_per_min": 338, "deaths": 3, "denies": 14, "item_2_name": "Ring of Aquila", "item_1_name": "Power Treads"}, {"item_2": 79, "assists": 3, "leaver_status": 0, "item_1": 46, "item_0": 1, "item_0_name": "Blink Dagger", "leaver_status_description": "finished match, no abandon", "level": 11, "player_slot": 129, "leaver_status_name": "NONE", "hero_id": 96, "last_hits": 74, "kills": 2, "account_id": 111533846, "item_4": 214, "item_3": 0, "item_4_name": "Tranquil Boots", "item_5": 0, "xp_per_min": 284, "hero_name": "Centaur Warrunner", "gold_per_min": 256, "deaths": 4, "denies": 3, "item_2_name": "Mekansm", "item_1_name": "Town Portal Scroll"}, {"item_2": 46, "assists": 3, "leaver_status": 0, "item_1": 187, "item_0": 43, "item_0_name": "Sentry Ward", "leaver_status_description": "finished match, no abandon", "level": 8, "player_slot": 130, "leaver_status_name": "NONE", "hero_id": 50, "last_hits": 20, "kills": 1, "account_id": 131768153, "item_3_name": "Magic Wand", "item_4": 0, "item_3": 36, "item_5": 29, "xp_per_min": 142, "item_5_name": "Boots of Speed", "hero_name": "Dazzle", "gold_per_min": 152, "deaths": 5, "denies": 3, "item_2_name": "Town Portal Scroll", "item_1_name": "Medallion of Courage"}, {"item_2": 36, "assists": 4, "leaver_status": 0, "item_1": 0, "item_0": 1, "item_0_name": "Blink Dagger", "leaver_status_description": "finished match, no abandon", "level": 11, "player_slot": 131, "leaver_status_name": "NONE", "hero_id": 88, "last_hits": 54, "kills": 3, "account_id": 139876032, "item_3_name": "Town Portal Scroll", "item_4": 0, "item_3": 46, "item_5": 180, "xp_per_min": 274, "item_5_name": "Arcane Boots", "hero_name": "Nyx Assassin", "gold_per_min": 241, "deaths": 2, "denies": 5, "item_2_name": "Magic Wand"}, {"item_2": 73, "assists": 1, "leaver_status": 0, "item_1": 180, "item_0": 36, "item_0_name": "Magic Wand", "leaver_status_description": "finished match, no abandon", "level": 8, "player_slot": 132, "leaver_status_name": "NONE", "hero_id": 86, "last_hits": 11, "kills": 2, "account_id": 89166519, "item_3_name": "Gauntlets of Strength", "item_4": 13, "item_3": 13, "item_4_name": "Gauntlets of Strength", "item_5": 0, "xp_per_min": 145, "hero_name": "Rubick", "gold_per_min": 148, "deaths": 6, "denies": 0, "item_2_name": "Bracer", "item_1_name": "Arcane Boots"}], "dire_team_id": 484909, "picks_bans": [{"order": 0, "is_pick": false, "hero_id": 106, "team": 0}, {"order": 1, "is_pick": false, "hero_id": 77, "team": 1}, {"order": 2, "is_pick": false, "hero_id": 68, "team": 0}, {"order": 3, "is_pick": false, "hero_id": 74, "team": 1}, {"order": 4, "is_pick": true, "hero_id": 65, "team": 0}, {"order": 5, "is_pick": true, "hero_id": 96, "team": 1}, {"order": 6, "is_pick": true, "hero_id": 86, "team": 1}, {"order": 7, "is_pick": true, "hero_id": 91, "team": 0}, {"order": 8, "is_pick": false, "hero_id": 16, "team": 0}, {"order": 9, "is_pick": false, "hero_id": 19, "team": 1}, {"order": 10, "is_pick": false, "hero_id": 9, "team": 0}, {"order": 11, "is_pick": false, "hero_id": 76, "team": 1}, {"order": 12, "is_pick": true, "hero_id": 10, "team": 1}, {"order": 13, "is_pick": true, "hero_id": 103, "team": 0}, {"order": 14, "is_pick": true, "hero_id": 50, "team": 1}, {"order": 15, "is_pick": true, "hero_id": 32, "team": 0}, {"order": 16, "is_pick": false, "hero_id": 58, "team": 1}, {"order": 17, "is_pick": false, "hero_id": 69, "team": 0}, {"order": 18, "is_pick": true, "hero_id": 88, "team": 1}, {"order": 19, "is_pick": true, "hero_id": 39, "team": 0}], "dire_name": "Hyper Glory Team", "negative_votes": 19}