{"duration": 935, "radiant_logo": 541924293718462159, "leagueid": 13, "game_mode": 2, "radiant_score": 0, "positive_votes": 125, "lobby_type": 1, "lobby_name": "Practice", "radiant_win": false, "engine": 0, "pre_game_duration": 0, "match_id": 62759571, "dire_team_complete": 1, "dire_team_id": 36, "flags": 0, "dire_logo": 46499322609643214, "cluster": 132, "negative_votes": 13, "players": [{"item_2": 42, "assists": 1, "item_4": 20, "item_4_name": "Circlet", "leaver_status": 1, "leaver_status_description": "player DC, no abandon", "item_1": 46, "kills": 0, "hero_name": "Undying", "hero_id": 85, "level": 6, "item_0": 36, "gold_per_min": 143, "leaver_status_name": "DISCONNECTED", "denies": 6, "player_slot": 0, "deaths": 5, "account_id": 89137399, "item_5": 0, "item_3": 29, "item_0_name": "Magic Wand", "item_3_name": "Boots of Speed", "item_2_name": "Observer Ward", "last_hits": 17, "item_1_name": "Town Portal Scroll", "xp_per_min": 135}, {"item_5_name": "Boots of Speed", "item_2": 40, "assists": 0, "item_4": 20, "item_4_name": "Circlet", "leaver_status": 1, "leaver_status_description": "player DC, no abandon", "item_1": 42, "kills": 0, "hero_name": "Rubick", "hero_id": 86, "level": 6, "item_0": 20, "gold_per_min": 151, "leaver_status_name": "DISCONNECTED", "denies": 7, "player_slot": 1, "deaths": 3, "account_id": 89269794, "item_5": 29, "item_3": 36, "item_0_name": "Circlet", "item_3_name": "Magic Wand", "item_2_name": "Dust of Appearance", "last_hits": 21, "item_1_name": "Observer Ward", "xp_per_min": 163}, {"item_5_name": "Sentry Ward", "item_2": 41, "assists": 0, "item_4": 88, "item_4_name": "Ring of Basilius", "leaver_status": 1, "leaver_status_description": "player DC, no abandon", "item_1": 36, "kills": 0, "hero_name": "Dark Seer", "hero_id": 55, "level": 9, "item_0": 46, "gold_per_min": 231, "leaver_status_name": "DISCONNECTED", "denies": 9, "player_slot": 2, "deaths": 4, "account_id": 86750262, "item_5": 43, "item_3": 214, "item_0_name": "Town Portal Scroll", "item_3_name": "Tranquil Boots", "item_2_name": "Bottle", "last_hits": 48, "item_1_name": "Magic Wand", "xp_per_min": 283}, {"item_2": 73, "assists": 0, "item_4": 0, "leaver_status": 1, "leaver_status_description": "player DC, no abandon", "item_1": 36, "kills": 2, "hero_id": 18, "level": 8, "item_0": 0, "gold_per_min": 217, "leaver_status_name": "DISCONNECTED", "denies": 5, "player_slot": 3, "deaths": 3, "account_id": 87201671, "item_5": 0, "item_3": 63, "hero_name": "Sven", "item_3_name": "Power Treads", "item_2_name": "Bracer", "last_hits": 33, "item_1_name": "Magic Wand", "xp_per_min": 245}, {"item_5_name": "Oblivion Staff", "item_2": 34, "assists": 0, "item_4": 16, "item_4_name": "Iron Branch", "leaver_status": 1, "leaver_status_description": "player DC, no abandon", "item_1": 212, "kills": 1, "hero_name": "Clinkz", "hero_id": 56, "level": 9, "item_0": 29, "gold_per_min": 319, "leaver_status_name": "DISCONNECTED", "denies": 9, "player_slot": 4, "deaths": 1, "account_id": 86723143, "item_5": 67, "item_3": 67, "item_0_name": "Boots of Speed", "item_3_name": "Oblivion Staff", "item_2_name": "Magic Stick", "last_hits": 68, "item_1_name": "Ring of Aquila", "xp_per_min": 336}, {"item_5_name": "Soul Ring", "item_2": 0, "assists": 8, "item_4": 0, "leaver_status": 1, "leaver_status_description": "player DC, no abandon", "item_1": 30, "kills": 2, "hero_name": "Enigma", "hero_id": 33, "level": 10, "item_0": 79, "gold_per_min": 372, "leaver_status_name": "DISCONNECTED", "denies": 0, "player_slot": 128, "deaths": 1, "account_id": 87278757, "item_5": 178, "item_3": 29, "item_0_name": "Mekansm", "item_3_name": "Boots of Speed", "last_hits": 75, "item_1_name": "Gem of True Sight", "xp_per_min": 377}, {"item_5_name": "Iron Branch", "item_2": 0, "assists": 3, "item_4": 182, "item_4_name": "Stout Shield", "leaver_status": 1, "leaver_status_description": "player DC, no abandon", "item_1": 34, "kills": 4, "hero_name": "Brewmaster", "hero_id": 78, "level": 10, "item_0": 180, "gold_per_min": 357, "leaver_status_name": "DISCONNECTED", "denies": 5, "player_slot": 129, "deaths": 0, "account_id": 89625472, "item_5": 16, "item_3": 1, "item_0_name": "Arcane Boots", "item_3_name": "Blink Dagger", "last_hits": 58, "item_1_name": "Magic Stick", "xp_per_min": 370}, {"item_5_name": "Phase Boots", "item_2": 46, "assists": 6, "item_4": 1, "item_4_name": "Blink Dagger", "leaver_status": 1, "leaver_status_description": "player DC, no abandon", "item_1": 41, "kills": 5, "hero_id": 46, "level": 11, "item_0": 0, "gold_per_min": 384, "leaver_status_name": "DISCONNECTED", "denies": 29, "player_slot": 130, "deaths": 0, "account_id": 70388657, "item_5": 50, "item_3": 36, "hero_name": "Templar Assassin", "item_3_name": "Magic Wand", "item_2_name": "Town Portal Scroll", "last_hits": 58, "item_1_name": "Bottle", "xp_per_min": 481}, {"item_2": 180, "assists": 7, "item_4": 0, "leaver_status": 0, "leaver_status_description": "finished match, no abandon", "item_1": 34, "kills": 1, "hero_name": "Jakiro", "hero_id": 64, "level": 8, "item_0": 16, "gold_per_min": 200, "leaver_status_name": "NONE", "denies": 2, "player_slot": 131, "deaths": 1, "account_id": 107644273, "item_5": 0, "item_3": 0, "item_0_name": "Iron Branch", "item_2_name": "Arcane Boots", "last_hits": 12, "item_1_name": "Magic Stick", "xp_per_min": 277}, {"item_2": 214, "assists": 3, "item_4": 16, "item_4_name": "Iron Branch", "leaver_status": 0, "leaver_status_description": "finished match, no abandon", "item_1": 34, "kills": 4, "hero_name": "Weaver", "hero_id": 63, "level": 12, "item_0": 212, "gold_per_min": 419, "leaver_status_name": "NONE", "denies": 8, "player_slot": 132, "deaths": 1, "account_id": 89326318, "item_5": 0, "item_3": 170, "item_0_name": "Ring of Aquila", "item_3_name": "Yasha", "item_2_name": "Tranquil Boots", "last_hits": 66, "item_1_name": "Magic Stick", "xp_per_min": 506}], "tower_status_radiant": 2036, "radiant_team_id": 46, "dire_score": 0, "human_players": 10, "match_seq_num": 59697406, "radiant_name": "Team Empire", "cluster_name": "Europe West", "radiant_team_complete": 1, "barracks_status_dire": 63, "start_time": 1352917171, "dire_name": "Natus Vincere", "first_blood_time": 70, "tower_status_dire": 1983, "barracks_status_radiant": 63, "game_mode_name": "Captains Mode"}