{"duration": 1241, "radiant_logo": 938135151856570525, "leagueid": 16, "game_mode": 2, "radiant_score": 0, "positive_votes": 88, "lobby_type": 1, "lobby_name": "Practice", "radiant_win": false, "engine": 0, "pre_game_duration": 0, "match_id": 63172192, "dire_team_complete": 1, "dire_team_id": 36, "flags": 0, "dire_logo": 46499322609643214, "cluster": 131, "negative_votes": 6, "players": [{"item_5_name": "Town Portal Scroll", "item_2": 43, "assists": 11, "item_4": 85, "item_4_name": "Recipe: Buckler", "leaver_status": 1, "leaver_status_description": "player DC, no abandon", "item_1": 94, "kills": 0, "hero_name": "Chen", "hero_id": 66, "level": 9, "item_0": 180, "gold_per_min": 188, "leaver_status_name": "DISCONNECTED", "denies": 0, "player_slot": 0, "deaths": 8, "account_id": 34128052, "item_5": 46, "item_3": 16, "item_0_name": "Arcane Boots", "item_3_name": "Iron Branch", "item_2_name": "Sentry Ward", "last_hits": 41, "item_1_name": "Headdress", "xp_per_min": 213}, {"item_5_name": "Bottle", "item_2": 46, "assists": 8, "item_4": 0, "leaver_status": 1, "leaver_status_description": "player DC, no abandon", "item_1": 29, "kills": 1, "hero_name": "Puck", "hero_id": 13, "level": 10, "item_0": 73, "gold_per_min": 218, "leaver_status_name": "DISCONNECTED", "denies": 2, "player_slot": 1, "deaths": 8, "account_id": 32995405, "item_5": 41, "item_3": 0, "item_0_name": "Bracer", "item_2_name": "Town Portal Scroll", "last_hits": 47, "item_1_name": "Boots of Speed", "xp_per_min": 305}, {"item_5_name": "Stout Shield", "item_2": 131, "assists": 4, "item_4": 61, "item_4_name": "Vitality Booster", "leaver_status": 1, "leaver_status_description": "player DC, no abandon", "item_1": 29, "kills": 8, "hero_name": "Dark Seer", "hero_id": 55, "level": 14, "item_0": 36, "gold_per_min": 325, "leaver_status_name": "DISCONNECTED", "denies": 7, "player_slot": 2, "deaths": 2, "account_id": 34930858, "item_5": 182, "item_3": 41, "item_0_name": "Magic Wand", "item_3_name": "Bottle", "item_2_name": "Hood of Defiance", "last_hits": 59, "item_1_name": "Boots of Speed", "xp_per_min": 535}, {"item_5_name": "Power Treads", "item_2": 46, "assists": 4, "item_4": 0, "leaver_status": 1, "leaver_status_description": "player DC, no abandon", "item_1": 73, "kills": 0, "hero_name": "Chaos Knight", "hero_id": 81, "level": 10, "item_0": 36, "gold_per_min": 258, "leaver_status_name": "DISCONNECTED", "denies": 12, "player_slot": 3, "deaths": 6, "account_id": 40602549, "item_5": 63, "item_3": 19, "item_0_name": "Magic Wand", "item_3_name": "Robe of the Magi", "item_2_name": "Town Portal Scroll", "last_hits": 78, "item_1_name": "Bracer", "xp_per_min": 275}, {"item_5_name": "Gauntlets of Strength", "item_2": 46, "assists": 4, "item_4": 0, "leaver_status": 1, "leaver_status_description": "player DC, no abandon", "item_1": 180, "kills": 6, "hero_name": "Rubick", "hero_id": 86, "level": 9, "item_0": 36, "gold_per_min": 209, "leaver_status_name": "DISCONNECTED", "denies": 8, "player_slot": 4, "deaths": 7, "account_id": 88522876, "item_5": 13, "item_3": 0, "item_0_name": "Magic Wand", "item_2_name": "Town Portal Scroll", "last_hits": 15, "item_1_name": "Arcane Boots", "xp_per_min": 242}, {"item_2": 108, "assists": 15, "item_4": 0, "leaver_status": 1, "leaver_status_description": "player DC, no abandon", "item_1": 63, "kills": 6, "hero_name": "Nature's Prophet", "hero_id": 53, "level": 13, "item_0": 104, "gold_per_min": 491, "leaver_status_name": "DISCONNECTED", "denies": 0, "player_slot": 128, "deaths": 2, "account_id": 87278757, "item_5": 0, "item_3": 0, "item_0_name": "Dagon", "item_2_name": "Aghanim's Scepter", "last_hits": 72, "item_1_name": "Power Treads", "xp_per_min": 496}, {"item_2": 92, "assists": 10, "item_4": 0, "leaver_status": 1, "leaver_status_description": "player DC, no abandon", "item_1": 79, "kills": 6, "hero_name": "Tidehunter", "hero_id": 29, "level": 14, "item_0": 180, "gold_per_min": 506, "leaver_status_name": "DISCONNECTED", "denies": 4, "player_slot": 129, "deaths": 3, "account_id": 89625472, "item_5": 0, "item_3": 1, "item_0_name": "Arcane Boots", "item_3_name": "Blink Dagger", "item_2_name": "Urn of Shadows", "last_hits": 87, "item_1_name": "Mekansm", "xp_per_min": 532}, {"item_5_name": "Phase Boots", "item_2": 0, "assists": 6, "item_4": 1, "item_4_name": "Blink Dagger", "leaver_status": 1, "leaver_status_description": "player DC, no abandon", "item_1": 41, "kills": 9, "hero_id": 46, "level": 15, "item_0": 0, "item_3_name": "Magic Wand", "leaver_status_name": "DISCONNECTED", "denies": 30, "player_slot": 130, "deaths": 3, "account_id": 70388657, "item_5": 50, "item_3": 36, "hero_name": "Templar Assassin", "gold_per_min": 513, "last_hits": 62, "item_1_name": "Bottle", "xp_per_min": 581}, {"item_5_name": "Town Portal Scroll", "item_2": 50, "assists": 7, "item_4": 185, "item_4_name": "Drum of Endurance", "leaver_status": 1, "leaver_status_description": "player DC, no abandon", "item_1": 34, "kills": 4, "hero_name": "Bounty Hunter", "hero_id": 62, "level": 12, "item_0": 71, "gold_per_min": 471, "leaver_status_name": "DISCONNECTED", "denies": 3, "player_slot": 131, "deaths": 4, "account_id": 89326318, "item_5": 46, "item_3": 81, "item_0_name": "Poor Man's Shield", "item_3_name": "Vladmir's Offering", "item_2_name": "Phase Boots", "last_hits": 40, "item_1_name": "Magic Stick", "xp_per_min": 422}, {"item_5_name": "Cloak", "item_2": 180, "assists": 7, "item_4": 0, "leaver_status": 1, "leaver_status_description": "player DC, no abandon", "item_1": 34, "kills": 6, "hero_name": "Jakiro", "hero_id": 64, "level": 12, "item_0": 16, "gold_per_min": 389, "leaver_status_name": "DISCONNECTED", "denies": 1, "player_slot": 132, "deaths": 3, "account_id": 107644273, "item_5": 31, "item_3": 23, "item_0_name": "Iron Branch", "item_3_name": "Staff of Wizardry", "item_2_name": "Arcane Boots", "last_hits": 29, "item_1_name": "Magic Stick", "xp_per_min": 384}], "tower_status_radiant": 1824, "radiant_team_id": 95805, "dire_score": 0, "human_players": 10, "match_seq_num": 60076801, "radiant_name": "Pulse", "cluster_name": "Europe West", "radiant_team_complete": 1, "barracks_status_dire": 63, "start_time": 1353000000, "dire_name": "Natus Vincere", "first_blood_time": 65, "tower_status_dire": 2047, "barracks_status_radiant": 60, "game_mode_name": "Captains Mode"}