{"duration": 1339, "radiant_logo": 577845243054863615, "leagueid": 12, "game_mode": 2, "radiant_score": 0, "positive_votes": 16, "lobby_type": 1, "lobby_name": "Practice", "radiant_win": false, "engine": 0, "pre_game_duration": 0, "match_id": 64440291, "dire_team_complete": 1, "dire_team_id": 142, "flags": 0, "dire_logo": 558722001460412650, "cluster": 122, "negative_votes": 5, "players": [{"item_5_name": "Town Portal Scroll", "item_2": 0, "assists": 3, "item_4": 180, "leaver_status": 1, "leaver_status_description": "player DC, no abandon", "item_1": 0, "kills": 0, "hero_id": 86, "item_4_name": "Arcane Boots", "level": 8, "item_0": 0, "gold_per_min": 124, "leaver_status_name": "DISCONNECTED", "denies": 2, "player_slot": 0, "deaths": 6, "account_id": 82262664, "item_5": 46, "item_3": 0, "hero_name": "Rubick", "last_hits": 14, "xp_per_min": 157}, {"item_2": 36, "assists": 1, "item_4": 0, "leaver_status": 1, "leaver_status_description": "player DC, no abandon", "item_1": 63, "kills": 2, "hero_name": "Magnus", "hero_id": 97, "level": 10, "item_0": 41, "gold_per_min": 236, "leaver_status_name": "DISCONNECTED", "denies": 8, "player_slot": 1, "deaths": 5, "account_id": 86799300, "item_5": 0, "item_3": 46, "item_0_name": "Bottle", "item_3_name": "Town Portal Scroll", "item_2_name": "Magic Wand", "last_hits": 62, "item_1_name": "Power Treads", "xp_per_min": 250}, {"item_5_name": "Stout Shield", "item_2": 46, "assists": 2, "item_4": 0, "leaver_status": 1, "leaver_status_description": "player DC, no abandon", "item_1": 63, "kills": 0, "hero_name": "Dragon Knight", "hero_id": 49, "level": 9, "item_0": 36, "gold_per_min": 212, "leaver_status_name": "DISCONNECTED", "denies": 4, "player_slot": 2, "deaths": 7, "account_id": 21289303, "item_5": 182, "item_3": 21, "item_0_name": "Magic Wand", "item_3_name": "Ogre Club", "item_2_name": "Town Portal Scroll", "last_hits": 58, "item_1_name": "Power Treads", "xp_per_min": 208}, {"item_2": 29, "assists": 2, "item_4": 16, "item_4_name": "Iron Branch", "leaver_status": 1, "leaver_status_description": "player DC, no abandon", "item_1": 16, "kills": 0, "hero_name": "Shadow Shaman", "hero_id": 27, "level": 6, "item_0": 34, "gold_per_min": 103, "leaver_status_name": "DISCONNECTED", "denies": 1, "player_slot": 3, "deaths": 7, "account_id": 37105332, "item_5": 0, "item_3": 73, "item_0_name": "Magic Stick", "item_3_name": "Bracer", "item_2_name": "Boots of Speed", "last_hits": 10, "item_1_name": "Iron Branch", "xp_per_min": 92}, {"item_5_name": "Poor Man's Shield", "item_2": 46, "assists": 1, "item_4": 73, "item_4_name": "Bracer", "leaver_status": 1, "leaver_status_description": "player DC, no abandon", "item_1": 50, "kills": 0, "hero_name": "Bounty Hunter", "hero_id": 62, "level": 10, "item_0": 41, "gold_per_min": 187, "leaver_status_name": "DISCONNECTED", "denies": 4, "player_slot": 4, "deaths": 2, "account_id": 31078647, "item_5": 71, "item_3": 36, "item_0_name": "Bottle", "item_3_name": "Magic Wand", "item_2_name": "Town Portal Scroll", "last_hits": 41, "item_1_name": "Phase Boots", "xp_per_min": 253}, {"item_5_name": "Town Portal Scroll", "item_2": 60, "assists": 9, "item_4": 1, "item_4_name": "Blink Dagger", "leaver_status": 0, "leaver_status_description": "finished match, no abandon", "item_1": 36, "kills": 6, "hero_name": "Leshrac", "hero_id": 52, "level": 12, "item_0": 73, "gold_per_min": 369, "leaver_status_name": "NONE", "denies": 0, "player_slot": 128, "deaths": 1, "account_id": 5448108, "item_5": 46, "item_3": 180, "item_0_name": "Bracer", "item_3_name": "Arcane Boots", "item_2_name": "Point Booster", "last_hits": 42, "item_1_name": "Magic Wand", "xp_per_min": 358}, {"item_5_name": "Urn of Shadows", "item_2": 0, "assists": 16, "item_4": 16, "item_4_name": "Iron Branch", "leaver_status": 1, "leaver_status_description": "player DC, no abandon", "item_1": 30, "kills": 1, "hero_name": "Jakiro", "hero_id": 64, "level": 9, "item_0": 29, "gold_per_min": 218, "leaver_status_name": "DISCONNECTED", "denies": 0, "player_slot": 129, "deaths": 1, "account_id": 86861882, "item_5": 92, "item_3": 23, "item_0_name": "Boots of Speed", "item_3_name": "Staff of Wizardry", "last_hits": 9, "item_1_name": "Gem of True Sight", "xp_per_min": 222}, {"item_5_name": "Power Treads", "item_2": 46, "assists": 11, "item_4": 151, "item_4_name": "Armlet of Mordiggian", "leaver_status": 0, "leaver_status_description": "finished match, no abandon", "item_1": 34, "kills": 5, "hero_name": "Lifestealer", "hero_id": 54, "level": 14, "item_0": 182, "gold_per_min": 535, "leaver_status_name": "NONE", "denies": 16, "player_slot": 130, "deaths": 0, "account_id": 40547474, "item_5": 63, "item_3": 168, "item_0_name": "Stout Shield", "item_3_name": "Desolator", "item_2_name": "Town Portal Scroll", "last_hits": 124, "item_1_name": "Magic Stick", "xp_per_min": 513}, {"item_5_name": "Vladmir's Offering", "item_2": 46, "assists": 3, "item_4": 102, "item_4_name": "Force Staff", "leaver_status": 1, "leaver_status_description": "player DC, no abandon", "item_1": 79, "kills": 2, "hero_name": "Windranger", "hero_id": 21, "level": 14, "item_0": 36, "gold_per_min": 443, "leaver_status_name": "DISCONNECTED", "denies": 12, "player_slot": 131, "deaths": 0, "account_id": 38515149, "item_5": 81, "item_3": 50, "item_0_name": "Magic Wand", "item_3_name": "Phase Boots", "item_2_name": "Town Portal Scroll", "last_hits": 119, "item_1_name": "Mekansm", "xp_per_min": 473}, {"item_5_name": "Bottle", "item_2": 36, "assists": 4, "item_4": 46, "item_4_name": "Town Portal Scroll", "leaver_status": 0, "leaver_status_description": "finished match, no abandon", "item_1": 1, "kills": 13, "hero_name": "Templar Assassin", "hero_id": 46, "level": 15, "item_0": 50, "gold_per_min": 518, "leaver_status_name": "NONE", "denies": 16, "player_slot": 132, "deaths": 1, "account_id": 10366616, "item_5": 41, "item_3": 147, "item_0_name": "Phase Boots", "item_3_name": "Manta Style", "item_2_name": "Magic Wand", "last_hits": 98, "item_1_name": "Blink Dagger", "xp_per_min": 555}], "tower_status_radiant": 1574, "radiant_team_id": 94252, "dire_score": 0, "human_players": 10, "match_seq_num": 61250441, "radiant_name": "The GD B-Team", "cluster_name": "US East", "radiant_team_complete": 0, "barracks_status_dire": 63, "start_time": 1353193168, "dire_name": "Team Dignitas", "first_blood_time": 234, "tower_status_dire": 2047, "barracks_status_radiant": 63, "game_mode_name": "Captains Mode"}