{"tower_status_radiant": 1974, "flags": 0, "radiant_team_complete": 1, "game_mode": 2, "radiant_score": 0, "match_id": 645005099, "lobby_name": "Practice", "dire_logo": 37472115544634563, "pre_game_duration": 0, "radiant_name": "Team Liquid", "match_seq_num": 585210348, "dire_team_complete": 1, "start_time": 1399320721, "radiant_win": true, "positive_votes": 52, "leagueid": 1157, "duration": 2337, "dire_score": 0, "lobby_type": 1, "cluster": 122, "engine": 0, "barracks_status_dire": 0, "barracks_status_radiant": 63, "cluster_name": "US East", "first_blood_time": 137, "radiant_team_id": 2163, "radiant_logo": 451783905032671206, "human_players": 10, "game_mode_name": "Captains Mode", "tower_status_dire": 1536, "players": [{"item_2": 51, "assists": 11, "leaver_status": 0, "item_1": 63, "item_0": 147, "item_0_name": "Manta Style", "leaver_status_description": "finished match, no abandon", "level": 24, "player_slot": 0, "leaver_status_name": "NONE", "hero_id": 11, "last_hits": 318, "kills": 8, "account_id": 86738694, "item_3_name": "Black King Bar", "item_4": 141, "item_3": 116, "item_4_name": "Daedalus", "item_5": 65, "xp_per_min": 805, "item_5_name": "Hand of Midas", "hero_name": "Shadow Fiend", "gold_per_min": 775, "deaths": 6, "denies": 9, "item_2_name": "Demon Edge", "item_1_name": "Power Treads"}, {"item_2": 114, "assists": 16, "leaver_status": 0, "item_1": 116, "item_0": 36, "item_0_name": "Magic Wand", "leaver_status_description": "finished match, no abandon", "level": 24, "player_slot": 1, "leaver_status_name": "NONE", "hero_id": 28, "last_hits": 193, "kills": 10, "account_id": 67601693, "item_3_name": "Blink Dagger", "item_4": 63, "item_3": 1, "item_4_name": "Power Treads", "item_5": 210, "xp_per_min": 816, "item_5_name": "Heaven's Halberd", "hero_name": "Slardar", "gold_per_min": 575, "deaths": 2, "denies": 41, "item_2_name": "Heart of Tarrasque", "item_1_name": "Black King Bar"}, {"item_2": 102, "assists": 25, "leaver_status": 0, "item_1": 116, "item_0": 1, "item_0_name": "Blink Dagger", "leaver_status_description": "finished match, no abandon", "level": 20, "player_slot": 2, "leaver_status_name": "NONE", "hero_id": 65, "last_hits": 154, "kills": 4, "account_id": 30237211, "item_3_name": "Mask of Madness", "item_4": 214, "item_3": 172, "item_4_name": "Tranquil Boots", "item_5": 0, "xp_per_min": 557, "hero_name": "Batrider", "gold_per_min": 436, "deaths": 3, "denies": 1, "item_2_name": "Force Staff", "item_1_name": "Black King Bar"}, {"item_2": 92, "assists": 18, "leaver_status": 0, "item_1": 158, "item_0": 36, "item_0_name": "Magic Wand", "leaver_status_description": "finished match, no abandon", "level": 21, "player_slot": 3, "leaver_status_name": "NONE", "hero_id": 9, "last_hits": 137, "kills": 9, "account_id": 38515149, "item_3_name": "Power Treads", "item_4": 116, "item_3": 63, "item_4_name": "Black King Bar", "item_5": 46, "xp_per_min": 645, "item_5_name": "Town Portal Scroll", "hero_name": "Mirana", "gold_per_min": 479, "deaths": 3, "denies": 0, "item_2_name": "Urn of Shadows", "item_1_name": "Mjollnir"}, {"item_2": 108, "assists": 11, "leaver_status": 0, "item_1": 0, "item_0": 1, "item_0_name": "Blink Dagger", "leaver_status_description": "finished match, no abandon", "level": 17, "player_slot": 4, "leaver_status_name": "NONE", "hero_id": 27, "last_hits": 91, "kills": 8, "account_id": 85805514, "item_3_name": "Arcane Boots", "item_4": 0, "item_3": 180, "item_5": 40, "xp_per_min": 396, "item_5_name": "Dust of Appearance", "hero_name": "Shadow Shaman", "gold_per_min": 385, "deaths": 8, "denies": 1, "item_2_name": "Aghanim's Scepter"}, {"item_2": 29, "assists": 10, "leaver_status": 0, "item_1": 0, "item_0": 1, "item_0_name": "Blink Dagger", "leaver_status_description": "finished match, no abandon", "level": 16, "player_slot": 128, "leaver_status_name": "NONE", "hero_id": 16, "last_hits": 83, "kills": 5, "account_id": 58134384, "item_3_name": "Magic Wand", "item_4": 194, "item_3": 36, "item_4_name": "Necronomicon", "item_5": 0, "xp_per_min": 348, "hero_name": "Sand King", "gold_per_min": 296, "deaths": 7, "denies": 0, "item_2_name": "Boots of Speed"}, {"item_2": 65, "assists": 3, "leaver_status": 0, "item_1": 21, "item_0": 158, "item_0_name": "Mjollnir", "leaver_status_description": "finished match, no abandon", "level": 18, "player_slot": 129, "leaver_status_name": "NONE", "hero_id": 42, "last_hits": 217, "kills": 1, "account_id": 93447516, "item_3_name": "Armlet of Mordiggian", "item_4": 63, "item_3": 151, "item_4_name": "Power Treads", "item_5": 0, "xp_per_min": 474, "hero_name": "Wraith King", "gold_per_min": 445, "deaths": 7, "denies": 10, "item_2_name": "Hand of Midas", "item_1_name": "Ogre Club"}, {"item_2": 63, "assists": 6, "leaver_status": 0, "item_1": 36, "item_0": 41, "item_0_name": "Bottle", "leaver_status_description": "finished match, no abandon", "level": 18, "player_slot": 130, "leaver_status_name": "NONE", "hero_id": 13, "last_hits": 176, "kills": 10, "account_id": 74040691, "item_3_name": "Blink Dagger", "item_4": 96, "item_3": 1, "item_4_name": "Scythe of Vyse", "item_5": 46, "xp_per_min": 467, "item_5_name": "Town Portal Scroll", "hero_name": "Puck", "gold_per_min": 432, "deaths": 10, "denies": 11, "item_2_name": "Power Treads", "item_1_name": "Magic Wand"}, {"item_2": 46, "assists": 9, "leaver_status": 0, "item_1": 36, "item_0": 29, "item_0_name": "Boots of Speed", "leaver_status_description": "finished match, no abandon", "level": 12, "player_slot": 131, "leaver_status_name": "NONE", "hero_id": 87, "last_hits": 19, "kills": 1, "account_id": 29126401, "item_3_name": "Sentry Ward", "item_4": 0, "item_3": 43, "item_5": 92, "xp_per_min": 226, "item_5_name": "Urn of Shadows", "hero_name": "Disruptor", "gold_per_min": 184, "deaths": 11, "denies": 2, "item_2_name": "Town Portal Scroll", "item_1_name": "Magic Wand"}, {"item_2": 214, "assists": 7, "leaver_status": 0, "item_1": 34, "item_0": 79, "item_0_name": "Mekansm", "leaver_status_description": "finished match, no abandon", "level": 15, "player_slot": 132, "leaver_status_name": "NONE", "hero_id": 96, "last_hits": 97, "kills": 5, "account_id": 170041034, "item_3_name": "Blink Dagger", "item_4": 9, "item_3": 1, "item_4_name": "Platemail", "item_5": 0, "xp_per_min": 346, "hero_name": "Centaur Warrunner", "gold_per_min": 281, "deaths": 5, "denies": 2, "item_2_name": "Tranquil Boots", "item_1_name": "Magic Stick"}], "dire_team_id": 1318686, "picks_bans": [{"order": 0, "is_pick": false, "hero_id": 74, "team": 0}, {"order": 1, "is_pick": false, "hero_id": 106, "team": 1}, {"order": 2, "is_pick": false, "hero_id": 79, "team": 0}, {"order": 3, "is_pick": false, "hero_id": 89, "team": 1}, {"order": 4, "is_pick": true, "hero_id": 65, "team": 0}, {"order": 5, "is_pick": true, "hero_id": 96, "team": 1}, {"order": 6, "is_pick": true, "hero_id": 16, "team": 1}, {"order": 7, "is_pick": true, "hero_id": 9, "team": 0}, {"order": 8, "is_pick": false, "hero_id": 77, "team": 0}, {"order": 9, "is_pick": false, "hero_id": 54, "team": 1}, {"order": 10, "is_pick": false, "hero_id": 49, "team": 0}, {"order": 11, "is_pick": false, "hero_id": 86, "team": 1}, {"order": 12, "is_pick": true, "hero_id": 87, "team": 1}, {"order": 13, "is_pick": true, "hero_id": 27, "team": 0}, {"order": 14, "is_pick": true, "hero_id": 42, "team": 1}, {"order": 15, "is_pick": true, "hero_id": 11, "team": 0}, {"order": 16, "is_pick": false, "hero_id": 20, "team": 1}, {"order": 17, "is_pick": false, "hero_id": 46, "team": 0}, {"order": 18, "is_pick": true, "hero_id": 13, "team": 1}, {"order": 19, "is_pick": true, "hero_id": 28, "team": 0}], "dire_name": "NO! Earthspirit", "negative_votes": 5}