{"tower_status_radiant": 1982, "flags": 0, "radiant_team_complete": 0, "game_mode": 2, "radiant_score": 0, "match_id": 646239419, "lobby_name": "Practice", "dire_logo": 541924293718462159, "pre_game_duration": 0, "radiant_name": "Aware.Gaming", "match_seq_num": 586244618, "dire_team_complete": 1, "start_time": 1399393041, "radiant_win": true, "positive_votes": 18, "leagueid": 1003, "duration": 1605, "dire_score": 0, "lobby_type": 1, "cluster": 131, "engine": 0, "barracks_status_dire": 63, "barracks_status_radiant": 63, "cluster_name": "Europe West", "first_blood_time": 657, "radiant_team_id": 1371515, "radiant_logo": 794063002581119172, "human_players": 10, "game_mode_name": "Captains Mode", "tower_status_dire": 1828, "players": [{"item_2": 102, "assists": 12, "leaver_status": 0, "item_1": 21, "item_0": 180, "item_0_name": "Arcane Boots", "leaver_status_description": "finished match, no abandon", "level": 13, "player_slot": 0, "leaver_status_name": "NONE", "hero_id": 50, "last_hits": 43, "kills": 2, "account_id": 125304246, "item_3_name": "Gem of True Sight", "item_4": 46, "item_3": 30, "item_4_name": "Town Portal Scroll", "item_5": 36, "xp_per_min": 383, "item_5_name": "Magic Wand", "hero_name": "Dazzle", "gold_per_min": 332, "deaths": 0, "denies": 4, "item_2_name": "Force Staff", "item_1_name": "Ogre Club"}, {"item_2": 46, "assists": 11, "leaver_status": 0, "item_1": 36, "item_0": 41, "item_0_name": "Bottle", "leaver_status_description": "finished match, no abandon", "level": 12, "player_slot": 1, "leaver_status_name": "NONE", "hero_id": 91, "last_hits": 18, "kills": 1, "account_id": 159020918, "item_4": 178, "item_3": 0, "item_4_name": "Soul Ring", "item_5": 214, "xp_per_min": 317, "item_5_name": "Tranquil Boots", "hero_name": "Io", "gold_per_min": 230, "deaths": 1, "denies": 2, "item_2_name": "Town Portal Scroll", "item_1_name": "Magic Wand"}, {"item_2": 34, "assists": 12, "leaver_status": 0, "item_1": 1, "item_0": 41, "item_0_name": "Bottle", "leaver_status_description": "finished match, no abandon", "level": 16, "player_slot": 2, "leaver_status_name": "NONE", "hero_id": 13, "last_hits": 106, "kills": 6, "account_id": 91701543, "item_3_name": "Scythe of Vyse", "item_4": 0, "item_3": 96, "item_5": 63, "xp_per_min": 552, "item_5_name": "Power Treads", "hero_name": "Puck", "gold_per_min": 450, "deaths": 0, "denies": 9, "item_2_name": "Magic Stick", "item_1_name": "Blink Dagger"}, {"item_2": 36, "assists": 8, "leaver_status": 0, "item_1": 108, "item_0": 11, "item_0_name": "Quelling Blade", "leaver_status_description": "finished match, no abandon", "level": 14, "player_slot": 3, "leaver_status_name": "NONE", "hero_id": 19, "last_hits": 146, "kills": 6, "account_id": 91460772, "item_3_name": "Power Treads", "item_4": 116, "item_3": 63, "item_4_name": "Black King Bar", "item_5": 46, "xp_per_min": 419, "item_5_name": "Town Portal Scroll", "hero_name": "Tiny", "gold_per_min": 488, "deaths": 1, "denies": 1, "item_2_name": "Magic Wand", "item_1_name": "Aghanim's Scepter"}, {"item_2": 46, "assists": 9, "leaver_status": 0, "item_1": 108, "item_0": 214, "item_0_name": "Tranquil Boots", "leaver_status_description": "finished match, no abandon", "level": 13, "player_slot": 4, "leaver_status_name": "NONE", "hero_id": 2, "last_hits": 115, "kills": 6, "account_id": 150419909, "item_3_name": "Blink Dagger", "item_4": 0, "item_3": 1, "item_5": 188, "xp_per_min": 378, "item_5_name": "Smoke of Deceit", "hero_name": "Axe", "gold_per_min": 434, "deaths": 1, "denies": 0, "item_2_name": "Town Portal Scroll", "item_1_name": "Aghanim's Scepter"}, {"item_2": 46, "assists": 1, "leaver_status": 0, "item_1": 9, "item_0": 178, "item_0_name": "Soul Ring", "leaver_status_description": "finished match, no abandon", "level": 14, "player_slot": 128, "leaver_status_name": "NONE", "hero_id": 55, "last_hits": 147, "kills": 2, "account_id": 86802844, "item_3_name": "Blink Dagger", "item_4": 79, "item_3": 1, "item_4_name": "Mekansm", "item_5": 29, "xp_per_min": 418, "item_5_name": "Boots of Speed", "hero_name": "Dark Seer", "gold_per_min": 392, "deaths": 4, "denies": 0, "item_2_name": "Town Portal Scroll", "item_1_name": "Platemail"}, {"item_2": 17, "assists": 2, "leaver_status": 0, "item_1": 46, "item_0": 34, "item_0_name": "Magic Stick", "leaver_status_description": "finished match, no abandon", "level": 8, "player_slot": 129, "leaver_status_name": "NONE", "hero_id": 30, "last_hits": 31, "kills": 0, "account_id": 91064780, "item_3_name": "Urn of Shadows", "item_4": 29, "item_3": 92, "item_4_name": "Boots of Speed", "item_5": 188, "xp_per_min": 141, "item_5_name": "Smoke of Deceit", "hero_name": "Witch Doctor", "gold_per_min": 158, "deaths": 5, "denies": 6, "item_2_name": "Belt of Strength", "item_1_name": "Town Portal Scroll"}, {"item_2": 180, "assists": 2, "leaver_status": 0, "item_1": 34, "item_0": 0, "leaver_status_description": "finished match, no abandon", "level": 8, "player_slot": 130, "leaver_status_name": "NONE", "hero_id": 83, "last_hits": 16, "kills": 0, "account_id": 11550182, "item_4": 0, "item_3": 0, "item_5": 0, "xp_per_min": 130, "hero_name": "Treant Protector", "gold_per_min": 136, "deaths": 5, "denies": 0, "item_2_name": "Arcane Boots", "item_1_name": "Magic Stick"}, {"item_2": 116, "assists": 0, "leaver_status": 0, "item_1": 102, "item_0": 77, "item_0_name": "Null Talisman", "leaver_status_description": "finished match, no abandon", "level": 14, "player_slot": 131, "leaver_status_name": "NONE", "hero_id": 76, "last_hits": 164, "kills": 1, "account_id": 86725175, "item_3_name": "Town Portal Scroll", "item_4": 65, "item_3": 46, "item_4_name": "Hand of Midas", "item_5": 63, "xp_per_min": 415, "item_5_name": "Power Treads", "hero_name": "Outworld Devourer", "gold_per_min": 451, "deaths": 4, "denies": 59, "item_2_name": "Black King Bar", "item_1_name": "Force Staff"}, {"item_2": 41, "assists": 3, "leaver_status": 0, "item_1": 212, "item_0": 46, "item_0_name": "Town Portal Scroll", "leaver_status_description": "finished match, no abandon", "level": 14, "player_slot": 132, "leaver_status_name": "NONE", "hero_id": 9, "last_hits": 164, "kills": 0, "account_id": 89269794, "item_3_name": "Phase Boots", "item_4": 166, "item_3": 50, "item_4_name": "Maelstrom", "item_5": 185, "xp_per_min": 430, "item_5_name": "Drum of Endurance", "hero_name": "Mirana", "gold_per_min": 391, "deaths": 3, "denies": 29, "item_2_name": "Bottle", "item_1_name": "Ring of Aquila"}], "dire_team_id": 46, "picks_bans": [{"order": 0, "is_pick": false, "hero_id": 65, "team": 1}, {"order": 1, "is_pick": false, "hero_id": 74, "team": 0}, {"order": 2, "is_pick": false, "hero_id": 96, "team": 1}, {"order": 3, "is_pick": false, "hero_id": 77, "team": 0}, {"order": 4, "is_pick": true, "hero_id": 9, "team": 1}, {"order": 5, "is_pick": true, "hero_id": 2, "team": 0}, {"order": 6, "is_pick": true, "hero_id": 50, "team": 0}, {"order": 7, "is_pick": true, "hero_id": 83, "team": 1}, {"order": 8, "is_pick": false, "hero_id": 34, "team": 1}, {"order": 9, "is_pick": false, "hero_id": 3, "team": 0}, {"order": 10, "is_pick": false, "hero_id": 79, "team": 1}, {"order": 11, "is_pick": false, "hero_id": 68, "team": 0}, {"order": 12, "is_pick": true, "hero_id": 91, "team": 0}, {"order": 13, "is_pick": true, "hero_id": 55, "team": 1}, {"order": 14, "is_pick": true, "hero_id": 19, "team": 0}, {"order": 15, "is_pick": true, "hero_id": 30, "team": 1}, {"order": 16, "is_pick": false, "hero_id": 49, "team": 0}, {"order": 17, "is_pick": false, "hero_id": 51, "team": 1}, {"order": 18, "is_pick": true, "hero_id": 13, "team": 0}, {"order": 19, "is_pick": true, "hero_id": 76, "team": 1}], "dire_name": "Team Empire", "negative_votes": 3}