{"tower_status_radiant": 1590, "flags": 0, "lobby_type": 1, "cluster": 143, "radiant_guild_id": 153294, "engine": 0, "barracks_status_dire": 48, "barracks_status_radiant": 31, "game_mode_name": "Captains Mode", "radiant_score": 0, "match_id": 647301059, "lobby_name": "Practice", "dire_score": 0, "first_blood_time": 107, "radiant_team_id": 1148284, "radiant_guild_name": "Most Valuable Player[KOR]", "radiant_logo": 486682620712187742, "human_players": 10, "pre_game_duration": 0, "radiant_team_complete": 1, "tower_status_dire": 256, "players": [{"item_2": 110, "assists": 13, "leaver_status": 0, "item_1": 1, "item_0": 50, "item_0_name": "Phase Boots", "leaver_status_description": "finished match, no abandon", "level": 17, "player_slot": 0, "leaver_status_name": "NONE", "hero_id": 37, "last_hits": 101, "kills": 11, "account_id": 3940262, "item_3_name": "Town Portal Scroll", "item_4": 108, "item_3": 46, "item_4_name": "Aghanim's Scepter", "item_5": 43, "xp_per_min": 322, "item_5_name": "Sentry Ward", "hero_name": "Warlock", "gold_per_min": 371, "deaths": 8, "denies": 0, "item_2_name": "Refresher Orb", "item_1_name": "Blink Dagger"}, {"item_2": 108, "assists": 20, "leaver_status": 0, "item_1": 37, "item_0": 102, "item_0_name": "Force Staff", "leaver_status_description": "finished match, no abandon", "level": 19, "player_slot": 1, "leaver_status_name": "NONE", "hero_id": 64, "last_hits": 87, "kills": 4, "account_id": 102525542, "item_3_name": "Tranquil Boots", "item_4": 79, "item_3": 214, "item_4_name": "Mekansm", "item_5": 42, "xp_per_min": 408, "item_5_name": "Observer Ward", "hero_name": "Jakiro", "gold_per_min": 347, "deaths": 9, "denies": 1, "item_2_name": "Aghanim's Scepter", "item_1_name": "Ghost Scepter"}, {"item_2": 116, "assists": 16, "leaver_status": 0, "item_1": 50, "item_0": 147, "item_0_name": "Manta Style", "leaver_status_description": "finished match, no abandon", "level": 25, "player_slot": 2, "leaver_status_name": "NONE", "hero_id": 46, "last_hits": 251, "kills": 18, "account_id": 93119769, "item_3_name": "Blink Dagger", "item_4": 168, "item_3": 1, "item_4_name": "Desolator", "item_5": 149, "xp_per_min": 665, "item_5_name": "Crystalys", "hero_name": "Templar Assassin", "gold_per_min": 595, "deaths": 8, "denies": 12, "item_2_name": "Black King Bar", "item_1_name": "Phase Boots"}, {"item_2": 92, "assists": 15, "leaver_status": 0, "item_1": 108, "item_0": 36, "item_0_name": "Magic Wand", "leaver_status_description": "finished match, no abandon", "level": 16, "player_slot": 3, "leaver_status_name": "NONE", "hero_id": 30, "last_hits": 45, "kills": 3, "account_id": 105599955, "item_3_name": "Tranquil Boots", "item_4": 46, "item_3": 214, "item_4_name": "Town Portal Scroll", "item_5": 30, "xp_per_min": 286, "item_5_name": "Gem of True Sight", "hero_name": "Witch Doctor", "gold_per_min": 271, "deaths": 12, "denies": 1, "item_2_name": "Urn of Shadows", "item_1_name": "Aghanim's Scepter"}, {"item_2": 37, "assists": 29, "leaver_status": 0, "item_1": 102, "item_0": 1, "item_0_name": "Blink Dagger", "leaver_status_description": "finished match, no abandon", "level": 20, "player_slot": 4, "leaver_status_name": "NONE", "hero_id": 65, "last_hits": 136, "kills": 4, "account_id": 88933594, "item_3_name": "Gem of True Sight", "item_4": 214, "item_3": 30, "item_4_name": "Tranquil Boots", "item_5": 21, "xp_per_min": 452, "item_5_name": "Ogre Club", "hero_name": "Batrider", "gold_per_min": 371, "deaths": 9, "denies": 0, "item_2_name": "Ghost Scepter", "item_1_name": "Force Staff"}, {"item_2": 46, "assists": 8, "leaver_status": 0, "item_1": 180, "item_0": 1, "item_0_name": "Blink Dagger", "leaver_status_description": "finished match, no abandon", "level": 17, "player_slot": 128, "leaver_status_name": "NONE", "hero_id": 83, "last_hits": 63, "kills": 4, "account_id": 20796460, "item_3_name": "Medallion of Courage", "item_4": 79, "item_3": 187, "item_4_name": "Mekansm", "item_5": 40, "xp_per_min": 320, "item_5_name": "Dust of Appearance", "hero_name": "Treant Protector", "gold_per_min": 280, "deaths": 8, "denies": 5, "item_2_name": "Town Portal Scroll", "item_1_name": "Arcane Boots"}, {"item_2": 63, "assists": 16, "leaver_status": 3, "item_1": 96, "item_0": 123, "item_0_name": "Linken's Sphere", "leaver_status_description": "player dc, clicked leave, abandon", "level": 25, "player_slot": 129, "leaver_status_name": "ABANDONED", "hero_id": 17, "last_hits": 278, "kills": 21, "account_id": 106781506, "item_3_name": "Orchid Malevolence", "item_4": 121, "item_3": 98, "item_4_name": "Bloodstone", "item_5": 0, "xp_per_min": 683, "hero_name": "Storm Spirit", "gold_per_min": 541, "deaths": 5, "denies": 2, "item_2_name": "Power Treads", "item_1_name": "Scythe of Vyse"}, {"item_2": 141, "assists": 19, "leaver_status": 3, "item_1": 116, "item_0": 50, "item_0_name": "Phase Boots", "leaver_status_description": "player dc, clicked leave, abandon", "level": 23, "player_slot": 130, "leaver_status_name": "ABANDONED", "hero_id": 9, "last_hits": 292, "kills": 8, "account_id": 32940748, "item_3_name": "Diffusal Blade", "item_4": 123, "item_3": 174, "item_4_name": "Linken's Sphere", "item_5": 46, "xp_per_min": 559, "item_5_name": "Town Portal Scroll", "hero_name": "Mirana", "gold_per_min": 508, "deaths": 4, "denies": 31, "item_2_name": "Daedalus", "item_1_name": "Black King Bar"}, {"item_2": 40, "assists": 22, "leaver_status": 0, "item_1": 180, "item_0": 46, "item_0_name": "Town Portal Scroll", "leaver_status_description": "finished match, no abandon", "level": 15, "player_slot": 131, "leaver_status_name": "NONE", "hero_id": 79, "last_hits": 44, "kills": 3, "account_id": 66296404, "item_3_name": "Smoke of Deceit", "item_4": 42, "item_3": 188, "item_4_name": "Observer Ward", "item_5": 102, "xp_per_min": 249, "item_5_name": "Force Staff", "hero_name": "Shadow Demon", "gold_per_min": 241, "deaths": 11, "denies": 0, "item_2_name": "Dust of Appearance", "item_1_name": "Arcane Boots"}, {"item_2": 0, "assists": 18, "leaver_status": 0, "item_1": 196, "item_0": 98, "item_0_name": "Orchid Malevolence", "leaver_status_description": "finished match, no abandon", "level": 21, "player_slot": 132, "leaver_status_name": "NONE", "hero_id": 56, "last_hits": 174, "kills": 10, "account_id": 20321748, "item_3_name": "Blink Dagger", "item_4": 46, "item_3": 1, "item_4_name": "Town Portal Scroll", "item_5": 63, "xp_per_min": 487, "item_5_name": "Power Treads", "hero_name": "Clinkz", "gold_per_min": 429, "deaths": 13, "denies": 7, "item_1_name": "Diffusal Blade"}], "radiant_name": "MVP Phoenix", "match_seq_num": 587171440, "radiant_guild_logo": 703980765977979958, "start_time": 1399463600, "picks_bans": [{"order": 0, "is_pick": false, "hero_id": 77, "team": 0}, {"order": 1, "is_pick": false, "hero_id": 106, "team": 1}, {"order": 2, "is_pick": false, "hero_id": 16, "team": 0}, {"order": 3, "is_pick": false, "hero_id": 89, "team": 1}, {"order": 4, "is_pick": true, "hero_id": 65, "team": 0}, {"order": 5, "is_pick": true, "hero_id": 9, "team": 1}, {"order": 6, "is_pick": true, "hero_id": 79, "team": 1}, {"order": 7, "is_pick": true, "hero_id": 64, "team": 0}, {"order": 8, "is_pick": false, "hero_id": 50, "team": 0}, {"order": 9, "is_pick": false, "hero_id": 74, "team": 1}, {"order": 10, "is_pick": false, "hero_id": 93, "team": 0}, {"order": 11, "is_pick": false, "hero_id": 68, "team": 1}, {"order": 12, "is_pick": true, "hero_id": 83, "team": 1}, {"order": 13, "is_pick": true, "hero_id": 37, "team": 0}, {"order": 14, "is_pick": true, "hero_id": 17, "team": 1}, {"order": 15, "is_pick": true, "hero_id": 46, "team": 0}, {"order": 16, "is_pick": false, "hero_id": 75, "team": 1}, {"order": 17, "is_pick": false, "hero_id": 54, "team": 0}, {"order": 18, "is_pick": true, "hero_id": 56, "team": 1}, {"order": 19, "is_pick": true, "hero_id": 30, "team": 0}], "radiant_win": true, "positive_votes": 62, "leagueid": 1242, "cluster_name": "South Korea", "game_mode": 2, "duration": 2957, "negative_votes": 5}