{"tower_status_radiant": 2039, "flags": 0, "lobby_type": 1, "cluster": 122, "game_mode_name": "Captains Mode", "dire_logo": 595907053757185931, "engine": 0, "barracks_status_dire": 51, "barracks_status_radiant": 63, "cluster_name": "US East", "radiant_score": 0, "match_id": 648338735, "lobby_name": "Practice", "dire_score": 0, "first_blood_time": 48, "human_players": 10, "pre_game_duration": 0, "tower_status_dire": 256, "players": [{"item_2": 185, "assists": 15, "leaver_status": 3, "item_1": 158, "item_0": 50, "item_0_name": "Phase Boots", "leaver_status_description": "player dc, clicked leave, abandon", "level": 19, "player_slot": 0, "leaver_status_name": "ABANDONED", "hero_id": 94, "last_hits": 213, "kills": 4, "account_id": 86745912, "item_3_name": "Magic Wand", "item_4": 212, "item_3": 36, "item_4_name": "Ring of Aquila", "item_5": 123, "xp_per_min": 529, "item_5_name": "Linken's Sphere", "hero_name": "Medusa", "gold_per_min": 582, "deaths": 6, "denies": 8, "item_2_name": "Drum of Endurance", "item_1_name": "Mjollnir"}, {"item_2": 116, "assists": 4, "leaver_status": 3, "item_1": 65, "item_0": 63, "item_0_name": "Power Treads", "leaver_status_description": "player dc, clicked leave, abandon", "level": 24, "player_slot": 1, "leaver_status_name": "ABANDONED", "hero_id": 4, "last_hits": 193, "kills": 24, "account_id": 121847953, "item_3_name": "Butterfly", "item_4": 185, "item_3": 139, "item_4_name": "Drum of Endurance", "item_5": 154, "xp_per_min": 853, "item_5_name": "Sange and Yasha", "hero_name": "Bloodseeker", "gold_per_min": 734, "deaths": 6, "denies": 16, "item_2_name": "Black King Bar", "item_1_name": "Hand of Midas"}, {"item_2": 50, "assists": 14, "leaver_status": 3, "item_1": 88, "item_0": 46, "item_0_name": "Town Portal Scroll", "leaver_status_description": "player dc, clicked leave, abandon", "level": 14, "player_slot": 2, "leaver_status_name": "ABANDONED", "hero_id": 52, "last_hits": 59, "kills": 6, "account_id": 87276347, "item_3_name": "Blink Dagger", "item_4": 36, "item_3": 1, "item_4_name": "Magic Wand", "item_5": 185, "xp_per_min": 328, "item_5_name": "Drum of Endurance", "hero_name": "Leshrac", "gold_per_min": 335, "deaths": 12, "denies": 5, "item_2_name": "Phase Boots", "item_1_name": "Ring of Basilius"}, {"item_2": 36, "assists": 10, "leaver_status": 3, "item_1": 0, "item_0": 73, "item_0_name": "Bracer", "leaver_status_description": "player dc, clicked leave, abandon", "level": 15, "player_slot": 3, "leaver_status_name": "ABANDONED", "hero_id": 83, "last_hits": 37, "kills": 5, "account_id": 86828698, "item_3_name": "Power Treads", "item_4": 102, "item_3": 63, "item_4_name": "Force Staff", "item_5": 79, "xp_per_min": 351, "item_5_name": "Mekansm", "hero_name": "Treant Protector", "gold_per_min": 436, "deaths": 4, "denies": 0, "item_2_name": "Magic Wand"}, {"item_2": 162, "assists": 11, "leaver_status": 3, "item_1": 214, "item_0": 41, "item_0_name": "Bottle", "leaver_status_description": "player dc, clicked leave, abandon", "level": 13, "player_slot": 4, "leaver_status_name": "ABANDONED", "hero_id": 91, "last_hits": 19, "kills": 2, "account_id": 100246000, "item_3_name": "Magic Wand", "item_4": 188, "item_3": 36, "item_4_name": "Smoke of Deceit", "item_5": 46, "xp_per_min": 274, "item_5_name": "Town Portal Scroll", "hero_name": "Io", "gold_per_min": 312, "deaths": 13, "denies": 1, "item_2_name": "Sange", "item_1_name": "Tranquil Boots"}, {"item_2": 50, "assists": 13, "leaver_status": 3, "item_1": 154, "item_0": 88, "item_0_name": "Ring of Basilius", "leaver_status_description": "player dc, clicked leave, abandon", "level": 17, "player_slot": 128, "leaver_status_name": "ABANDONED", "hero_id": 72, "last_hits": 103, "kills": 10, "account_id": 83636940, "item_3_name": "Magic Wand", "item_4": 166, "item_3": 36, "item_4_name": "Maelstrom", "item_5": 185, "xp_per_min": 429, "item_5_name": "Drum of Endurance", "hero_name": "Gyrocopter", "gold_per_min": 397, "deaths": 10, "denies": 1, "item_2_name": "Phase Boots", "item_1_name": "Sange and Yasha"}, {"item_2": 1, "assists": 17, "leaver_status": 0, "item_1": 210, "item_0": 180, "item_0_name": "Arcane Boots", "leaver_status_description": "finished match, no abandon", "level": 20, "player_slot": 129, "leaver_status_name": "NONE", "hero_id": 7, "last_hits": 64, "kills": 11, "account_id": 16852086, "item_4": 0, "item_3": 0, "item_5": 0, "xp_per_min": 592, "hero_name": "Earthshaker", "gold_per_min": 357, "deaths": 5, "denies": 0, "item_2_name": "Blink Dagger", "item_1_name": "Heaven's Halberd"}, {"item_2": 34, "assists": 13, "leaver_status": 1, "item_1": 0, "item_0": 29, "item_0_name": "Boots of Speed", "leaver_status_description": "player DC, no abandon", "level": 16, "player_slot": 130, "leaver_status_name": "DISCONNECTED", "hero_id": 16, "last_hits": 58, "kills": 7, "account_id": 35504297, "item_3_name": "Blink Dagger", "item_4": 37, "item_3": 1, "item_4_name": "Ghost Scepter", "item_5": 190, "xp_per_min": 409, "item_5_name": "Veil of Discord", "hero_name": "Sand King", "gold_per_min": 326, "deaths": 11, "denies": 4, "item_2_name": "Magic Stick"}, {"item_2": 65, "assists": 12, "leaver_status": 3, "item_1": 63, "item_0": 36, "item_0_name": "Magic Wand", "leaver_status_description": "player dc, clicked leave, abandon", "level": 15, "player_slot": 131, "leaver_status_name": "ABANDONED", "hero_id": 75, "last_hits": 30, "kills": 4, "account_id": 99796146, "item_3_name": "Town Portal Scroll", "item_4": 60, "item_3": 46, "item_4_name": "Point Booster", "item_5": 77, "xp_per_min": 341, "item_5_name": "Null Talisman", "hero_name": "Silencer", "gold_per_min": 247, "deaths": 8, "denies": 2, "item_2_name": "Hand of Midas", "item_1_name": "Power Treads"}, {"item_2": 185, "assists": 18, "leaver_status": 3, "item_1": 41, "item_0": 50, "item_0_name": "Phase Boots", "leaver_status_description": "player dc, clicked leave, abandon", "level": 17, "player_slot": 132, "leaver_status_name": "ABANDONED", "hero_id": 35, "last_hits": 136, "kills": 7, "account_id": 67760037, "item_3_name": "Magic Wand", "item_4": 147, "item_3": 36, "item_4_name": "Manta Style", "item_5": 46, "xp_per_min": 450, "item_5_name": "Town Portal Scroll", "hero_name": "Sniper", "gold_per_min": 385, "deaths": 7, "denies": 12, "item_2_name": "Drum of Endurance", "item_1_name": "Bottle"}], "match_seq_num": 588012800, "dire_team_id": 889529, "dire_team_complete": 0, "start_time": 1399521065, "picks_bans": [{"order": 0, "is_pick": false, "hero_id": 96, "team": 0}, {"order": 1, "is_pick": false, "hero_id": 74, "team": 1}, {"order": 2, "is_pick": false, "hero_id": 31, "team": 0}, {"order": 3, "is_pick": false, "hero_id": 77, "team": 1}, {"order": 4, "is_pick": true, "hero_id": 83, "team": 0}, {"order": 5, "is_pick": true, "hero_id": 16, "team": 1}, {"order": 6, "is_pick": true, "hero_id": 7, "team": 1}, {"order": 7, "is_pick": true, "hero_id": 91, "team": 0}, {"order": 8, "is_pick": false, "hero_id": 103, "team": 0}, {"order": 9, "is_pick": false, "hero_id": 11, "team": 1}, {"order": 10, "is_pick": false, "hero_id": 33, "team": 0}, {"order": 11, "is_pick": false, "hero_id": 76, "team": 1}, {"order": 12, "is_pick": true, "hero_id": 72, "team": 1}, {"order": 13, "is_pick": true, "hero_id": 94, "team": 0}, {"order": 14, "is_pick": true, "hero_id": 75, "team": 1}, {"order": 15, "is_pick": true, "hero_id": 4, "team": 0}, {"order": 16, "is_pick": false, "hero_id": 65, "team": 1}, {"order": 17, "is_pick": false, "hero_id": 69, "team": 0}, {"order": 18, "is_pick": true, "hero_id": 35, "team": 1}, {"order": 19, "is_pick": true, "hero_id": 52, "team": 0}], "radiant_win": true, "positive_votes": 6, "leagueid": 1262, "game_mode": 2, "dire_name": "r4sh team", "duration": 2150, "negative_votes": 1}