{"tower_status_radiant": 1540, "flags": 0, "lobby_type": 1, "cluster": 151, "game_mode_name": "Captains Mode", "engine": 0, "barracks_status_dire": 63, "barracks_status_radiant": 35, "cluster_name": "Southeast Asia", "radiant_score": 0, "match_id": 649247570, "lobby_name": "Practice", "dire_score": 0, "first_blood_time": 0, "radiant_team_id": 1283482, "radiant_logo": 469812062884140883, "human_players": 10, "pre_game_duration": 0, "radiant_team_complete": 0, "tower_status_dire": 1958, "players": [{"item_2": 123, "assists": 3, "leaver_status": 0, "item_1": 168, "item_0": 50, "item_0_name": "Phase Boots", "leaver_status_description": "finished match, no abandon", "level": 20, "player_slot": 0, "leaver_status_name": "NONE", "hero_id": 9, "last_hits": 242, "kills": 6, "account_id": 91369376, "item_3_name": "Black King Bar", "item_4": 88, "item_3": 116, "item_4_name": "Ring of Basilius", "item_5": 65, "xp_per_min": 611, "item_5_name": "Hand of Midas", "hero_name": "Mirana", "gold_per_min": 538, "deaths": 4, "denies": 2, "item_2_name": "Linken's Sphere", "item_1_name": "Desolator"}, {"item_2": 36, "assists": 6, "leaver_status": 0, "item_1": 46, "item_0": 29, "item_0_name": "Boots of Speed", "leaver_status_description": "finished match, no abandon", "level": 9, "player_slot": 1, "leaver_status_name": "NONE", "hero_id": 83, "last_hits": 10, "kills": 1, "account_id": 102538683, "item_3_name": "Bracer", "item_4": 73, "item_3": 73, "item_4_name": "Bracer", "item_5": 0, "xp_per_min": 138, "hero_name": "Treant Protector", "gold_per_min": 160, "deaths": 8, "denies": 1, "item_2_name": "Magic Wand", "item_1_name": "Town Portal Scroll"}, {"item_2": 185, "assists": 6, "leaver_status": 0, "item_1": 50, "item_0": 9, "item_0_name": "Platemail", "leaver_status_description": "finished match, no abandon", "level": 16, "player_slot": 2, "leaver_status_name": "NONE", "hero_id": 69, "last_hits": 137, "kills": 4, "account_id": 76904792, "item_3_name": "Black King Bar", "item_4": 46, "item_3": 116, "item_4_name": "Town Portal Scroll", "item_5": 36, "xp_per_min": 404, "item_5_name": "Magic Wand", "hero_name": "Doom", "gold_per_min": 421, "deaths": 10, "denies": 2, "item_2_name": "Drum of Endurance", "item_1_name": "Phase Boots"}, {"item_2": 46, "assists": 6, "leaver_status": 0, "item_1": 0, "item_0": 65, "item_0_name": "Hand of Midas", "leaver_status_description": "finished match, no abandon", "level": 13, "player_slot": 3, "leaver_status_name": "NONE", "hero_id": 5, "last_hits": 91, "kills": 1, "account_id": 89654154, "item_3_name": "Necronomicon", "item_4": 188, "item_3": 194, "item_4_name": "Smoke of Deceit", "item_5": 29, "xp_per_min": 275, "item_5_name": "Boots of Speed", "hero_name": "Crystal Maiden", "gold_per_min": 300, "deaths": 9, "denies": 0, "item_2_name": "Town Portal Scroll"}, {"item_2": 63, "assists": 8, "leaver_status": 0, "item_1": 41, "item_0": 102, "item_0_name": "Force Staff", "leaver_status_description": "finished match, no abandon", "level": 14, "player_slot": 4, "leaver_status_name": "NONE", "hero_id": 51, "last_hits": 81, "kills": 7, "account_id": 75390186, "item_3_name": "Town Portal Scroll", "item_4": 73, "item_3": 46, "item_4_name": "Bracer", "item_5": 37, "xp_per_min": 312, "item_5_name": "Ghost Scepter", "hero_name": "Clockwerk", "gold_per_min": 298, "deaths": 10, "denies": 3, "item_2_name": "Power Treads", "item_1_name": "Bottle"}, {"item_2": 24, "assists": 9, "leaver_status": 0, "item_1": 29, "item_0": 1, "item_0_name": "Blink Dagger", "leaver_status_description": "finished match, no abandon", "level": 14, "player_slot": 128, "leaver_status_name": "NONE", "hero_id": 16, "last_hits": 59, "kills": 7, "account_id": 20796460, "item_3_name": "Force Staff", "item_4": 34, "item_3": 102, "item_4_name": "Magic Stick", "item_5": 46, "xp_per_min": 306, "item_5_name": "Town Portal Scroll", "hero_name": "Sand King", "gold_per_min": 324, "deaths": 8, "denies": 1, "item_2_name": "Ultimate Orb", "item_1_name": "Boots of Speed"}, {"item_2": 46, "assists": 15, "leaver_status": 0, "item_1": 79, "item_0": 214, "item_0_name": "Tranquil Boots", "leaver_status_description": "finished match, no abandon", "level": 19, "player_slot": 129, "leaver_status_name": "NONE", "hero_id": 96, "last_hits": 180, "kills": 8, "account_id": 106781506, "item_3_name": "Blink Dagger", "item_4": 90, "item_3": 1, "item_4_name": "Pipe of Insight", "item_5": 114, "xp_per_min": 569, "item_5_name": "Heart of Tarrasque", "hero_name": "Centaur Warrunner", "gold_per_min": 538, "deaths": 1, "denies": 4, "item_2_name": "Town Portal Scroll", "item_1_name": "Mekansm"}, {"item_2": 158, "assists": 15, "leaver_status": 0, "item_1": 63, "item_0": 116, "item_0_name": "Black King Bar", "leaver_status_description": "finished match, no abandon", "level": 19, "player_slot": 130, "leaver_status_name": "NONE", "hero_id": 42, "last_hits": 209, "kills": 13, "account_id": 32940748, "item_3_name": "Assault Cuirass", "item_4": 185, "item_3": 112, "item_4_name": "Drum of Endurance", "item_5": 46, "xp_per_min": 564, "item_5_name": "Town Portal Scroll", "hero_name": "Wraith King", "gold_per_min": 605, "deaths": 3, "denies": 14, "item_2_name": "Mjollnir", "item_1_name": "Power Treads"}, {"item_2": 46, "assists": 17, "leaver_status": 0, "item_1": 108, "item_0": 29, "item_0_name": "Boots of Speed", "leaver_status_description": "finished match, no abandon", "level": 14, "player_slot": 131, "leaver_status_name": "NONE", "hero_id": 68, "last_hits": 28, "kills": 4, "account_id": 66296404, "item_3_name": "Gem of True Sight", "item_4": 34, "item_3": 30, "item_4_name": "Magic Stick", "item_5": 23, "xp_per_min": 323, "item_5_name": "Staff of Wizardry", "hero_name": "Ancient Apparition", "gold_per_min": 296, "deaths": 4, "denies": 4, "item_2_name": "Town Portal Scroll", "item_1_name": "Aghanim's Scepter"}, {"item_2": 43, "assists": 18, "leaver_status": 0, "item_1": 204, "item_0": 1, "item_0_name": "Blink Dagger", "leaver_status_description": "finished match, no abandon", "level": 20, "player_slot": 132, "leaver_status_name": "NONE", "hero_id": 13, "last_hits": 94, "kills": 9, "account_id": 20321748, "item_3_name": "Bottle", "item_4": 117, "item_3": 41, "item_4_name": "Aegis of the Immortal", "item_5": 63, "xp_per_min": 612, "item_5_name": "Power Treads", "hero_name": "Puck", "gold_per_min": 428, "deaths": 4, "denies": 9, "item_2_name": "Sentry Ward", "item_1_name": "Dagon"}], "radiant_name": "Scythe.SG-", "match_seq_num": 588786770, "start_time": 1399562377, "picks_bans": [{"order": 0, "is_pick": false, "hero_id": 89, "team": 1}, {"order": 1, "is_pick": false, "hero_id": 77, "team": 0}, {"order": 2, "is_pick": false, "hero_id": 74, "team": 1}, {"order": 3, "is_pick": false, "hero_id": 65, "team": 0}, {"order": 4, "is_pick": true, "hero_id": 96, "team": 1}, {"order": 5, "is_pick": true, "hero_id": 83, "team": 0}, {"order": 6, "is_pick": true, "hero_id": 69, "team": 0}, {"order": 7, "is_pick": true, "hero_id": 68, "team": 1}, {"order": 8, "is_pick": false, "hero_id": 106, "team": 1}, {"order": 9, "is_pick": false, "hero_id": 55, "team": 0}, {"order": 10, "is_pick": false, "hero_id": 53, "team": 1}, {"order": 11, "is_pick": false, "hero_id": 17, "team": 0}, {"order": 12, "is_pick": true, "hero_id": 5, "team": 0}, {"order": 13, "is_pick": true, "hero_id": 16, "team": 1}, {"order": 14, "is_pick": true, "hero_id": 9, "team": 0}, {"order": 15, "is_pick": true, "hero_id": 42, "team": 1}, {"order": 16, "is_pick": false, "hero_id": 11, "team": 0}, {"order": 17, "is_pick": false, "hero_id": 46, "team": 1}, {"order": 18, "is_pick": true, "hero_id": 51, "team": 0}, {"order": 19, "is_pick": true, "hero_id": 13, "team": 1}], "radiant_win": false, "positive_votes": 16, "leagueid": 1177, "game_mode": 2, "duration": 2200, "negative_votes": 2}