{"tower_status_radiant": 1828, "flags": 0, "lobby_type": 1, "cluster": 133, "game_mode_name": "All Pick", "dire_logo": 0, "engine": 0, "barracks_status_dire": 0, "barracks_status_radiant": 63, "cluster_name": "Europe West", "radiant_score": 0, "match_id": 652712080, "lobby_name": "Practice", "dire_score": 0, "first_blood_time": 20, "radiant_team_id": 22906, "radiant_logo": 558756884477177362, "human_players": 10, "pre_game_duration": 0, "radiant_team_complete": 1, "tower_status_dire": 0, "players": [{"item_2": 48, "assists": 17, "leaver_status": 0, "item_1": 133, "item_0": 156, "item_0_name": "Satanic", "leaver_status_description": "finished match, no abandon", "level": 25, "player_slot": 0, "leaver_status_name": "NONE", "hero_id": 72, "last_hits": 452, "kills": 17, "account_id": 96415341, "item_3_name": "Black King Bar", "item_4": 135, "item_3": 116, "item_4_name": "Monkey King Bar", "item_5": 139, "xp_per_min": 598, "item_5_name": "Butterfly", "hero_name": "Gyrocopter", "gold_per_min": 770, "deaths": 3, "denies": 22, "item_2_name": "Boots of Travel", "item_1_name": "Divine Rapier"}, {"item_2": 46, "assists": 17, "leaver_status": 0, "item_1": 36, "item_0": 50, "item_0_name": "Phase Boots", "leaver_status_description": "finished match, no abandon", "level": 24, "player_slot": 1, "leaver_status_name": "NONE", "hero_id": 23, "last_hits": 192, "kills": 6, "account_id": 129493387, "item_3_name": "Assault Cuirass", "item_4": 152, "item_3": 112, "item_4_name": "Shadow Blade", "item_5": 116, "xp_per_min": 562, "item_5_name": "Black King Bar", "hero_name": "Kunkka", "gold_per_min": 430, "deaths": 6, "denies": 12, "item_2_name": "Town Portal Scroll", "item_1_name": "Magic Wand"}, {"item_2": 96, "assists": 20, "leaver_status": 0, "item_1": 79, "item_0": 1, "item_0_name": "Blink Dagger", "leaver_status_description": "finished match, no abandon", "level": 22, "player_slot": 2, "leaver_status_name": "NONE", "hero_id": 55, "last_hits": 242, "kills": 8, "account_id": 86748054, "item_3_name": "Shiva's Guard", "item_4": 46, "item_3": 119, "item_4_name": "Town Portal Scroll", "item_5": 29, "xp_per_min": 481, "item_5_name": "Boots of Speed", "hero_name": "Dark Seer", "gold_per_min": 424, "deaths": 7, "denies": 1, "item_2_name": "Scythe of Vyse", "item_1_name": "Mekansm"}, {"item_2": 102, "assists": 11, "leaver_status": 0, "item_1": 34, "item_0": 0, "leaver_status_description": "finished match, no abandon", "level": 18, "player_slot": 3, "leaver_status_name": "NONE", "hero_id": 3, "last_hits": 46, "kills": 7, "account_id": 102712376, "item_3_name": "Ghost Scepter", "item_4": 46, "item_3": 37, "item_4_name": "Town Portal Scroll", "item_5": 180, "xp_per_min": 333, "item_5_name": "Arcane Boots", "hero_name": "Bane", "gold_per_min": 279, "deaths": 11, "denies": 4, "item_2_name": "Force Staff", "item_1_name": "Magic Stick"}, {"item_2": 188, "assists": 12, "leaver_status": 0, "item_1": 180, "item_0": 1, "item_0_name": "Blink Dagger", "leaver_status_description": "finished match, no abandon", "level": 16, "player_slot": 4, "leaver_status_name": "NONE", "hero_id": 83, "last_hits": 22, "kills": 3, "account_id": 87678698, "item_3_name": "Town Portal Scroll", "item_4": 182, "item_3": 46, "item_4_name": "Stout Shield", "item_5": 36, "xp_per_min": 270, "item_5_name": "Magic Wand", "hero_name": "Treant Protector", "gold_per_min": 223, "deaths": 8, "denies": 16, "item_2_name": "Smoke of Deceit", "item_1_name": "Arcane Boots"}, {"item_2": 36, "assists": 19, "leaver_status": 0, "item_1": 21, "item_0": 92, "item_0_name": "Urn of Shadows", "leaver_status_description": "finished match, no abandon", "level": 16, "player_slot": 128, "leaver_status_name": "NONE", "hero_id": 20, "last_hits": 30, "kills": 0, "account_id": 45147550, "item_3_name": "Power Treads", "item_4": 42, "item_3": 63, "item_4_name": "Observer Ward", "item_5": 0, "xp_per_min": 276, "hero_name": "Vengeful Spirit", "gold_per_min": 201, "deaths": 11, "denies": 2, "item_2_name": "Magic Wand", "item_1_name": "Ogre Club"}, {"item_2": 108, "assists": 17, "leaver_status": 0, "item_1": 4, "item_0": 187, "item_0_name": "Medallion of Courage", "leaver_status_description": "finished match, no abandon", "level": 18, "player_slot": 129, "leaver_status_name": "NONE", "hero_id": 92, "last_hits": 53, "kills": 8, "account_id": 91113141, "item_3_name": "Magic Wand", "item_4": 29, "item_3": 36, "item_4_name": "Boots of Speed", "item_5": 9, "xp_per_min": 317, "item_5_name": "Platemail", "hero_name": "Visage", "gold_per_min": 249, "deaths": 8, "denies": 2, "item_2_name": "Aghanim's Scepter", "item_1_name": "Chainmail"}, {"item_2": 156, "assists": 17, "leaver_status": 0, "item_1": 149, "item_0": 63, "item_0_name": "Power Treads", "leaver_status_description": "finished match, no abandon", "level": 25, "player_slot": 130, "leaver_status_name": "NONE", "hero_id": 11, "last_hits": 453, "kills": 11, "account_id": 92997975, "item_3_name": "Butterfly", "item_4": 116, "item_3": 139, "item_4_name": "Black King Bar", "item_5": 135, "xp_per_min": 603, "item_5_name": "Monkey King Bar", "hero_name": "Shadow Fiend", "gold_per_min": 604, "deaths": 5, "denies": 24, "item_2_name": "Satanic", "item_1_name": "Crystalys"}, {"item_2": 133, "assists": 21, "leaver_status": 0, "item_1": 96, "item_0": 214, "item_0_name": "Tranquil Boots", "leaver_status_description": "finished match, no abandon", "level": 22, "player_slot": 131, "leaver_status_name": "NONE", "hero_id": 65, "last_hits": 201, "kills": 9, "account_id": 100074427, "item_3_name": "Blink Dagger", "item_4": 102, "item_3": 1, "item_4_name": "Force Staff", "item_5": 116, "xp_per_min": 483, "item_5_name": "Black King Bar", "hero_name": "Batrider", "gold_per_min": 395, "deaths": 10, "denies": 3, "item_2_name": "Divine Rapier", "item_1_name": "Scythe of Vyse"}, {"item_2": 26, "assists": 11, "leaver_status": 0, "item_1": 116, "item_0": 135, "item_0_name": "Monkey King Bar", "leaver_status_description": "finished match, no abandon", "level": 23, "player_slot": 132, "leaver_status_name": "NONE", "hero_id": 9, "last_hits": 268, "kills": 7, "account_id": 5150808, "item_3_name": "Manta Style", "item_4": 166, "item_3": 147, "item_4_name": "Maelstrom", "item_5": 50, "xp_per_min": 533, "item_5_name": "Phase Boots", "hero_name": "Mirana", "gold_per_min": 481, "deaths": 8, "denies": 4, "item_2_name": "Morbid Mask", "item_1_name": "Black King Bar"}], "radiant_name": "WOND5.", "match_seq_num": 591751576, "dire_team_id": 1549144, "dire_team_complete": 0, "start_time": 1399733321, "radiant_win": true, "positive_votes": 7, "leagueid": 1069, "game_mode": 1, "dire_name": "zRrage", "duration": 3248, "negative_votes": 2}