{"tower_status_radiant": 1542, "flags": 0, "radiant_team_complete": 1, "game_mode": 2, "radiant_score": 0, "match_id": 652966360, "lobby_name": "Practice", "dire_logo": 631980045785959337, "pre_game_duration": 0, "radiant_name": "Radical Online X-tremists", "match_seq_num": 591931500, "dire_team_complete": 0, "start_time": 1399741438, "radiant_win": false, "positive_votes": 44, "leagueid": 1068, "duration": 1614, "dire_score": 0, "lobby_type": 1, "cluster": 135, "engine": 0, "barracks_status_dire": 63, "barracks_status_radiant": 3, "cluster_name": "Europe West", "first_blood_time": 196, "radiant_team_id": 293390, "radiant_logo": 921253447668725714, "human_players": 10, "game_mode_name": "Captains Mode", "tower_status_dire": 1844, "players": [{"item_2": 73, "assists": 5, "leaver_status": 0, "item_1": 212, "item_0": 50, "item_0_name": "Phase Boots", "leaver_status_description": "finished match, no abandon", "level": 12, "player_slot": 0, "leaver_status_name": "NONE", "hero_id": 9, "last_hits": 98, "kills": 1, "account_id": 96196828, "item_3_name": "Yasha", "item_4": 36, "item_3": 170, "item_4_name": "Magic Wand", "item_5": 166, "xp_per_min": 306, "item_5_name": "Maelstrom", "hero_name": "Mirana", "gold_per_min": 360, "deaths": 6, "denies": 7, "item_2_name": "Bracer", "item_1_name": "Ring of Aquila"}, {"item_2": 36, "assists": 5, "leaver_status": 3, "item_1": 149, "item_0": 63, "item_0_name": "Power Treads", "leaver_status_description": "player dc, clicked leave, abandon", "level": 15, "player_slot": 1, "leaver_status_name": "ABANDONED", "hero_id": 49, "last_hits": 135, "kills": 2, "account_id": 134556694, "item_3_name": "Drum of Endurance", "item_4": 116, "item_3": 185, "item_4_name": "Black King Bar", "item_5": 41, "xp_per_min": 456, "item_5_name": "Bottle", "hero_name": "Dragon Knight", "gold_per_min": 432, "deaths": 4, "denies": 6, "item_2_name": "Magic Wand", "item_1_name": "Crystalys"}, {"item_2": 29, "assists": 3, "leaver_status": 0, "item_1": 102, "item_0": 79, "item_0_name": "Mekansm", "leaver_status_description": "finished match, no abandon", "level": 11, "player_slot": 2, "leaver_status_name": "NONE", "hero_id": 66, "last_hits": 53, "kills": 2, "account_id": 89137399, "item_4": 0, "item_3": 0, "item_5": 0, "xp_per_min": 230, "hero_name": "Chen", "gold_per_min": 259, "deaths": 8, "denies": 0, "item_2_name": "Boots of Speed", "item_1_name": "Force Staff"}, {"item_2": 0, "assists": 4, "leaver_status": 0, "item_1": 194, "item_0": 166, "item_0_name": "Maelstrom", "leaver_status_description": "finished match, no abandon", "level": 15, "player_slot": 3, "leaver_status_name": "NONE", "hero_id": 53, "last_hits": 128, "kills": 3, "account_id": 53178236, "item_3_name": "Hand of Midas", "item_4": 0, "item_3": 65, "item_5": 50, "xp_per_min": 448, "item_5_name": "Phase Boots", "hero_name": "Nature's Prophet", "gold_per_min": 466, "deaths": 4, "denies": 5, "item_1_name": "Necronomicon"}, {"item_2": 0, "assists": 4, "leaver_status": 3, "item_1": 16, "item_0": 0, "leaver_status_description": "player dc, clicked leave, abandon", "level": 9, "player_slot": 4, "leaver_status_name": "ABANDONED", "hero_id": 79, "last_hits": 10, "kills": 3, "account_id": 76600360, "item_3_name": "Urn of Shadows", "item_4": 188, "item_3": 92, "item_4_name": "Smoke of Deceit", "item_5": 214, "xp_per_min": 182, "item_5_name": "Tranquil Boots", "hero_name": "Shadow Demon", "gold_per_min": 210, "deaths": 7, "denies": 3, "item_1_name": "Iron Branch"}, {"item_2": 102, "assists": 19, "leaver_status": 0, "item_1": 1, "item_0": 180, "item_0_name": "Arcane Boots", "leaver_status_description": "finished match, no abandon", "level": 15, "player_slot": 128, "leaver_status_name": "NONE", "hero_id": 86, "last_hits": 32, "kills": 4, "account_id": 86727555, "item_3_name": "Gem of True Sight", "item_4": 46, "item_3": 30, "item_4_name": "Town Portal Scroll", "item_5": 36, "xp_per_min": 470, "item_5_name": "Magic Wand", "hero_name": "Rubick", "gold_per_min": 355, "deaths": 1, "denies": 3, "item_2_name": "Force Staff", "item_1_name": "Blink Dagger"}, {"item_2": 152, "assists": 11, "leaver_status": 0, "item_1": 65, "item_0": 63, "item_0_name": "Power Treads", "leaver_status_description": "finished match, no abandon", "level": 16, "player_slot": 129, "leaver_status_name": "NONE", "hero_id": 93, "last_hits": 95, "kills": 6, "account_id": 121847953, "item_3_name": "Magic Wand", "item_4": 0, "item_3": 36, "item_5": 185, "xp_per_min": 538, "item_5_name": "Drum of Endurance", "hero_name": "Slark", "gold_per_min": 499, "deaths": 4, "denies": 4, "item_2_name": "Shadow Blade", "item_1_name": "Hand of Midas"}, {"item_2": 102, "assists": 12, "leaver_status": 0, "item_1": 108, "item_0": 48, "item_0_name": "Boots of Travel", "leaver_status_description": "finished match, no abandon", "level": 18, "player_slot": 130, "leaver_status_name": "NONE", "hero_id": 55, "last_hits": 143, "kills": 9, "account_id": 87276347, "item_3_name": "Blink Dagger", "item_4": 79, "item_3": 1, "item_4_name": "Mekansm", "item_5": 178, "xp_per_min": 641, "item_5_name": "Soul Ring", "hero_name": "Dark Seer", "gold_per_min": 578, "deaths": 0, "denies": 2, "item_2_name": "Force Staff", "item_1_name": "Aghanim's Scepter"}, {"item_2": 1, "assists": 17, "leaver_status": 0, "item_1": 108, "item_0": 29, "item_0_name": "Boots of Speed", "leaver_status_description": "finished match, no abandon", "level": 14, "player_slot": 131, "leaver_status_name": "NONE", "hero_id": 33, "last_hits": 86, "kills": 3, "account_id": 73562326, "item_3_name": "Soul Ring", "item_4": 36, "item_3": 178, "item_4_name": "Magic Wand", "item_5": 0, "xp_per_min": 442, "hero_name": "Enigma", "gold_per_min": 443, "deaths": 3, "denies": 9, "item_2_name": "Blink Dagger", "item_1_name": "Aghanim's Scepter"}, {"item_2": 194, "assists": 8, "leaver_status": 0, "item_1": 63, "item_0": 41, "item_0_name": "Bottle", "leaver_status_description": "finished match, no abandon", "level": 16, "player_slot": 132, "leaver_status_name": "NONE", "hero_id": 77, "last_hits": 146, "kills": 6, "account_id": 86745912, "item_3_name": "Desolator", "item_4": 81, "item_3": 168, "item_4_name": "Vladmir's Offering", "item_5": 0, "xp_per_min": 520, "hero_name": "Lycan", "gold_per_min": 589, "deaths": 3, "denies": 24, "item_2_name": "Necronomicon", "item_1_name": "Power Treads"}], "dire_team_id": 39, "picks_bans": [{"order": 0, "is_pick": false, "hero_id": 100, "team": 1}, {"order": 1, "is_pick": false, "hero_id": 83, "team": 0}, {"order": 2, "is_pick": false, "hero_id": 65, "team": 1}, {"order": 3, "is_pick": false, "hero_id": 74, "team": 0}, {"order": 4, "is_pick": true, "hero_id": 77, "team": 1}, {"order": 5, "is_pick": true, "hero_id": 9, "team": 0}, {"order": 6, "is_pick": true, "hero_id": 79, "team": 0}, {"order": 7, "is_pick": true, "hero_id": 55, "team": 1}, {"order": 8, "is_pick": false, "hero_id": 88, "team": 1}, {"order": 9, "is_pick": false, "hero_id": 11, "team": 0}, {"order": 10, "is_pick": false, "hero_id": 2, "team": 1}, {"order": 11, "is_pick": false, "hero_id": 27, "team": 0}, {"order": 12, "is_pick": true, "hero_id": 53, "team": 0}, {"order": 13, "is_pick": true, "hero_id": 86, "team": 1}, {"order": 14, "is_pick": true, "hero_id": 66, "team": 0}, {"order": 15, "is_pick": true, "hero_id": 33, "team": 1}, {"order": 16, "is_pick": false, "hero_id": 13, "team": 0}, {"order": 17, "is_pick": false, "hero_id": 78, "team": 1}, {"order": 18, "is_pick": true, "hero_id": 49, "team": 0}, {"order": 19, "is_pick": true, "hero_id": 93, "team": 1}], "dire_name": "Evil Geniuses", "negative_votes": 3}