{"tower_status_radiant": 1536, "flags": 0, "radiant_team_complete": 0, "game_mode": 2, "radiant_score": 0, "match_id": 660035793, "lobby_name": "Practice", "dire_logo": 50986085993332472, "pre_game_duration": 0, "radiant_name": "Patenca :)", "match_seq_num": 597918297, "dire_team_complete": 0, "start_time": 1400088468, "radiant_win": false, "positive_votes": 0, "leagueid": 1111, "duration": 1949, "dire_score": 0, "lobby_type": 1, "cluster": 135, "engine": 0, "barracks_status_dire": 63, "barracks_status_radiant": 2, "cluster_name": "Europe West", "first_blood_time": 159, "radiant_team_id": 1347611, "radiant_logo": 451798841664371244, "human_players": 10, "game_mode_name": "Captains Mode", "tower_status_dire": 2036, "players": [{"item_2": 116, "assists": 10, "leaver_status": 0, "item_1": 46, "item_0": 98, "item_0_name": "Orchid Malevolence", "leaver_status_description": "finished match, no abandon", "level": 19, "player_slot": 0, "leaver_status_name": "NONE", "hero_id": 17, "last_hits": 125, "kills": 10, "account_id": 161165991, "item_3_name": "Magic Wand", "item_4": 63, "item_3": 36, "item_4_name": "Power Treads", "item_5": 25, "xp_per_min": 628, "item_5_name": "Gloves of Haste", "hero_name": "Storm Spirit", "gold_per_min": 436, "deaths": 6, "denies": 8, "item_2_name": "Black King Bar", "item_1_name": "Town Portal Scroll"}, {"item_2": 92, "assists": 12, "leaver_status": 0, "item_1": 1, "item_0": 180, "item_0_name": "Arcane Boots", "leaver_status_description": "finished match, no abandon", "level": 14, "player_slot": 1, "leaver_status_name": "NONE", "hero_id": 27, "last_hits": 72, "kills": 2, "account_id": 86040272, "item_3_name": "Town Portal Scroll", "item_4": 188, "item_3": 46, "item_4_name": "Smoke of Deceit", "item_5": 0, "xp_per_min": 356, "hero_name": "Shadow Shaman", "gold_per_min": 300, "deaths": 7, "denies": 0, "item_2_name": "Urn of Shadows", "item_1_name": "Blink Dagger"}, {"item_2": 116, "assists": 8, "leaver_status": 0, "item_1": 63, "item_0": 1, "item_0_name": "Blink Dagger", "leaver_status_description": "finished match, no abandon", "level": 17, "player_slot": 2, "leaver_status_name": "NONE", "hero_id": 28, "last_hits": 107, "kills": 6, "account_id": 91364912, "item_3_name": "Magic Stick", "item_4": 46, "item_3": 34, "item_4_name": "Town Portal Scroll", "item_5": 73, "xp_per_min": 504, "item_5_name": "Bracer", "hero_name": "Slardar", "gold_per_min": 384, "deaths": 8, "denies": 13, "item_2_name": "Black King Bar", "item_1_name": "Power Treads"}, {"item_2": 34, "assists": 14, "leaver_status": 0, "item_1": 108, "item_0": 29, "item_0_name": "Boots of Speed", "leaver_status_description": "finished match, no abandon", "level": 13, "player_slot": 3, "leaver_status_name": "NONE", "hero_id": 68, "last_hits": 66, "kills": 1, "account_id": 86822569, "item_4": 0, "item_3": 0, "item_5": 0, "xp_per_min": 291, "hero_name": "Ancient Apparition", "gold_per_min": 244, "deaths": 4, "denies": 2, "item_2_name": "Magic Stick", "item_1_name": "Aghanim's Scepter"}, {"item_2": 1, "assists": 13, "leaver_status": 0, "item_1": 79, "item_0": 29, "item_0_name": "Boots of Speed", "leaver_status_description": "finished match, no abandon", "level": 13, "player_slot": 4, "leaver_status_name": "NONE", "hero_id": 55, "last_hits": 101, "kills": 3, "account_id": 56814206, "item_3_name": "Soul Ring", "item_4": 0, "item_3": 178, "item_5": 21, "xp_per_min": 319, "item_5_name": "Ogre Club", "hero_name": "Dark Seer", "gold_per_min": 314, "deaths": 8, "denies": 1, "item_2_name": "Blink Dagger", "item_1_name": "Mekansm"}, {"item_2": 180, "assists": 12, "leaver_status": 0, "item_1": 36, "item_0": 1, "item_0_name": "Blink Dagger", "leaver_status_description": "finished match, no abandon", "level": 15, "player_slot": 128, "leaver_status_name": "NONE", "hero_id": 83, "last_hits": 12, "kills": 4, "account_id": 86719763, "item_3_name": "Gem of True Sight", "item_4": 162, "item_3": 30, "item_4_name": "Sange", "item_5": 46, "xp_per_min": 377, "item_5_name": "Town Portal Scroll", "hero_name": "Treant Protector", "gold_per_min": 319, "deaths": 3, "denies": 3, "item_2_name": "Arcane Boots", "item_1_name": "Magic Wand"}, {"item_2": 79, "assists": 14, "leaver_status": 0, "item_1": 110, "item_0": 1, "item_0_name": "Blink Dagger", "leaver_status_description": "finished match, no abandon", "level": 17, "player_slot": 129, "leaver_status_name": "NONE", "hero_id": 29, "last_hits": 134, "kills": 5, "account_id": 32335598, "item_3_name": "Town Portal Scroll", "item_4": 180, "item_3": 46, "item_4_name": "Arcane Boots", "item_5": 0, "xp_per_min": 509, "hero_name": "Tidehunter", "gold_per_min": 513, "deaths": 5, "denies": 4, "item_2_name": "Mekansm", "item_1_name": "Refresher Orb"}, {"item_2": 36, "assists": 19, "leaver_status": 0, "item_1": 102, "item_0": 180, "item_0_name": "Arcane Boots", "leaver_status_description": "finished match, no abandon", "level": 17, "player_slot": 130, "leaver_status_name": "NONE", "hero_id": 87, "last_hits": 53, "kills": 5, "account_id": 78512097, "item_3_name": "Smoke of Deceit", "item_4": 46, "item_3": 188, "item_4_name": "Town Portal Scroll", "item_5": 108, "xp_per_min": 521, "item_5_name": "Aghanim's Scepter", "hero_name": "Disruptor", "gold_per_min": 396, "deaths": 4, "denies": 2, "item_2_name": "Magic Wand", "item_1_name": "Force Staff"}, {"item_2": 63, "assists": 14, "leaver_status": 0, "item_1": 24, "item_0": 77, "item_0_name": "Null Talisman", "leaver_status_description": "finished match, no abandon", "level": 16, "player_slot": 131, "leaver_status_name": "NONE", "hero_id": 13, "last_hits": 89, "kills": 8, "account_id": 112707622, "item_3_name": "Blink Dagger", "item_4": 41, "item_3": 1, "item_4_name": "Bottle", "item_5": 46, "xp_per_min": 438, "item_5_name": "Town Portal Scroll", "hero_name": "Puck", "gold_per_min": 427, "deaths": 9, "denies": 6, "item_2_name": "Power Treads", "item_1_name": "Ultimate Orb"}, {"item_2": 63, "assists": 13, "leaver_status": 0, "item_1": 116, "item_0": 194, "item_0_name": "Necronomicon", "leaver_status_description": "finished match, no abandon", "level": 17, "player_slot": 132, "leaver_status_name": "NONE", "hero_id": 77, "last_hits": 178, "kills": 8, "account_id": 48809712, "item_3_name": "Magic Wand", "item_4": 81, "item_3": 36, "item_4_name": "Vladmir's Offering", "item_5": 46, "xp_per_min": 486, "item_5_name": "Town Portal Scroll", "hero_name": "Lycan", "gold_per_min": 593, "deaths": 3, "denies": 17, "item_2_name": "Power Treads", "item_1_name": "Black King Bar"}], "dire_team_id": 1256674, "picks_bans": [{"order": 0, "is_pick": false, "hero_id": 96, "team": 0}, {"order": 1, "is_pick": false, "hero_id": 74, "team": 1}, {"order": 2, "is_pick": false, "hero_id": 65, "team": 0}, {"order": 3, "is_pick": false, "hero_id": 54, "team": 1}, {"order": 4, "is_pick": true, "hero_id": 68, "team": 0}, {"order": 5, "is_pick": true, "hero_id": 77, "team": 1}, {"order": 6, "is_pick": true, "hero_id": 83, "team": 1}, {"order": 7, "is_pick": true, "hero_id": 55, "team": 0}, {"order": 8, "is_pick": false, "hero_id": 50, "team": 0}, {"order": 9, "is_pick": false, "hero_id": 16, "team": 1}, {"order": 10, "is_pick": false, "hero_id": 30, "team": 0}, {"order": 11, "is_pick": false, "hero_id": 69, "team": 1}, {"order": 12, "is_pick": true, "hero_id": 29, "team": 1}, {"order": 13, "is_pick": true, "hero_id": 17, "team": 0}, {"order": 14, "is_pick": true, "hero_id": 13, "team": 1}, {"order": 15, "is_pick": true, "hero_id": 27, "team": 0}, {"order": 16, "is_pick": false, "hero_id": 70, "team": 1}, {"order": 17, "is_pick": false, "hero_id": 52, "team": 0}, {"order": 18, "is_pick": true, "hero_id": 87, "team": 1}, {"order": 19, "is_pick": true, "hero_id": 28, "team": 0}], "dire_name": "XPC International", "negative_votes": 0}