{"tower_status_radiant": 1980, "flags": 0, "radiant_team_complete": 1, "game_mode": 2, "radiant_score": 0, "match_id": 669978229, "lobby_name": "Practice", "radiant_team_id": 484909, "dire_logo": 438325350317236404, "pre_game_duration": 0, "radiant_name": "Hyper Glory Team", "match_seq_num": 606219224, "dire_team_complete": 1, "start_time": 1400559152, "radiant_guild_logo": 469809516190933529, "radiant_win": true, "positive_votes": 1823, "leagueid": 600, "duration": 2297, "dire_score": 0, "lobby_type": 1, "cluster": 223, "radiant_guild_id": 193653, "engine": 0, "barracks_status_dire": 3, "barracks_status_radiant": 63, "cluster_name": "China", "first_blood_time": 248, "radiant_guild_name": "HGT Team", "radiant_logo": 3281181583551777655, "human_players": 10, "game_mode_name": "Captains Mode", "tower_status_dire": 516, "players": [{"item_2": 108, "assists": 10, "leaver_status": 0, "item_1": 180, "item_0": 34, "item_0_name": "Magic Stick", "leaver_status_description": "finished match, no abandon", "level": 15, "player_slot": 0, "leaver_status_name": "NONE", "hero_id": 45, "last_hits": 185, "kills": 4, "account_id": 113705693, "item_3_name": "Mekansm", "item_4": 194, "item_3": 79, "item_4_name": "Necronomicon", "item_5": 46, "xp_per_min": 346, "item_5_name": "Town Portal Scroll", "hero_name": "Pugna", "gold_per_min": 484, "deaths": 0, "denies": 16, "item_2_name": "Aghanim's Scepter", "item_1_name": "Arcane Boots"}, {"item_2": 13, "assists": 11, "leaver_status": 0, "item_1": 36, "item_0": 1, "item_0_name": "Blink Dagger", "leaver_status_description": "finished match, no abandon", "level": 16, "player_slot": 1, "leaver_status_name": "NONE", "hero_id": 29, "last_hits": 99, "kills": 2, "account_id": 111533846, "item_4": 180, "item_3": 0, "item_4_name": "Arcane Boots", "item_5": 110, "xp_per_min": 391, "item_5_name": "Refresher Orb", "hero_name": "Tidehunter", "gold_per_min": 334, "deaths": 1, "denies": 7, "item_2_name": "Gauntlets of Strength", "item_1_name": "Magic Wand"}, {"item_2": 92, "assists": 12, "leaver_status": 0, "item_1": 34, "item_0": 180, "item_0_name": "Arcane Boots", "leaver_status_description": "finished match, no abandon", "level": 12, "player_slot": 2, "leaver_status_name": "NONE", "hero_id": 30, "last_hits": 22, "kills": 2, "account_id": 89166519, "item_3_name": "Drum of Endurance", "item_4": 46, "item_3": 185, "item_4_name": "Town Portal Scroll", "item_5": 0, "xp_per_min": 227, "hero_name": "Witch Doctor", "gold_per_min": 238, "deaths": 2, "denies": 1, "item_2_name": "Urn of Shadows", "item_1_name": "Magic Stick"}, {"item_2": 63, "assists": 6, "leaver_status": 0, "item_1": 119, "item_0": 96, "item_0_name": "Scythe of Vyse", "leaver_status_description": "finished match, no abandon", "level": 19, "player_slot": 3, "leaver_status_name": "NONE", "hero_id": 76, "last_hits": 260, "kills": 7, "account_id": 108376607, "item_3_name": "Black King Bar", "item_4": 102, "item_3": 116, "item_4_name": "Force Staff", "item_5": 65, "xp_per_min": 533, "item_5_name": "Hand of Midas", "hero_name": "Outworld Devourer", "gold_per_min": 595, "deaths": 1, "denies": 43, "item_2_name": "Power Treads", "item_1_name": "Shiva's Guard"}, {"item_2": 56, "assists": 3, "leaver_status": 0, "item_1": 0, "item_0": 34, "item_0_name": "Magic Stick", "leaver_status_description": "finished match, no abandon", "level": 14, "player_slot": 4, "leaver_status_name": "NONE", "hero_id": 83, "last_hits": 27, "kills": 1, "account_id": 131768153, "item_3_name": "Cloak", "item_4": 180, "item_3": 31, "item_4_name": "Arcane Boots", "item_5": 182, "xp_per_min": 275, "item_5_name": "Stout Shield", "hero_name": "Treant Protector", "gold_per_min": 232, "deaths": 1, "denies": 0, "item_2_name": "Ring of Health"}, {"item_2": 63, "assists": 4, "leaver_status": 0, "item_1": 0, "item_0": 36, "item_0_name": "Magic Wand", "leaver_status_description": "finished match, no abandon", "level": 11, "player_slot": 128, "leaver_status_name": "NONE", "hero_id": 42, "last_hits": 49, "kills": 1, "account_id": 166851070, "item_3_name": "Town Portal Scroll", "item_4": 127, "item_3": 46, "item_4_name": "Blade Mail", "item_5": 182, "xp_per_min": 201, "item_5_name": "Stout Shield", "hero_name": "Wraith King", "gold_per_min": 195, "deaths": 5, "denies": 1, "item_2_name": "Power Treads"}, {"item_2": 0, "assists": 3, "leaver_status": 0, "item_1": 34, "item_0": 92, "item_0_name": "Urn of Shadows", "leaver_status_description": "finished match, no abandon", "level": 11, "player_slot": 129, "leaver_status_name": "NONE", "hero_id": 50, "last_hits": 46, "kills": 1, "account_id": 142750189, "item_4": 42, "item_3": 0, "item_4_name": "Observer Ward", "item_5": 29, "xp_per_min": 175, "item_5_name": "Boots of Speed", "hero_name": "Dazzle", "gold_per_min": 177, "deaths": 5, "denies": 1, "item_1_name": "Magic Stick"}, {"item_2": 147, "assists": 1, "leaver_status": 0, "item_1": 8, "item_0": 50, "item_0_name": "Phase Boots", "leaver_status_description": "finished match, no abandon", "level": 17, "player_slot": 130, "leaver_status_name": "NONE", "hero_id": 9, "last_hits": 259, "kills": 1, "account_id": 130416036, "item_3_name": "Ring of Aquila", "item_4": 185, "item_3": 212, "item_4_name": "Drum of Endurance", "item_5": 166, "xp_per_min": 422, "item_5_name": "Maelstrom", "hero_name": "Mirana", "gold_per_min": 448, "deaths": 2, "denies": 19, "item_2_name": "Manta Style", "item_1_name": "Mithril Hammer"}, {"item_2": 46, "assists": 3, "leaver_status": 0, "item_1": 185, "item_0": 102, "item_0_name": "Force Staff", "leaver_status_description": "finished match, no abandon", "level": 14, "player_slot": 131, "leaver_status_name": "NONE", "hero_id": 74, "last_hits": 148, "kills": 0, "account_id": 106863163, "item_3_name": "Magic Wand", "item_4": 24, "item_3": 36, "item_4_name": "Ultimate Orb", "item_5": 50, "xp_per_min": 297, "item_5_name": "Phase Boots", "hero_name": "Invoker", "gold_per_min": 305, "deaths": 2, "denies": 13, "item_2_name": "Town Portal Scroll", "item_1_name": "Drum of Endurance"}, {"item_2": 116, "assists": 1, "leaver_status": 0, "item_1": 79, "item_0": 178, "item_0_name": "Soul Ring", "leaver_status_description": "finished match, no abandon", "level": 14, "player_slot": 132, "leaver_status_name": "NONE", "hero_id": 55, "last_hits": 157, "kills": 2, "account_id": 125576983, "item_3_name": "Platemail", "item_4": 46, "item_3": 9, "item_4_name": "Town Portal Scroll", "item_5": 29, "xp_per_min": 305, "item_5_name": "Boots of Speed", "hero_name": "Dark Seer", "gold_per_min": 309, "deaths": 3, "denies": 0, "item_2_name": "Black King Bar", "item_1_name": "Mekansm"}], "dire_team_id": 1520578, "picks_bans": [{"order": 0, "is_pick": false, "hero_id": 88, "team": 0}, {"order": 1, "is_pick": false, "hero_id": 65, "team": 1}, {"order": 2, "is_pick": false, "hero_id": 68, "team": 0}, {"order": 3, "is_pick": false, "hero_id": 77, "team": 1}, {"order": 4, "is_pick": true, "hero_id": 83, "team": 0}, {"order": 5, "is_pick": true, "hero_id": 74, "team": 1}, {"order": 6, "is_pick": true, "hero_id": 55, "team": 1}, {"order": 7, "is_pick": true, "hero_id": 76, "team": 0}, {"order": 8, "is_pick": false, "hero_id": 46, "team": 0}, {"order": 9, "is_pick": false, "hero_id": 69, "team": 1}, {"order": 10, "is_pick": false, "hero_id": 86, "team": 0}, {"order": 11, "is_pick": false, "hero_id": 96, "team": 1}, {"order": 12, "is_pick": true, "hero_id": 42, "team": 1}, {"order": 13, "is_pick": true, "hero_id": 30, "team": 0}, {"order": 14, "is_pick": true, "hero_id": 50, "team": 1}, {"order": 15, "is_pick": true, "hero_id": 29, "team": 0}, {"order": 16, "is_pick": false, "hero_id": 2, "team": 1}, {"order": 17, "is_pick": false, "hero_id": 92, "team": 0}, {"order": 18, "is_pick": true, "hero_id": 9, "team": 1}, {"order": 19, "is_pick": true, "hero_id": 45, "team": 0}], "dire_name": "CDEC Gaming", "negative_votes": 111}