{"tower_status_radiant": 2047, "flags": 0, "lobby_type": 1, "cluster": 223, "game_mode_name": "Captains Mode", "dire_logo": 3281175896791865397, "engine": 0, "barracks_status_dire": 34, "barracks_status_radiant": 63, "cluster_name": "China", "radiant_score": 0, "match_id": 687139155, "lobby_name": "Practice", "dire_score": 0, "first_blood_time": 0, "human_players": 10, "pre_game_duration": 0, "tower_status_dire": 1536, "players": [{"item_2": 36, "assists": 20, "leaver_status": 0, "item_1": 102, "item_0": 1, "item_0_name": "Blink Dagger", "leaver_status_description": "finished match, no abandon", "level": 17, "player_slot": 0, "leaver_status_name": "NONE", "hero_id": 86, "last_hits": 38, "kills": 3, "account_id": 136186119, "item_3_name": "Perseverance", "item_4": 73, "item_3": 69, "item_4_name": "Bracer", "item_5": 180, "xp_per_min": 423, "item_5_name": "Arcane Boots", "hero_name": "Rubick", "gold_per_min": 312, "deaths": 4, "denies": 3, "item_2_name": "Magic Wand", "item_1_name": "Force Staff"}, {"item_2": 1, "assists": 13, "leaver_status": 0, "item_1": 119, "item_0": 50, "item_0_name": "Phase Boots", "leaver_status_description": "finished match, no abandon", "level": 19, "player_slot": 1, "leaver_status_name": "NONE", "hero_id": 69, "last_hits": 163, "kills": 7, "account_id": 124566285, "item_3_name": "Sange", "item_4": 116, "item_3": 162, "item_4_name": "Black King Bar", "item_5": 185, "xp_per_min": 532, "item_5_name": "Drum of Endurance", "hero_name": "Doom", "gold_per_min": 563, "deaths": 2, "denies": 4, "item_2_name": "Blink Dagger", "item_1_name": "Shiva's Guard"}, {"item_2": 0, "assists": 13, "leaver_status": 0, "item_1": 36, "item_0": 102, "item_0_name": "Force Staff", "leaver_status_description": "finished match, no abandon", "level": 14, "player_slot": 2, "leaver_status_name": "NONE", "hero_id": 52, "last_hits": 52, "kills": 5, "account_id": 88521435, "item_3_name": "Observer Ward", "item_4": 73, "item_3": 42, "item_4_name": "Bracer", "item_5": 29, "xp_per_min": 296, "item_5_name": "Boots of Speed", "hero_name": "Leshrac", "gold_per_min": 299, "deaths": 10, "denies": 0, "item_1_name": "Magic Wand"}, {"item_2": 0, "assists": 11, "leaver_status": 0, "item_1": 123, "item_0": 147, "item_0_name": "Manta Style", "leaver_status_description": "finished match, no abandon", "level": 18, "player_slot": 3, "leaver_status_name": "NONE", "hero_id": 89, "last_hits": 343, "kills": 6, "account_id": 112960848, "item_3_name": "Poor Man's Shield", "item_4": 137, "item_3": 71, "item_4_name": "Radiance", "item_5": 48, "xp_per_min": 497, "item_5_name": "Boots of Travel", "hero_name": "Naga Siren", "gold_per_min": 643, "deaths": 2, "denies": 9, "item_1_name": "Linken's Sphere"}, {"item_2": 116, "assists": 9, "leaver_status": 0, "item_1": 102, "item_0": 98, "item_0_name": "Orchid Malevolence", "leaver_status_description": "finished match, no abandon", "level": 21, "player_slot": 4, "leaver_status_name": "NONE", "hero_id": 74, "last_hits": 197, "kills": 12, "account_id": 117281554, "item_3_name": "Phase Boots", "item_4": 168, "item_3": 50, "item_4_name": "Desolator", "item_5": 30, "xp_per_min": 659, "item_5_name": "Gem of True Sight", "hero_name": "Invoker", "gold_per_min": 573, "deaths": 0, "denies": 15, "item_2_name": "Black King Bar", "item_1_name": "Force Staff"}, {"item_2": 185, "assists": 4, "leaver_status": 0, "item_1": 36, "item_0": 0, "leaver_status_description": "finished match, no abandon", "level": 16, "player_slot": 128, "leaver_status_name": "NONE", "hero_id": 106, "last_hits": 134, "kills": 3, "account_id": 101586543, "item_3_name": "Town Portal Scroll", "item_4": 145, "item_3": 46, "item_4_name": "Battle Fury", "item_5": 50, "xp_per_min": 375, "item_5_name": "Phase Boots", "hero_name": "Ember Spirit", "gold_per_min": 304, "deaths": 7, "denies": 10, "item_2_name": "Drum of Endurance", "item_1_name": "Magic Wand"}, {"item_2": 36, "assists": 7, "leaver_status": 0, "item_1": 79, "item_0": 180, "item_0_name": "Arcane Boots", "leaver_status_description": "finished match, no abandon", "level": 15, "player_slot": 129, "leaver_status_name": "NONE", "hero_id": 29, "last_hits": 107, "kills": 5, "account_id": 103276072, "item_4": 1, "item_3": 0, "item_4_name": "Blink Dagger", "item_5": 102, "xp_per_min": 351, "item_5_name": "Force Staff", "hero_name": "Tidehunter", "gold_per_min": 328, "deaths": 7, "denies": 9, "item_2_name": "Magic Wand", "item_1_name": "Mekansm"}, {"item_2": 0, "assists": 6, "leaver_status": 0, "item_1": 50, "item_0": 46, "item_0_name": "Town Portal Scroll", "leaver_status_description": "finished match, no abandon", "level": 16, "player_slot": 130, "leaver_status_name": "NONE", "hero_id": 9, "last_hits": 163, "kills": 5, "account_id": 118134220, "item_3_name": "Bottle", "item_4": 65, "item_3": 41, "item_4_name": "Hand of Midas", "item_5": 123, "xp_per_min": 397, "item_5_name": "Linken's Sphere", "hero_name": "Mirana", "gold_per_min": 405, "deaths": 4, "denies": 15, "item_1_name": "Phase Boots"}, {"item_2": 36, "assists": 13, "leaver_status": 0, "item_1": 182, "item_0": 1, "item_0_name": "Blink Dagger", "leaver_status_description": "finished match, no abandon", "level": 14, "player_slot": 131, "leaver_status_name": "NONE", "hero_id": 42, "last_hits": 63, "kills": 2, "account_id": 117990312, "item_3_name": "Power Treads", "item_4": 46, "item_3": 63, "item_4_name": "Town Portal Scroll", "item_5": 25, "xp_per_min": 316, "item_5_name": "Gloves of Haste", "hero_name": "Wraith King", "gold_per_min": 232, "deaths": 10, "denies": 12, "item_2_name": "Magic Wand", "item_1_name": "Stout Shield"}, {"item_2": 30, "assists": 7, "leaver_status": 0, "item_1": 36, "item_0": 40, "item_0_name": "Dust of Appearance", "leaver_status_description": "finished match, no abandon", "level": 10, "player_slot": 132, "leaver_status_name": "NONE", "hero_id": 68, "last_hits": 14, "kills": 3, "account_id": 111114687, "item_3_name": "Boots of Speed", "item_4": 43, "item_3": 29, "item_4_name": "Sentry Ward", "item_5": 188, "xp_per_min": 159, "item_5_name": "Smoke of Deceit", "hero_name": "Ancient Apparition", "gold_per_min": 156, "deaths": 6, "denies": 1, "item_2_name": "Gem of True Sight", "item_1_name": "Magic Wand"}], "match_seq_num": 620741648, "dire_team_id": 1392666, "dire_team_complete": 0, "start_time": 1401369378, "picks_bans": [{"order": 0, "is_pick": false, "hero_id": 77, "team": 0}, {"order": 1, "is_pick": false, "hero_id": 65, "team": 1}, {"order": 2, "is_pick": false, "hero_id": 31, "team": 0}, {"order": 3, "is_pick": false, "hero_id": 83, "team": 1}, {"order": 4, "is_pick": true, "hero_id": 69, "team": 0}, {"order": 5, "is_pick": true, "hero_id": 9, "team": 1}, {"order": 6, "is_pick": true, "hero_id": 68, "team": 1}, {"order": 7, "is_pick": true, "hero_id": 74, "team": 0}, {"order": 8, "is_pick": false, "hero_id": 46, "team": 0}, {"order": 9, "is_pick": false, "hero_id": 58, "team": 1}, {"order": 10, "is_pick": false, "hero_id": 96, "team": 0}, {"order": 11, "is_pick": false, "hero_id": 27, "team": 1}, {"order": 12, "is_pick": true, "hero_id": 42, "team": 1}, {"order": 13, "is_pick": true, "hero_id": 86, "team": 0}, {"order": 14, "is_pick": true, "hero_id": 29, "team": 1}, {"order": 15, "is_pick": true, "hero_id": 89, "team": 0}, {"order": 16, "is_pick": false, "hero_id": 16, "team": 1}, {"order": 17, "is_pick": false, "hero_id": 76, "team": 0}, {"order": 18, "is_pick": true, "hero_id": 106, "team": 1}, {"order": 19, "is_pick": true, "hero_id": 52, "team": 0}], "radiant_win": true, "positive_votes": 10, "leagueid": 1284, "game_mode": 2, "dire_name": "SPD-GAMING", "duration": 2226, "negative_votes": 4}