{"tower_status_radiant": 1926, "flags": 0, "radiant_team_complete": 0, "game_mode": 2, "radiant_score": 0, "match_id": 692409336, "lobby_name": "Practice", "dire_logo": 3264294907120850166, "pre_game_duration": 0, "radiant_name": "Cede.Nullis", "match_seq_num": 625269292, "dire_team_complete": 1, "start_time": 1401566704, "radiant_win": false, "positive_votes": 7, "leagueid": 1361, "duration": 3203, "dire_score": 0, "lobby_type": 1, "cluster": 136, "engine": 0, "barracks_status_dire": 61, "barracks_status_radiant": 51, "cluster_name": "Europe West", "first_blood_time": 0, "radiant_team_id": 784775, "radiant_logo": 577869232843463145, "human_players": 10, "game_mode_name": "Captains Mode", "tower_status_dire": 1824, "players": [{"item_2": 180, "assists": 8, "leaver_status": 3, "item_1": 43, "item_0": 0, "leaver_status_description": "player dc, clicked leave, abandon", "level": 15, "player_slot": 0, "leaver_status_name": "ABANDONED", "hero_id": 83, "last_hits": 64, "kills": 3, "account_id": 27005611, "item_3_name": "Observer Ward", "item_4": 34, "item_3": 42, "item_4_name": "Magic Stick", "item_5": 1, "xp_per_min": 243, "item_5_name": "Blink Dagger", "hero_name": "Treant Protector", "gold_per_min": 239, "deaths": 8, "denies": 1, "item_2_name": "Arcane Boots", "item_1_name": "Sentry Ward"}, {"item_2": 48, "assists": 13, "leaver_status": 3, "item_1": 119, "item_0": 1, "item_0_name": "Blink Dagger", "leaver_status_description": "player dc, clicked leave, abandon", "level": 21, "player_slot": 1, "leaver_status_name": "ABANDONED", "hero_id": 78, "last_hits": 210, "kills": 5, "account_id": 96169991, "item_3_name": "Bottle", "item_4": 108, "item_3": 41, "item_4_name": "Aghanim's Scepter", "item_5": 43, "xp_per_min": 467, "item_5_name": "Sentry Ward", "hero_name": "Brewmaster", "gold_per_min": 387, "deaths": 5, "denies": 14, "item_2_name": "Boots of Travel", "item_1_name": "Shiva's Guard"}, {"item_2": 46, "assists": 10, "leaver_status": 0, "item_1": 96, "item_0": 63, "item_0_name": "Power Treads", "leaver_status_description": "finished match, no abandon", "level": 22, "player_slot": 2, "leaver_status_name": "NONE", "hero_id": 75, "last_hits": 250, "kills": 10, "account_id": 53151216, "item_3_name": "Aghanim's Scepter", "item_4": 116, "item_3": 108, "item_4_name": "Black King Bar", "item_5": 1, "xp_per_min": 494, "item_5_name": "Blink Dagger", "hero_name": "Silencer", "gold_per_min": 475, "deaths": 7, "denies": 23, "item_2_name": "Town Portal Scroll", "item_1_name": "Scythe of Vyse"}, {"item_2": 29, "assists": 12, "leaver_status": 0, "item_1": 108, "item_0": 102, "item_0_name": "Force Staff", "leaver_status_description": "finished match, no abandon", "level": 15, "player_slot": 3, "leaver_status_name": "NONE", "hero_id": 68, "last_hits": 68, "kills": 3, "account_id": 90159486, "item_3_name": "Ultimate Orb", "item_4": 0, "item_3": 24, "item_5": 46, "xp_per_min": 237, "item_5_name": "Town Portal Scroll", "hero_name": "Ancient Apparition", "gold_per_min": 258, "deaths": 8, "denies": 1, "item_2_name": "Boots of Speed", "item_1_name": "Aghanim's Scepter"}, {"item_2": 116, "assists": 12, "leaver_status": 0, "item_1": 194, "item_0": 50, "item_0_name": "Phase Boots", "leaver_status_description": "finished match, no abandon", "level": 22, "player_slot": 4, "leaver_status_name": "NONE", "hero_id": 53, "last_hits": 382, "kills": 9, "account_id": 87196208, "item_3_name": "Scythe of Vyse", "item_4": 112, "item_3": 96, "item_4_name": "Assault Cuirass", "item_5": 46, "xp_per_min": 490, "item_5_name": "Town Portal Scroll", "hero_name": "Nature's Prophet", "gold_per_min": 575, "deaths": 6, "denies": 0, "item_2_name": "Black King Bar", "item_1_name": "Necronomicon"}, {"item_2": 65, "assists": 11, "leaver_status": 0, "item_1": 147, "item_0": 116, "item_0_name": "Black King Bar", "leaver_status_description": "finished match, no abandon", "level": 25, "player_slot": 128, "leaver_status_name": "NONE", "hero_id": 9, "last_hits": 393, "kills": 14, "account_id": 119809622, "item_3_name": "Mjollnir", "item_4": 51, "item_3": 158, "item_4_name": "Demon Edge", "item_5": 50, "xp_per_min": 607, "item_5_name": "Phase Boots", "hero_name": "Mirana", "gold_per_min": 620, "deaths": 6, "denies": 24, "item_2_name": "Hand of Midas", "item_1_name": "Manta Style"}, {"item_2": 100, "assists": 17, "leaver_status": 0, "item_1": 96, "item_0": 119, "item_0_name": "Shiva's Guard", "leaver_status_description": "finished match, no abandon", "level": 25, "player_slot": 129, "leaver_status_name": "NONE", "hero_id": 43, "last_hits": 401, "kills": 11, "account_id": 98609497, "item_3_name": "Boots of Travel", "item_4": 116, "item_3": 48, "item_4_name": "Black King Bar", "item_5": 114, "xp_per_min": 618, "item_5_name": "Heart of Tarrasque", "hero_name": "Death Prophet", "gold_per_min": 590, "deaths": 4, "denies": 5, "item_2_name": "Eul's Scepter of Divinity", "item_1_name": "Scythe of Vyse"}, {"item_2": 116, "assists": 16, "leaver_status": 0, "item_1": 67, "item_0": 1, "item_0_name": "Blink Dagger", "leaver_status_description": "finished match, no abandon", "level": 21, "player_slot": 130, "leaver_status_name": "NONE", "hero_id": 29, "last_hits": 155, "kills": 2, "account_id": 95430068, "item_3_name": "Arcane Boots", "item_4": 0, "item_3": 180, "item_5": 79, "xp_per_min": 464, "item_5_name": "Mekansm", "hero_name": "Tidehunter", "gold_per_min": 334, "deaths": 6, "denies": 0, "item_2_name": "Black King Bar", "item_1_name": "Oblivion Staff"}, {"item_2": 63, "assists": 12, "leaver_status": 0, "item_1": 36, "item_0": 102, "item_0_name": "Force Staff", "leaver_status_description": "finished match, no abandon", "level": 17, "player_slot": 131, "leaver_status_name": "NONE", "hero_id": 42, "last_hits": 37, "kills": 5, "account_id": 48107397, "item_3_name": "Blink Dagger", "item_4": 43, "item_3": 1, "item_4_name": "Sentry Ward", "item_5": 0, "xp_per_min": 311, "hero_name": "Wraith King", "gold_per_min": 243, "deaths": 7, "denies": 0, "item_2_name": "Power Treads", "item_1_name": "Magic Wand"}, {"item_2": 180, "assists": 13, "leaver_status": 0, "item_1": 30, "item_0": 0, "leaver_status_description": "finished match, no abandon", "level": 16, "player_slot": 132, "leaver_status_name": "NONE", "hero_id": 79, "last_hits": 50, "kills": 2, "account_id": 92949094, "item_3_name": "Force Staff", "item_4": 46, "item_3": 102, "item_4_name": "Town Portal Scroll", "item_5": 34, "xp_per_min": 258, "item_5_name": "Magic Stick", "hero_name": "Shadow Demon", "gold_per_min": 212, "deaths": 7, "denies": 4, "item_2_name": "Arcane Boots", "item_1_name": "Gem of True Sight"}], "dire_team_id": 1143411, "picks_bans": [{"order": 0, "is_pick": false, "hero_id": 77, "team": 1}, {"order": 1, "is_pick": false, "hero_id": 65, "team": 0}, {"order": 2, "is_pick": false, "hero_id": 74, "team": 1}, {"order": 3, "is_pick": false, "hero_id": 96, "team": 0}, {"order": 4, "is_pick": true, "hero_id": 79, "team": 1}, {"order": 5, "is_pick": true, "hero_id": 83, "team": 0}, {"order": 6, "is_pick": true, "hero_id": 53, "team": 0}, {"order": 7, "is_pick": true, "hero_id": 9, "team": 1}, {"order": 8, "is_pick": false, "hero_id": 66, "team": 1}, {"order": 9, "is_pick": false, "hero_id": 50, "team": 0}, {"order": 10, "is_pick": false, "hero_id": 58, "team": 1}, {"order": 11, "is_pick": false, "hero_id": 55, "team": 0}, {"order": 12, "is_pick": true, "hero_id": 68, "team": 0}, {"order": 13, "is_pick": true, "hero_id": 29, "team": 1}, {"order": 14, "is_pick": true, "hero_id": 78, "team": 0}, {"order": 15, "is_pick": true, "hero_id": 42, "team": 1}, {"order": 16, "is_pick": false, "hero_id": 88, "team": 0}, {"order": 17, "is_pick": false, "hero_id": 63, "team": 1}, {"order": 18, "is_pick": true, "hero_id": 75, "team": 0}, {"order": 19, "is_pick": true, "hero_id": 43, "team": 1}], "dire_name": "Aggressive minds", "negative_votes": 0}