{"tower_status_radiant": 1792, "flags": 0, "radiant_team_complete": 1, "game_mode": 2, "radiant_score": 0, "match_id": 698738263, "lobby_name": "Practice", "dire_logo": 531766271384850245, "pre_game_duration": 0, "radiant_name": "Team Liquid", "match_seq_num": 630580727, "dire_team_complete": 1, "start_time": 1401831400, "radiant_win": false, "positive_votes": 24, "leagueid": 1100, "duration": 2948, "dire_score": 0, "lobby_type": 1, "cluster": 124, "engine": 0, "barracks_status_dire": 63, "barracks_status_radiant": 48, "cluster_name": "US East", "first_blood_time": 0, "radiant_team_id": 2163, "radiant_logo": 451783905032671206, "human_players": 10, "game_mode_name": "Captains Mode", "tower_status_dire": 1796, "players": [{"item_2": 42, "assists": 17, "leaver_status": 0, "item_1": 37, "item_0": 1, "item_0_name": "Blink Dagger", "leaver_status_description": "finished match, no abandon", "level": 16, "player_slot": 0, "leaver_status_name": "NONE", "hero_id": 26, "last_hits": 38, "kills": 2, "account_id": 30237211, "item_3_name": "Magic Wand", "item_4": 214, "item_3": 36, "item_4_name": "Tranquil Boots", "item_5": 46, "xp_per_min": 277, "item_5_name": "Town Portal Scroll", "hero_name": "Lion", "gold_per_min": 230, "deaths": 10, "denies": 3, "item_2_name": "Observer Ward", "item_1_name": "Ghost Scepter"}, {"item_2": 116, "assists": 20, "leaver_status": 3, "item_1": 50, "item_0": 96, "item_0_name": "Scythe of Vyse", "leaver_status_description": "player dc, clicked leave, abandon", "level": 23, "player_slot": 1, "leaver_status_name": "ABANDONED", "hero_id": 53, "last_hits": 371, "kills": 1, "account_id": 86738694, "item_3_name": "Necronomicon", "item_4": 65, "item_3": 194, "item_4_name": "Hand of Midas", "item_5": 135, "xp_per_min": 593, "item_5_name": "Monkey King Bar", "hero_name": "Nature's Prophet", "gold_per_min": 590, "deaths": 8, "denies": 2, "item_2_name": "Black King Bar", "item_1_name": "Phase Boots"}, {"item_2": 37, "assists": 17, "leaver_status": 0, "item_1": 119, "item_0": 1, "item_0_name": "Blink Dagger", "leaver_status_description": "finished match, no abandon", "level": 19, "player_slot": 2, "leaver_status_name": "NONE", "hero_id": 29, "last_hits": 218, "kills": 6, "account_id": 85805514, "item_3_name": "Arcane Boots", "item_4": 110, "item_3": 180, "item_4_name": "Refresher Orb", "item_5": 46, "xp_per_min": 419, "item_5_name": "Town Portal Scroll", "hero_name": "Tidehunter", "gold_per_min": 415, "deaths": 5, "denies": 7, "item_2_name": "Ghost Scepter", "item_1_name": "Shiva's Guard"}, {"item_2": 46, "assists": 10, "leaver_status": 0, "item_1": 166, "item_0": 112, "item_0_name": "Assault Cuirass", "leaver_status_description": "finished match, no abandon", "level": 21, "player_slot": 3, "leaver_status_name": "NONE", "hero_id": 49, "last_hits": 230, "kills": 11, "account_id": 67601693, "item_3_name": "Shadow Blade", "item_4": 63, "item_3": 152, "item_4_name": "Power Treads", "item_5": 116, "xp_per_min": 504, "item_5_name": "Black King Bar", "hero_name": "Dragon Knight", "gold_per_min": 452, "deaths": 6, "denies": 15, "item_2_name": "Town Portal Scroll", "item_1_name": "Maelstrom"}, {"item_2": 172, "assists": 14, "leaver_status": 0, "item_1": 79, "item_0": 0, "leaver_status_description": "finished match, no abandon", "level": 17, "player_slot": 4, "leaver_status_name": "NONE", "hero_id": 58, "last_hits": 93, "kills": 7, "account_id": 38515149, "item_3_name": "Power Treads", "item_4": 108, "item_3": 63, "item_4_name": "Aghanim's Scepter", "item_5": 0, "xp_per_min": 333, "hero_name": "Enchantress", "gold_per_min": 321, "deaths": 8, "denies": 0, "item_2_name": "Mask of Madness", "item_1_name": "Mekansm"}, {"item_2": 116, "assists": 6, "leaver_status": 0, "item_1": 194, "item_0": 208, "item_0_name": "Abyssal Blade", "leaver_status_description": "finished match, no abandon", "level": 25, "player_slot": 128, "leaver_status_name": "NONE", "hero_id": 77, "last_hits": 280, "kills": 16, "account_id": 87285329, "item_3_name": "Power Treads", "item_4": 117, "item_3": 63, "item_4_name": "Aegis of the Immortal", "item_5": 112, "xp_per_min": 659, "item_5_name": "Assault Cuirass", "hero_name": "Lycan", "gold_per_min": 649, "deaths": 4, "denies": 10, "item_2_name": "Black King Bar", "item_1_name": "Necronomicon"}, {"item_2": 102, "assists": 10, "leaver_status": 0, "item_1": 0, "item_0": 36, "item_0_name": "Magic Wand", "leaver_status_description": "finished match, no abandon", "level": 20, "player_slot": 129, "leaver_status_name": "NONE", "hero_id": 20, "last_hits": 87, "kills": 3, "account_id": 87382579, "item_3_name": "Aghanim's Scepter", "item_4": 0, "item_3": 108, "item_5": 63, "xp_per_min": 428, "item_5_name": "Power Treads", "hero_name": "Vengeful Spirit", "gold_per_min": 307, "deaths": 7, "denies": 1, "item_2_name": "Force Staff"}, {"item_2": 116, "assists": 14, "leaver_status": 0, "item_1": 194, "item_0": 63, "item_0_name": "Power Treads", "leaver_status_description": "finished match, no abandon", "level": 21, "player_slot": 130, "leaver_status_name": "NONE", "hero_id": 74, "last_hits": 260, "kills": 4, "account_id": 86799300, "item_4": 46, "item_3": 0, "item_4_name": "Town Portal Scroll", "item_5": 119, "xp_per_min": 485, "item_5_name": "Shiva's Guard", "hero_name": "Invoker", "gold_per_min": 482, "deaths": 8, "denies": 16, "item_2_name": "Black King Bar", "item_1_name": "Necronomicon"}, {"item_2": 102, "assists": 15, "leaver_status": 0, "item_1": 1, "item_0": 214, "item_0_name": "Tranquil Boots", "leaver_status_description": "finished match, no abandon", "level": 23, "player_slot": 131, "leaver_status_name": "NONE", "hero_id": 96, "last_hits": 186, "kills": 6, "account_id": 86726887, "item_3_name": "Mekansm", "item_4": 210, "item_3": 79, "item_4_name": "Heaven's Halberd", "item_5": 53, "xp_per_min": 576, "item_5_name": "Reaver", "hero_name": "Centaur Warrunner", "gold_per_min": 441, "deaths": 4, "denies": 1, "item_2_name": "Force Staff", "item_1_name": "Blink Dagger"}, {"item_2": 46, "assists": 16, "leaver_status": 0, "item_1": 1, "item_0": 190, "item_0_name": "Veil of Discord", "leaver_status_description": "finished match, no abandon", "level": 19, "player_slot": 132, "leaver_status_name": "NONE", "hero_id": 16, "last_hits": 135, "kills": 7, "account_id": 31078647, "item_3_name": "Black King Bar", "item_4": 180, "item_3": 116, "item_4_name": "Arcane Boots", "item_5": 0, "xp_per_min": 425, "hero_name": "Sand King", "gold_per_min": 368, "deaths": 5, "denies": 0, "item_2_name": "Town Portal Scroll", "item_1_name": "Blink Dagger"}], "dire_team_id": 26, "picks_bans": [{"order": 0, "is_pick": false, "hero_id": 95, "team": 0}, {"order": 1, "is_pick": false, "hero_id": 65, "team": 1}, {"order": 2, "is_pick": false, "hero_id": 93, "team": 0}, {"order": 3, "is_pick": false, "hero_id": 9, "team": 1}, {"order": 4, "is_pick": true, "hero_id": 53, "team": 0}, {"order": 5, "is_pick": true, "hero_id": 77, "team": 1}, {"order": 6, "is_pick": true, "hero_id": 74, "team": 1}, {"order": 7, "is_pick": true, "hero_id": 58, "team": 0}, {"order": 8, "is_pick": false, "hero_id": 33, "team": 0}, {"order": 9, "is_pick": false, "hero_id": 78, "team": 1}, {"order": 10, "is_pick": false, "hero_id": 68, "team": 0}, {"order": 11, "is_pick": false, "hero_id": 83, "team": 1}, {"order": 12, "is_pick": true, "hero_id": 16, "team": 1}, {"order": 13, "is_pick": true, "hero_id": 49, "team": 0}, {"order": 14, "is_pick": true, "hero_id": 20, "team": 1}, {"order": 15, "is_pick": true, "hero_id": 26, "team": 0}, {"order": 16, "is_pick": false, "hero_id": 63, "team": 1}, {"order": 17, "is_pick": false, "hero_id": 51, "team": 0}, {"order": 18, "is_pick": true, "hero_id": 96, "team": 1}, {"order": 19, "is_pick": true, "hero_id": 29, "team": 0}], "dire_name": "mousesports", "negative_votes": 0}