{"tower_status_radiant": 1540, "flags": 0, "radiant_team_complete": 1, "game_mode": 2, "radiant_score": 0, "match_id": 707435412, "lobby_name": "Practice", "dire_logo": 438325350317236404, "pre_game_duration": 0, "radiant_name": "SPD-GAMING", "match_seq_num": 638011360, "dire_team_complete": 1, "start_time": 1402225688, "radiant_win": false, "positive_votes": 15, "leagueid": 1284, "duration": 1830, "dire_score": 0, "lobby_type": 1, "cluster": 223, "engine": 0, "barracks_status_dire": 63, "barracks_status_radiant": 15, "cluster_name": "China", "first_blood_time": 143, "radiant_team_id": 1392666, "radiant_logo": 3281175896791865397, "human_players": 10, "game_mode_name": "Captains Mode", "tower_status_dire": 2047, "players": [{"item_2": 0, "assists": 4, "leaver_status": 0, "item_1": 0, "item_0": 214, "item_0_name": "Tranquil Boots", "leaver_status_description": "finished match, no abandon", "level": 10, "player_slot": 0, "leaver_status_name": "NONE", "hero_id": 96, "last_hits": 55, "kills": 0, "account_id": 103276072, "item_4": 1, "item_3": 0, "item_4_name": "Blink Dagger", "item_5": 34, "xp_per_min": 196, "item_5_name": "Magic Stick", "hero_name": "Centaur Warrunner", "gold_per_min": 184, "deaths": 8, "denies": 8}, {"item_2": 65, "assists": 2, "leaver_status": 0, "item_1": 116, "item_0": 154, "item_0_name": "Sange and Yasha", "leaver_status_description": "finished match, no abandon", "level": 18, "player_slot": 1, "leaver_status_name": "NONE", "hero_id": 11, "last_hits": 197, "kills": 3, "account_id": 101586543, "item_3_name": "Town Portal Scroll", "item_4": 75, "item_3": 46, "item_4_name": "Wraith Band", "item_5": 63, "xp_per_min": 570, "item_5_name": "Power Treads", "hero_name": "Shadow Fiend", "gold_per_min": 476, "deaths": 6, "denies": 8, "item_2_name": "Hand of Midas", "item_1_name": "Black King Bar"}, {"item_2": 185, "assists": 5, "leaver_status": 0, "item_1": 36, "item_0": 50, "item_0_name": "Phase Boots", "leaver_status_description": "finished match, no abandon", "level": 13, "player_slot": 2, "leaver_status_name": "NONE", "hero_id": 88, "last_hits": 86, "kills": 2, "account_id": 118134220, "item_3_name": "Ogre Club", "item_4": 88, "item_3": 21, "item_4_name": "Ring of Basilius", "item_5": 46, "xp_per_min": 300, "item_5_name": "Town Portal Scroll", "hero_name": "Nyx Assassin", "gold_per_min": 272, "deaths": 6, "denies": 13, "item_2_name": "Drum of Endurance", "item_1_name": "Magic Wand"}, {"item_2": 36, "assists": 1, "leaver_status": 0, "item_1": 0, "item_0": 1, "item_0_name": "Blink Dagger", "leaver_status_description": "finished match, no abandon", "level": 11, "player_slot": 3, "leaver_status_name": "NONE", "hero_id": 26, "last_hits": 19, "kills": 5, "account_id": 117990312, "item_3_name": "Tranquil Boots", "item_4": 0, "item_3": 214, "item_5": 0, "xp_per_min": 219, "hero_name": "Lion", "gold_per_min": 199, "deaths": 5, "denies": 2, "item_2_name": "Magic Wand"}, {"item_2": 13, "assists": 2, "leaver_status": 0, "item_1": 36, "item_0": 46, "item_0_name": "Town Portal Scroll", "leaver_status_description": "finished match, no abandon", "level": 8, "player_slot": 4, "leaver_status_name": "NONE", "hero_id": 91, "last_hits": 8, "kills": 2, "account_id": 111114687, "item_3_name": "Boots of Speed", "item_4": 41, "item_3": 29, "item_4_name": "Bottle", "item_5": 0, "xp_per_min": 126, "hero_name": "Io", "gold_per_min": 137, "deaths": 4, "denies": 0, "item_2_name": "Gauntlets of Strength", "item_1_name": "Magic Wand"}, {"item_2": 123, "assists": 13, "leaver_status": 0, "item_1": 46, "item_0": 116, "item_0_name": "Black King Bar", "leaver_status_description": "finished match, no abandon", "level": 19, "player_slot": 128, "leaver_status_name": "NONE", "hero_id": 10, "last_hits": 227, "kills": 10, "account_id": 106863163, "item_3_name": "Ethereal Blade", "item_4": 212, "item_3": 176, "item_4_name": "Ring of Aquila", "item_5": 63, "xp_per_min": 630, "item_5_name": "Power Treads", "hero_name": "Morphling", "gold_per_min": 686, "deaths": 0, "denies": 29, "item_2_name": "Linken's Sphere", "item_1_name": "Town Portal Scroll"}, {"item_2": 29, "assists": 18, "leaver_status": 0, "item_1": 34, "item_0": 92, "item_0_name": "Urn of Shadows", "leaver_status_description": "finished match, no abandon", "level": 14, "player_slot": 129, "leaver_status_name": "NONE", "hero_id": 87, "last_hits": 23, "kills": 4, "account_id": 142750189, "item_3_name": "Aghanim's Scepter", "item_4": 46, "item_3": 108, "item_4_name": "Town Portal Scroll", "item_5": 0, "xp_per_min": 368, "hero_name": "Disruptor", "gold_per_min": 303, "deaths": 1, "denies": 4, "item_2_name": "Boots of Speed", "item_1_name": "Magic Stick"}, {"item_2": 116, "assists": 9, "leaver_status": 0, "item_1": 36, "item_0": 1, "item_0_name": "Blink Dagger", "leaver_status_description": "finished match, no abandon", "level": 16, "player_slot": 130, "leaver_status_name": "NONE", "hero_id": 2, "last_hits": 99, "kills": 12, "account_id": 130416036, "item_3_name": "Aghanim's Scepter", "item_4": 46, "item_3": 108, "item_4_name": "Town Portal Scroll", "item_5": 214, "xp_per_min": 446, "item_5_name": "Tranquil Boots", "hero_name": "Axe", "gold_per_min": 500, "deaths": 1, "denies": 10, "item_2_name": "Black King Bar", "item_1_name": "Magic Wand"}, {"item_2": 79, "assists": 20, "leaver_status": 0, "item_1": 178, "item_0": 1, "item_0_name": "Blink Dagger", "leaver_status_description": "finished match, no abandon", "level": 15, "player_slot": 131, "leaver_status_name": "NONE", "hero_id": 55, "last_hits": 115, "kills": 1, "account_id": 125576983, "item_3_name": "Magic Stick", "item_4": 0, "item_3": 34, "item_5": 29, "xp_per_min": 399, "item_5_name": "Boots of Speed", "hero_name": "Dark Seer", "gold_per_min": 396, "deaths": 5, "denies": 3, "item_2_name": "Mekansm", "item_1_name": "Soul Ring"}, {"item_2": 180, "assists": 14, "leaver_status": 0, "item_1": 42, "item_0": 36, "item_0_name": "Magic Wand", "leaver_status_description": "finished match, no abandon", "level": 11, "player_slot": 132, "leaver_status_name": "NONE", "hero_id": 86, "last_hits": 23, "kills": 1, "account_id": 140153524, "item_3_name": "Town Portal Scroll", "item_4": 37, "item_3": 46, "item_4_name": "Ghost Scepter", "item_5": 43, "xp_per_min": 259, "item_5_name": "Sentry Ward", "hero_name": "Rubick", "gold_per_min": 255, "deaths": 6, "denies": 4, "item_2_name": "Arcane Boots", "item_1_name": "Observer Ward"}], "dire_team_id": 1520578, "picks_bans": [{"order": 0, "is_pick": false, "hero_id": 77, "team": 0}, {"order": 1, "is_pick": false, "hero_id": 65, "team": 1}, {"order": 2, "is_pick": false, "hero_id": 9, "team": 0}, {"order": 3, "is_pick": false, "hero_id": 69, "team": 1}, {"order": 4, "is_pick": true, "hero_id": 96, "team": 0}, {"order": 5, "is_pick": true, "hero_id": 86, "team": 1}, {"order": 6, "is_pick": true, "hero_id": 55, "team": 1}, {"order": 7, "is_pick": true, "hero_id": 91, "team": 0}, {"order": 8, "is_pick": false, "hero_id": 45, "team": 0}, {"order": 9, "is_pick": false, "hero_id": 68, "team": 1}, {"order": 10, "is_pick": false, "hero_id": 93, "team": 0}, {"order": 11, "is_pick": false, "hero_id": 74, "team": 1}, {"order": 12, "is_pick": true, "hero_id": 10, "team": 1}, {"order": 13, "is_pick": true, "hero_id": 26, "team": 0}, {"order": 14, "is_pick": true, "hero_id": 87, "team": 1}, {"order": 15, "is_pick": true, "hero_id": 88, "team": 0}, {"order": 16, "is_pick": false, "hero_id": 42, "team": 1}, {"order": 17, "is_pick": false, "hero_id": 47, "team": 0}, {"order": 18, "is_pick": true, "hero_id": 2, "team": 1}, {"order": 19, "is_pick": true, "hero_id": 11, "team": 0}], "dire_name": "CDEC Gaming", "negative_votes": 2}