{"tower_status_radiant": 1982, "flags": 0, "radiant_team_complete": 1, "game_mode": 2, "radiant_score": 0, "match_id": 717122383, "lobby_name": "Practice", "dire_logo": 613923994279217475, "pre_game_duration": 0, "radiant_name": "Nvidia.ArrowGaming.AVF", "match_seq_num": 646261322, "dire_team_complete": 1, "start_time": 1402661958, "radiant_win": true, "positive_votes": 4, "leagueid": 1423, "duration": 1591, "dire_score": 0, "lobby_type": 1, "cluster": 152, "engine": 0, "barracks_status_dire": 60, "barracks_status_radiant": 63, "cluster_name": "Southeast Asia", "first_blood_time": 82, "radiant_team_id": 1277104, "radiant_logo": 486688429948364335, "human_players": 10, "game_mode_name": "Captains Mode", "tower_status_dire": 1568, "players": [{"item_2": 0, "assists": 10, "leaver_status": 0, "item_1": 0, "item_0": 90, "item_0_name": "Pipe of Insight", "leaver_status_description": "finished match, no abandon", "level": 11, "player_slot": 0, "leaver_status_name": "NONE", "hero_id": 66, "last_hits": 50, "kills": 3, "account_id": 102020930, "item_3_name": "Mekansm", "item_4": 0, "item_3": 79, "item_5": 180, "xp_per_min": 305, "item_5_name": "Arcane Boots", "hero_name": "Chen", "gold_per_min": 333, "deaths": 5, "denies": 1}, {"item_2": 41, "assists": 8, "leaver_status": 0, "item_1": 36, "item_0": 123, "item_0_name": "Linken's Sphere", "leaver_status_description": "finished match, no abandon", "level": 15, "player_slot": 1, "leaver_status_name": "NONE", "hero_id": 106, "last_hits": 89, "kills": 12, "account_id": 96429099, "item_3_name": "Phase Boots", "item_4": 185, "item_3": 50, "item_4_name": "Drum of Endurance", "item_5": 46, "xp_per_min": 483, "item_5_name": "Town Portal Scroll", "hero_name": "Ember Spirit", "gold_per_min": 518, "deaths": 3, "denies": 9, "item_2_name": "Bottle", "item_1_name": "Magic Wand"}, {"item_2": 8, "assists": 16, "leaver_status": 0, "item_1": 30, "item_0": 116, "item_0_name": "Black King Bar", "leaver_status_description": "finished match, no abandon", "level": 16, "player_slot": 2, "leaver_status_name": "NONE", "hero_id": 53, "last_hits": 137, "kills": 4, "account_id": 104109762, "item_3_name": "Power Treads", "item_4": 194, "item_3": 63, "item_4_name": "Necronomicon", "item_5": 65, "xp_per_min": 536, "item_5_name": "Hand of Midas", "hero_name": "Nature's Prophet", "gold_per_min": 605, "deaths": 5, "denies": 2, "item_2_name": "Mithril Hammer", "item_1_name": "Gem of True Sight"}, {"item_2": 92, "assists": 13, "leaver_status": 0, "item_1": 180, "item_0": 73, "item_0_name": "Bracer", "leaver_status_description": "finished match, no abandon", "level": 11, "player_slot": 3, "leaver_status_name": "NONE", "hero_id": 40, "last_hits": 73, "kills": 3, "account_id": 131380551, "item_3_name": "Force Staff", "item_4": 36, "item_3": 102, "item_4_name": "Magic Wand", "item_5": 0, "xp_per_min": 296, "hero_name": "Venomancer", "gold_per_min": 394, "deaths": 7, "denies": 0, "item_2_name": "Urn of Shadows", "item_1_name": "Arcane Boots"}, {"item_2": 170, "assists": 16, "leaver_status": 0, "item_1": 65, "item_0": 100, "item_0_name": "Eul's Scepter of Divinity", "leaver_status_description": "finished match, no abandon", "level": 17, "player_slot": 4, "leaver_status_name": "NONE", "hero_id": 16, "last_hits": 100, "kills": 5, "account_id": 104963314, "item_3_name": "Blink Dagger", "item_4": 185, "item_3": 1, "item_4_name": "Drum of Endurance", "item_5": 214, "xp_per_min": 605, "item_5_name": "Tranquil Boots", "hero_name": "Sand King", "gold_per_min": 556, "deaths": 4, "denies": 9, "item_2_name": "Yasha", "item_1_name": "Hand of Midas"}, {"item_2": 102, "assists": 15, "leaver_status": 0, "item_1": 34, "item_0": 188, "item_0_name": "Smoke of Deceit", "leaver_status_description": "finished match, no abandon", "level": 11, "player_slot": 128, "leaver_status_name": "NONE", "hero_id": 79, "last_hits": 35, "kills": 6, "account_id": 162621636, "item_3_name": "Arcane Boots", "item_4": 42, "item_3": 180, "item_4_name": "Observer Ward", "item_5": 43, "xp_per_min": 272, "item_5_name": "Sentry Ward", "hero_name": "Shadow Demon", "gold_per_min": 271, "deaths": 4, "denies": 0, "item_2_name": "Force Staff", "item_1_name": "Magic Stick"}, {"item_2": 39, "assists": 13, "leaver_status": 0, "item_1": 29, "item_0": 0, "leaver_status_description": "finished match, no abandon", "level": 10, "player_slot": 129, "leaver_status_name": "NONE", "hero_id": 68, "last_hits": 15, "kills": 3, "account_id": 100404775, "item_4": 21, "item_3": 0, "item_4_name": "Ogre Club", "item_5": 60, "xp_per_min": 224, "item_5_name": "Point Booster", "hero_name": "Ancient Apparition", "gold_per_min": 203, "deaths": 4, "denies": 1, "item_2_name": "Healing Salve", "item_1_name": "Boots of Speed"}, {"item_2": 73, "assists": 11, "leaver_status": 0, "item_1": 19, "item_0": 41, "item_0_name": "Bottle", "leaver_status_description": "finished match, no abandon", "level": 13, "player_slot": 130, "leaver_status_name": "NONE", "hero_id": 38, "last_hits": 72, "kills": 2, "account_id": 101571387, "item_3_name": "Town Portal Scroll", "item_4": 29, "item_3": 46, "item_4_name": "Boots of Speed", "item_5": 79, "xp_per_min": 361, "item_5_name": "Mekansm", "hero_name": "Beastmaster", "gold_per_min": 293, "deaths": 8, "denies": 3, "item_2_name": "Bracer", "item_1_name": "Robe of the Magi"}, {"item_2": 131, "assists": 13, "leaver_status": 0, "item_1": 34, "item_0": 1, "item_0_name": "Blink Dagger", "leaver_status_description": "finished match, no abandon", "level": 12, "player_slot": 131, "leaver_status_name": "NONE", "hero_id": 96, "last_hits": 45, "kills": 3, "account_id": 97248892, "item_4": 182, "item_3": 0, "item_4_name": "Stout Shield", "item_5": 214, "xp_per_min": 332, "item_5_name": "Tranquil Boots", "hero_name": "Centaur Warrunner", "gold_per_min": 275, "deaths": 5, "denies": 0, "item_2_name": "Hood of Defiance", "item_1_name": "Magic Stick"}, {"item_2": 21, "assists": 5, "leaver_status": 0, "item_1": 212, "item_0": 73, "item_0_name": "Bracer", "leaver_status_description": "finished match, no abandon", "level": 18, "player_slot": 132, "leaver_status_name": "NONE", "hero_id": 63, "last_hits": 147, "kills": 9, "account_id": 113457795, "item_3_name": "Magic Wand", "item_4": 63, "item_3": 36, "item_4_name": "Power Treads", "item_5": 116, "xp_per_min": 645, "item_5_name": "Black King Bar", "hero_name": "Weaver", "gold_per_min": 481, "deaths": 6, "denies": 6, "item_2_name": "Ogre Club", "item_1_name": "Ring of Aquila"}], "dire_team_id": 1527822, "picks_bans": [{"order": 0, "is_pick": false, "hero_id": 74, "team": 1}, {"order": 1, "is_pick": false, "hero_id": 77, "team": 0}, {"order": 2, "is_pick": false, "hero_id": 69, "team": 1}, {"order": 3, "is_pick": false, "hero_id": 78, "team": 0}, {"order": 4, "is_pick": true, "hero_id": 79, "team": 1}, {"order": 5, "is_pick": true, "hero_id": 16, "team": 0}, {"order": 6, "is_pick": true, "hero_id": 53, "team": 0}, {"order": 7, "is_pick": true, "hero_id": 96, "team": 1}, {"order": 8, "is_pick": false, "hero_id": 86, "team": 1}, {"order": 9, "is_pick": false, "hero_id": 93, "team": 0}, {"order": 10, "is_pick": false, "hero_id": 42, "team": 1}, {"order": 11, "is_pick": false, "hero_id": 50, "team": 0}, {"order": 12, "is_pick": true, "hero_id": 40, "team": 0}, {"order": 13, "is_pick": true, "hero_id": 68, "team": 1}, {"order": 14, "is_pick": true, "hero_id": 66, "team": 0}, {"order": 15, "is_pick": true, "hero_id": 63, "team": 1}, {"order": 16, "is_pick": false, "hero_id": 34, "team": 0}, {"order": 17, "is_pick": false, "hero_id": 41, "team": 1}, {"order": 18, "is_pick": true, "hero_id": 106, "team": 0}, {"order": 19, "is_pick": true, "hero_id": 38, "team": 1}], "dire_name": "TheRejects-` zeRo-Lim|ts", "negative_votes": 0}