{"tower_status_radiant": 1536, "flags": 0, "radiant_team_complete": 1, "game_mode": 2, "radiant_score": 0, "match_id": 727315440, "lobby_name": "Practice", "dire_logo": 353896369579233638, "pre_game_duration": 0, "radiant_name": "Duza Game", "match_seq_num": 654970565, "dire_team_complete": 0, "start_time": 1403114261, "radiant_win": false, "positive_votes": 9, "leagueid": 1296, "duration": 2168, "dire_score": 0, "lobby_type": 1, "cluster": 132, "engine": 0, "barracks_status_dire": 63, "barracks_status_radiant": 0, "cluster_name": "Europe West", "first_blood_time": 223, "radiant_team_id": 1639439, "radiant_logo": 0, "human_players": 10, "game_mode_name": "Captains Mode", "tower_status_dire": 2046, "players": [{"item_2": 0, "assists": 7, "leaver_status": 0, "item_1": 21, "item_0": 1, "item_0_name": "Blink Dagger", "leaver_status_description": "finished match, no abandon", "level": 11, "player_slot": 0, "leaver_status_name": "NONE", "hero_id": 28, "last_hits": 68, "kills": 2, "account_id": 96415341, "item_3_name": "Power Treads", "item_4": 36, "item_3": 63, "item_4_name": "Magic Wand", "item_5": 0, "xp_per_min": 216, "hero_name": "Slardar", "gold_per_min": 228, "deaths": 9, "denies": 6, "item_1_name": "Ogre Club"}, {"item_2": 178, "assists": 6, "leaver_status": 0, "item_1": 34, "item_0": 41, "item_0_name": "Bottle", "leaver_status_description": "finished match, no abandon", "level": 18, "player_slot": 1, "leaver_status_name": "NONE", "hero_id": 34, "last_hits": 249, "kills": 1, "account_id": 129493387, "item_3_name": "Boots of Travel", "item_4": 96, "item_3": 48, "item_4_name": "Scythe of Vyse", "item_5": 1, "xp_per_min": 490, "item_5_name": "Blink Dagger", "hero_name": "Tinker", "gold_per_min": 441, "deaths": 5, "denies": 4, "item_2_name": "Soul Ring", "item_1_name": "Magic Stick"}, {"item_2": 180, "assists": 5, "leaver_status": 0, "item_1": 79, "item_0": 102, "item_0_name": "Force Staff", "leaver_status_description": "finished match, no abandon", "level": 14, "player_slot": 2, "leaver_status_name": "NONE", "hero_id": 55, "last_hits": 106, "kills": 1, "account_id": 86748054, "item_3_name": "Magic Stick", "item_4": 46, "item_3": 34, "item_4_name": "Town Portal Scroll", "item_5": 0, "xp_per_min": 325, "hero_name": "Dark Seer", "gold_per_min": 255, "deaths": 8, "denies": 1, "item_2_name": "Arcane Boots", "item_1_name": "Mekansm"}, {"item_2": 22, "assists": 5, "leaver_status": 0, "item_1": 34, "item_0": 21, "item_0_name": "Ogre Club", "leaver_status_description": "finished match, no abandon", "level": 13, "player_slot": 3, "leaver_status_name": "NONE", "hero_id": 30, "last_hits": 35, "kills": 6, "account_id": 102712376, "item_3_name": "Boots of Speed", "item_4": 46, "item_3": 29, "item_4_name": "Town Portal Scroll", "item_5": 73, "xp_per_min": 258, "item_5_name": "Bracer", "hero_name": "Witch Doctor", "gold_per_min": 238, "deaths": 9, "denies": 4, "item_2_name": "Blade of Alacrity", "item_1_name": "Magic Stick"}, {"item_2": 212, "assists": 5, "leaver_status": 3, "item_1": 29, "item_0": 187, "item_0_name": "Medallion of Courage", "leaver_status_description": "player dc, clicked leave, abandon", "level": 11, "player_slot": 4, "leaver_status_name": "ABANDONED", "hero_id": 92, "last_hits": 43, "kills": 3, "account_id": 87678698, "item_4": 19, "item_3": 0, "item_4_name": "Robe of the Magi", "item_5": 36, "xp_per_min": 202, "item_5_name": "Magic Wand", "hero_name": "Visage", "gold_per_min": 196, "deaths": 9, "denies": 3, "item_2_name": "Ring of Aquila", "item_1_name": "Boots of Speed"}, {"item_2": 131, "assists": 16, "leaver_status": 0, "item_1": 180, "item_0": 36, "item_0_name": "Magic Wand", "leaver_status_description": "finished match, no abandon", "level": 17, "player_slot": 128, "leaver_status_name": "NONE", "hero_id": 84, "last_hits": 43, "kills": 9, "account_id": 94049589, "item_3_name": "Urn of Shadows", "item_4": 0, "item_3": 92, "item_5": 108, "xp_per_min": 469, "item_5_name": "Aghanim's Scepter", "hero_name": "Ogre Magi", "gold_per_min": 380, "deaths": 6, "denies": 6, "item_2_name": "Hood of Defiance", "item_1_name": "Arcane Boots"}, {"item_2": 112, "assists": 8, "leaver_status": 0, "item_1": 0, "item_0": 79, "item_0_name": "Mekansm", "leaver_status_description": "finished match, no abandon", "level": 22, "player_slot": 129, "leaver_status_name": "NONE", "hero_id": 99, "last_hits": 232, "kills": 9, "account_id": 86870856, "item_3_name": "Vladmir's Offering", "item_4": 63, "item_3": 81, "item_4_name": "Power Treads", "item_5": 114, "xp_per_min": 756, "item_5_name": "Heart of Tarrasque", "hero_name": "Bristleback", "gold_per_min": 684, "deaths": 2, "denies": 8, "item_2_name": "Assault Cuirass"}, {"item_2": 96, "assists": 20, "leaver_status": 0, "item_1": 102, "item_0": 41, "item_0_name": "Bottle", "leaver_status_description": "finished match, no abandon", "level": 20, "player_slot": 130, "leaver_status_name": "NONE", "hero_id": 65, "last_hits": 145, "kills": 4, "account_id": 70388657, "item_3_name": "Eul's Scepter of Divinity", "item_4": 1, "item_3": 100, "item_4_name": "Blink Dagger", "item_5": 29, "xp_per_min": 586, "item_5_name": "Boots of Speed", "hero_name": "Batrider", "gold_per_min": 475, "deaths": 2, "denies": 5, "item_2_name": "Scythe of Vyse", "item_1_name": "Force Staff"}, {"item_2": 34, "assists": 15, "leaver_status": 0, "item_1": 46, "item_0": 114, "item_0_name": "Heart of Tarrasque", "leaver_status_description": "finished match, no abandon", "level": 18, "player_slot": 131, "leaver_status_name": "NONE", "hero_id": 68, "last_hits": 97, "kills": 9, "account_id": 75750590, "item_3_name": "Aghanim's Scepter", "item_4": 206, "item_3": 108, "item_4_name": "Rod of Atos", "item_5": 214, "xp_per_min": 515, "item_5_name": "Tranquil Boots", "hero_name": "Ancient Apparition", "gold_per_min": 485, "deaths": 2, "denies": 9, "item_2_name": "Magic Stick", "item_1_name": "Town Portal Scroll"}, {"item_2": 212, "assists": 7, "leaver_status": 0, "item_1": 158, "item_0": 185, "item_0_name": "Drum of Endurance", "leaver_status_description": "finished match, no abandon", "level": 20, "player_slot": 132, "leaver_status_name": "NONE", "hero_id": 9, "last_hits": 213, "kills": 9, "account_id": 98018029, "item_3_name": "Black King Bar", "item_4": 46, "item_3": 116, "item_4_name": "Town Portal Scroll", "item_5": 63, "xp_per_min": 592, "item_5_name": "Power Treads", "hero_name": "Mirana", "gold_per_min": 561, "deaths": 2, "denies": 13, "item_2_name": "Ring of Aquila", "item_1_name": "Mjollnir"}], "dire_team_id": 55, "picks_bans": [{"order": 0, "is_pick": false, "hero_id": 74, "team": 0}, {"order": 1, "is_pick": false, "hero_id": 83, "team": 1}, {"order": 2, "is_pick": false, "hero_id": 77, "team": 0}, {"order": 3, "is_pick": false, "hero_id": 69, "team": 1}, {"order": 4, "is_pick": true, "hero_id": 30, "team": 0}, {"order": 5, "is_pick": true, "hero_id": 65, "team": 1}, {"order": 6, "is_pick": true, "hero_id": 9, "team": 1}, {"order": 7, "is_pick": true, "hero_id": 92, "team": 0}, {"order": 8, "is_pick": false, "hero_id": 42, "team": 0}, {"order": 9, "is_pick": false, "hero_id": 48, "team": 1}, {"order": 10, "is_pick": false, "hero_id": 3, "team": 0}, {"order": 11, "is_pick": false, "hero_id": 93, "team": 1}, {"order": 12, "is_pick": true, "hero_id": 68, "team": 1}, {"order": 13, "is_pick": true, "hero_id": 28, "team": 0}, {"order": 14, "is_pick": true, "hero_id": 84, "team": 1}, {"order": 15, "is_pick": true, "hero_id": 34, "team": 0}, {"order": 16, "is_pick": false, "hero_id": 96, "team": 1}, {"order": 17, "is_pick": false, "hero_id": 17, "team": 0}, {"order": 18, "is_pick": true, "hero_id": 99, "team": 1}, {"order": 19, "is_pick": true, "hero_id": 55, "team": 0}], "dire_name": "_PowerRangers", "negative_votes": 2}