{"dire_captain": 90892734, "tower_status_radiant": 1830, "flags": 0, "radiant_team_complete": 1, "game_mode": 2, "radiant_score": 0, "match_id": 731081872, "lobby_name": "Practice", "dire_logo": 438324451817706092, "pre_game_duration": 0, "radiant_captain": 98887913, "radiant_name": "Newbee", "match_seq_num": 658267664, "dire_team_complete": 1, "start_time": 1403273035, "radiant_win": false, "positive_votes": 108, "leagueid": 1284, "duration": 3159, "dire_score": 0, "lobby_type": 1, "cluster": 223, "engine": 0, "barracks_status_dire": 60, "barracks_status_radiant": 63, "cluster_name": "China", "first_blood_time": 115, "radiant_team_id": 1375614, "radiant_logo": 351645122255494137, "human_players": 10, "game_mode_name": "Captains Mode", "tower_status_dire": 1824, "players": [{"item_2": 0, "assists": 9, "leaver_status": 0, "item_1": 79, "item_0": 96, "item_0_name": "Scythe of Vyse", "leaver_status_description": "finished match, no abandon", "level": 17, "player_slot": 0, "leaver_status_name": "NONE", "hero_id": 103, "last_hits": 139, "kills": 4, "account_id": 98887913, "item_3_name": "Black King Bar", "item_4": 214, "item_3": 116, "item_4_name": "Tranquil Boots", "item_5": 46, "xp_per_min": 297, "item_5_name": "Town Portal Scroll", "hero_name": "Elder Titan", "gold_per_min": 306, "deaths": 5, "denies": 7, "item_1_name": "Mekansm"}, {"item_2": 0, "assists": 14, "leaver_status": 0, "item_1": 92, "item_0": 1, "item_0_name": "Blink Dagger", "leaver_status_description": "finished match, no abandon", "level": 14, "player_slot": 1, "leaver_status_name": "NONE", "hero_id": 27, "last_hits": 70, "kills": 2, "account_id": 100883708, "item_3_name": "Ghost Scepter", "item_4": 0, "item_3": 37, "item_5": 180, "xp_per_min": 211, "item_5_name": "Arcane Boots", "hero_name": "Shadow Shaman", "gold_per_min": 244, "deaths": 6, "denies": 1, "item_1_name": "Urn of Shadows"}, {"item_2": 96, "assists": 10, "leaver_status": 0, "item_1": 65, "item_0": 50, "item_0_name": "Phase Boots", "leaver_status_description": "finished match, no abandon", "level": 21, "player_slot": 2, "leaver_status_name": "NONE", "hero_id": 74, "last_hits": 280, "kills": 7, "account_id": 88508515, "item_3_name": "Black King Bar", "item_4": 194, "item_3": 116, "item_4_name": "Necronomicon", "item_5": 9, "xp_per_min": 442, "item_5_name": "Platemail", "hero_name": "Invoker", "gold_per_min": 494, "deaths": 5, "denies": 21, "item_2_name": "Scythe of Vyse", "item_1_name": "Hand of Midas"}, {"item_2": 119, "assists": 12, "leaver_status": 0, "item_1": 1, "item_0": 116, "item_0_name": "Black King Bar", "leaver_status_description": "finished match, no abandon", "level": 17, "player_slot": 3, "leaver_status_name": "NONE", "hero_id": 69, "last_hits": 106, "kills": 1, "account_id": 89217927, "item_3_name": "Magic Wand", "item_4": 214, "item_3": 36, "item_4_name": "Tranquil Boots", "item_5": 46, "xp_per_min": 292, "item_5_name": "Town Portal Scroll", "hero_name": "Doom", "gold_per_min": 339, "deaths": 5, "denies": 0, "item_2_name": "Shiva's Guard", "item_1_name": "Blink Dagger"}, {"item_2": 116, "assists": 5, "leaver_status": 0, "item_1": 147, "item_0": 50, "item_0_name": "Phase Boots", "leaver_status_description": "finished match, no abandon", "level": 23, "player_slot": 4, "leaver_status_name": "NONE", "hero_id": 46, "last_hits": 347, "kills": 8, "account_id": 89157606, "item_3_name": "Daedalus", "item_4": 185, "item_3": 141, "item_4_name": "Drum of Endurance", "item_5": 46, "xp_per_min": 540, "item_5_name": "Town Portal Scroll", "hero_name": "Templar Assassin", "gold_per_min": 514, "deaths": 7, "denies": 21, "item_2_name": "Black King Bar", "item_1_name": "Manta Style"}, {"item_2": 36, "assists": 16, "leaver_status": 0, "item_1": 119, "item_0": 96, "item_0_name": "Scythe of Vyse", "leaver_status_description": "finished match, no abandon", "level": 23, "player_slot": 128, "leaver_status_name": "NONE", "hero_id": 17, "last_hits": 242, "kills": 10, "account_id": 89871557, "item_4": 121, "item_3": 0, "item_4_name": "Bloodstone", "item_5": 63, "xp_per_min": 549, "item_5_name": "Power Treads", "hero_name": "Storm Spirit", "gold_per_min": 435, "deaths": 5, "denies": 28, "item_2_name": "Magic Wand", "item_1_name": "Shiva's Guard"}, {"item_2": 79, "assists": 17, "leaver_status": 0, "item_1": 178, "item_0": 1, "item_0_name": "Blink Dagger", "leaver_status_description": "finished match, no abandon", "level": 20, "player_slot": 129, "leaver_status_name": "NONE", "hero_id": 33, "last_hits": 266, "kills": 1, "account_id": 89423756, "item_3_name": "Town Portal Scroll", "item_4": 116, "item_3": 46, "item_4_name": "Black King Bar", "item_5": 29, "xp_per_min": 410, "item_5_name": "Boots of Speed", "hero_name": "Enigma", "gold_per_min": 376, "deaths": 4, "denies": 10, "item_2_name": "Mekansm", "item_1_name": "Soul Ring"}, {"item_2": 46, "assists": 18, "leaver_status": 0, "item_1": 119, "item_0": 36, "item_0_name": "Magic Wand", "leaver_status_description": "finished match, no abandon", "level": 22, "player_slot": 130, "leaver_status_name": "NONE", "hero_id": 29, "last_hits": 215, "kills": 4, "account_id": 84772440, "item_3_name": "Arcane Boots", "item_4": 110, "item_3": 180, "item_4_name": "Refresher Orb", "item_5": 1, "xp_per_min": 484, "item_5_name": "Blink Dagger", "hero_name": "Tidehunter", "gold_per_min": 367, "deaths": 5, "denies": 20, "item_2_name": "Town Portal Scroll", "item_1_name": "Shiva's Guard"}, {"item_2": 123, "assists": 13, "leaver_status": 0, "item_1": 160, "item_0": 176, "item_0_name": "Ethereal Blade", "leaver_status_description": "finished match, no abandon", "level": 25, "player_slot": 131, "leaver_status_name": "NONE", "hero_id": 10, "last_hits": 510, "kills": 9, "account_id": 90892734, "item_3_name": "Boots of Travel", "item_4": 170, "item_3": 48, "item_4_name": "Yasha", "item_5": 112, "xp_per_min": 615, "item_5_name": "Assault Cuirass", "hero_name": "Morphling", "gold_per_min": 661, "deaths": 2, "denies": 49, "item_2_name": "Linken's Sphere", "item_1_name": "Eye of Skadi"}, {"item_2": 214, "assists": 12, "leaver_status": 0, "item_1": 36, "item_0": 102, "item_0_name": "Force Staff", "leaver_status_description": "finished match, no abandon", "level": 16, "player_slot": 132, "leaver_status_name": "NONE", "hero_id": 31, "last_hits": 25, "kills": 4, "account_id": 89407113, "item_3_name": "Town Portal Scroll", "item_4": 42, "item_3": 46, "item_4_name": "Observer Ward", "item_5": 30, "xp_per_min": 270, "item_5_name": "Gem of True Sight", "hero_name": "Lich", "gold_per_min": 207, "deaths": 6, "denies": 1, "item_2_name": "Tranquil Boots", "item_1_name": "Magic Wand"}], "dire_team_id": 7, "picks_bans": [{"order": 0, "is_pick": false, "hero_id": 89, "team": 0}, {"order": 1, "is_pick": false, "hero_id": 77, "team": 1}, {"order": 2, "is_pick": false, "hero_id": 65, "team": 0}, {"order": 3, "is_pick": false, "hero_id": 58, "team": 1}, {"order": 4, "is_pick": true, "hero_id": 69, "team": 0}, {"order": 5, "is_pick": true, "hero_id": 33, "team": 1}, {"order": 6, "is_pick": true, "hero_id": 29, "team": 1}, {"order": 7, "is_pick": true, "hero_id": 27, "team": 0}, {"order": 8, "is_pick": false, "hero_id": 76, "team": 0}, {"order": 9, "is_pick": false, "hero_id": 15, "team": 1}, {"order": 10, "is_pick": false, "hero_id": 9, "team": 0}, {"order": 11, "is_pick": false, "hero_id": 68, "team": 1}, {"order": 12, "is_pick": true, "hero_id": 10, "team": 1}, {"order": 13, "is_pick": true, "hero_id": 74, "team": 0}, {"order": 14, "is_pick": true, "hero_id": 31, "team": 1}, {"order": 15, "is_pick": true, "hero_id": 103, "team": 0}, {"order": 16, "is_pick": false, "hero_id": 106, "team": 1}, {"order": 17, "is_pick": false, "hero_id": 47, "team": 0}, {"order": 18, "is_pick": true, "hero_id": 17, "team": 1}, {"order": 19, "is_pick": true, "hero_id": 46, "team": 0}], "dire_name": "DK", "negative_votes": 6}