{"dire_captain": 77843513, "tower_status_radiant": 1568, "flags": 0, "radiant_team_complete": 0, "game_mode": 2, "radiant_score": 0, "match_id": 732737549, "lobby_name": "Practice", "dire_logo": 3314961881489054994, "pre_game_duration": 0, "radiant_captain": 34505203, "radiant_name": "dSc gaming", "match_seq_num": 659681990, "dire_team_complete": 0, "start_time": 1403342594, "radiant_win": false, "positive_votes": 0, "leagueid": 1475, "duration": 2860, "dire_score": 0, "lobby_type": 1, "cluster": 132, "engine": 0, "barracks_status_dire": 63, "barracks_status_radiant": 60, "cluster_name": "Europe West", "first_blood_time": 179, "radiant_team_id": 1442902, "radiant_logo": 29607943318676915, "human_players": 10, "game_mode_name": "Captains Mode", "tower_status_dire": 1956, "players": [{"item_2": 96, "assists": 3, "leaver_status": 0, "item_1": 1, "item_0": 48, "item_0_name": "Boots of Travel", "leaver_status_description": "finished match, no abandon", "level": 23, "player_slot": 0, "leaver_status_name": "NONE", "hero_id": 34, "last_hits": 362, "kills": 11, "account_id": 34505203, "item_3_name": "Soul Ring", "item_4": 41, "item_3": 178, "item_4_name": "Bottle", "item_5": 121, "xp_per_min": 608, "item_5_name": "Bloodstone", "hero_name": "Tinker", "gold_per_min": 524, "deaths": 7, "denies": 6, "item_2_name": "Scythe of Vyse", "item_1_name": "Blink Dagger"}, {"item_2": 43, "assists": 8, "leaver_status": 0, "item_1": 37, "item_0": 21, "item_0_name": "Ogre Club", "leaver_status_description": "finished match, no abandon", "level": 14, "player_slot": 1, "leaver_status_name": "NONE", "hero_id": 68, "last_hits": 43, "kills": 3, "account_id": 114421723, "item_3_name": "Magic Wand", "item_4": 180, "item_3": 36, "item_4_name": "Arcane Boots", "item_5": 60, "xp_per_min": 228, "item_5_name": "Point Booster", "hero_name": "Ancient Apparition", "gold_per_min": 215, "deaths": 8, "denies": 3, "item_2_name": "Sentry Ward", "item_1_name": "Ghost Scepter"}, {"item_2": 79, "assists": 6, "leaver_status": 0, "item_1": 1, "item_0": 63, "item_0_name": "Power Treads", "leaver_status_description": "finished match, no abandon", "level": 18, "player_slot": 2, "leaver_status_name": "NONE", "hero_id": 69, "last_hits": 166, "kills": 5, "account_id": 95244113, "item_3_name": "Assault Cuirass", "item_4": 0, "item_3": 112, "item_5": 108, "xp_per_min": 365, "item_5_name": "Aghanim's Scepter", "hero_name": "Doom", "gold_per_min": 456, "deaths": 7, "denies": 1, "item_2_name": "Mekansm", "item_1_name": "Blink Dagger"}, {"item_2": 42, "assists": 2, "leaver_status": 0, "item_1": 43, "item_0": 180, "item_0_name": "Arcane Boots", "leaver_status_description": "finished match, no abandon", "level": 12, "player_slot": 3, "leaver_status_name": "NONE", "hero_id": 83, "last_hits": 14, "kills": 0, "account_id": 121713364, "item_4": 44, "item_3": 0, "item_4_name": "Tango", "item_5": 0, "xp_per_min": 187, "hero_name": "Treant Protector", "gold_per_min": 159, "deaths": 15, "denies": 1, "item_2_name": "Observer Ward", "item_1_name": "Sentry Ward"}, {"item_2": 36, "assists": 9, "leaver_status": 0, "item_1": 170, "item_0": 50, "item_0_name": "Phase Boots", "leaver_status_description": "finished match, no abandon", "level": 18, "player_slot": 4, "leaver_status_name": "NONE", "hero_id": 9, "last_hits": 194, "kills": 3, "account_id": 114520851, "item_3_name": "Desolator", "item_4": 123, "item_3": 168, "item_4_name": "Linken's Sphere", "item_5": 212, "xp_per_min": 382, "item_5_name": "Ring of Aquila", "hero_name": "Mirana", "gold_per_min": 360, "deaths": 6, "denies": 21, "item_2_name": "Magic Wand", "item_1_name": "Yasha"}, {"item_2": 36, "assists": 14, "leaver_status": 0, "item_1": 43, "item_0": 1, "item_0_name": "Blink Dagger", "leaver_status_description": "finished match, no abandon", "level": 15, "player_slot": 128, "leaver_status_name": "NONE", "hero_id": 26, "last_hits": 38, "kills": 1, "account_id": 92776784, "item_3_name": "Town Portal Scroll", "item_4": 214, "item_3": 46, "item_4_name": "Tranquil Boots", "item_5": 73, "xp_per_min": 270, "item_5_name": "Bracer", "hero_name": "Lion", "gold_per_min": 243, "deaths": 7, "denies": 0, "item_2_name": "Magic Wand", "item_1_name": "Sentry Ward"}, {"item_2": 63, "assists": 11, "leaver_status": 0, "item_1": 79, "item_0": 194, "item_0_name": "Necronomicon", "leaver_status_description": "finished match, no abandon", "level": 20, "player_slot": 129, "leaver_status_name": "NONE", "hero_id": 47, "last_hits": 172, "kills": 7, "account_id": 91333387, "item_3_name": "Aghanim's Scepter", "item_4": 0, "item_3": 108, "item_5": 46, "xp_per_min": 477, "item_5_name": "Town Portal Scroll", "hero_name": "Viper", "gold_per_min": 405, "deaths": 3, "denies": 6, "item_2_name": "Power Treads", "item_1_name": "Mekansm"}, {"item_2": 181, "assists": 10, "leaver_status": 0, "item_1": 116, "item_0": 208, "item_0_name": "Abyssal Blade", "leaver_status_description": "finished match, no abandon", "level": 25, "player_slot": 130, "leaver_status_name": "NONE", "hero_id": 93, "last_hits": 266, "kills": 28, "account_id": 77843513, "item_3_name": "Shadow Blade", "item_4": 63, "item_3": 152, "item_4_name": "Power Treads", "item_5": 123, "xp_per_min": 680, "item_5_name": "Linken's Sphere", "hero_name": "Slark", "gold_per_min": 626, "deaths": 1, "denies": 22, "item_2_name": "Orb of Venom", "item_1_name": "Black King Bar"}, {"item_2": 102, "assists": 8, "leaver_status": 0, "item_1": 43, "item_0": 1, "item_0_name": "Blink Dagger", "leaver_status_description": "finished match, no abandon", "level": 12, "player_slot": 131, "leaver_status_name": "NONE", "hero_id": 87, "last_hits": 14, "kills": 2, "account_id": 93883234, "item_3_name": "Observer Ward", "item_4": 73, "item_3": 42, "item_4_name": "Bracer", "item_5": 180, "xp_per_min": 176, "item_5_name": "Arcane Boots", "hero_name": "Disruptor", "gold_per_min": 210, "deaths": 5, "denies": 1, "item_2_name": "Force Staff", "item_1_name": "Sentry Ward"}, {"item_2": 193, "assists": 13, "leaver_status": 0, "item_1": 96, "item_0": 1, "item_0_name": "Blink Dagger", "leaver_status_description": "finished match, no abandon", "level": 20, "player_slot": 132, "leaver_status_name": "NONE", "hero_id": 53, "last_hits": 289, "kills": 5, "account_id": 151894900, "item_3_name": "Phase Boots", "item_4": 102, "item_3": 50, "item_4_name": "Force Staff", "item_5": 158, "xp_per_min": 440, "item_5_name": "Mjollnir", "hero_name": "Nature's Prophet", "gold_per_min": 483, "deaths": 6, "denies": 5, "item_2_name": "Necronomicon", "item_1_name": "Scythe of Vyse"}], "dire_team_id": 1437141, "picks_bans": [{"order": 0, "is_pick": false, "hero_id": 78, "team": 0}, {"order": 1, "is_pick": false, "hero_id": 74, "team": 1}, {"order": 2, "is_pick": false, "hero_id": 65, "team": 0}, {"order": 3, "is_pick": false, "hero_id": 99, "team": 1}, {"order": 4, "is_pick": true, "hero_id": 68, "team": 0}, {"order": 5, "is_pick": true, "hero_id": 53, "team": 1}, {"order": 6, "is_pick": true, "hero_id": 87, "team": 1}, {"order": 7, "is_pick": true, "hero_id": 83, "team": 0}, {"order": 8, "is_pick": false, "hero_id": 77, "team": 0}, {"order": 9, "is_pick": false, "hero_id": 13, "team": 1}, {"order": 10, "is_pick": false, "hero_id": 63, "team": 0}, {"order": 11, "is_pick": false, "hero_id": 88, "team": 1}, {"order": 12, "is_pick": true, "hero_id": 47, "team": 1}, {"order": 13, "is_pick": true, "hero_id": 69, "team": 0}, {"order": 14, "is_pick": true, "hero_id": 26, "team": 1}, {"order": 15, "is_pick": true, "hero_id": 9, "team": 0}, {"order": 16, "is_pick": false, "hero_id": 4, "team": 1}, {"order": 17, "is_pick": false, "hero_id": 43, "team": 0}, {"order": 18, "is_pick": true, "hero_id": 93, "team": 1}, {"order": 19, "is_pick": true, "hero_id": 34, "team": 0}], "dire_name": "IndestructibleTeam", "negative_votes": 0}