{"dire_captain": 86870856, "tower_status_radiant": 1030, "flags": 0, "radiant_team_complete": 0, "game_mode": 2, "radiant_score": 0, "match_id": 739803606, "lobby_name": "Practice", "dire_logo": 353896369579233638, "pre_game_duration": 0, "radiant_captain": 42989814, "radiant_name": "MeetYourMakers.Dota2", "match_seq_num": 665740743, "dire_team_complete": 0, "start_time": 1403639525, "radiant_win": false, "positive_votes": 4, "leagueid": 1350, "duration": 1500, "dire_score": 0, "lobby_type": 1, "cluster": 135, "engine": 0, "barracks_status_dire": 63, "barracks_status_radiant": 3, "cluster_name": "Europe West", "first_blood_time": 168, "radiant_team_id": 1335685, "radiant_logo": 3318328211037238900, "human_players": 10, "game_mode_name": "Captains Mode", "tower_status_dire": 2046, "players": [{"item_2": 46, "assists": 2, "leaver_status": 0, "item_1": 116, "item_0": 1, "item_0_name": "Blink Dagger", "leaver_status_description": "finished match, no abandon", "level": 13, "player_slot": 0, "leaver_status_name": "NONE", "hero_id": 11, "last_hits": 161, "kills": 2, "account_id": 42989814, "item_3_name": "Bottle", "item_4": 63, "item_3": 41, "item_4_name": "Power Treads", "item_5": 75, "xp_per_min": 408, "item_5_name": "Wraith Band", "hero_name": "Shadow Fiend", "gold_per_min": 429, "deaths": 2, "denies": 22, "item_2_name": "Town Portal Scroll", "item_1_name": "Black King Bar"}, {"item_2": 34, "assists": 4, "leaver_status": 0, "item_1": 65, "item_0": 1, "item_0_name": "Blink Dagger", "leaver_status_description": "finished match, no abandon", "level": 11, "player_slot": 1, "leaver_status_name": "NONE", "hero_id": 42, "last_hits": 67, "kills": 2, "account_id": 146772593, "item_3_name": "Stout Shield", "item_4": 16, "item_3": 182, "item_4_name": "Iron Branch", "item_5": 63, "xp_per_min": 324, "item_5_name": "Power Treads", "hero_name": "Wraith King", "gold_per_min": 306, "deaths": 2, "denies": 7, "item_2_name": "Magic Stick", "item_1_name": "Hand of Midas"}, {"item_2": 15, "assists": 3, "leaver_status": 0, "item_1": 20, "item_0": 20, "item_0_name": "Circlet", "leaver_status_description": "finished match, no abandon", "level": 8, "player_slot": 2, "leaver_status_name": "NONE", "hero_id": 87, "last_hits": 2, "kills": 1, "account_id": 85620664, "item_3_name": "Circlet", "item_4": 20, "item_3": 20, "item_4_name": "Circlet", "item_5": 23, "xp_per_min": 137, "item_5_name": "Staff of Wizardry", "hero_name": "Disruptor", "gold_per_min": 132, "deaths": 6, "denies": 1, "item_2_name": "Mantle of Intelligence", "item_1_name": "Circlet"}, {"item_2": 180, "assists": 3, "leaver_status": 0, "item_1": 43, "item_0": 46, "item_0_name": "Town Portal Scroll", "leaver_status_description": "finished match, no abandon", "level": 8, "player_slot": 3, "leaver_status_name": "NONE", "hero_id": 101, "last_hits": 21, "kills": 0, "account_id": 26682464, "item_3_name": "Magic Stick", "item_4": 73, "item_3": 34, "item_4_name": "Bracer", "item_5": 0, "xp_per_min": 158, "hero_name": "Skywrath Mage", "gold_per_min": 147, "deaths": 3, "denies": 2, "item_2_name": "Arcane Boots", "item_1_name": "Sentry Ward"}, {"item_2": 182, "assists": 0, "leaver_status": 0, "item_1": 46, "item_0": 214, "item_0_name": "Tranquil Boots", "leaver_status_description": "finished match, no abandon", "level": 13, "player_slot": 4, "leaver_status_name": "NONE", "hero_id": 96, "last_hits": 111, "kills": 1, "account_id": 31763321, "item_3_name": "Mekansm", "item_4": 0, "item_3": 79, "item_5": 1, "xp_per_min": 378, "item_5_name": "Blink Dagger", "hero_name": "Centaur Warrunner", "gold_per_min": 311, "deaths": 4, "denies": 18, "item_2_name": "Stout Shield", "item_1_name": "Town Portal Scroll"}, {"item_2": 41, "assists": 5, "leaver_status": 0, "item_1": 36, "item_0": 100, "item_0_name": "Eul's Scepter of Divinity", "leaver_status_description": "finished match, no abandon", "level": 15, "player_slot": 128, "leaver_status_name": "NONE", "hero_id": 78, "last_hits": 100, "kills": 5, "account_id": 94049589, "item_3_name": "Blink Dagger", "item_4": 29, "item_3": 1, "item_4_name": "Boots of Speed", "item_5": 81, "xp_per_min": 515, "item_5_name": "Vladmir's Offering", "hero_name": "Brewmaster", "gold_per_min": 473, "deaths": 1, "denies": 3, "item_2_name": "Bottle", "item_1_name": "Magic Wand"}, {"item_2": 0, "assists": 9, "leaver_status": 0, "item_1": 0, "item_0": 29, "item_0_name": "Boots of Speed", "additional_units": [{"item_2": 181, "item_1": 0, "item_4": 50, "item_0": 137, "item_3": 9, "item_5": 4, "unitname": "spirit_bear"}], "leaver_status_description": "finished match, no abandon", "level": 14, "player_slot": 129, "leaver_status_name": "NONE", "hero_id": 80, "last_hits": 154, "kills": 2, "account_id": 86870856, "item_4": 0, "item_3": 0, "item_5": 0, "xp_per_min": 469, "hero_name": "Lone Druid", "gold_per_min": 610, "deaths": 0, "denies": 30}, {"item_2": 46, "assists": 6, "leaver_status": 0, "item_1": 0, "item_0": 79, "item_0_name": "Mekansm", "leaver_status_description": "finished match, no abandon", "level": 11, "player_slot": 130, "leaver_status_name": "NONE", "hero_id": 45, "last_hits": 113, "kills": 5, "account_id": 98018029, "item_3_name": "Aghanim's Scepter", "item_4": 36, "item_3": 108, "item_4_name": "Magic Wand", "item_5": 180, "xp_per_min": 300, "item_5_name": "Arcane Boots", "hero_name": "Pugna", "gold_per_min": 487, "deaths": 1, "denies": 22, "item_2_name": "Town Portal Scroll"}, {"item_2": 36, "assists": 9, "leaver_status": 0, "item_1": 1, "item_0": 178, "item_0_name": "Soul Ring", "leaver_status_description": "finished match, no abandon", "level": 11, "player_slot": 131, "leaver_status_name": "NONE", "hero_id": 7, "last_hits": 18, "kills": 2, "account_id": 75750590, "item_3_name": "Town Portal Scroll", "item_4": 0, "item_3": 46, "item_5": 29, "xp_per_min": 241, "item_5_name": "Boots of Speed", "hero_name": "Earthshaker", "gold_per_min": 279, "deaths": 3, "denies": 2, "item_2_name": "Magic Wand", "item_1_name": "Blink Dagger"}, {"item_2": 46, "assists": 9, "leaver_status": 0, "item_1": 92, "item_0": 102, "item_0_name": "Force Staff", "leaver_status_description": "finished match, no abandon", "level": 11, "player_slot": 132, "leaver_status_name": "NONE", "hero_id": 20, "last_hits": 12, "kills": 3, "account_id": 113316122, "item_3_name": "Magic Wand", "item_4": 29, "item_3": 36, "item_4_name": "Boots of Speed", "item_5": 17, "xp_per_min": 285, "item_5_name": "Belt of Strength", "hero_name": "Vengeful Spirit", "gold_per_min": 284, "deaths": 1, "denies": 8, "item_2_name": "Town Portal Scroll", "item_1_name": "Urn of Shadows"}], "dire_team_id": 55, "picks_bans": [{"order": 0, "is_pick": false, "hero_id": 83, "team": 1}, {"order": 1, "is_pick": false, "hero_id": 77, "team": 0}, {"order": 2, "is_pick": false, "hero_id": 69, "team": 1}, {"order": 3, "is_pick": false, "hero_id": 9, "team": 0}, {"order": 4, "is_pick": true, "hero_id": 78, "team": 1}, {"order": 5, "is_pick": true, "hero_id": 96, "team": 0}, {"order": 6, "is_pick": true, "hero_id": 42, "team": 0}, {"order": 7, "is_pick": true, "hero_id": 20, "team": 1}, {"order": 8, "is_pick": false, "hero_id": 68, "team": 1}, {"order": 9, "is_pick": false, "hero_id": 65, "team": 0}, {"order": 10, "is_pick": false, "hero_id": 79, "team": 1}, {"order": 11, "is_pick": false, "hero_id": 74, "team": 0}, {"order": 12, "is_pick": true, "hero_id": 87, "team": 0}, {"order": 13, "is_pick": true, "hero_id": 7, "team": 1}, {"order": 14, "is_pick": true, "hero_id": 101, "team": 0}, {"order": 15, "is_pick": true, "hero_id": 45, "team": 1}, {"order": 16, "is_pick": false, "hero_id": 1, "team": 0}, {"order": 17, "is_pick": false, "hero_id": 15, "team": 1}, {"order": 18, "is_pick": true, "hero_id": 11, "team": 0}, {"order": 19, "is_pick": true, "hero_id": 80, "team": 1}], "dire_name": "_PowerRangers", "negative_votes": 1}