{"dire_captain": 106809101, "tower_status_radiant": 1975, "flags": 0, "radiant_team_complete": 0, "game_mode": 2, "radiant_score": 0, "match_id": 746057689, "lobby_name": "Practice", "dire_logo": 882986344233212788, "pre_game_duration": 0, "radiant_captain": 91450094, "radiant_name": "The Magnificent Five Krasnoyarsk", "match_seq_num": 671161357, "dire_team_complete": 0, "start_time": 1403942256, "radiant_win": true, "positive_votes": 2, "leagueid": 1522, "duration": 1952, "dire_score": 0, "lobby_type": 1, "cluster": 132, "engine": 0, "barracks_status_dire": 51, "barracks_status_radiant": 63, "cluster_name": "Europe West", "first_blood_time": 187, "radiant_team_id": 1123205, "radiant_logo": 903264587028044529, "human_players": 10, "game_mode_name": "Captains Mode", "tower_status_dire": 1796, "players": [{"item_2": 63, "assists": 10, "leaver_status": 0, "item_1": 156, "item_0": 116, "item_0_name": "Black King Bar", "leaver_status_description": "finished match, no abandon", "level": 22, "player_slot": 0, "leaver_status_name": "NONE", "hero_id": 11, "last_hits": 270, "kills": 16, "account_id": 91931566, "item_3_name": "Butterfly", "item_4": 117, "item_3": 139, "item_4_name": "Aegis of the Immortal", "item_5": 149, "xp_per_min": 839, "item_5_name": "Crystalys", "hero_name": "Shadow Fiend", "gold_per_min": 761, "deaths": 3, "denies": 23, "item_2_name": "Power Treads", "item_1_name": "Satanic"}, {"item_2": 29, "assists": 18, "leaver_status": 0, "item_1": 1, "item_0": 119, "item_0_name": "Shiva's Guard", "leaver_status_description": "finished match, no abandon", "level": 19, "player_slot": 1, "leaver_status_name": "NONE", "hero_id": 29, "last_hits": 126, "kills": 1, "account_id": 169181898, "item_3_name": "Magic Wand", "item_4": 41, "item_3": 36, "item_4_name": "Bottle", "item_5": 46, "xp_per_min": 610, "item_5_name": "Town Portal Scroll", "hero_name": "Tidehunter", "gold_per_min": 447, "deaths": 4, "denies": 4, "item_2_name": "Boots of Speed", "item_1_name": "Blink Dagger"}, {"item_2": 1, "assists": 14, "leaver_status": 0, "item_1": 180, "item_0": 79, "item_0_name": "Mekansm", "leaver_status_description": "finished match, no abandon", "level": 15, "player_slot": 2, "leaver_status_name": "NONE", "hero_id": 64, "last_hits": 42, "kills": 4, "account_id": 116287390, "item_3_name": "Town Portal Scroll", "item_4": 60, "item_3": 46, "item_4_name": "Point Booster", "item_5": 36, "xp_per_min": 377, "item_5_name": "Magic Wand", "hero_name": "Jakiro", "gold_per_min": 313, "deaths": 4, "denies": 7, "item_2_name": "Blink Dagger", "item_1_name": "Arcane Boots"}, {"item_2": 46, "assists": 8, "leaver_status": 0, "item_1": 36, "item_0": 0, "leaver_status_description": "finished match, no abandon", "level": 13, "player_slot": 3, "leaver_status_name": "NONE", "hero_id": 3, "last_hits": 14, "kills": 4, "account_id": 98027333, "item_3_name": "Blink Dagger", "item_4": 180, "item_3": 1, "item_4_name": "Arcane Boots", "item_5": 0, "xp_per_min": 306, "hero_name": "Bane", "gold_per_min": 270, "deaths": 5, "denies": 2, "item_2_name": "Town Portal Scroll", "item_1_name": "Magic Wand"}, {"item_2": 212, "assists": 11, "leaver_status": 0, "item_1": 65, "item_0": 116, "item_0_name": "Black King Bar", "leaver_status_description": "finished match, no abandon", "level": 18, "player_slot": 4, "leaver_status_name": "NONE", "hero_id": 9, "last_hits": 203, "kills": 5, "account_id": 91450094, "item_3_name": "Boots of Travel", "item_4": 158, "item_3": 48, "item_4_name": "Mjollnir", "item_5": 170, "xp_per_min": 574, "item_5_name": "Yasha", "hero_name": "Mirana", "gold_per_min": 592, "deaths": 4, "denies": 24, "item_2_name": "Ring of Aquila", "item_1_name": "Hand of Midas"}, {"item_2": 36, "assists": 4, "leaver_status": 0, "item_1": 0, "item_0": 145, "item_0_name": "Battle Fury", "leaver_status_description": "finished match, no abandon", "level": 18, "player_slot": 128, "leaver_status_name": "NONE", "hero_id": 106, "last_hits": 135, "kills": 12, "account_id": 106809101, "item_3_name": "Drum of Endurance", "item_4": 180, "item_3": 185, "item_4_name": "Arcane Boots", "item_5": 5, "xp_per_min": 556, "item_5_name": "Claymore", "hero_name": "Ember Spirit", "gold_per_min": 431, "deaths": 5, "denies": 10, "item_2_name": "Magic Wand"}, {"item_2": 23, "assists": 10, "leaver_status": 0, "item_1": 86, "item_0": 214, "item_0_name": "Tranquil Boots", "leaver_status_description": "finished match, no abandon", "level": 13, "player_slot": 129, "leaver_status_name": "NONE", "hero_id": 31, "last_hits": 21, "kills": 0, "account_id": 123006338, "item_3_name": "Bracer", "item_4": 0, "item_3": 73, "item_5": 46, "xp_per_min": 309, "item_5_name": "Town Portal Scroll", "hero_name": "Lich", "gold_per_min": 192, "deaths": 5, "denies": 0, "item_2_name": "Staff of Wizardry", "item_1_name": "Buckler"}, {"item_2": 1, "assists": 7, "leaver_status": 0, "item_1": 214, "item_0": 182, "item_0_name": "Stout Shield", "leaver_status_description": "finished match, no abandon", "level": 14, "player_slot": 130, "leaver_status_name": "NONE", "hero_id": 96, "last_hits": 110, "kills": 2, "account_id": 114150204, "item_3_name": "Blade Mail", "item_4": 34, "item_3": 127, "item_4_name": "Magic Stick", "item_5": 0, "xp_per_min": 344, "hero_name": "Centaur Warrunner", "gold_per_min": 291, "deaths": 9, "denies": 2, "item_2_name": "Blink Dagger", "item_1_name": "Tranquil Boots"}, {"item_2": 36, "assists": 8, "leaver_status": 0, "item_1": 180, "item_0": 79, "item_0_name": "Mekansm", "leaver_status_description": "finished match, no abandon", "level": 15, "player_slot": 131, "leaver_status_name": "NONE", "hero_id": 55, "last_hits": 140, "kills": 4, "account_id": 97383503, "item_4": 9, "item_3": 0, "item_4_name": "Platemail", "item_5": 1, "xp_per_min": 377, "item_5_name": "Blink Dagger", "hero_name": "Dark Seer", "gold_per_min": 364, "deaths": 6, "denies": 0, "item_2_name": "Magic Wand", "item_1_name": "Arcane Boots"}, {"item_2": 36, "assists": 3, "leaver_status": 0, "item_1": 0, "item_0": 92, "item_0_name": "Urn of Shadows", "leaver_status_description": "finished match, no abandon", "level": 11, "player_slot": 132, "leaver_status_name": "NONE", "hero_id": 86, "last_hits": 31, "kills": 2, "account_id": 87095102, "item_3_name": "Boots of Speed", "item_4": 0, "item_3": 29, "item_5": 42, "xp_per_min": 212, "item_5_name": "Observer Ward", "hero_name": "Rubick", "gold_per_min": 178, "deaths": 6, "denies": 3, "item_2_name": "Magic Wand"}], "dire_team_id": 62266, "picks_bans": [{"order": 0, "is_pick": false, "hero_id": 77, "team": 1}, {"order": 1, "is_pick": false, "hero_id": 78, "team": 0}, {"order": 2, "is_pick": false, "hero_id": 65, "team": 1}, {"order": 3, "is_pick": false, "hero_id": 34, "team": 0}, {"order": 4, "is_pick": true, "hero_id": 96, "team": 1}, {"order": 5, "is_pick": true, "hero_id": 9, "team": 0}, {"order": 6, "is_pick": true, "hero_id": 3, "team": 0}, {"order": 7, "is_pick": true, "hero_id": 31, "team": 1}, {"order": 8, "is_pick": false, "hero_id": 74, "team": 1}, {"order": 9, "is_pick": false, "hero_id": 47, "team": 0}, {"order": 10, "is_pick": false, "hero_id": 69, "team": 1}, {"order": 11, "is_pick": false, "hero_id": 53, "team": 0}, {"order": 12, "is_pick": true, "hero_id": 29, "team": 0}, {"order": 13, "is_pick": true, "hero_id": 86, "team": 1}, {"order": 14, "is_pick": true, "hero_id": 64, "team": 0}, {"order": 15, "is_pick": true, "hero_id": 55, "team": 1}, {"order": 16, "is_pick": false, "hero_id": 76, "team": 0}, {"order": 17, "is_pick": false, "hero_id": 13, "team": 1}, {"order": 18, "is_pick": true, "hero_id": 11, "team": 0}, {"order": 19, "is_pick": true, "hero_id": 106, "team": 1}], "dire_name": "OtherWise", "negative_votes": 1}