{"dire_captain": 86727555, "tower_status_radiant": 1983, "flags": 0, "radiant_team_complete": 1, "game_mode": 2, "radiant_score": 0, "match_id": 749253724, "lobby_name": "Practice", "dire_logo": 631980045785959337, "pre_game_duration": 0, "radiant_captain": 82327674, "radiant_name": "Invictus Gaming", "match_seq_num": 673841774, "dire_team_complete": 1, "start_time": 1404076251, "radiant_win": true, "positive_votes": 10621, "leagueid": 1248, "duration": 1737, "dire_score": 0, "lobby_type": 1, "cluster": 131, "engine": 0, "barracks_status_dire": 51, "barracks_status_radiant": 63, "cluster_name": "Europe West", "first_blood_time": 223, "radiant_team_id": 5, "radiant_logo": 528418381437908533, "human_players": 10, "game_mode_name": "Captains Mode", "tower_status_dire": 1796, "players": [{"item_2": 0, "assists": 6, "leaver_status": 0, "item_1": 46, "item_0": 180, "item_0_name": "Arcane Boots", "leaver_status_description": "finished match, no abandon", "level": 11, "player_slot": 0, "leaver_status_name": "NONE", "hero_id": 79, "last_hits": 36, "kills": 5, "account_id": 82327674, "item_3_name": "Urn of Shadows", "item_4": 1, "item_3": 92, "item_4_name": "Blink Dagger", "item_5": 36, "xp_per_min": 262, "item_5_name": "Magic Wand", "hero_name": "Shadow Demon", "gold_per_min": 288, "deaths": 0, "denies": 1, "item_1_name": "Town Portal Scroll"}, {"item_2": 194, "assists": 8, "leaver_status": 0, "item_1": 9, "item_0": 29, "item_0_name": "Boots of Speed", "leaver_status_description": "finished match, no abandon", "level": 16, "player_slot": 1, "leaver_status_name": "NONE", "hero_id": 74, "last_hits": 175, "kills": 2, "account_id": 89246836, "item_3_name": "Mekansm", "item_4": 116, "item_3": 79, "item_4_name": "Black King Bar", "item_5": 65, "xp_per_min": 494, "item_5_name": "Hand of Midas", "hero_name": "Invoker", "gold_per_min": 565, "deaths": 0, "denies": 29, "item_2_name": "Necronomicon", "item_1_name": "Platemail"}, {"item_2": 116, "assists": 7, "leaver_status": 0, "item_1": 63, "item_0": 36, "item_0_name": "Magic Wand", "leaver_status_description": "finished match, no abandon", "level": 16, "player_slot": 2, "leaver_status_name": "NONE", "hero_id": 39, "last_hits": 132, "kills": 9, "account_id": 88585077, "item_3_name": "Orchid Malevolence", "item_4": 9, "item_3": 98, "item_4_name": "Platemail", "item_5": 41, "xp_per_min": 486, "item_5_name": "Bottle", "hero_name": "Queen of Pain", "gold_per_min": 530, "deaths": 0, "denies": 6, "item_2_name": "Black King Bar", "item_1_name": "Power Treads"}, {"item_2": 65, "assists": 4, "leaver_status": 0, "item_1": 0, "item_0": 116, "item_0_name": "Black King Bar", "leaver_status_description": "finished match, no abandon", "level": 17, "player_slot": 3, "leaver_status_name": "NONE", "hero_id": 41, "last_hits": 160, "kills": 3, "account_id": 90045009, "item_3_name": "Power Treads", "item_4": 71, "item_3": 63, "item_4_name": "Poor Man's Shield", "item_5": 108, "xp_per_min": 529, "item_5_name": "Aghanim's Scepter", "hero_name": "Faceless Void", "gold_per_min": 547, "deaths": 0, "denies": 10, "item_2_name": "Hand of Midas"}, {"item_2": 21, "assists": 7, "leaver_status": 0, "item_1": 180, "item_0": 152, "item_0_name": "Shadow Blade", "leaver_status_description": "finished match, no abandon", "level": 12, "player_slot": 4, "leaver_status_name": "NONE", "hero_id": 23, "last_hits": 35, "kills": 2, "account_id": 88553213, "item_3_name": "Gem of True Sight", "item_4": 0, "item_3": 30, "item_5": 16, "xp_per_min": 307, "item_5_name": "Iron Branch", "hero_name": "Kunkka", "gold_per_min": 302, "deaths": 0, "denies": 1, "item_2_name": "Ogre Club", "item_1_name": "Arcane Boots"}, {"item_2": 0, "assists": 0, "leaver_status": 0, "item_1": 46, "item_0": 29, "item_0_name": "Boots of Speed", "leaver_status_description": "finished match, no abandon", "level": 8, "player_slot": 128, "leaver_status_name": "NONE", "hero_id": 9, "last_hits": 19, "kills": 0, "account_id": 86727555, "item_4": 43, "item_3": 0, "item_4_name": "Sentry Ward", "item_5": 36, "xp_per_min": 125, "item_5_name": "Magic Wand", "hero_name": "Mirana", "gold_per_min": 133, "deaths": 2, "denies": 1, "item_1_name": "Town Portal Scroll"}, {"item_2": 1, "assists": 0, "leaver_status": 0, "item_1": 77, "item_0": 180, "item_0_name": "Arcane Boots", "leaver_status_description": "finished match, no abandon", "level": 11, "player_slot": 129, "leaver_status_name": "NONE", "hero_id": 16, "last_hits": 100, "kills": 0, "account_id": 121847953, "item_3_name": "Magic Wand", "item_4": 46, "item_3": 36, "item_4_name": "Town Portal Scroll", "item_5": 182, "xp_per_min": 245, "item_5_name": "Stout Shield", "hero_name": "Sand King", "gold_per_min": 250, "deaths": 6, "denies": 6, "item_2_name": "Blink Dagger", "item_1_name": "Null Talisman"}, {"item_2": 102, "assists": 0, "leaver_status": 0, "item_1": 29, "item_0": 0, "leaver_status_description": "finished match, no abandon", "level": 11, "player_slot": 130, "leaver_status_name": "NONE", "hero_id": 103, "last_hits": 89, "kills": 0, "account_id": 87276347, "item_3_name": "Magic Stick", "item_4": 79, "item_3": 34, "item_4_name": "Mekansm", "item_5": 178, "xp_per_min": 222, "item_5_name": "Soul Ring", "hero_name": "Elder Titan", "gold_per_min": 250, "deaths": 1, "denies": 1, "item_2_name": "Force Staff", "item_1_name": "Boots of Speed"}, {"item_2": 29, "assists": 0, "leaver_status": 0, "item_1": 41, "item_0": 88, "item_0_name": "Ring of Basilius", "leaver_status_description": "finished match, no abandon", "level": 11, "player_slot": 131, "leaver_status_name": "NONE", "hero_id": 91, "last_hits": 23, "kills": 0, "account_id": 73562326, "item_3_name": "Town Portal Scroll", "item_4": 34, "item_3": 46, "item_4_name": "Magic Stick", "item_5": 27, "xp_per_min": 210, "item_5_name": "Ring of Regen", "hero_name": "Io", "gold_per_min": 144, "deaths": 7, "denies": 5, "item_2_name": "Boots of Speed", "item_1_name": "Bottle"}, {"item_2": 65, "assists": 0, "leaver_status": 0, "item_1": 63, "item_0": 108, "item_0_name": "Aghanim's Scepter", "leaver_status_description": "finished match, no abandon", "level": 14, "player_slot": 132, "leaver_status_name": "NONE", "hero_id": 19, "last_hits": 240, "kills": 0, "account_id": 86745912, "item_3_name": "Quelling Blade", "item_4": 116, "item_3": 11, "item_4_name": "Black King Bar", "item_5": 46, "xp_per_min": 398, "item_5_name": "Town Portal Scroll", "hero_name": "Tiny", "gold_per_min": 499, "deaths": 6, "denies": 4, "item_2_name": "Hand of Midas", "item_1_name": "Power Treads"}], "dire_team_id": 39, "picks_bans": [{"order": 0, "is_pick": false, "hero_id": 33, "team": 0}, {"order": 1, "is_pick": false, "hero_id": 77, "team": 1}, {"order": 2, "is_pick": false, "hero_id": 69, "team": 0}, {"order": 3, "is_pick": false, "hero_id": 106, "team": 1}, {"order": 4, "is_pick": true, "hero_id": 41, "team": 0}, {"order": 5, "is_pick": true, "hero_id": 91, "team": 1}, {"order": 6, "is_pick": true, "hero_id": 19, "team": 1}, {"order": 7, "is_pick": true, "hero_id": 74, "team": 0}, {"order": 8, "is_pick": false, "hero_id": 29, "team": 0}, {"order": 9, "is_pick": false, "hero_id": 58, "team": 1}, {"order": 10, "is_pick": false, "hero_id": 78, "team": 0}, {"order": 11, "is_pick": false, "hero_id": 43, "team": 1}, {"order": 12, "is_pick": true, "hero_id": 9, "team": 1}, {"order": 13, "is_pick": true, "hero_id": 79, "team": 0}, {"order": 14, "is_pick": true, "hero_id": 16, "team": 1}, {"order": 15, "is_pick": true, "hero_id": 23, "team": 0}, {"order": 16, "is_pick": false, "hero_id": 7, "team": 1}, {"order": 17, "is_pick": false, "hero_id": 65, "team": 0}, {"order": 18, "is_pick": true, "hero_id": 103, "team": 1}, {"order": 19, "is_pick": true, "hero_id": 39, "team": 0}], "dire_name": "Evil Geniuses", "negative_votes": 833}