{"duration": 1604, "radiant_logo": 0, "leagueid": 21, "game_mode": 2, "radiant_score": 0, "positive_votes": 233, "lobby_type": 1, "lobby_name": "Practice", "radiant_win": false, "engine": 0, "pre_game_duration": 0, "match_id": 75685885, "dire_team_complete": 1, "dire_team_id": 1883502, "flags": 0, "dire_logo": 642124127283031446, "cluster": 181, "negative_votes": 28, "players": [{"item_2": 182, "assists": 1, "item_4": 0, "leaver_status": 0, "leaver_status_description": "finished match, no abandon", "item_1": 63, "kills": 3, "hero_name": "Sven", "hero_id": 18, "level": 11, "item_0": 36, "gold_per_min": 309, "leaver_status_name": "NONE", "denies": 27, "player_slot": 0, "deaths": 6, "account_id": 74155633, "item_5": 0, "item_3": 116, "item_0_name": "Magic Wand", "item_3_name": "Black King Bar", "item_2_name": "Stout Shield", "last_hits": 107, "item_1_name": "Power Treads", "xp_per_min": 267}, {"item_2": 46, "assists": 2, "item_4": 0, "leaver_status": 1, "leaver_status_description": "player DC, no abandon", "item_1": 31, "kills": 3, "hero_name": "Lone Druid", "hero_id": 80, "level": 15, "item_0": 214, "gold_per_min": 329, "leaver_status_name": "DISCONNECTED", "denies": 5, "player_slot": 1, "deaths": 4, "account_id": 11603325, "item_5": 0, "item_3": 0, "item_0_name": "Tranquil Boots", "item_2_name": "Town Portal Scroll", "last_hits": 105, "item_1_name": "Cloak", "xp_per_min": 449}, {"item_5_name": "Ultimate Orb", "item_2": 0, "assists": 3, "item_4": 58, "item_4_name": "Mystic Staff", "leaver_status": 1, "leaver_status_description": "player DC, no abandon", "item_1": 36, "kills": 2, "hero_name": "Queen of Pain", "hero_id": 39, "level": 14, "item_0": 41, "gold_per_min": 335, "leaver_status_name": "DISCONNECTED", "denies": 12, "player_slot": 2, "deaths": 1, "account_id": 20652618, "item_5": 24, "item_3": 63, "item_0_name": "Bottle", "item_3_name": "Power Treads", "last_hits": 117, "item_1_name": "Magic Wand", "xp_per_min": 411}, {"item_5_name": "Observer Ward", "item_2": 0, "assists": 6, "item_4": 29, "item_4_name": "Boots of Speed", "leaver_status": 0, "leaver_status_description": "finished match, no abandon", "item_1": 0, "kills": 0, "hero_name": "Jakiro", "hero_id": 64, "level": 8, "item_0": 40, "item_3_name": "Smoke of Deceit", "leaver_status_name": "NONE", "denies": 1, "player_slot": 3, "deaths": 4, "account_id": 86736858, "item_5": 42, "item_3": 188, "item_0_name": "Dust of Appearance", "gold_per_min": 157, "last_hits": 26, "xp_per_min": 160}, {"item_2": 94, "assists": 4, "item_4": 29, "item_4_name": "Boots of Speed", "leaver_status": 1, "leaver_status_description": "player DC, no abandon", "item_1": 86, "kills": 1, "hero_name": "Windranger", "hero_id": 21, "level": 8, "item_0": 43, "gold_per_min": 151, "leaver_status_name": "DISCONNECTED", "denies": 2, "player_slot": 4, "deaths": 0, "account_id": 29574284, "item_5": 0, "item_3": 36, "item_0_name": "Sentry Ward", "item_3_name": "Magic Wand", "item_2_name": "Headdress", "last_hits": 16, "item_1_name": "Buckler", "xp_per_min": 130}, {"item_2": 79, "assists": 6, "item_4": 21, "item_4_name": "Ogre Club", "leaver_status": 0, "leaver_status_description": "finished match, no abandon", "item_1": 180, "kills": 2, "hero_name": "Enigma", "hero_id": 33, "level": 12, "item_0": 178, "gold_per_min": 409, "leaver_status_name": "NONE", "denies": 8, "player_slot": 128, "deaths": 3, "account_id": 93712171, "item_5": 0, "item_3": 46, "item_0_name": "Soul Ring", "item_3_name": "Town Portal Scroll", "item_2_name": "Mekansm", "last_hits": 101, "item_1_name": "Arcane Boots", "xp_per_min": 313}, {"item_2": 185, "assists": 5, "item_4": 34, "item_4_name": "Magic Stick", "leaver_status": 0, "leaver_status_description": "finished match, no abandon", "item_1": 75, "kills": 3, "hero_name": "Luna", "hero_id": 48, "level": 13, "item_0": 147, "gold_per_min": 465, "leaver_status_name": "NONE", "denies": 11, "player_slot": 129, "deaths": 3, "account_id": 26316691, "item_5": 0, "item_3": 214, "item_0_name": "Manta Style", "item_3_name": "Tranquil Boots", "item_2_name": "Drum of Endurance", "last_hits": 116, "item_1_name": "Wraith Band", "xp_per_min": 387}, {"item_5_name": "Hand of Midas", "item_2": 88, "assists": 7, "item_4": 194, "item_4_name": "Necronomicon", "leaver_status": 0, "leaver_status_description": "finished match, no abandon", "item_1": 168, "kills": 2, "hero_name": "Nature's Prophet", "hero_id": 53, "level": 14, "item_0": 29, "gold_per_min": 540, "leaver_status_name": "NONE", "denies": 0, "player_slot": 130, "deaths": 1, "account_id": 91931211, "item_5": 65, "item_3": 46, "item_0_name": "Boots of Speed", "item_3_name": "Town Portal Scroll", "item_2_name": "Ring of Basilius", "last_hits": 129, "item_1_name": "Desolator", "xp_per_min": 396}, {"item_5_name": "Town Portal Scroll", "item_2": 57, "assists": 7, "item_4": 24, "item_4_name": "Ultimate Orb", "leaver_status": 0, "leaver_status_description": "finished match, no abandon", "item_1": 36, "kills": 3, "hero_name": "Invoker", "hero_id": 74, "level": 13, "item_0": 102, "gold_per_min": 376, "leaver_status_name": "NONE", "denies": 10, "player_slot": 131, "deaths": 2, "account_id": 86840554, "item_5": 46, "item_3": 50, "item_0_name": "Force Staff", "item_3_name": "Phase Boots", "item_2_name": "Void Stone", "last_hits": 77, "item_1_name": "Magic Wand", "xp_per_min": 371}, {"item_5_name": "Vladmir's Offering", "item_2": 182, "assists": 5, "item_4": 36, "item_4_name": "Magic Wand", "leaver_status": 1, "leaver_status_description": "player DC, no abandon", "item_1": 50, "kills": 5, "hero_name": "Bounty Hunter", "hero_id": 62, "level": 16, "item_0": 46, "gold_per_min": 483, "leaver_status_name": "DISCONNECTED", "denies": 6, "player_slot": 132, "deaths": 0, "account_id": 92926005, "item_5": 81, "item_3": 185, "item_0_name": "Town Portal Scroll", "item_3_name": "Drum of Endurance", "item_2_name": "Stout Shield", "last_hits": 70, "item_1_name": "Phase Boots", "xp_per_min": 511}], "tower_status_radiant": 0, "radiant_team_id": 166881, "dire_score": 0, "human_players": 10, "match_seq_num": 71079543, "radiant_name": "Bitches Love Cake", "cluster_name": "Russia", "radiant_team_complete": 1, "barracks_status_dire": 63, "start_time": 1355082348, "dire_name": "Virtus.pro", "first_blood_time": 0, "tower_status_dire": 1846, "barracks_status_radiant": 0, "game_mode_name": "Captains Mode"}