{"dire_captain": 49317728, "tower_status_radiant": 1975, "flags": 0, "lobby_type": 1, "cluster": 122, "game_mode_name": "Captains Mode", "engine": 0, "barracks_status_dire": 48, "barracks_status_radiant": 63, "cluster_name": "US East", "radiant_score": 0, "match_id": 760567605, "lobby_name": "Practice", "dire_score": 0, "first_blood_time": 136, "radiant_team_id": 1697959, "radiant_logo": 3246282410348341467, "human_players": 10, "pre_game_duration": 0, "radiant_team_complete": 0, "radiant_captain": 84671288, "players": [{"item_2": 112, "assists": 20, "leaver_status": 0, "item_1": 194, "item_0": 88, "item_0_name": "Ring of Basilius", "leaver_status_description": "finished match, no abandon", "level": 19, "player_slot": 0, "leaver_status_name": "NONE", "hero_id": 74, "last_hits": 182, "kills": 12, "account_id": 84671288, "item_3_name": "Black King Bar", "item_4": 29, "item_3": 116, "item_4_name": "Boots of Speed", "item_5": 65, "xp_per_min": 584, "item_5_name": "Hand of Midas", "hero_name": "Invoker", "gold_per_min": 681, "deaths": 4, "denies": 6, "item_2_name": "Assault Cuirass", "item_1_name": "Necronomicon"}, {"item_2": 188, "assists": 19, "leaver_status": 0, "item_1": 108, "item_0": 180, "item_0_name": "Arcane Boots", "leaver_status_description": "finished match, no abandon", "level": 15, "player_slot": 1, "leaver_status_name": "NONE", "hero_id": 30, "last_hits": 32, "kills": 6, "account_id": 108548063, "item_3_name": "Magic Wand", "item_4": 0, "item_3": 36, "item_5": 46, "xp_per_min": 415, "item_5_name": "Town Portal Scroll", "hero_name": "Witch Doctor", "gold_per_min": 340, "deaths": 2, "denies": 3, "item_2_name": "Smoke of Deceit", "item_1_name": "Aghanim's Scepter"}, {"item_2": 116, "assists": 20, "leaver_status": 0, "item_1": 1, "item_0": 63, "item_0_name": "Power Treads", "leaver_status_description": "finished match, no abandon", "level": 19, "player_slot": 2, "leaver_status_name": "NONE", "hero_id": 49, "last_hits": 112, "kills": 5, "account_id": 92513570, "item_3_name": "Bracer", "item_4": 41, "item_3": 73, "item_4_name": "Bottle", "item_5": 166, "xp_per_min": 600, "item_5_name": "Maelstrom", "hero_name": "Dragon Knight", "gold_per_min": 501, "deaths": 3, "denies": 8, "item_2_name": "Black King Bar", "item_1_name": "Blink Dagger"}, {"item_2": 102, "assists": 16, "leaver_status": 0, "item_1": 1, "item_0": 46, "item_0_name": "Town Portal Scroll", "leaver_status_description": "finished match, no abandon", "level": 18, "player_slot": 3, "leaver_status_name": "NONE", "hero_id": 86, "last_hits": 59, "kills": 10, "account_id": 43810089, "item_3_name": "Arcane Boots", "item_4": 0, "item_3": 180, "item_5": 108, "xp_per_min": 528, "item_5_name": "Aghanim's Scepter", "hero_name": "Rubick", "gold_per_min": 408, "deaths": 3, "denies": 2, "item_2_name": "Force Staff", "item_1_name": "Blink Dagger"}, {"item_2": 46, "assists": 11, "leaver_status": 0, "item_1": 108, "item_0": 71, "item_0_name": "Poor Man's Shield", "leaver_status_description": "finished match, no abandon", "level": 20, "player_slot": 4, "leaver_status_name": "NONE", "hero_id": 41, "last_hits": 108, "kills": 10, "account_id": 12065389, "item_3_name": "Power Treads", "item_4": 158, "item_3": 63, "item_4_name": "Mjollnir", "item_5": 0, "xp_per_min": 651, "hero_name": "Faceless Void", "gold_per_min": 489, "deaths": 8, "denies": 3, "item_2_name": "Town Portal Scroll", "item_1_name": "Aghanim's Scepter"}, {"item_2": 1, "assists": 8, "leaver_status": 0, "item_1": 63, "item_0": 41, "item_0_name": "Bottle", "leaver_status_description": "finished match, no abandon", "level": 19, "player_slot": 128, "leaver_status_name": "NONE", "hero_id": 13, "last_hits": 125, "kills": 6, "account_id": 49317728, "item_3_name": "Hand of Midas", "item_4": 46, "item_3": 65, "item_4_name": "Town Portal Scroll", "item_5": 36, "xp_per_min": 586, "item_5_name": "Magic Wand", "hero_name": "Puck", "gold_per_min": 429, "deaths": 11, "denies": 7, "item_2_name": "Blink Dagger", "item_1_name": "Power Treads"}, {"item_2": 79, "assists": 12, "leaver_status": 0, "item_1": 1, "item_0": 63, "item_0_name": "Power Treads", "leaver_status_description": "finished match, no abandon", "level": 16, "player_slot": 129, "leaver_status_name": "NONE", "hero_id": 33, "last_hits": 156, "kills": 3, "account_id": 44111721, "item_3_name": "Soul Ring", "item_4": 46, "item_3": 178, "item_4_name": "Town Portal Scroll", "item_5": 21, "xp_per_min": 442, "item_5_name": "Ogre Club", "hero_name": "Enigma", "gold_per_min": 372, "deaths": 5, "denies": 6, "item_2_name": "Mekansm", "item_1_name": "Blink Dagger"}, {"item_2": 180, "assists": 9, "leaver_status": 0, "item_1": 27, "item_0": 42, "item_0_name": "Observer Ward", "leaver_status_description": "finished match, no abandon", "level": 11, "player_slot": 130, "leaver_status_name": "NONE", "hero_id": 79, "last_hits": 44, "kills": 4, "account_id": 50828662, "item_3_name": "Magic Wand", "item_4": 23, "item_3": 36, "item_4_name": "Staff of Wizardry", "item_5": 46, "xp_per_min": 238, "item_5_name": "Town Portal Scroll", "hero_name": "Shadow Demon", "gold_per_min": 225, "deaths": 8, "denies": 0, "item_2_name": "Arcane Boots", "item_1_name": "Ring of Regen"}, {"item_2": 36, "assists": 7, "leaver_status": 0, "item_1": 25, "item_0": 185, "item_0_name": "Drum of Endurance", "leaver_status_description": "finished match, no abandon", "level": 13, "player_slot": 131, "leaver_status_name": "NONE", "hero_id": 9, "last_hits": 86, "kills": 2, "account_id": 47887295, "item_3_name": "Power Treads", "item_4": 0, "item_3": 63, "item_5": 0, "xp_per_min": 290, "hero_name": "Mirana", "gold_per_min": 283, "deaths": 9, "denies": 13, "item_2_name": "Magic Wand", "item_1_name": "Gloves of Haste"}, {"item_2": 36, "assists": 9, "leaver_status": 0, "item_1": 41, "item_0": 50, "item_0_name": "Phase Boots", "leaver_status_description": "finished match, no abandon", "level": 13, "player_slot": 132, "leaver_status_name": "NONE", "hero_id": 51, "last_hits": 67, "kills": 4, "account_id": 175051125, "item_3_name": "Robe of the Magi", "item_4": 71, "item_3": 19, "item_4_name": "Poor Man's Shield", "item_5": 4, "xp_per_min": 280, "item_5_name": "Chainmail", "hero_name": "Clockwerk", "gold_per_min": 272, "deaths": 11, "denies": 1, "item_2_name": "Magic Wand", "item_1_name": "Bottle"}], "radiant_name": "Urn REAL Tangoes", "tower_status_dire": 1792, "match_seq_num": 683600864, "start_time": 1404608465, "picks_bans": [{"order": 0, "is_pick": false, "hero_id": 77, "team": 0}, {"order": 1, "is_pick": false, "hero_id": 69, "team": 1}, {"order": 2, "is_pick": false, "hero_id": 65, "team": 0}, {"order": 3, "is_pick": false, "hero_id": 34, "team": 1}, {"order": 4, "is_pick": true, "hero_id": 41, "team": 0}, {"order": 5, "is_pick": true, "hero_id": 33, "team": 1}, {"order": 6, "is_pick": true, "hero_id": 13, "team": 1}, {"order": 7, "is_pick": true, "hero_id": 86, "team": 0}, {"order": 8, "is_pick": false, "hero_id": 78, "team": 0}, {"order": 9, "is_pick": false, "hero_id": 101, "team": 1}, {"order": 10, "is_pick": false, "hero_id": 29, "team": 0}, {"order": 11, "is_pick": false, "hero_id": 89, "team": 1}, {"order": 12, "is_pick": true, "hero_id": 9, "team": 1}, {"order": 13, "is_pick": true, "hero_id": 30, "team": 0}, {"order": 14, "is_pick": true, "hero_id": 79, "team": 1}, {"order": 15, "is_pick": true, "hero_id": 74, "team": 0}, {"order": 16, "is_pick": false, "hero_id": 21, "team": 1}, {"order": 17, "is_pick": false, "hero_id": 10, "team": 0}, {"order": 18, "is_pick": true, "hero_id": 51, "team": 1}, {"order": 19, "is_pick": true, "hero_id": 49, "team": 0}], "radiant_win": true, "positive_votes": 1, "leagueid": 1350, "game_mode": 2, "duration": 1942, "negative_votes": 0}