{"duration": 951, "radiant_logo": 919001647957641628, "leagueid": 20, "game_mode": 2, "radiant_score": 0, "positive_votes": 67, "lobby_type": 1, "lobby_name": "Practice", "radiant_win": true, "engine": 0, "pre_game_duration": 0, "match_id": 76661464, "dire_team_complete": 0, "dire_team_id": 184145, "flags": 0, "dire_logo": 541819476003022575, "cluster": 132, "negative_votes": 32, "players": [{"item_2": 36, "assists": 3, "item_4": 0, "leaver_status": 1, "leaver_status_description": "player DC, no abandon", "item_1": 180, "kills": 0, "hero_id": 21, "level": 8, "item_0": 0, "gold_per_min": 225, "leaver_status_name": "DISCONNECTED", "denies": 1, "player_slot": 0, "deaths": 2, "account_id": 94155156, "item_5": 0, "item_3": 0, "hero_name": "Windranger", "item_2_name": "Magic Wand", "last_hits": 32, "item_1_name": "Arcane Boots", "xp_per_min": 220}, {"item_5_name": "Town Portal Scroll", "item_2": 188, "assists": 13, "item_4": 92, "item_4_name": "Urn of Shadows", "leaver_status": 0, "leaver_status_description": "finished match, no abandon", "item_1": 29, "kills": 6, "hero_name": "Io", "hero_id": 91, "level": 10, "item_0": 41, "gold_per_min": 359, "leaver_status_name": "NONE", "denies": 1, "player_slot": 1, "deaths": 4, "account_id": 19672354, "item_5": 46, "item_3": 36, "item_0_name": "Bottle", "item_3_name": "Magic Wand", "item_2_name": "Smoke of Deceit", "last_hits": 15, "item_1_name": "Boots of Speed", "xp_per_min": 386}, {"item_5_name": "Iron Branch", "item_2": 185, "assists": 14, "item_4": 46, "item_4_name": "Town Portal Scroll", "leaver_status": 1, "leaver_status_description": "player DC, no abandon", "item_1": 36, "kills": 4, "hero_name": "Chaos Knight", "hero_id": 81, "level": 11, "item_0": 182, "gold_per_min": 423, "leaver_status_name": "DISCONNECTED", "denies": 2, "player_slot": 2, "deaths": 3, "account_id": 100317750, "item_5": 16, "item_3": 63, "item_0_name": "Stout Shield", "item_3_name": "Power Treads", "item_2_name": "Drum of Endurance", "last_hits": 33, "item_1_name": "Magic Wand", "xp_per_min": 462}, {"item_2": 214, "assists": 7, "item_4": 185, "item_4_name": "Drum of Endurance", "leaver_status": 0, "leaver_status_description": "finished match, no abandon", "item_1": 104, "kills": 9, "hero_name": "Bounty Hunter", "hero_id": 62, "level": 12, "item_0": 36, "gold_per_min": 584, "leaver_status_name": "NONE", "denies": 4, "player_slot": 3, "deaths": 1, "account_id": 21265941, "item_5": 0, "item_3": 181, "item_0_name": "Magic Wand", "item_3_name": "Orb of Venom", "item_2_name": "Tranquil Boots", "last_hits": 51, "item_1_name": "Dagon", "xp_per_min": 492}, {"item_5_name": "Quelling Blade", "item_2": 178, "assists": 7, "item_4": 63, "item_4_name": "Power Treads", "leaver_status": 0, "leaver_status_description": "finished match, no abandon", "item_1": 182, "kills": 2, "hero_name": "Broodmother", "hero_id": 61, "level": 12, "item_0": 46, "gold_per_min": 435, "leaver_status_name": "NONE", "denies": 7, "player_slot": 4, "deaths": 1, "account_id": 8712306, "item_5": 11, "item_3": 98, "item_0_name": "Town Portal Scroll", "item_3_name": "Orchid Malevolence", "item_2_name": "Soul Ring", "last_hits": 75, "item_1_name": "Stout Shield", "xp_per_min": 508}, {"item_2": 0, "assists": 4, "item_4": 29, "leaver_status": 1, "leaver_status_description": "player DC, no abandon", "item_1": 0, "kills": 2, "hero_id": 87, "hero_name": "Disruptor", "item_4_name": "Boots of Speed", "level": 7, "item_0": 36, "gold_per_min": 144, "leaver_status_name": "DISCONNECTED", "denies": 1, "player_slot": 128, "deaths": 6, "account_id": 40602549, "item_5": 0, "item_3": 0, "item_0_name": "Magic Wand", "last_hits": 4, "xp_per_min": 166}, {"item_2": 36, "assists": 3, "item_4": 182, "item_4_name": "Stout Shield", "leaver_status": 1, "leaver_status_description": "player DC, no abandon", "item_1": 92, "kills": 4, "hero_name": "Lifestealer", "hero_id": 54, "level": 9, "item_0": 63, "gold_per_min": 293, "leaver_status_name": "DISCONNECTED", "denies": 6, "player_slot": 129, "deaths": 2, "account_id": 34128052, "item_5": 0, "item_3": 0, "item_0_name": "Power Treads", "item_2_name": "Magic Wand", "last_hits": 49, "item_1_name": "Urn of Shadows", "xp_per_min": 328}, {"item_5_name": "Buckler", "item_2": 13, "assists": 6, "item_4": 46, "item_4_name": "Town Portal Scroll", "leaver_status": 1, "leaver_status_description": "player DC, no abandon", "item_1": 0, "kills": 1, "hero_name": "Tidehunter", "hero_id": 29, "level": 9, "item_0": 214, "gold_per_min": 204, "leaver_status_name": "DISCONNECTED", "denies": 1, "player_slot": 130, "deaths": 4, "account_id": 3916428, "item_5": 86, "item_3": 36, "item_0_name": "Tranquil Boots", "item_3_name": "Magic Wand", "item_2_name": "Gauntlets of Strength", "last_hits": 30, "xp_per_min": 284}, {"item_2": 36, "assists": 2, "item_4": 46, "item_4_name": "Town Portal Scroll", "leaver_status": 1, "leaver_status_description": "player DC, no abandon", "item_1": 29, "kills": 0, "hero_id": 64, "level": 7, "item_0": 0, "gold_per_min": 124, "leaver_status_name": "DISCONNECTED", "denies": 4, "player_slot": 131, "deaths": 6, "account_id": 52173538, "item_5": 0, "item_3": 40, "hero_name": "Jakiro", "item_3_name": "Dust of Appearance", "item_2_name": "Magic Wand", "last_hits": 7, "item_1_name": "Boots of Speed", "xp_per_min": 179}, {"item_5_name": "Phase Boots", "item_2": 212, "assists": 5, "item_4": 0, "leaver_status": 1, "leaver_status_description": "player DC, no abandon", "item_1": 0, "kills": 3, "hero_name": "Templar Assassin", "hero_id": 46, "level": 10, "item_0": 34, "gold_per_min": 308, "leaver_status_name": "DISCONNECTED", "denies": 6, "player_slot": 132, "deaths": 5, "account_id": 20321748, "item_5": 50, "item_3": 40, "item_0_name": "Magic Stick", "item_3_name": "Dust of Appearance", "item_2_name": "Ring of Aquila", "last_hits": 62, "xp_per_min": 379}], "tower_status_radiant": 2047, "radiant_team_id": 38, "dire_score": 0, "human_players": 10, "match_seq_num": 71963311, "radiant_name": "FnaticRaidCall", "cluster_name": "Europe West", "radiant_team_complete": 1, "barracks_status_dire": 63, "start_time": 1355250440, "dire_name": "Turtle masters .-.'", "first_blood_time": 77, "tower_status_dire": 2036, "barracks_status_radiant": 63, "game_mode_name": "Captains Mode"}