{"dire_captain": 121052479, "tower_status_radiant": 512, "flags": 0, "radiant_team_complete": 1, "game_mode": 2, "radiant_score": 0, "match_id": 767300227, "lobby_name": "Tournament", "dire_logo": 612798094497099775, "pre_game_duration": 0, "radiant_captain": 86802844, "radiant_name": "Team Empire", "match_seq_num": 689557422, "dire_team_complete": 1, "start_time": 1404928649, "radiant_win": false, "positive_votes": 17652, "leagueid": 600, "duration": 3616, "dire_score": 0, "lobby_type": 2, "cluster": 111, "engine": 0, "barracks_status_dire": 63, "barracks_status_radiant": 0, "cluster_name": "US West", "first_blood_time": 435, "radiant_team_id": 46, "radiant_logo": 541924293718462159, "human_players": 10, "game_mode_name": "Captains Mode", "tower_status_dire": 1958, "players": [{"item_2": 46, "assists": 11, "leaver_status": 0, "item_1": 63, "item_0": 172, "item_0_name": "Mask of Madness", "leaver_status_description": "finished match, no abandon", "level": 21, "player_slot": 0, "leaver_status_name": "NONE", "hero_id": 41, "last_hits": 210, "kills": 6, "account_id": 86802844, "item_3_name": "Black King Bar", "item_4": 141, "item_3": 116, "item_4_name": "Daedalus", "item_5": 166, "xp_per_min": 403, "item_5_name": "Maelstrom", "hero_name": "Faceless Void", "gold_per_min": 317, "deaths": 5, "denies": 9, "item_2_name": "Town Portal Scroll", "item_1_name": "Power Treads"}, {"item_2": 63, "assists": 10, "leaver_status": 0, "item_1": 37, "item_0": 190, "item_0_name": "Veil of Discord", "leaver_status_description": "finished match, no abandon", "level": 18, "player_slot": 1, "leaver_status_name": "NONE", "hero_id": 16, "last_hits": 167, "kills": 4, "account_id": 91064780, "item_3_name": "Blink Dagger", "item_4": 0, "item_3": 1, "item_5": 9, "xp_per_min": 302, "item_5_name": "Platemail", "hero_name": "Sand King", "gold_per_min": 267, "deaths": 9, "denies": 1, "item_2_name": "Power Treads", "item_1_name": "Ghost Scepter"}, {"item_2": 37, "assists": 10, "leaver_status": 0, "item_1": 116, "item_0": 206, "item_0_name": "Rod of Atos", "leaver_status_description": "finished match, no abandon", "level": 22, "player_slot": 2, "leaver_status_name": "NONE", "hero_id": 101, "last_hits": 205, "kills": 10, "account_id": 86725175, "item_3_name": "Town Portal Scroll", "item_4": 121, "item_3": 46, "item_4_name": "Bloodstone", "item_5": 29, "xp_per_min": 427, "item_5_name": "Boots of Speed", "hero_name": "Skywrath Mage", "gold_per_min": 358, "deaths": 8, "denies": 17, "item_2_name": "Ghost Scepter", "item_1_name": "Black King Bar"}, {"item_2": 37, "assists": 12, "leaver_status": 0, "item_1": 79, "item_0": 92, "item_0_name": "Urn of Shadows", "leaver_status_description": "finished match, no abandon", "level": 14, "player_slot": 3, "leaver_status_name": "NONE", "hero_id": 91, "last_hits": 16, "kills": 1, "account_id": 11550182, "item_3_name": "Town Portal Scroll", "item_4": 0, "item_3": 46, "item_5": 29, "xp_per_min": 182, "item_5_name": "Boots of Speed", "hero_name": "Io", "gold_per_min": 168, "deaths": 7, "denies": 2, "item_2_name": "Ghost Scepter", "item_1_name": "Mekansm"}, {"item_2": 147, "assists": 12, "leaver_status": 0, "item_1": 139, "item_0": 116, "item_0_name": "Black King Bar", "leaver_status_description": "finished match, no abandon", "level": 22, "player_slot": 4, "leaver_status_name": "NONE", "hero_id": 72, "last_hits": 531, "kills": 6, "account_id": 89269794, "item_3_name": "Phase Boots", "item_4": 0, "item_3": 50, "item_5": 164, "xp_per_min": 438, "item_5_name": "Helm of the Dominator", "hero_name": "Gyrocopter", "gold_per_min": 511, "deaths": 10, "denies": 38, "item_2_name": "Manta Style", "item_1_name": "Butterfly"}, {"item_2": 48, "assists": 18, "leaver_status": 0, "item_1": 158, "item_0": 151, "item_0_name": "Armlet of Mordiggian", "leaver_status_description": "finished match, no abandon", "level": 25, "player_slot": 128, "leaver_status_name": "NONE", "hero_id": 42, "last_hits": 404, "kills": 17, "account_id": 121052479, "item_3_name": "Aegis of the Immortal", "item_4": 112, "item_3": 117, "item_4_name": "Assault Cuirass", "item_5": 135, "xp_per_min": 538, "item_5_name": "Monkey King Bar", "hero_name": "Wraith King", "gold_per_min": 630, "deaths": 4, "denies": 32, "item_2_name": "Boots of Travel", "item_1_name": "Mjollnir"}, {"item_2": 108, "assists": 22, "leaver_status": 0, "item_1": 176, "item_0": 29, "item_0_name": "Boots of Speed", "leaver_status_description": "finished match, no abandon", "level": 18, "player_slot": 129, "leaver_status_name": "NONE", "hero_id": 68, "last_hits": 33, "kills": 4, "account_id": 89330493, "item_3_name": "Town Portal Scroll", "item_4": 32, "item_3": 46, "item_4_name": "Talisman of Evasion", "item_5": 0, "xp_per_min": 304, "hero_name": "Ancient Apparition", "gold_per_min": 256, "deaths": 5, "denies": 2, "item_2_name": "Aghanim's Scepter", "item_1_name": "Ethereal Blade"}, {"item_2": 33, "assists": 8, "leaver_status": 0, "item_1": 116, "item_0": 135, "item_0_name": "Monkey King Bar", "leaver_status_description": "finished match, no abandon", "level": 25, "player_slot": 130, "leaver_status_name": "NONE", "hero_id": 46, "last_hits": 295, "kills": 8, "account_id": 91644707, "item_3_name": "Drum of Endurance", "item_4": 141, "item_3": 185, "item_4_name": "Daedalus", "item_5": 50, "xp_per_min": 543, "item_5_name": "Phase Boots", "hero_name": "Templar Assassin", "gold_per_min": 490, "deaths": 6, "denies": 12, "item_2_name": "Cheese", "item_1_name": "Black King Bar"}, {"item_2": 46, "assists": 22, "leaver_status": 0, "item_1": 37, "item_0": 29, "item_0_name": "Boots of Speed", "leaver_status_description": "finished match, no abandon", "level": 17, "player_slot": 131, "leaver_status_name": "NONE", "hero_id": 87, "last_hits": 29, "kills": 2, "account_id": 89249333, "item_3_name": "Magic Wand", "item_4": 30, "item_3": 36, "item_4_name": "Gem of True Sight", "item_5": 108, "xp_per_min": 275, "item_5_name": "Aghanim's Scepter", "hero_name": "Disruptor", "gold_per_min": 227, "deaths": 7, "denies": 3, "item_2_name": "Town Portal Scroll", "item_1_name": "Ghost Scepter"}, {"item_2": 176, "assists": 22, "leaver_status": 0, "item_1": 102, "item_0": 1, "item_0_name": "Blink Dagger", "leaver_status_description": "finished match, no abandon", "level": 24, "player_slot": 132, "leaver_status_name": "NONE", "hero_id": 65, "last_hits": 203, "kills": 7, "account_id": 93616251, "item_3_name": "Black King Bar", "item_4": 30, "item_3": 116, "item_4_name": "Gem of True Sight", "item_5": 48, "xp_per_min": 504, "item_5_name": "Boots of Travel", "hero_name": "Batrider", "gold_per_min": 401, "deaths": 5, "denies": 0, "item_2_name": "Ethereal Blade", "item_1_name": "Force Staff"}], "dire_team_id": 999689, "picks_bans": [{"order": 0, "is_pick": false, "hero_id": 69, "team": 1}, {"order": 1, "is_pick": false, "hero_id": 15, "team": 0}, {"order": 2, "is_pick": false, "hero_id": 77, "team": 1}, {"order": 3, "is_pick": false, "hero_id": 27, "team": 0}, {"order": 4, "is_pick": true, "hero_id": 87, "team": 1}, {"order": 5, "is_pick": true, "hero_id": 41, "team": 0}, {"order": 6, "is_pick": true, "hero_id": 101, "team": 0}, {"order": 7, "is_pick": true, "hero_id": 42, "team": 1}, {"order": 8, "is_pick": false, "hero_id": 74, "team": 1}, {"order": 9, "is_pick": false, "hero_id": 40, "team": 0}, {"order": 10, "is_pick": false, "hero_id": 31, "team": 1}, {"order": 11, "is_pick": false, "hero_id": 78, "team": 0}, {"order": 12, "is_pick": true, "hero_id": 91, "team": 0}, {"order": 13, "is_pick": true, "hero_id": 65, "team": 1}, {"order": 14, "is_pick": true, "hero_id": 16, "team": 0}, {"order": 15, "is_pick": true, "hero_id": 68, "team": 1}, {"order": 16, "is_pick": false, "hero_id": 45, "team": 0}, {"order": 17, "is_pick": false, "hero_id": 47, "team": 1}, {"order": 18, "is_pick": true, "hero_id": 72, "team": 0}, {"order": 19, "is_pick": true, "hero_id": 46, "team": 1}], "dire_name": "Titan", "negative_votes": 1347}