{"dire_captain": 43276219, "tower_status_radiant": 36, "flags": 0, "radiant_team_complete": 1, "game_mode": 2, "radiant_score": 0, "match_id": 770652491, "lobby_name": "Tournament", "dire_logo": 613916634234800981, "pre_game_duration": 0, "radiant_captain": 86802844, "radiant_name": "Team Empire", "match_seq_num": 692562468, "dire_team_complete": 1, "start_time": 1405099879, "radiant_win": false, "positive_votes": 4128, "leagueid": 600, "duration": 2569, "dire_score": 0, "lobby_type": 2, "cluster": 111, "engine": 0, "barracks_status_dire": 63, "barracks_status_radiant": 15, "cluster_name": "US West", "first_blood_time": 0, "radiant_team_id": 46, "radiant_logo": 541924293718462159, "human_players": 10, "game_mode_name": "Captains Mode", "tower_status_dire": 1956, "players": [{"item_2": 9, "assists": 10, "leaver_status": 0, "item_1": 180, "item_0": 102, "item_0_name": "Force Staff", "leaver_status_description": "finished match, no abandon", "level": 17, "player_slot": 0, "leaver_status_name": "NONE", "hero_id": 29, "last_hits": 140, "kills": 2, "account_id": 86802844, "item_3_name": "Blink Dagger", "item_4": 37, "item_3": 1, "item_4_name": "Ghost Scepter", "item_5": 0, "xp_per_min": 391, "hero_name": "Tidehunter", "gold_per_min": 322, "deaths": 6, "denies": 6, "item_2_name": "Platemail", "item_1_name": "Arcane Boots"}, {"item_2": 0, "assists": 5, "leaver_status": 0, "item_1": 116, "item_0": 50, "item_0_name": "Phase Boots", "leaver_status_description": "finished match, no abandon", "level": 20, "player_slot": 1, "leaver_status_name": "NONE", "hero_id": 15, "last_hits": 303, "kills": 9, "account_id": 86725175, "item_3_name": "Drum of Endurance", "item_4": 79, "item_3": 185, "item_4_name": "Mekansm", "item_5": 108, "xp_per_min": 527, "item_5_name": "Aghanim's Scepter", "hero_name": "Razor", "gold_per_min": 529, "deaths": 6, "denies": 17, "item_1_name": "Black King Bar"}, {"item_2": 214, "assists": 4, "leaver_status": 0, "item_1": 42, "item_0": 46, "item_0_name": "Town Portal Scroll", "leaver_status_description": "finished match, no abandon", "level": 11, "player_slot": 2, "leaver_status_name": "NONE", "hero_id": 79, "last_hits": 37, "kills": 1, "account_id": 91064780, "item_3_name": "Magic Stick", "item_4": 73, "item_3": 34, "item_4_name": "Bracer", "item_5": 0, "xp_per_min": 169, "hero_name": "Shadow Demon", "gold_per_min": 184, "deaths": 9, "denies": 2, "item_2_name": "Tranquil Boots", "item_1_name": "Observer Ward"}, {"item_2": 1, "assists": 8, "leaver_status": 0, "item_1": 36, "item_0": 63, "item_0_name": "Power Treads", "leaver_status_description": "finished match, no abandon", "level": 13, "player_slot": 3, "leaver_status_name": "NONE", "hero_id": 42, "last_hits": 47, "kills": 1, "account_id": 11550182, "item_3_name": "Town Portal Scroll", "item_4": 0, "item_3": 46, "item_5": 88, "xp_per_min": 238, "item_5_name": "Ring of Basilius", "hero_name": "Wraith King", "gold_per_min": 207, "deaths": 4, "denies": 4, "item_2_name": "Blink Dagger", "item_1_name": "Magic Wand"}, {"item_2": 26, "assists": 7, "leaver_status": 1, "item_1": 135, "item_0": 147, "item_0_name": "Manta Style", "leaver_status_description": "player DC, no abandon", "level": 19, "player_slot": 4, "leaver_status_name": "DISCONNECTED", "hero_id": 9, "last_hits": 241, "kills": 7, "account_id": 89269794, "item_3_name": "Phase Boots", "item_4": 212, "item_3": 50, "item_4_name": "Ring of Aquila", "item_5": 166, "xp_per_min": 484, "item_5_name": "Maelstrom", "hero_name": "Mirana", "gold_per_min": 457, "deaths": 3, "denies": 16, "item_2_name": "Morbid Mask", "item_1_name": "Monkey King Bar"}, {"item_2": 63, "assists": 6, "leaver_status": 0, "item_1": 65, "item_0": 116, "item_0_name": "Black King Bar", "leaver_status_description": "finished match, no abandon", "level": 21, "player_slot": 128, "leaver_status_name": "NONE", "hero_id": 6, "last_hits": 238, "kills": 5, "account_id": 43276219, "item_3_name": "Butterfly", "item_4": 154, "item_3": 139, "item_4_name": "Sange and Yasha", "item_5": 0, "xp_per_min": 542, "hero_name": "Drow Ranger", "gold_per_min": 589, "deaths": 2, "denies": 9, "item_2_name": "Power Treads", "item_1_name": "Hand of Midas"}, {"item_2": 37, "assists": 8, "leaver_status": 0, "item_1": 180, "item_0": 102, "item_0_name": "Force Staff", "leaver_status_description": "finished match, no abandon", "level": 16, "player_slot": 129, "leaver_status_name": "NONE", "hero_id": 101, "last_hits": 47, "kills": 9, "account_id": 6922000, "item_3_name": "Rod of Atos", "item_4": 36, "item_3": 206, "item_4_name": "Magic Wand", "item_5": 40, "xp_per_min": 345, "item_5_name": "Dust of Appearance", "hero_name": "Skywrath Mage", "gold_per_min": 333, "deaths": 3, "denies": 6, "item_2_name": "Ghost Scepter", "item_1_name": "Arcane Boots"}, {"item_2": 119, "assists": 18, "leaver_status": 0, "item_1": 63, "item_0": 1, "item_0_name": "Blink Dagger", "leaver_status_description": "finished match, no abandon", "level": 20, "player_slot": 130, "leaver_status_name": "NONE", "hero_id": 78, "last_hits": 119, "kills": 2, "account_id": 19757254, "item_3_name": "Vladmir's Offering", "item_4": 65, "item_3": 81, "item_4_name": "Hand of Midas", "item_5": 0, "xp_per_min": 521, "hero_name": "Brewmaster", "gold_per_min": 424, "deaths": 2, "denies": 15, "item_2_name": "Shiva's Guard", "item_1_name": "Power Treads"}, {"item_2": 112, "assists": 13, "leaver_status": 0, "item_1": 29, "item_0": 108, "item_0_name": "Aghanim's Scepter", "leaver_status_description": "finished match, no abandon", "level": 18, "player_slot": 131, "leaver_status_name": "NONE", "hero_id": 92, "last_hits": 121, "kills": 5, "account_id": 40547474, "item_3_name": "Town Portal Scroll", "item_4": 187, "item_3": 46, "item_4_name": "Medallion of Courage", "item_5": 30, "xp_per_min": 406, "item_5_name": "Gem of True Sight", "hero_name": "Visage", "gold_per_min": 420, "deaths": 5, "denies": 8, "item_2_name": "Assault Cuirass", "item_1_name": "Boots of Speed"}, {"item_2": 63, "assists": 8, "leaver_status": 1, "item_1": 158, "item_0": 1, "item_0_name": "Blink Dagger", "leaver_status_description": "player DC, no abandon", "level": 20, "player_slot": 132, "leaver_status_name": "DISCONNECTED", "hero_id": 53, "last_hits": 300, "kills": 7, "account_id": 88719902, "item_3_name": "Orchid Malevolence", "item_4": 46, "item_3": 98, "item_4_name": "Town Portal Scroll", "item_5": 116, "xp_per_min": 516, "item_5_name": "Black King Bar", "hero_name": "Nature's Prophet", "gold_per_min": 576, "deaths": 8, "denies": 4, "item_2_name": "Power Treads", "item_1_name": "Mjollnir"}], "dire_team_id": 1333179, "picks_bans": [{"order": 0, "is_pick": false, "hero_id": 3, "team": 0}, {"order": 1, "is_pick": false, "hero_id": 77, "team": 1}, {"order": 2, "is_pick": false, "hero_id": 65, "team": 0}, {"order": 3, "is_pick": false, "hero_id": 41, "team": 1}, {"order": 4, "is_pick": true, "hero_id": 9, "team": 0}, {"order": 5, "is_pick": true, "hero_id": 78, "team": 1}, {"order": 6, "is_pick": true, "hero_id": 101, "team": 1}, {"order": 7, "is_pick": true, "hero_id": 29, "team": 0}, {"order": 8, "is_pick": false, "hero_id": 34, "team": 0}, {"order": 9, "is_pick": false, "hero_id": 69, "team": 1}, {"order": 10, "is_pick": false, "hero_id": 33, "team": 0}, {"order": 11, "is_pick": false, "hero_id": 89, "team": 1}, {"order": 12, "is_pick": true, "hero_id": 92, "team": 1}, {"order": 13, "is_pick": true, "hero_id": 15, "team": 0}, {"order": 14, "is_pick": true, "hero_id": 6, "team": 1}, {"order": 15, "is_pick": true, "hero_id": 79, "team": 0}, {"order": 16, "is_pick": false, "hero_id": 2, "team": 1}, {"order": 17, "is_pick": false, "hero_id": 13, "team": 0}, {"order": 18, "is_pick": true, "hero_id": 53, "team": 1}, {"order": 19, "is_pick": true, "hero_id": 42, "team": 0}], "dire_name": "Cloud9 G2A", "negative_votes": 685}