{"duration": 1768, "radiant_logo": 642124127283031446, "leagueid": 20, "game_mode": 1, "radiant_score": 0, "positive_votes": 296, "lobby_type": 1, "lobby_name": "Practice", "radiant_win": true, "engine": 0, "pre_game_duration": 0, "match_id": 77565520, "dire_team_complete": 1, "dire_team_id": 36, "flags": 0, "dire_logo": 46499322609643214, "cluster": 132, "negative_votes": 57, "players": [{"item_2": 102, "assists": 12, "item_4": 42, "item_4_name": "Observer Ward", "leaver_status": 0, "leaver_status_description": "finished match, no abandon", "item_1": 16, "kills": 1, "hero_name": "Shadow Demon", "hero_id": 79, "level": 13, "item_0": 214, "gold_per_min": 242, "leaver_status_name": "NONE", "denies": 11, "player_slot": 0, "deaths": 3, "account_id": 93712171, "item_5": 0, "item_3": 39, "item_0_name": "Tranquil Boots", "item_3_name": "Healing Salve", "item_2_name": "Force Staff", "last_hits": 36, "item_1_name": "Iron Branch", "xp_per_min": 324}, {"item_2": 63, "assists": 8, "item_4": 65, "item_4_name": "Hand of Midas", "leaver_status": 0, "leaver_status_description": "finished match, no abandon", "item_1": 151, "kills": 7, "hero_name": "Lifestealer", "hero_id": 54, "level": 20, "item_0": 114, "gold_per_min": 746, "leaver_status_name": "NONE", "denies": 23, "player_slot": 1, "deaths": 1, "account_id": 26316691, "item_5": 0, "item_3": 168, "item_0_name": "Heart of Tarrasque", "item_3_name": "Desolator", "item_2_name": "Power Treads", "last_hits": 259, "item_1_name": "Armlet of Mordiggian", "xp_per_min": 740}, {"item_5_name": "Arcane Boots", "item_2": 0, "assists": 15, "item_4": 36, "item_4_name": "Magic Wand", "leaver_status": 0, "leaver_status_description": "finished match, no abandon", "item_1": 125, "kills": 4, "hero_name": "Undying", "hero_id": 85, "level": 14, "item_0": 92, "gold_per_min": 306, "leaver_status_name": "NONE", "denies": 2, "player_slot": 2, "deaths": 2, "account_id": 91931211, "item_5": 180, "item_3": 37, "item_0_name": "Urn of Shadows", "item_3_name": "Ghost Scepter", "last_hits": 48, "item_1_name": "Vanguard", "xp_per_min": 400}, {"item_5_name": "Ogre Club", "item_2": 1, "assists": 10, "item_4": 36, "item_4_name": "Magic Wand", "leaver_status": 1, "leaver_status_description": "player DC, no abandon", "item_1": 214, "kills": 5, "hero_id": 65, "level": 13, "item_0": 0, "gold_per_min": 290, "leaver_status_name": "DISCONNECTED", "denies": 3, "player_slot": 3, "deaths": 5, "account_id": 92926005, "item_5": 21, "item_3": 92, "hero_name": "Batrider", "item_3_name": "Urn of Shadows", "item_2_name": "Blink Dagger", "last_hits": 65, "item_1_name": "Tranquil Boots", "xp_per_min": 329}, {"item_5_name": "Town Portal Scroll", "item_2": 36, "assists": 13, "item_4": 24, "item_4_name": "Ultimate Orb", "leaver_status": 0, "leaver_status_description": "finished match, no abandon", "item_1": 116, "kills": 7, "hero_name": "Queen of Pain", "hero_id": 39, "level": 18, "item_0": 41, "gold_per_min": 489, "leaver_status_name": "NONE", "denies": 8, "player_slot": 4, "deaths": 2, "account_id": 86840554, "item_5": 46, "item_3": 63, "item_0_name": "Bottle", "item_3_name": "Power Treads", "item_2_name": "Magic Wand", "last_hits": 140, "item_1_name": "Black King Bar", "xp_per_min": 626}, {"item_5_name": "Ogre Club", "item_2": 36, "assists": 2, "item_4": 46, "item_4_name": "Town Portal Scroll", "leaver_status": 1, "leaver_status_description": "player DC, no abandon", "item_1": 79, "kills": 0, "hero_name": "Enigma", "hero_id": 33, "level": 13, "item_0": 178, "gold_per_min": 282, "leaver_status_name": "DISCONNECTED", "denies": 2, "player_slot": 128, "deaths": 8, "account_id": 87278757, "item_5": 21, "item_3": 63, "item_0_name": "Soul Ring", "item_3_name": "Power Treads", "item_2_name": "Magic Wand", "last_hits": 136, "item_1_name": "Mekansm", "xp_per_min": 315}, {"item_5_name": "Town Portal Scroll", "item_2": 116, "assists": 5, "item_4": 170, "item_4_name": "Yasha", "leaver_status": 1, "leaver_status_description": "player DC, no abandon", "item_1": 36, "kills": 3, "hero_name": "Luna", "hero_id": 48, "level": 17, "item_0": 214, "gold_per_min": 411, "leaver_status_name": "DISCONNECTED", "denies": 10, "player_slot": 129, "deaths": 5, "account_id": 89625472, "item_5": 46, "item_3": 185, "item_0_name": "Tranquil Boots", "item_3_name": "Drum of Endurance", "item_2_name": "Black King Bar", "last_hits": 185, "item_1_name": "Magic Wand", "xp_per_min": 520}, {"item_5_name": "Power Treads", "item_2": 57, "assists": 4, "item_4": 1, "item_4_name": "Blink Dagger", "leaver_status": 1, "leaver_status_description": "player DC, no abandon", "item_1": 46, "kills": 6, "hero_name": "Puck", "hero_id": 13, "level": 15, "item_0": 24, "gold_per_min": 347, "leaver_status_name": "DISCONNECTED", "denies": 14, "player_slot": 130, "deaths": 4, "account_id": 70388657, "item_5": 63, "item_3": 36, "item_0_name": "Ultimate Orb", "item_3_name": "Magic Wand", "item_2_name": "Void Stone", "last_hits": 109, "item_1_name": "Town Portal Scroll", "xp_per_min": 448}, {"item_2": 178, "assists": 3, "item_4": 24, "item_4_name": "Ultimate Orb", "leaver_status": 1, "leaver_status_description": "player DC, no abandon", "item_1": 63, "kills": 1, "hero_name": "Broodmother", "hero_id": 61, "level": 15, "item_0": 71, "gold_per_min": 302, "leaver_status_name": "DISCONNECTED", "denies": 1, "player_slot": 131, "deaths": 4, "account_id": 89326318, "item_5": 0, "item_3": 170, "item_0_name": "Poor Man's Shield", "item_3_name": "Yasha", "item_2_name": "Soul Ring", "last_hits": 130, "item_1_name": "Power Treads", "xp_per_min": 407}, {"item_5_name": "Iron Branch", "item_2": 46, "assists": 5, "item_4": 180, "item_4_name": "Arcane Boots", "leaver_status": 1, "leaver_status_description": "player DC, no abandon", "item_1": 34, "kills": 2, "hero_id": 64, "level": 11, "item_0": 0, "gold_per_min": 192, "leaver_status_name": "DISCONNECTED", "denies": 1, "player_slot": 132, "deaths": 5, "account_id": 107644273, "item_5": 16, "item_3": 0, "hero_name": "Jakiro", "item_2_name": "Town Portal Scroll", "last_hits": 40, "item_1_name": "Magic Stick", "xp_per_min": 235}], "tower_status_radiant": 2022, "radiant_team_id": 1883502, "dire_score": 0, "human_players": 10, "match_seq_num": 72778662, "radiant_name": "Virtus.pro", "cluster_name": "Europe West", "radiant_team_complete": 1, "barracks_status_dire": 3, "start_time": 1355407226, "dire_name": "Natus Vincere", "first_blood_time": 245, "tower_status_dire": 1542, "barracks_status_radiant": 63, "game_mode_name": "All Pick"}