{"duration": 2482, "radiant_logo": 576743332782064613, "leagueid": 20, "game_mode": 2, "radiant_score": 0, "positive_votes": 51, "lobby_type": 1, "lobby_name": "Practice", "radiant_win": true, "engine": 0, "pre_game_duration": 0, "match_id": 78159256, "dire_team_complete": 0, "dire_team_id": 194194, "flags": 0, "dire_logo": 595863764409911648, "cluster": 131, "negative_votes": 18, "players": [{"item_5_name": "Tranquil Boots", "item_2": 36, "assists": 25, "item_4": 102, "item_4_name": "Force Staff", "leaver_status": 0, "leaver_status_description": "finished match, no abandon", "item_1": 1, "kills": 10, "hero_name": "Batrider", "hero_id": 65, "level": 21, "item_0": 46, "gold_per_min": 401, "leaver_status_name": "NONE", "denies": 14, "player_slot": 0, "deaths": 4, "account_id": 75750590, "item_5": 214, "item_3": 119, "item_0_name": "Town Portal Scroll", "item_3_name": "Shiva's Guard", "item_2_name": "Magic Wand", "last_hits": 124, "item_1_name": "Blink Dagger", "xp_per_min": 574}, {"item_5_name": "Boots of Speed", "item_2": 0, "assists": 11, "item_4": 92, "item_4_name": "Urn of Shadows", "leaver_status": 0, "leaver_status_description": "finished match, no abandon", "item_1": 79, "kills": 7, "hero_name": "Keeper of the Light", "hero_id": 90, "level": 19, "item_0": 102, "gold_per_min": 367, "leaver_status_name": "NONE", "denies": 2, "player_slot": 1, "deaths": 6, "account_id": 86808334, "item_5": 29, "item_3": 36, "item_0_name": "Force Staff", "item_3_name": "Magic Wand", "last_hits": 113, "item_1_name": "Mekansm", "xp_per_min": 463}, {"item_5_name": "Aghanim's Scepter", "item_2": 116, "assists": 19, "item_4": 0, "leaver_status": 0, "leaver_status_description": "finished match, no abandon", "item_1": 96, "kills": 13, "hero_name": "Queen of Pain", "hero_id": 39, "level": 24, "item_0": 36, "gold_per_min": 510, "leaver_status_name": "NONE", "denies": 15, "player_slot": 2, "deaths": 6, "account_id": 52341014, "item_5": 108, "item_3": 63, "item_0_name": "Magic Wand", "item_3_name": "Power Treads", "item_2_name": "Black King Bar", "last_hits": 154, "item_1_name": "Scythe of Vyse", "xp_per_min": 763}, {"item_5_name": "Gem of True Sight", "item_2": 63, "assists": 19, "item_4": 21, "item_4_name": "Ogre Club", "leaver_status": 0, "leaver_status_description": "finished match, no abandon", "item_1": 102, "kills": 2, "hero_name": "Shadow Demon", "hero_id": 79, "level": 14, "item_0": 36, "gold_per_min": 245, "leaver_status_name": "NONE", "denies": 3, "player_slot": 3, "deaths": 8, "account_id": 94049589, "item_5": 30, "item_3": 46, "item_0_name": "Magic Wand", "item_3_name": "Town Portal Scroll", "item_2_name": "Power Treads", "last_hits": 61, "item_1_name": "Force Staff", "xp_per_min": 277}, {"item_5_name": "Phase Boots", "item_2": 116, "assists": 20, "item_4": 164, "item_4_name": "Helm of the Dominator", "leaver_status": 0, "leaver_status_description": "finished match, no abandon", "item_1": 147, "kills": 13, "hero_name": "Gyrocopter", "hero_id": 72, "level": 25, "item_0": 139, "gold_per_min": 750, "leaver_status_name": "NONE", "denies": 27, "player_slot": 4, "deaths": 5, "account_id": 90229954, "item_5": 50, "item_3": 133, "item_0_name": "Butterfly", "item_3_name": "Divine Rapier", "item_2_name": "Black King Bar", "last_hits": 352, "item_1_name": "Manta Style", "xp_per_min": 782}, {"item_2": 73, "assists": 13, "item_4": 0, "leaver_status": 1, "leaver_status_description": "player DC, no abandon", "item_1": 46, "kills": 4, "hero_name": "Leshrac", "hero_id": 52, "level": 14, "item_0": 180, "gold_per_min": 179, "leaver_status_name": "DISCONNECTED", "denies": 5, "player_slot": 128, "deaths": 11, "account_id": 94210658, "item_5": 0, "item_3": 21, "item_0_name": "Arcane Boots", "item_3_name": "Ogre Club", "item_2_name": "Bracer", "last_hits": 41, "item_1_name": "Town Portal Scroll", "xp_per_min": 255}, {"item_5_name": "Observer Ward", "item_2": 79, "assists": 15, "item_4": 19, "item_4_name": "Robe of the Magi", "leaver_status": 0, "leaver_status_description": "finished match, no abandon", "item_1": 34, "kills": 2, "hero_name": "Jakiro", "hero_id": 64, "level": 13, "item_0": 46, "gold_per_min": 182, "leaver_status_name": "NONE", "denies": 5, "player_slot": 129, "deaths": 11, "account_id": 58486857, "item_5": 42, "item_3": 29, "item_0_name": "Town Portal Scroll", "item_3_name": "Boots of Speed", "item_2_name": "Mekansm", "last_hits": 47, "item_1_name": "Magic Stick", "xp_per_min": 248}, {"item_5_name": "Power Treads", "item_2": 36, "assists": 13, "item_4": 185, "item_4_name": "Drum of Endurance", "leaver_status": 0, "leaver_status_description": "finished match, no abandon", "item_1": 116, "kills": 13, "hero_id": 81, "level": 19, "item_0": 0, "gold_per_min": 374, "leaver_status_name": "NONE", "denies": 17, "player_slot": 130, "deaths": 10, "account_id": 87095213, "item_5": 63, "item_3": 61, "hero_name": "Chaos Knight", "item_3_name": "Vitality Booster", "item_2_name": "Magic Wand", "last_hits": 141, "item_1_name": "Black King Bar", "xp_per_min": 483}, {"item_5_name": "Boots of Speed", "item_2": 90, "assists": 4, "item_4": 182, "item_4_name": "Stout Shield", "leaver_status": 1, "leaver_status_description": "player DC, no abandon", "item_1": 36, "kills": 7, "hero_name": "Dark Seer", "hero_id": 55, "level": 17, "item_0": 178, "gold_per_min": 310, "leaver_status_name": "DISCONNECTED", "denies": 1, "player_slot": 131, "deaths": 9, "account_id": 94176961, "item_5": 29, "item_3": 46, "item_0_name": "Soul Ring", "item_3_name": "Town Portal Scroll", "item_2_name": "Pipe of Insight", "last_hits": 149, "item_1_name": "Magic Wand", "xp_per_min": 395}, {"item_5_name": "Tranquil Boots", "item_2": 36, "assists": 12, "item_4": 21, "item_4_name": "Ogre Club", "leaver_status": 1, "leaver_status_description": "player DC, no abandon", "item_1": 190, "kills": 3, "hero_name": "Sand King", "hero_id": 16, "level": 16, "item_0": 1, "gold_per_min": 236, "leaver_status_name": "DISCONNECTED", "denies": 4, "player_slot": 132, "deaths": 5, "account_id": 37570252, "item_5": 214, "item_3": 0, "item_0_name": "Blink Dagger", "item_2_name": "Magic Wand", "last_hits": 83, "item_1_name": "Veil of Discord", "xp_per_min": 351}], "tower_status_radiant": 1982, "radiant_team_id": 134900, "dire_score": 0, "human_players": 10, "match_seq_num": 73329578, "radiant_name": "iCCup Team", "cluster_name": "Europe West", "radiant_team_complete": 1, "barracks_status_dire": 3, "start_time": 1355494821, "dire_name": "Huskar Masters", "first_blood_time": 111, "tower_status_dire": 4, "barracks_status_radiant": 63, "game_mode_name": "Captains Mode"}