{"dire_captain": 37734444, "tower_status_radiant": 2047, "flags": 0, "radiant_team_complete": 0, "game_mode": 2, "radiant_score": 0, "match_id": 795282075, "lobby_name": "Practice", "radiant_team_id": 928631, "dire_logo": 422565895519941723, "pre_game_duration": 0, "radiant_captain": 26771994, "radiant_name": "Friends On Mushrooms vol 2", "match_seq_num": 714351562, "dire_team_complete": 1, "start_time": 1406222146, "radiant_guild_logo": 597007767889141497, "radiant_win": true, "positive_votes": 1, "leagueid": 1346, "duration": 911, "dire_score": 0, "lobby_type": 1, "cluster": 185, "radiant_guild_id": 2344, "engine": 0, "barracks_status_dire": 63, "barracks_status_radiant": 63, "cluster_name": "Russia", "first_blood_time": 222, "radiant_guild_name": "#dota2.fi", "radiant_logo": 0, "human_players": 10, "game_mode_name": "Captains Mode", "tower_status_dire": 2046, "players": [{"item_2": 60, "assists": 7, "leaver_status": 0, "item_1": 88, "item_0": 36, "item_0_name": "Magic Wand", "leaver_status_description": "finished match, no abandon", "level": 11, "player_slot": 0, "leaver_status_name": "NONE", "hero_id": 78, "last_hits": 69, "kills": 6, "account_id": 4211480, "item_3_name": "Boots of Speed", "item_4": 1, "item_3": 29, "item_4_name": "Blink Dagger", "item_5": 0, "xp_per_min": 537, "hero_name": "Brewmaster", "gold_per_min": 482, "deaths": 0, "denies": 17, "item_2_name": "Point Booster", "item_1_name": "Ring of Basilius"}, {"item_2": 36, "assists": 8, "leaver_status": 0, "item_1": 29, "item_0": 41, "item_0_name": "Bottle", "leaver_status_description": "finished match, no abandon", "level": 12, "player_slot": 1, "leaver_status_name": "NONE", "hero_id": 106, "last_hits": 47, "kills": 7, "account_id": 18871196, "item_3_name": "Drum of Endurance", "item_4": 69, "item_3": 185, "item_4_name": "Perseverance", "item_5": 0, "xp_per_min": 570, "hero_name": "Ember Spirit", "gold_per_min": 437, "deaths": 0, "denies": 10, "item_2_name": "Magic Wand", "item_1_name": "Boots of Speed"}, {"item_2": 63, "assists": 0, "leaver_status": 0, "item_1": 65, "item_0": 182, "item_0_name": "Stout Shield", "leaver_status_description": "finished match, no abandon", "level": 9, "player_slot": 2, "leaver_status_name": "NONE", "hero_id": 42, "last_hits": 43, "kills": 2, "account_id": 28022495, "item_3_name": "Iron Branch", "item_4": 0, "item_3": 16, "item_5": 16, "xp_per_min": 345, "item_5_name": "Iron Branch", "hero_name": "Wraith King", "gold_per_min": 311, "deaths": 2, "denies": 9, "item_2_name": "Power Treads", "item_1_name": "Hand of Midas"}, {"item_2": 34, "assists": 11, "leaver_status": 0, "item_1": 0, "item_0": 180, "item_0_name": "Arcane Boots", "leaver_status_description": "finished match, no abandon", "level": 8, "player_slot": 3, "leaver_status_name": "NONE", "hero_id": 64, "last_hits": 9, "kills": 1, "account_id": 112529502, "item_4": 188, "item_3": 0, "item_4_name": "Smoke of Deceit", "item_5": 0, "xp_per_min": 257, "hero_name": "Jakiro", "gold_per_min": 218, "deaths": 1, "denies": 0, "item_2_name": "Magic Stick"}, {"item_2": 188, "assists": 7, "leaver_status": 0, "item_1": 0, "item_0": 180, "item_0_name": "Arcane Boots", "leaver_status_description": "finished match, no abandon", "level": 8, "player_slot": 4, "leaver_status_name": "NONE", "hero_id": 101, "last_hits": 18, "kills": 4, "account_id": 26771994, "item_3_name": "Magic Wand", "item_4": 46, "item_3": 36, "item_4_name": "Town Portal Scroll", "item_5": 12, "xp_per_min": 273, "item_5_name": "Ring of Protection", "hero_name": "Skywrath Mage", "gold_per_min": 274, "deaths": 1, "denies": 5, "item_2_name": "Smoke of Deceit"}, {"item_2": 34, "assists": 2, "leaver_status": 0, "item_1": 0, "item_0": 92, "item_0_name": "Urn of Shadows", "leaver_status_description": "finished match, no abandon", "level": 8, "player_slot": 128, "leaver_status_name": "NONE", "hero_id": 23, "last_hits": 53, "kills": 1, "account_id": 37734444, "item_3_name": "Phase Boots", "item_4": 0, "item_3": 50, "item_5": 0, "xp_per_min": 247, "hero_name": "Kunkka", "gold_per_min": 271, "deaths": 5, "denies": 9, "item_2_name": "Magic Stick"}, {"item_2": 212, "assists": 0, "leaver_status": 0, "item_1": 16, "item_0": 16, "item_0_name": "Iron Branch", "leaver_status_description": "finished match, no abandon", "level": 8, "player_slot": 129, "leaver_status_name": "NONE", "hero_id": 89, "last_hits": 46, "kills": 1, "account_id": 13956669, "item_3_name": "Boots of Speed", "item_4": 41, "item_3": 29, "item_4_name": "Bottle", "item_5": 46, "xp_per_min": 271, "item_5_name": "Town Portal Scroll", "hero_name": "Naga Siren", "gold_per_min": 251, "deaths": 5, "denies": 2, "item_2_name": "Ring of Aquila", "item_1_name": "Iron Branch"}, {"item_2": 180, "assists": 0, "leaver_status": 0, "item_1": 0, "item_0": 38, "item_0_name": "Clarity", "leaver_status_description": "finished match, no abandon", "level": 7, "player_slot": 130, "leaver_status_name": "NONE", "hero_id": 29, "last_hits": 22, "kills": 0, "account_id": 32283843, "item_3_name": "Gauntlets of Strength", "item_4": 0, "item_3": 13, "item_5": 0, "xp_per_min": 192, "hero_name": "Tidehunter", "gold_per_min": 182, "deaths": 3, "denies": 1, "item_2_name": "Arcane Boots"}, {"item_2": 42, "assists": 1, "leaver_status": 0, "item_1": 43, "item_0": 29, "item_0_name": "Boots of Speed", "leaver_status_description": "finished match, no abandon", "level": 5, "player_slot": 131, "leaver_status_name": "NONE", "hero_id": 79, "last_hits": 4, "kills": 2, "account_id": 33403178, "item_3_name": "Town Portal Scroll", "item_4": 0, "item_3": 46, "item_5": 0, "xp_per_min": 114, "hero_name": "Shadow Demon", "gold_per_min": 147, "deaths": 5, "denies": 3, "item_2_name": "Observer Ward", "item_1_name": "Sentry Ward"}, {"item_2": 1, "assists": 2, "leaver_status": 0, "item_1": 46, "item_0": 43, "item_0_name": "Sentry Ward", "leaver_status_description": "finished match, no abandon", "level": 7, "player_slot": 132, "leaver_status_name": "NONE", "hero_id": 16, "last_hits": 38, "kills": 0, "account_id": 18224909, "item_4": 16, "item_3": 0, "item_4_name": "Iron Branch", "item_5": 16, "xp_per_min": 207, "item_5_name": "Iron Branch", "hero_name": "Sand King", "gold_per_min": 203, "deaths": 2, "denies": 2, "item_2_name": "Blink Dagger", "item_1_name": "Town Portal Scroll"}], "dire_team_id": 378818, "picks_bans": [{"order": 0, "is_pick": false, "hero_id": 77, "team": 0}, {"order": 1, "is_pick": false, "hero_id": 27, "team": 1}, {"order": 2, "is_pick": false, "hero_id": 15, "team": 0}, {"order": 3, "is_pick": false, "hero_id": 69, "team": 1}, {"order": 4, "is_pick": true, "hero_id": 101, "team": 0}, {"order": 5, "is_pick": true, "hero_id": 79, "team": 1}, {"order": 6, "is_pick": true, "hero_id": 29, "team": 1}, {"order": 7, "is_pick": true, "hero_id": 78, "team": 0}, {"order": 8, "is_pick": false, "hero_id": 33, "team": 0}, {"order": 9, "is_pick": false, "hero_id": 41, "team": 1}, {"order": 10, "is_pick": false, "hero_id": 9, "team": 0}, {"order": 11, "is_pick": false, "hero_id": 51, "team": 1}, {"order": 12, "is_pick": true, "hero_id": 23, "team": 1}, {"order": 13, "is_pick": true, "hero_id": 42, "team": 0}, {"order": 14, "is_pick": true, "hero_id": 16, "team": 1}, {"order": 15, "is_pick": true, "hero_id": 64, "team": 0}, {"order": 16, "is_pick": false, "hero_id": 47, "team": 1}, {"order": 17, "is_pick": false, "hero_id": 63, "team": 0}, {"order": 18, "is_pick": true, "hero_id": 89, "team": 1}, {"order": 19, "is_pick": true, "hero_id": 106, "team": 0}], "dire_name": "MulliGallen", "negative_votes": 4}