{"dire_captain": 73562326, "tower_status_radiant": 2047, "flags": 0, "lobby_type": 1, "cluster": 123, "game_mode_name": "Captains Mode", "engine": 0, "barracks_status_dire": 63, "barracks_status_radiant": 63, "cluster_name": "US East", "radiant_score": 0, "match_id": 812126124, "lobby_name": "Practice", "dire_score": 0, "first_blood_time": 67, "human_players": 10, "pre_game_duration": 0, "radiant_captain": 86745912, "players": [{"item_2": 36, "assists": 5, "leaver_status": 0, "item_1": 63, "item_0": 41, "item_0_name": "Bottle", "leaver_status_description": "finished match, no abandon", "level": 13, "player_slot": 0, "leaver_status_name": "NONE", "hero_id": 45, "last_hits": 81, "kills": 10, "account_id": 86745912, "item_3_name": "Aghanim's Scepter", "item_4": 88, "item_3": 108, "item_4_name": "Ring of Basilius", "item_5": 46, "xp_per_min": 603, "item_5_name": "Town Portal Scroll", "hero_name": "Pugna", "gold_per_min": 620, "deaths": 1, "denies": 2, "item_2_name": "Magic Wand", "item_1_name": "Power Treads"}, {"item_2": 0, "assists": 6, "leaver_status": 0, "item_1": 166, "item_0": 16, "item_0_name": "Iron Branch", "leaver_status_description": "finished match, no abandon", "level": 11, "player_slot": 1, "leaver_status_name": "NONE", "hero_id": 53, "last_hits": 57, "kills": 3, "account_id": 87276347, "item_4": 86, "item_3": 0, "item_4_name": "Buckler", "item_5": 63, "xp_per_min": 437, "item_5_name": "Power Treads", "hero_name": "Nature's Prophet", "gold_per_min": 397, "deaths": 3, "denies": 0, "item_1_name": "Maelstrom"}, {"item_2": 0, "assists": 6, "leaver_status": 0, "item_1": 178, "item_0": 180, "item_0_name": "Arcane Boots", "leaver_status_description": "finished match, no abandon", "level": 8, "player_slot": 2, "leaver_status_name": "NONE", "hero_id": 7, "last_hits": 14, "kills": 2, "account_id": 118032120, "item_3_name": "Iron Branch", "item_4": 16, "item_3": 16, "item_4_name": "Iron Branch", "item_5": 16, "xp_per_min": 263, "item_5_name": "Iron Branch", "hero_name": "Earthshaker", "gold_per_min": 255, "deaths": 1, "denies": 1, "item_1_name": "Soul Ring"}, {"item_2": 41, "assists": 8, "leaver_status": 0, "item_1": 50, "item_0": 71, "item_0_name": "Poor Man's Shield", "leaver_status_description": "finished match, no abandon", "level": 11, "player_slot": 3, "leaver_status_name": "NONE", "hero_id": 106, "last_hits": 43, "kills": 3, "account_id": 22706938, "item_3_name": "Drum of Endurance", "item_4": 46, "item_3": 185, "item_4_name": "Town Portal Scroll", "item_5": 34, "xp_per_min": 512, "item_5_name": "Magic Stick", "hero_name": "Ember Spirit", "gold_per_min": 396, "deaths": 1, "denies": 6, "item_2_name": "Bottle", "item_1_name": "Phase Boots"}, {"item_2": 34, "assists": 4, "leaver_status": 0, "item_1": 180, "item_0": 0, "leaver_status_description": "finished match, no abandon", "level": 7, "player_slot": 4, "leaver_status_name": "NONE", "hero_id": 52, "last_hits": 12, "kills": 5, "account_id": 758174, "item_3_name": "Bracer", "item_4": 43, "item_3": 73, "item_4_name": "Sentry Ward", "item_5": 188, "xp_per_min": 166, "item_5_name": "Smoke of Deceit", "hero_name": "Leshrac", "gold_per_min": 300, "deaths": 3, "denies": 0, "item_2_name": "Magic Stick", "item_1_name": "Arcane Boots"}, {"item_2": 0, "assists": 1, "leaver_status": 0, "item_1": 214, "item_0": 178, "item_0_name": "Soul Ring", "leaver_status_description": "finished match, no abandon", "level": 7, "player_slot": 128, "leaver_status_name": "NONE", "hero_id": 103, "last_hits": 39, "kills": 0, "account_id": 73562326, "item_3_name": "Iron Branch", "item_4": 0, "item_3": 16, "item_5": 0, "xp_per_min": 195, "hero_name": "Elder Titan", "gold_per_min": 219, "deaths": 8, "denies": 1, "item_1_name": "Tranquil Boots"}, {"item_2": 13, "assists": 3, "leaver_status": 0, "item_1": 46, "item_0": 28, "item_0_name": "Sage's Mask", "leaver_status_description": "finished match, no abandon", "level": 6, "player_slot": 129, "leaver_status_name": "NONE", "hero_id": 84, "last_hits": 3, "kills": 1, "account_id": 20405591, "item_3_name": "Boots of Speed", "item_4": 0, "item_3": 29, "item_5": 0, "xp_per_min": 133, "hero_name": "Ogre Magi", "gold_per_min": 157, "deaths": 2, "denies": 2, "item_2_name": "Gauntlets of Strength", "item_1_name": "Town Portal Scroll"}, {"item_2": 25, "assists": 0, "leaver_status": 3, "item_1": 46, "item_0": 50, "item_0_name": "Phase Boots", "leaver_status_description": "player dc, clicked leave, abandon", "level": 9, "player_slot": 130, "leaver_status_name": "ABANDONED", "hero_id": 35, "last_hits": 63, "kills": 3, "account_id": 86828698, "item_3_name": "Bracer", "item_4": 212, "item_3": 73, "item_4_name": "Ring of Aquila", "item_5": 0, "xp_per_min": 335, "hero_name": "Sniper", "gold_per_min": 334, "deaths": 3, "denies": 19, "item_2_name": "Gloves of Haste", "item_1_name": "Town Portal Scroll"}, {"item_2": 34, "assists": 4, "leaver_status": 0, "item_1": 1, "item_0": 29, "item_0_name": "Boots of Speed", "leaver_status_description": "finished match, no abandon", "level": 10, "player_slot": 131, "leaver_status_name": "NONE", "hero_id": 78, "last_hits": 48, "kills": 1, "account_id": 115064628, "item_3_name": "Stout Shield", "item_4": 41, "item_3": 182, "item_4_name": "Bottle", "item_5": 46, "xp_per_min": 359, "item_5_name": "Town Portal Scroll", "hero_name": "Brewmaster", "gold_per_min": 288, "deaths": 3, "denies": 12, "item_2_name": "Magic Stick", "item_1_name": "Blink Dagger"}, {"item_2": 0, "assists": 1, "leaver_status": 0, "item_1": 180, "item_0": 46, "item_0_name": "Town Portal Scroll", "leaver_status_description": "finished match, no abandon", "level": 9, "player_slot": 132, "leaver_status_name": "NONE", "hero_id": 27, "last_hits": 29, "kills": 2, "account_id": 106497354, "item_4": 0, "item_3": 0, "item_5": 0, "xp_per_min": 331, "hero_name": "Shadow Shaman", "gold_per_min": 273, "deaths": 7, "denies": 1, "item_1_name": "Arcane Boots"}], "tower_status_dire": 1958, "match_seq_num": 729126008, "start_time": 1406970475, "picks_bans": [{"order": 0, "is_pick": false, "hero_id": 77, "team": 0}, {"order": 1, "is_pick": false, "hero_id": 69, "team": 1}, {"order": 2, "is_pick": false, "hero_id": 33, "team": 0}, {"order": 3, "is_pick": false, "hero_id": 41, "team": 1}, {"order": 4, "is_pick": true, "hero_id": 53, "team": 0}, {"order": 5, "is_pick": true, "hero_id": 78, "team": 1}, {"order": 6, "is_pick": true, "hero_id": 27, "team": 1}, {"order": 7, "is_pick": true, "hero_id": 45, "team": 0}, {"order": 8, "is_pick": false, "hero_id": 101, "team": 0}, {"order": 9, "is_pick": false, "hero_id": 40, "team": 1}, {"order": 10, "is_pick": false, "hero_id": 15, "team": 0}, {"order": 11, "is_pick": false, "hero_id": 43, "team": 1}, {"order": 12, "is_pick": true, "hero_id": 103, "team": 1}, {"order": 13, "is_pick": true, "hero_id": 106, "team": 0}, {"order": 14, "is_pick": true, "hero_id": 84, "team": 1}, {"order": 15, "is_pick": true, "hero_id": 52, "team": 0}, {"order": 16, "is_pick": false, "hero_id": 79, "team": 1}, {"order": 17, "is_pick": false, "hero_id": 70, "team": 0}, {"order": 18, "is_pick": true, "hero_id": 35, "team": 1}, {"order": 19, "is_pick": true, "hero_id": 7, "team": 0}], "radiant_win": true, "positive_votes": 0, "leagueid": 1667, "game_mode": 2, "duration": 950, "negative_votes": 0}