{"dire_captain": 30237211, "tower_status_radiant": 0, "flags": 0, "radiant_team_complete": 0, "game_mode": 2, "radiant_score": 0, "match_id": 826666315, "lobby_name": "Practice", "dire_logo": 612755607724864454, "pre_game_duration": 0, "radiant_captain": 86745912, "radiant_name": "Evil Geniuses", "match_seq_num": 741910945, "dire_team_complete": 0, "start_time": 1407636968, "radiant_win": false, "positive_votes": 6, "leagueid": 1667, "duration": 2584, "dire_score": 0, "lobby_type": 1, "cluster": 122, "engine": 0, "barracks_status_dire": 63, "barracks_status_radiant": 0, "cluster_name": "US East", "first_blood_time": 141, "radiant_team_id": 39, "radiant_logo": 631980045785959337, "human_players": 10, "game_mode_name": "Captains Mode", "tower_status_dire": 1540, "players": [{"item_2": 53, "assists": 9, "leaver_status": 0, "item_1": 121, "item_0": 50, "item_0_name": "Phase Boots", "leaver_status_description": "finished match, no abandon", "level": 22, "player_slot": 0, "leaver_status_name": "NONE", "hero_id": 43, "last_hits": 356, "kills": 0, "account_id": 86745912, "item_3_name": "Assault Cuirass", "item_4": 100, "item_3": 112, "item_4_name": "Eul's Scepter of Divinity", "item_5": 0, "xp_per_min": 617, "hero_name": "Death Prophet", "gold_per_min": 565, "deaths": 6, "denies": 6, "item_2_name": "Reaver", "item_1_name": "Bloodstone"}, {"item_2": 102, "assists": 10, "leaver_status": 0, "item_1": 180, "item_0": 1, "item_0_name": "Blink Dagger", "leaver_status_description": "finished match, no abandon", "level": 14, "player_slot": 1, "leaver_status_name": "NONE", "hero_id": 84, "last_hits": 22, "kills": 1, "account_id": 31039408, "item_4": 42, "item_3": 0, "item_4_name": "Observer Ward", "item_5": 36, "xp_per_min": 249, "item_5_name": "Magic Wand", "hero_name": "Ogre Magi", "gold_per_min": 228, "deaths": 5, "denies": 5, "item_2_name": "Force Staff", "item_1_name": "Arcane Boots"}, {"item_2": 119, "assists": 9, "leaver_status": 0, "item_1": 65, "item_0": 48, "item_0_name": "Boots of Travel", "leaver_status_description": "finished match, no abandon", "level": 24, "player_slot": 2, "leaver_status_name": "NONE", "hero_id": 69, "last_hits": 171, "kills": 9, "account_id": 87276347, "item_3_name": "Blink Dagger", "item_4": 30, "item_3": 1, "item_4_name": "Gem of True Sight", "item_5": 110, "xp_per_min": 716, "item_5_name": "Refresher Orb", "hero_name": "Doom", "gold_per_min": 606, "deaths": 3, "denies": 0, "item_2_name": "Shiva's Guard", "item_1_name": "Hand of Midas"}, {"item_2": 102, "assists": 7, "leaver_status": 0, "item_1": 108, "item_0": 79, "item_0_name": "Mekansm", "leaver_status_description": "finished match, no abandon", "level": 17, "player_slot": 3, "leaver_status_name": "NONE", "hero_id": 45, "last_hits": 168, "kills": 5, "account_id": 86715129, "item_3_name": "Ultimate Orb", "item_4": 180, "item_3": 24, "item_4_name": "Arcane Boots", "item_5": 36, "xp_per_min": 389, "item_5_name": "Magic Wand", "hero_name": "Pugna", "gold_per_min": 392, "deaths": 4, "denies": 1, "item_2_name": "Force Staff", "item_1_name": "Aghanim's Scepter"}, {"item_2": 116, "assists": 11, "leaver_status": 0, "item_1": 1, "item_0": 63, "item_0_name": "Power Treads", "leaver_status_description": "finished match, no abandon", "level": 20, "player_slot": 4, "leaver_status_name": "NONE", "hero_id": 25, "last_hits": 111, "kills": 12, "account_id": 86727555, "item_3_name": "Drum of Endurance", "item_4": 46, "item_3": 185, "item_4_name": "Town Portal Scroll", "item_5": 36, "xp_per_min": 530, "item_5_name": "Magic Wand", "hero_name": "Lina", "gold_per_min": 404, "deaths": 5, "denies": 1, "item_2_name": "Black King Bar", "item_1_name": "Blink Dagger"}, {"item_2": 36, "assists": 10, "leaver_status": 0, "item_1": 102, "item_0": 180, "item_0_name": "Arcane Boots", "leaver_status_description": "finished match, no abandon", "level": 15, "player_slot": 128, "leaver_status_name": "NONE", "hero_id": 101, "last_hits": 17, "kills": 3, "account_id": 30237211, "item_3_name": "Town Portal Scroll", "item_4": 73, "item_3": 46, "item_4_name": "Bracer", "item_5": 0, "xp_per_min": 296, "hero_name": "Skywrath Mage", "gold_per_min": 280, "deaths": 8, "denies": 0, "item_2_name": "Magic Wand", "item_1_name": "Force Staff"}, {"item_2": 79, "assists": 5, "leaver_status": 0, "item_1": 0, "item_0": 116, "item_0_name": "Black King Bar", "leaver_status_description": "finished match, no abandon", "level": 21, "player_slot": 129, "leaver_status_name": "NONE", "hero_id": 47, "last_hits": 199, "kills": 6, "account_id": 84176344, "item_3_name": "Power Treads", "item_4": 185, "item_3": 63, "item_4_name": "Drum of Endurance", "item_5": 108, "xp_per_min": 541, "item_5_name": "Aghanim's Scepter", "hero_name": "Viper", "gold_per_min": 469, "deaths": 5, "denies": 20, "item_2_name": "Mekansm"}, {"item_2": 206, "assists": 2, "leaver_status": 0, "item_1": 187, "item_0": 29, "item_0_name": "Boots of Speed", "leaver_status_description": "finished match, no abandon", "level": 14, "player_slot": 130, "leaver_status_name": "NONE", "hero_id": 92, "last_hits": 182, "kills": 3, "account_id": 25907144, "item_4": 108, "item_3": 0, "item_4_name": "Aghanim's Scepter", "item_5": 9, "xp_per_min": 260, "item_5_name": "Platemail", "hero_name": "Visage", "gold_per_min": 440, "deaths": 6, "denies": 1, "item_2_name": "Rod of Atos", "item_1_name": "Medallion of Courage"}, {"item_2": 116, "assists": 6, "leaver_status": 0, "item_1": 63, "item_0": 172, "item_0_name": "Mask of Madness", "leaver_status_description": "finished match, no abandon", "level": 21, "player_slot": 131, "leaver_status_name": "NONE", "hero_id": 41, "last_hits": 196, "kills": 5, "account_id": 73562326, "item_3_name": "Town Portal Scroll", "item_4": 158, "item_3": 46, "item_4_name": "Mjollnir", "item_5": 21, "xp_per_min": 535, "item_5_name": "Ogre Club", "hero_name": "Faceless Void", "gold_per_min": 449, "deaths": 8, "denies": 4, "item_2_name": "Black King Bar", "item_1_name": "Power Treads"}, {"item_2": 1, "assists": 4, "leaver_status": 0, "item_1": 139, "item_0": 116, "item_0_name": "Black King Bar", "leaver_status_description": "finished match, no abandon", "level": 25, "player_slot": 132, "leaver_status_name": "NONE", "hero_id": 6, "last_hits": 374, "kills": 4, "account_id": 115975133, "item_3_name": "Manta Style", "item_4": 0, "item_3": 147, "item_5": 48, "xp_per_min": 760, "item_5_name": "Boots of Travel", "hero_name": "Drow Ranger", "gold_per_min": 758, "deaths": 2, "denies": 5, "item_2_name": "Blink Dagger", "item_1_name": "Butterfly"}], "dire_team_id": 250855, "picks_bans": [{"order": 0, "is_pick": false, "hero_id": 78, "team": 0}, {"order": 1, "is_pick": false, "hero_id": 15, "team": 1}, {"order": 2, "is_pick": false, "hero_id": 77, "team": 0}, {"order": 3, "is_pick": false, "hero_id": 29, "team": 1}, {"order": 4, "is_pick": true, "hero_id": 69, "team": 0}, {"order": 5, "is_pick": true, "hero_id": 101, "team": 1}, {"order": 6, "is_pick": true, "hero_id": 41, "team": 1}, {"order": 7, "is_pick": true, "hero_id": 45, "team": 0}, {"order": 8, "is_pick": false, "hero_id": 31, "team": 0}, {"order": 9, "is_pick": false, "hero_id": 75, "team": 1}, {"order": 10, "is_pick": false, "hero_id": 33, "team": 0}, {"order": 11, "is_pick": false, "hero_id": 74, "team": 1}, {"order": 12, "is_pick": true, "hero_id": 92, "team": 1}, {"order": 13, "is_pick": true, "hero_id": 84, "team": 0}, {"order": 14, "is_pick": true, "hero_id": 6, "team": 1}, {"order": 15, "is_pick": true, "hero_id": 43, "team": 0}, {"order": 16, "is_pick": false, "hero_id": 3, "team": 1}, {"order": 17, "is_pick": false, "hero_id": 39, "team": 0}, {"order": 18, "is_pick": true, "hero_id": 47, "team": 1}, {"order": 19, "is_pick": true, "hero_id": 25, "team": 0}], "dire_name": "DarkFalco Stack", "negative_votes": 1}