{"dire_captain": 36547811, "tower_status_radiant": 1542, "flags": 0, "radiant_team_complete": 1, "game_mode": 2, "radiant_score": 0, "match_id": 844871863, "lobby_name": "Practice", "dire_logo": 642124127283031446, "pre_game_duration": 0, "radiant_captain": 90423751, "radiant_name": "Osliki Gaming", "match_seq_num": 757634309, "dire_team_complete": 0, "start_time": 1408472954, "radiant_win": false, "positive_votes": 18, "leagueid": 1350, "duration": 1346, "dire_score": 0, "lobby_type": 1, "cluster": 182, "engine": 0, "barracks_status_dire": 63, "barracks_status_radiant": 55, "cluster_name": "Russia", "first_blood_time": 43, "radiant_team_id": 1087145, "radiant_logo": 594766568879356896, "human_players": 10, "game_mode_name": "Captains Mode", "tower_status_dire": 2046, "players": [{"item_2": 29, "assists": 4, "leaver_status": 3, "item_1": 0, "item_0": 46, "item_0_name": "Town Portal Scroll", "leaver_status_description": "player dc, clicked leave, abandon", "level": 8, "player_slot": 0, "leaver_status_name": "ABANDONED", "hero_id": 85, "last_hits": 14, "kills": 0, "account_id": 90423751, "item_3_name": "Stout Shield", "item_4": 31, "item_3": 182, "item_4_name": "Cloak", "item_5": 36, "xp_per_min": 189, "item_5_name": "Magic Wand", "hero_name": "Undying", "gold_per_min": 175, "deaths": 7, "denies": 3, "item_2_name": "Boots of Speed"}, {"item_2": 0, "assists": 6, "leaver_status": 0, "item_1": 34, "item_0": 79, "item_0_name": "Mekansm", "leaver_status_description": "finished match, no abandon", "level": 10, "player_slot": 1, "leaver_status_name": "NONE", "hero_id": 64, "last_hits": 58, "kills": 0, "account_id": 105308199, "item_3_name": "Phase Boots", "item_4": 0, "item_3": 50, "item_5": 0, "xp_per_min": 266, "hero_name": "Jakiro", "gold_per_min": 252, "deaths": 6, "denies": 3, "item_1_name": "Magic Stick"}, {"item_2": 77, "assists": 3, "leaver_status": 3, "item_1": 77, "item_0": 206, "item_0_name": "Rod of Atos", "leaver_status_description": "player dc, clicked leave, abandon", "level": 9, "player_slot": 2, "leaver_status_name": "ABANDONED", "hero_id": 101, "last_hits": 44, "kills": 2, "account_id": 98134803, "item_3_name": "Magic Wand", "item_4": 0, "item_3": 36, "item_5": 29, "xp_per_min": 223, "item_5_name": "Boots of Speed", "hero_name": "Skywrath Mage", "gold_per_min": 253, "deaths": 5, "denies": 6, "item_2_name": "Null Talisman", "item_1_name": "Null Talisman"}, {"item_2": 36, "assists": 3, "leaver_status": 0, "item_1": 29, "item_0": 41, "item_0_name": "Bottle", "leaver_status_description": "finished match, no abandon", "level": 11, "player_slot": 3, "leaver_status_name": "NONE", "hero_id": 14, "last_hits": 34, "kills": 4, "account_id": 93736444, "item_3_name": "Urn of Shadows", "item_4": 23, "item_3": 92, "item_4_name": "Staff of Wizardry", "item_5": 0, "xp_per_min": 353, "hero_name": "Pudge", "gold_per_min": 255, "deaths": 5, "denies": 2, "item_2_name": "Magic Wand", "item_1_name": "Boots of Speed"}, {"item_2": 73, "assists": 5, "leaver_status": 0, "item_1": 46, "item_0": 73, "item_0_name": "Bracer", "leaver_status_description": "finished match, no abandon", "level": 8, "player_slot": 4, "leaver_status_name": "NONE", "hero_id": 20, "last_hits": 8, "kills": 2, "account_id": 94612878, "item_3_name": "Magic Wand", "item_4": 0, "item_3": 36, "item_5": 29, "xp_per_min": 190, "item_5_name": "Boots of Speed", "hero_name": "Vengeful Spirit", "gold_per_min": 177, "deaths": 7, "denies": 5, "item_2_name": "Bracer", "item_1_name": "Town Portal Scroll"}, {"item_2": 92, "assists": 10, "leaver_status": 0, "item_1": 36, "item_0": 214, "item_0_name": "Tranquil Boots", "leaver_status_description": "finished match, no abandon", "level": 11, "player_slot": 128, "leaver_status_name": "NONE", "hero_id": 102, "last_hits": 12, "kills": 4, "account_id": 36547811, "item_4": 102, "item_3": 0, "item_4_name": "Force Staff", "item_5": 0, "xp_per_min": 364, "hero_name": "Abaddon", "gold_per_min": 324, "deaths": 1, "denies": 0, "item_2_name": "Urn of Shadows", "item_1_name": "Magic Wand"}, {"item_2": 172, "assists": 15, "leaver_status": 0, "item_1": 185, "item_0": 50, "item_0_name": "Phase Boots", "leaver_status_description": "finished match, no abandon", "level": 13, "player_slot": 129, "leaver_status_name": "NONE", "hero_id": 9, "last_hits": 77, "kills": 7, "account_id": 96196828, "item_3_name": "Manta Style", "item_4": 36, "item_3": 147, "item_4_name": "Magic Wand", "item_5": 88, "xp_per_min": 426, "item_5_name": "Ring of Basilius", "hero_name": "Mirana", "gold_per_min": 513, "deaths": 1, "denies": 13, "item_2_name": "Mask of Madness", "item_1_name": "Drum of Endurance"}, {"item_2": 46, "assists": 12, "leaver_status": 0, "item_1": 121, "item_0": 0, "leaver_status_description": "finished match, no abandon", "level": 14, "player_slot": 130, "leaver_status_name": "NONE", "hero_id": 43, "last_hits": 116, "kills": 9, "account_id": 87586992, "item_3_name": "Bottle", "item_4": 100, "item_3": 41, "item_4_name": "Eul's Scepter of Divinity", "item_5": 50, "xp_per_min": 503, "item_5_name": "Phase Boots", "hero_name": "Death Prophet", "gold_per_min": 614, "deaths": 1, "denies": 10, "item_2_name": "Town Portal Scroll", "item_1_name": "Bloodstone"}, {"item_2": 46, "assists": 12, "leaver_status": 0, "item_1": 36, "item_0": 79, "item_0_name": "Mekansm", "leaver_status_description": "finished match, no abandon", "level": 13, "player_slot": 131, "leaver_status_name": "NONE", "hero_id": 15, "last_hits": 120, "kills": 8, "account_id": 53178236, "item_3_name": "Ring of Aquila", "item_4": 108, "item_3": 212, "item_4_name": "Aghanim's Scepter", "item_5": 63, "xp_per_min": 429, "item_5_name": "Power Treads", "hero_name": "Razor", "gold_per_min": 526, "deaths": 2, "denies": 5, "item_2_name": "Town Portal Scroll", "item_1_name": "Magic Wand"}, {"item_2": 0, "assists": 18, "leaver_status": 0, "item_1": 36, "item_0": 23, "item_0_name": "Staff of Wizardry", "leaver_status_description": "finished match, no abandon", "level": 12, "player_slot": 132, "leaver_status_name": "NONE", "hero_id": 3, "last_hits": 19, "kills": 1, "account_id": 76600360, "item_3_name": "Blink Dagger", "item_4": 188, "item_3": 1, "item_4_name": "Smoke of Deceit", "item_5": 180, "xp_per_min": 379, "item_5_name": "Arcane Boots", "hero_name": "Bane", "gold_per_min": 347, "deaths": 5, "denies": 6, "item_1_name": "Magic Wand"}], "dire_team_id": 1883502, "picks_bans": [{"order": 0, "is_pick": false, "hero_id": 77, "team": 1}, {"order": 1, "is_pick": false, "hero_id": 34, "team": 0}, {"order": 2, "is_pick": false, "hero_id": 78, "team": 1}, {"order": 3, "is_pick": false, "hero_id": 41, "team": 0}, {"order": 4, "is_pick": true, "hero_id": 15, "team": 1}, {"order": 5, "is_pick": true, "hero_id": 64, "team": 0}, {"order": 6, "is_pick": true, "hero_id": 101, "team": 0}, {"order": 7, "is_pick": true, "hero_id": 9, "team": 1}, {"order": 8, "is_pick": false, "hero_id": 7, "team": 1}, {"order": 9, "is_pick": false, "hero_id": 79, "team": 0}, {"order": 10, "is_pick": false, "hero_id": 68, "team": 1}, {"order": 11, "is_pick": false, "hero_id": 29, "team": 0}, {"order": 12, "is_pick": true, "hero_id": 20, "team": 0}, {"order": 13, "is_pick": true, "hero_id": 43, "team": 1}, {"order": 14, "is_pick": true, "hero_id": 14, "team": 0}, {"order": 15, "is_pick": true, "hero_id": 3, "team": 1}, {"order": 16, "is_pick": false, "hero_id": 47, "team": 0}, {"order": 17, "is_pick": false, "hero_id": 53, "team": 1}, {"order": 18, "is_pick": true, "hero_id": 85, "team": 0}, {"order": 19, "is_pick": true, "hero_id": 102, "team": 1}], "dire_name": "Virtus.pro", "negative_votes": 3}