{"dire_captain": 87197791, "tower_status_radiant": 1972, "flags": 0, "radiant_team_complete": 0, "game_mode": 2, "radiant_score": 0, "match_id": 848386711, "lobby_name": "Practice", "dire_logo": 702856043213990463, "pre_game_duration": 0, "radiant_captain": 96169991, "radiant_name": "Cede.Nullis", "match_seq_num": 760672956, "dire_team_complete": 0, "start_time": 1408641447, "radiant_win": false, "positive_votes": 10, "leagueid": 1640, "duration": 1861, "dire_score": 0, "lobby_type": 1, "cluster": 132, "engine": 0, "barracks_status_dire": 63, "barracks_status_radiant": 63, "cluster_name": "Europe West", "first_blood_time": 195, "radiant_team_id": 784775, "radiant_logo": 577869232843463145, "human_players": 10, "game_mode_name": "Captains Mode", "tower_status_dire": 1982, "players": [{"item_2": 46, "assists": 1, "leaver_status": 3, "item_1": 116, "item_0": 172, "item_0_name": "Mask of Madness", "leaver_status_description": "player dc, clicked leave, abandon", "level": 17, "player_slot": 0, "leaver_status_name": "ABANDONED", "hero_id": 41, "last_hits": 185, "kills": 5, "account_id": 96169991, "item_3_name": "Maelstrom", "item_4": 29, "item_3": 166, "item_4_name": "Boots of Speed", "item_5": 212, "xp_per_min": 521, "item_5_name": "Ring of Aquila", "hero_name": "Faceless Void", "gold_per_min": 416, "deaths": 6, "denies": 15, "item_2_name": "Town Portal Scroll", "item_1_name": "Black King Bar"}, {"item_2": 127, "assists": 3, "leaver_status": 1, "item_1": 21, "item_0": 41, "item_0_name": "Bottle", "leaver_status_description": "player DC, no abandon", "level": 15, "player_slot": 1, "leaver_status_name": "DISCONNECTED", "hero_id": 51, "last_hits": 92, "kills": 7, "account_id": 65623472, "item_3_name": "Point Booster", "item_4": 0, "item_3": 60, "item_5": 50, "xp_per_min": 383, "item_5_name": "Phase Boots", "hero_name": "Clockwerk", "gold_per_min": 327, "deaths": 8, "denies": 5, "item_2_name": "Blade Mail", "item_1_name": "Ogre Club"}, {"item_2": 60, "assists": 2, "leaver_status": 0, "item_1": 46, "item_0": 63, "item_0_name": "Power Treads", "leaver_status_description": "finished match, no abandon", "level": 16, "player_slot": 2, "leaver_status_name": "NONE", "hero_id": 15, "last_hits": 166, "kills": 4, "account_id": 53151216, "item_3_name": "Mekansm", "item_4": 116, "item_3": 79, "item_4_name": "Black King Bar", "item_5": 34, "xp_per_min": 448, "item_5_name": "Magic Stick", "hero_name": "Razor", "gold_per_min": 391, "deaths": 3, "denies": 18, "item_2_name": "Point Booster", "item_1_name": "Town Portal Scroll"}, {"item_2": 0, "assists": 5, "leaver_status": 0, "item_1": 6, "item_0": 214, "item_0_name": "Tranquil Boots", "leaver_status_description": "finished match, no abandon", "level": 11, "player_slot": 3, "leaver_status_name": "NONE", "hero_id": 64, "last_hits": 47, "kills": 0, "account_id": 27005611, "item_3_name": "Null Talisman", "item_4": 0, "item_3": 77, "item_5": 0, "xp_per_min": 215, "hero_name": "Jakiro", "gold_per_min": 193, "deaths": 6, "denies": 1, "item_1_name": "Helm of Iron Will"}, {"item_2": 22, "assists": 4, "leaver_status": 0, "item_1": 212, "item_0": 50, "item_0_name": "Phase Boots", "leaver_status_description": "finished match, no abandon", "level": 12, "player_slot": 4, "leaver_status_name": "NONE", "hero_id": 9, "last_hits": 62, "kills": 2, "account_id": 25907144, "item_3_name": "Drum of Endurance", "item_4": 46, "item_3": 185, "item_4_name": "Town Portal Scroll", "item_5": 0, "xp_per_min": 265, "hero_name": "Mirana", "gold_per_min": 241, "deaths": 7, "denies": 6, "item_2_name": "Blade of Alacrity", "item_1_name": "Ring of Aquila"}, {"item_2": 16, "assists": 12, "leaver_status": 0, "item_1": 180, "item_0": 1, "item_0_name": "Blink Dagger", "leaver_status_description": "finished match, no abandon", "level": 13, "player_slot": 128, "leaver_status_name": "NONE", "hero_id": 7, "last_hits": 46, "kills": 1, "account_id": 87197791, "item_3_name": "Magic Stick", "item_4": 0, "item_3": 34, "item_5": 0, "xp_per_min": 334, "hero_name": "Earthshaker", "gold_per_min": 257, "deaths": 5, "denies": 3, "item_2_name": "Iron Branch", "item_1_name": "Arcane Boots"}, {"item_2": 63, "assists": 15, "leaver_status": 0, "item_1": 147, "item_0": 152, "item_0_name": "Shadow Blade", "leaver_status_description": "finished match, no abandon", "level": 18, "player_slot": 129, "leaver_status_name": "NONE", "hero_id": 20, "last_hits": 113, "kills": 6, "account_id": 91852305, "item_3_name": "Drum of Endurance", "item_4": 0, "item_3": 185, "item_5": 36, "xp_per_min": 600, "item_5_name": "Magic Wand", "hero_name": "Vengeful Spirit", "gold_per_min": 437, "deaths": 2, "denies": 4, "item_2_name": "Power Treads", "item_1_name": "Manta Style"}, {"item_2": 0, "assists": 7, "leaver_status": 0, "item_1": 36, "item_0": 180, "item_0_name": "Arcane Boots", "leaver_status_description": "finished match, no abandon", "level": 16, "player_slot": 130, "leaver_status_name": "NONE", "hero_id": 101, "last_hits": 20, "kills": 9, "account_id": 20771881, "item_3_name": "Force Staff", "item_4": 37, "item_3": 102, "item_4_name": "Ghost Scepter", "item_5": 0, "xp_per_min": 442, "hero_name": "Skywrath Mage", "gold_per_min": 303, "deaths": 3, "denies": 1, "item_1_name": "Magic Wand"}, {"item_2": 214, "assists": 9, "leaver_status": 0, "item_1": 178, "item_0": 34, "item_0_name": "Magic Stick", "leaver_status_description": "finished match, no abandon", "level": 15, "player_slot": 131, "leaver_status_name": "NONE", "hero_id": 103, "last_hits": 120, "kills": 3, "account_id": 86750146, "item_3_name": "Force Staff", "item_4": 79, "item_3": 102, "item_4_name": "Mekansm", "item_5": 0, "xp_per_min": 428, "hero_name": "Elder Titan", "gold_per_min": 372, "deaths": 6, "denies": 3, "item_2_name": "Tranquil Boots", "item_1_name": "Soul Ring"}, {"item_2": 0, "assists": 8, "leaver_status": 0, "item_1": 119, "item_0": 1, "item_0_name": "Blink Dagger", "leaver_status_description": "finished match, no abandon", "level": 19, "player_slot": 132, "leaver_status_name": "NONE", "hero_id": 78, "last_hits": 148, "kills": 7, "account_id": 118078153, "item_3_name": "Aghanim's Scepter", "item_4": 36, "item_3": 108, "item_4_name": "Magic Wand", "item_5": 180, "xp_per_min": 631, "item_5_name": "Arcane Boots", "hero_name": "Brewmaster", "gold_per_min": 484, "deaths": 2, "denies": 4, "item_1_name": "Shiva's Guard"}], "dire_team_id": 1163855, "picks_bans": [{"order": 0, "is_pick": false, "hero_id": 77, "team": 0}, {"order": 1, "is_pick": false, "hero_id": 34, "team": 1}, {"order": 2, "is_pick": false, "hero_id": 69, "team": 0}, {"order": 3, "is_pick": false, "hero_id": 27, "team": 1}, {"order": 4, "is_pick": true, "hero_id": 15, "team": 0}, {"order": 5, "is_pick": true, "hero_id": 78, "team": 1}, {"order": 6, "is_pick": true, "hero_id": 101, "team": 1}, {"order": 7, "is_pick": true, "hero_id": 41, "team": 0}, {"order": 8, "is_pick": false, "hero_id": 43, "team": 0}, {"order": 9, "is_pick": false, "hero_id": 45, "team": 1}, {"order": 10, "is_pick": false, "hero_id": 29, "team": 0}, {"order": 11, "is_pick": false, "hero_id": 30, "team": 1}, {"order": 12, "is_pick": true, "hero_id": 7, "team": 1}, {"order": 13, "is_pick": true, "hero_id": 9, "team": 0}, {"order": 14, "is_pick": true, "hero_id": 20, "team": 1}, {"order": 15, "is_pick": true, "hero_id": 64, "team": 0}, {"order": 16, "is_pick": false, "hero_id": 75, "team": 1}, {"order": 17, "is_pick": false, "hero_id": 96, "team": 0}, {"order": 18, "is_pick": true, "hero_id": 103, "team": 1}, {"order": 19, "is_pick": true, "hero_id": 51, "team": 0}], "dire_name": "GOOMBA Gamingg", "negative_votes": 1}