{"dire_captain": 30237211, "tower_status_radiant": 1974, "flags": 0, "radiant_team_complete": 0, "game_mode": 2, "radiant_score": 0, "match_id": 852486096, "lobby_name": "Practice", "dire_logo": 535126847986722461, "pre_game_duration": 0, "radiant_captain": 36547811, "radiant_name": "Virtus.pro", "match_seq_num": 764205911, "dire_team_complete": 0, "start_time": 1408825914, "radiant_win": true, "positive_votes": 31, "leagueid": 1350, "duration": 1525, "dire_score": 0, "lobby_type": 1, "cluster": 132, "engine": 0, "barracks_status_dire": 55, "barracks_status_radiant": 63, "cluster_name": "Europe West", "first_blood_time": 50, "radiant_team_id": 1883502, "radiant_logo": 642124127283031446, "human_players": 10, "game_mode_name": "Captains Mode", "tower_status_dire": 1796, "players": [{"item_2": 180, "assists": 6, "leaver_status": 0, "item_1": 34, "item_0": 0, "leaver_status_description": "finished match, no abandon", "level": 8, "player_slot": 0, "leaver_status_name": "NONE", "hero_id": 9, "last_hits": 15, "kills": 1, "account_id": 36547811, "item_4": 46, "item_3": 0, "item_4_name": "Town Portal Scroll", "item_5": 0, "xp_per_min": 144, "hero_name": "Mirana", "gold_per_min": 219, "deaths": 1, "denies": 0, "item_2_name": "Arcane Boots", "item_1_name": "Magic Stick"}, {"item_2": 108, "assists": 7, "leaver_status": 0, "item_1": 73, "item_0": 180, "item_0_name": "Arcane Boots", "leaver_status_description": "finished match, no abandon", "level": 12, "player_slot": 1, "leaver_status_name": "NONE", "hero_id": 45, "last_hits": 97, "kills": 3, "account_id": 96196828, "item_4": 79, "item_3": 0, "item_4_name": "Mekansm", "item_5": 88, "xp_per_min": 337, "item_5_name": "Ring of Basilius", "hero_name": "Pugna", "gold_per_min": 411, "deaths": 2, "denies": 3, "item_2_name": "Aghanim's Scepter", "item_1_name": "Bracer"}, {"item_2": 178, "assists": 4, "leaver_status": 0, "item_1": 77, "item_0": 41, "item_0_name": "Bottle", "leaver_status_description": "finished match, no abandon", "level": 16, "player_slot": 2, "leaver_status_name": "NONE", "hero_id": 34, "last_hits": 152, "kills": 4, "account_id": 87586992, "item_3_name": "Ethereal Blade", "item_4": 1, "item_3": 176, "item_4_name": "Blink Dagger", "item_5": 48, "xp_per_min": 549, "item_5_name": "Boots of Travel", "hero_name": "Tinker", "gold_per_min": 499, "deaths": 0, "denies": 10, "item_2_name": "Soul Ring", "item_1_name": "Null Talisman"}, {"item_2": 125, "assists": 10, "leaver_status": 0, "item_1": 36, "item_0": 210, "item_0_name": "Heaven's Halberd", "leaver_status_description": "finished match, no abandon", "level": 14, "player_slot": 3, "leaver_status_name": "NONE", "hero_id": 99, "last_hits": 142, "kills": 1, "account_id": 53178236, "item_3_name": "Vitality Booster", "item_4": 31, "item_3": 61, "item_4_name": "Cloak", "item_5": 63, "xp_per_min": 411, "item_5_name": "Power Treads", "hero_name": "Bristleback", "gold_per_min": 464, "deaths": 0, "denies": 2, "item_2_name": "Vanguard", "item_1_name": "Magic Wand"}, {"item_2": 46, "assists": 6, "leaver_status": 0, "item_1": 34, "item_0": 92, "item_0_name": "Urn of Shadows", "leaver_status_description": "finished match, no abandon", "level": 9, "player_slot": 4, "leaver_status_name": "NONE", "hero_id": 79, "last_hits": 16, "kills": 5, "account_id": 76600360, "item_3_name": "Force Staff", "item_4": 30, "item_3": 102, "item_4_name": "Gem of True Sight", "item_5": 214, "xp_per_min": 192, "item_5_name": "Tranquil Boots", "hero_name": "Shadow Demon", "gold_per_min": 266, "deaths": 2, "denies": 1, "item_2_name": "Town Portal Scroll", "item_1_name": "Magic Stick"}, {"item_2": 43, "assists": 3, "leaver_status": 0, "item_1": 180, "item_0": 42, "item_0_name": "Observer Ward", "leaver_status_description": "finished match, no abandon", "level": 6, "player_slot": 128, "leaver_status_name": "NONE", "hero_id": 7, "last_hits": 8, "kills": 0, "account_id": 30237211, "item_3_name": "Town Portal Scroll", "item_4": 0, "item_3": 46, "item_5": 16, "xp_per_min": 91, "item_5_name": "Iron Branch", "hero_name": "Earthshaker", "gold_per_min": 149, "deaths": 4, "denies": 1, "item_2_name": "Sentry Ward", "item_1_name": "Arcane Boots"}, {"item_2": 166, "assists": 2, "leaver_status": 3, "item_1": 65, "item_0": 98, "item_0_name": "Orchid Malevolence", "leaver_status_description": "player dc, clicked leave, abandon", "level": 14, "player_slot": 129, "leaver_status_name": "ABANDONED", "hero_id": 53, "last_hits": 136, "kills": 1, "account_id": 86738694, "item_3_name": "Phase Boots", "item_4": 0, "item_3": 50, "item_5": 0, "xp_per_min": 419, "hero_name": "Nature's Prophet", "gold_per_min": 427, "deaths": 1, "denies": 9, "item_2_name": "Maelstrom", "item_1_name": "Hand of Midas"}, {"item_2": 41, "assists": 3, "leaver_status": 0, "item_1": 50, "item_0": 3, "item_0_name": "Broadsword", "leaver_status_description": "finished match, no abandon", "level": 13, "player_slot": 130, "leaver_status_name": "NONE", "hero_id": 106, "last_hits": 71, "kills": 2, "account_id": 19757254, "item_3_name": "Magic Wand", "item_4": 185, "item_3": 36, "item_4_name": "Drum of Endurance", "item_5": 46, "xp_per_min": 363, "item_5_name": "Town Portal Scroll", "hero_name": "Ember Spirit", "gold_per_min": 289, "deaths": 4, "denies": 8, "item_2_name": "Bottle", "item_1_name": "Phase Boots"}, {"item_2": 0, "assists": 0, "leaver_status": 0, "item_1": 21, "item_0": 180, "item_0_name": "Arcane Boots", "leaver_status_description": "finished match, no abandon", "level": 9, "player_slot": 131, "leaver_status_name": "NONE", "hero_id": 40, "last_hits": 65, "kills": 2, "account_id": 3916428, "item_3_name": "Magic Stick", "item_4": 0, "item_3": 34, "item_5": 190, "xp_per_min": 202, "item_5_name": "Veil of Discord", "hero_name": "Venomancer", "gold_per_min": 270, "deaths": 2, "denies": 1, "item_1_name": "Ogre Club"}, {"item_2": 36, "assists": 2, "leaver_status": 0, "item_1": 79, "item_0": 63, "item_0_name": "Power Treads", "leaver_status_description": "finished match, no abandon", "level": 12, "player_slot": 132, "leaver_status_name": "NONE", "hero_id": 15, "last_hits": 111, "kills": 0, "account_id": 86726887, "item_3_name": "Bottle", "item_4": 46, "item_3": 41, "item_4_name": "Town Portal Scroll", "item_5": 212, "xp_per_min": 334, "item_5_name": "Ring of Aquila", "hero_name": "Razor", "gold_per_min": 326, "deaths": 3, "denies": 12, "item_2_name": "Magic Wand", "item_1_name": "Mekansm"}], "dire_team_id": 1820360, "picks_bans": [{"order": 0, "is_pick": false, "hero_id": 101, "team": 1}, {"order": 1, "is_pick": false, "hero_id": 77, "team": 0}, {"order": 2, "is_pick": false, "hero_id": 41, "team": 1}, {"order": 3, "is_pick": false, "hero_id": 78, "team": 0}, {"order": 4, "is_pick": true, "hero_id": 15, "team": 1}, {"order": 5, "is_pick": true, "hero_id": 34, "team": 0}, {"order": 6, "is_pick": true, "hero_id": 9, "team": 0}, {"order": 7, "is_pick": true, "hero_id": 7, "team": 1}, {"order": 8, "is_pick": false, "hero_id": 64, "team": 1}, {"order": 9, "is_pick": false, "hero_id": 69, "team": 0}, {"order": 10, "is_pick": false, "hero_id": 27, "team": 1}, {"order": 11, "is_pick": false, "hero_id": 88, "team": 0}, {"order": 12, "is_pick": true, "hero_id": 45, "team": 0}, {"order": 13, "is_pick": true, "hero_id": 53, "team": 1}, {"order": 14, "is_pick": true, "hero_id": 99, "team": 0}, {"order": 15, "is_pick": true, "hero_id": 106, "team": 1}, {"order": 16, "is_pick": false, "hero_id": 68, "team": 0}, {"order": 17, "is_pick": false, "hero_id": 3, "team": 1}, {"order": 18, "is_pick": true, "hero_id": 79, "team": 0}, {"order": 19, "is_pick": true, "hero_id": 40, "team": 1}], "dire_name": "TEAMERINO TINKERINO", "negative_votes": 2}