{"dire_captain": 86811043, "tower_status_radiant": 1830, "flags": 0, "lobby_type": 1, "cluster": 112, "game_mode_name": "Captains Mode", "engine": 0, "barracks_status_dire": 51, "barracks_status_radiant": 63, "cluster_name": "US West", "radiant_score": 0, "match_id": 852691823, "lobby_name": "Practice", "dire_score": 0, "first_blood_time": 58, "radiant_team_id": 1366506, "radiant_logo": 594777447471926711, "human_players": 10, "pre_game_duration": 0, "radiant_team_complete": 0, "radiant_captain": 84105632, "players": [{"item_2": 63, "assists": 12, "leaver_status": 1, "item_1": 164, "item_0": 116, "item_0_name": "Black King Bar", "leaver_status_description": "player DC, no abandon", "level": 17, "player_slot": 0, "leaver_status_name": "DISCONNECTED", "hero_id": 48, "last_hits": 172, "kills": 6, "account_id": 84105632, "item_3_name": "Ring of Aquila", "item_4": 185, "item_3": 212, "item_4_name": "Drum of Endurance", "item_5": 170, "xp_per_min": 430, "item_5_name": "Yasha", "hero_name": "Luna", "gold_per_min": 508, "deaths": 8, "denies": 12, "item_2_name": "Power Treads", "item_1_name": "Helm of the Dominator"}, {"item_2": 0, "assists": 16, "leaver_status": 1, "item_1": 180, "item_0": 1, "item_0_name": "Blink Dagger", "leaver_status_description": "player DC, no abandon", "level": 12, "player_slot": 1, "leaver_status_name": "DISCONNECTED", "hero_id": 79, "last_hits": 25, "kills": 4, "account_id": 100475288, "item_3_name": "Observer Ward", "item_4": 16, "item_3": 42, "item_4_name": "Iron Branch", "item_5": 0, "xp_per_min": 231, "hero_name": "Shadow Demon", "gold_per_min": 305, "deaths": 10, "denies": 3, "item_1_name": "Arcane Boots"}, {"item_2": 190, "assists": 13, "leaver_status": 3, "item_1": 36, "item_0": 63, "item_0_name": "Power Treads", "leaver_status_description": "player dc, clicked leave, abandon", "level": 15, "player_slot": 2, "leaver_status_name": "ABANDONED", "hero_id": 40, "last_hits": 102, "kills": 6, "account_id": 59752811, "item_3_name": "Ring of Aquila", "item_4": 108, "item_3": 212, "item_4_name": "Aghanim's Scepter", "item_5": 0, "xp_per_min": 329, "hero_name": "Venomancer", "gold_per_min": 375, "deaths": 11, "denies": 0, "item_2_name": "Veil of Discord", "item_1_name": "Magic Wand"}, {"item_2": 92, "assists": 14, "leaver_status": 0, "item_1": 0, "item_0": 100, "item_0_name": "Eul's Scepter of Divinity", "leaver_status_description": "finished match, no abandon", "level": 13, "player_slot": 3, "leaver_status_name": "NONE", "hero_id": 52, "last_hits": 64, "kills": 6, "account_id": 55780106, "item_3_name": "Magic Wand", "item_4": 193, "item_3": 36, "item_4_name": "Necronomicon", "item_5": 29, "xp_per_min": 272, "item_5_name": "Boots of Speed", "hero_name": "Leshrac", "gold_per_min": 366, "deaths": 9, "denies": 1, "item_2_name": "Urn of Shadows"}, {"item_2": 75, "assists": 9, "leaver_status": 3, "item_1": 63, "item_0": 79, "item_0_name": "Mekansm", "leaver_status_description": "player dc, clicked leave, abandon", "level": 16, "player_slot": 4, "leaver_status_name": "ABANDONED", "hero_id": 15, "last_hits": 107, "kills": 4, "account_id": 86743032, "item_3_name": "Aghanim's Scepter", "item_4": 0, "item_3": 108, "item_5": 21, "xp_per_min": 378, "item_5_name": "Ogre Club", "hero_name": "Razor", "gold_per_min": 373, "deaths": 8, "denies": 14, "item_2_name": "Wraith Band", "item_1_name": "Power Treads"}, {"item_2": 116, "assists": 19, "leaver_status": 3, "item_1": 100, "item_0": 0, "leaver_status_description": "player dc, clicked leave, abandon", "level": 22, "player_slot": 128, "leaver_status_name": "ABANDONED", "hero_id": 43, "last_hits": 178, "kills": 13, "account_id": 86811043, "item_3_name": "Phase Boots", "item_4": 185, "item_3": 50, "item_4_name": "Drum of Endurance", "item_5": 114, "xp_per_min": 735, "item_5_name": "Heart of Tarrasque", "hero_name": "Death Prophet", "gold_per_min": 589, "deaths": 3, "denies": 10, "item_2_name": "Black King Bar", "item_1_name": "Eul's Scepter of Divinity"}, {"item_2": 34, "assists": 15, "leaver_status": 3, "item_1": 1, "item_0": 92, "item_0_name": "Urn of Shadows", "leaver_status_description": "player dc, clicked leave, abandon", "level": 16, "player_slot": 129, "leaver_status_name": "ABANDONED", "hero_id": 42, "last_hits": 55, "kills": 3, "account_id": 88417851, "item_3_name": "Power Treads", "item_4": 0, "item_3": 63, "item_5": 0, "xp_per_min": 399, "hero_name": "Wraith King", "gold_per_min": 387, "deaths": 8, "denies": 2, "item_2_name": "Magic Stick", "item_1_name": "Blink Dagger"}, {"item_2": 63, "assists": 20, "leaver_status": 1, "item_1": 79, "item_0": 88, "item_0_name": "Ring of Basilius", "leaver_status_description": "player DC, no abandon", "level": 18, "player_slot": 130, "leaver_status_name": "DISCONNECTED", "hero_id": 47, "last_hits": 114, "kills": 7, "account_id": 22915626, "item_3_name": "Aghanim's Scepter", "item_4": 46, "item_3": 108, "item_4_name": "Town Portal Scroll", "item_5": 31, "xp_per_min": 503, "item_5_name": "Cloak", "hero_name": "Viper", "gold_per_min": 681, "deaths": 6, "denies": 2, "item_2_name": "Power Treads", "item_1_name": "Mekansm"}, {"item_2": 10, "assists": 18, "leaver_status": 3, "item_1": 172, "item_0": 63, "item_0_name": "Power Treads", "leaver_status_description": "player dc, clicked leave, abandon", "level": 23, "player_slot": 131, "leaver_status_name": "ABANDONED", "hero_id": 41, "last_hits": 220, "kills": 11, "account_id": 10366616, "item_3_name": "Black King Bar", "item_4": 158, "item_3": 116, "item_4_name": "Mjollnir", "item_5": 11, "xp_per_min": 746, "item_5_name": "Quelling Blade", "hero_name": "Faceless Void", "gold_per_min": 578, "deaths": 3, "denies": 13, "item_2_name": "Quarterstaff", "item_1_name": "Mask of Madness"}, {"item_2": 214, "assists": 17, "leaver_status": 3, "item_1": 102, "item_0": 151, "item_0_name": "Armlet of Mordiggian", "leaver_status_description": "player dc, clicked leave, abandon", "level": 18, "player_slot": 132, "leaver_status_name": "ABANDONED", "hero_id": 31, "last_hits": 43, "kills": 10, "account_id": 84210817, "item_3_name": "Vitality Booster", "item_4": 73, "item_3": 61, "item_4_name": "Bracer", "item_5": 73, "xp_per_min": 475, "item_5_name": "Bracer", "hero_name": "Lich", "gold_per_min": 352, "deaths": 7, "denies": 1, "item_2_name": "Tranquil Boots", "item_1_name": "Force Staff"}], "radiant_name": "Black Sheep!", "tower_status_dire": 388, "match_seq_num": 764384821, "start_time": 1408838456, "picks_bans": [{"order": 0, "is_pick": false, "hero_id": 77, "team": 0}, {"order": 1, "is_pick": false, "hero_id": 69, "team": 1}, {"order": 2, "is_pick": false, "hero_id": 78, "team": 0}, {"order": 3, "is_pick": false, "hero_id": 29, "team": 1}, {"order": 4, "is_pick": true, "hero_id": 15, "team": 0}, {"order": 5, "is_pick": true, "hero_id": 41, "team": 1}, {"order": 6, "is_pick": true, "hero_id": 43, "team": 1}, {"order": 7, "is_pick": true, "hero_id": 79, "team": 0}, {"order": 8, "is_pick": false, "hero_id": 27, "team": 0}, {"order": 9, "is_pick": false, "hero_id": 75, "team": 1}, {"order": 10, "is_pick": false, "hero_id": 7, "team": 0}, {"order": 11, "is_pick": false, "hero_id": 45, "team": 1}, {"order": 12, "is_pick": true, "hero_id": 47, "team": 1}, {"order": 13, "is_pick": true, "hero_id": 40, "team": 0}, {"order": 14, "is_pick": true, "hero_id": 42, "team": 1}, {"order": 15, "is_pick": true, "hero_id": 52, "team": 0}, {"order": 16, "is_pick": false, "hero_id": 96, "team": 1}, {"order": 17, "is_pick": false, "hero_id": 101, "team": 0}, {"order": 18, "is_pick": true, "hero_id": 31, "team": 1}, {"order": 19, "is_pick": true, "hero_id": 48, "team": 0}], "radiant_win": true, "positive_votes": 0, "leagueid": 1667, "game_mode": 2, "duration": 2217, "negative_votes": 0}