{"dire_captain": 86745912, "tower_status_radiant": 1974, "flags": 0, "radiant_team_complete": 0, "game_mode": 2, "radiant_score": 0, "match_id": 854999112, "lobby_name": "Practice", "dire_logo": 796319139733080525, "pre_game_duration": 0, "radiant_captain": 30237211, "radiant_name": "HoNLegends", "match_seq_num": 766383516, "dire_team_complete": 0, "start_time": 1408946438, "radiant_win": true, "positive_votes": 2, "leagueid": 1667, "duration": 1988, "dire_score": 0, "lobby_type": 1, "cluster": 112, "engine": 0, "barracks_status_dire": 63, "barracks_status_radiant": 63, "cluster_name": "US West", "first_blood_time": 0, "radiant_team_id": 37193, "radiant_logo": 43102956574200915, "human_players": 10, "game_mode_name": "Captains Mode", "tower_status_dire": 1824, "players": [{"item_2": 37, "assists": 10, "leaver_status": 0, "item_1": 206, "item_0": 180, "item_0_name": "Arcane Boots", "leaver_status_description": "finished match, no abandon", "level": 14, "player_slot": 0, "leaver_status_name": "NONE", "hero_id": 101, "last_hits": 35, "kills": 9, "account_id": 30237211, "item_3_name": "Magic Wand", "item_4": 0, "item_3": 36, "item_5": 0, "xp_per_min": 339, "hero_name": "Skywrath Mage", "gold_per_min": 325, "deaths": 6, "denies": 0, "item_2_name": "Ghost Scepter", "item_1_name": "Rod of Atos"}, {"item_2": 129, "assists": 11, "leaver_status": 0, "item_1": 178, "item_0": 96, "item_0_name": "Scythe of Vyse", "leaver_status_description": "finished match, no abandon", "level": 18, "player_slot": 1, "leaver_status_name": "NONE", "hero_id": 34, "last_hits": 227, "kills": 0, "account_id": 87177591, "item_3_name": "Blink Dagger", "item_4": 48, "item_3": 1, "item_4_name": "Boots of Travel", "item_5": 41, "xp_per_min": 562, "item_5_name": "Bottle", "hero_name": "Tinker", "gold_per_min": 521, "deaths": 3, "denies": 10, "item_2_name": "Soul Booster", "item_1_name": "Soul Ring"}, {"item_2": 46, "assists": 8, "leaver_status": 0, "item_1": 127, "item_0": 185, "item_0_name": "Drum of Endurance", "leaver_status_description": "finished match, no abandon", "level": 15, "player_slot": 2, "leaver_status_name": "NONE", "hero_id": 42, "last_hits": 36, "kills": 4, "account_id": 14632073, "item_3_name": "Javelin", "item_4": 63, "item_3": 7, "item_4_name": "Power Treads", "item_5": 0, "xp_per_min": 363, "hero_name": "Wraith King", "gold_per_min": 290, "deaths": 2, "denies": 0, "item_2_name": "Town Portal Scroll", "item_1_name": "Blade Mail"}, {"item_2": 61, "assists": 8, "leaver_status": 0, "item_1": 100, "item_0": 119, "item_0_name": "Shiva's Guard", "leaver_status_description": "finished match, no abandon", "level": 19, "player_slot": 3, "leaver_status_name": "NONE", "hero_id": 43, "last_hits": 252, "kills": 7, "account_id": 99643683, "item_3_name": "Phase Boots", "item_4": 46, "item_3": 50, "item_4_name": "Town Portal Scroll", "item_5": 121, "xp_per_min": 623, "item_5_name": "Bloodstone", "hero_name": "Death Prophet", "gold_per_min": 615, "deaths": 4, "denies": 14, "item_2_name": "Vitality Booster", "item_1_name": "Eul's Scepter of Divinity"}, {"item_2": 1, "assists": 9, "leaver_status": 0, "item_1": 53, "item_0": 214, "item_0_name": "Tranquil Boots", "leaver_status_description": "finished match, no abandon", "level": 18, "player_slot": 4, "leaver_status_name": "NONE", "hero_id": 96, "last_hits": 143, "kills": 8, "account_id": 86828698, "item_3_name": "Blade Mail", "item_4": 30, "item_3": 127, "item_4_name": "Gem of True Sight", "item_5": 90, "xp_per_min": 539, "item_5_name": "Pipe of Insight", "hero_name": "Centaur Warrunner", "gold_per_min": 467, "deaths": 4, "denies": 10, "item_2_name": "Blink Dagger", "item_1_name": "Reaver"}, {"item_2": 145, "assists": 3, "leaver_status": 0, "item_1": 63, "item_0": 147, "item_0_name": "Manta Style", "leaver_status_description": "finished match, no abandon", "level": 19, "player_slot": 128, "leaver_status_name": "NONE", "hero_id": 1, "last_hits": 268, "kills": 5, "account_id": 86745912, "item_3_name": "Quelling Blade", "item_4": 21, "item_3": 11, "item_4_name": "Ogre Club", "item_5": 0, "xp_per_min": 617, "hero_name": "Anti-Mage", "gold_per_min": 564, "deaths": 7, "denies": 5, "item_2_name": "Battle Fury", "item_1_name": "Power Treads"}, {"item_2": 108, "assists": 4, "leaver_status": 0, "item_1": 180, "item_0": 36, "item_0_name": "Magic Wand", "leaver_status_description": "finished match, no abandon", "level": 13, "player_slot": 129, "leaver_status_name": "NONE", "hero_id": 27, "last_hits": 36, "kills": 8, "account_id": 100975674, "item_3_name": "Town Portal Scroll", "item_4": 42, "item_3": 46, "item_4_name": "Observer Ward", "item_5": 0, "xp_per_min": 294, "hero_name": "Shadow Shaman", "gold_per_min": 313, "deaths": 6, "denies": 1, "item_2_name": "Aghanim's Scepter", "item_1_name": "Arcane Boots"}, {"item_2": 172, "assists": 7, "leaver_status": 0, "item_1": 34, "item_0": 63, "item_0_name": "Power Treads", "leaver_status_description": "finished match, no abandon", "level": 16, "player_slot": 130, "leaver_status_name": "NONE", "hero_id": 41, "last_hits": 110, "kills": 1, "account_id": 59752811, "item_3_name": "Ogre Club", "item_4": 0, "item_3": 21, "item_5": 166, "xp_per_min": 411, "item_5_name": "Maelstrom", "hero_name": "Faceless Void", "gold_per_min": 348, "deaths": 8, "denies": 7, "item_2_name": "Mask of Madness", "item_1_name": "Magic Stick"}, {"item_2": 102, "assists": 9, "leaver_status": 0, "item_1": 29, "item_0": 46, "item_0_name": "Town Portal Scroll", "leaver_status_description": "finished match, no abandon", "level": 14, "player_slot": 131, "leaver_status_name": "NONE", "hero_id": 40, "last_hits": 70, "kills": 2, "account_id": 103832074, "item_3_name": "Iron Branch", "item_4": 16, "item_3": 16, "item_4_name": "Iron Branch", "item_5": 190, "xp_per_min": 332, "item_5_name": "Veil of Discord", "hero_name": "Venomancer", "gold_per_min": 285, "deaths": 5, "denies": 4, "item_2_name": "Force Staff", "item_1_name": "Boots of Speed"}, {"item_2": 41, "assists": 6, "leaver_status": 0, "item_1": 60, "item_0": 21, "item_0_name": "Ogre Club", "leaver_status_description": "finished match, no abandon", "level": 14, "player_slot": 132, "leaver_status_name": "NONE", "hero_id": 45, "last_hits": 105, "kills": 2, "account_id": 110520013, "item_3_name": "Force Staff", "item_4": 79, "item_3": 102, "item_4_name": "Mekansm", "item_5": 29, "xp_per_min": 348, "item_5_name": "Boots of Speed", "hero_name": "Pugna", "gold_per_min": 304, "deaths": 3, "denies": 2, "item_2_name": "Bottle", "item_1_name": "Point Booster"}], "dire_team_id": 1479403, "picks_bans": [{"order": 0, "is_pick": false, "hero_id": 78, "team": 0}, {"order": 1, "is_pick": false, "hero_id": 77, "team": 1}, {"order": 2, "is_pick": false, "hero_id": 15, "team": 0}, {"order": 3, "is_pick": false, "hero_id": 69, "team": 1}, {"order": 4, "is_pick": true, "hero_id": 43, "team": 0}, {"order": 5, "is_pick": true, "hero_id": 41, "team": 1}, {"order": 6, "is_pick": true, "hero_id": 27, "team": 1}, {"order": 7, "is_pick": true, "hero_id": 101, "team": 0}, {"order": 8, "is_pick": false, "hero_id": 47, "team": 0}, {"order": 9, "is_pick": false, "hero_id": 53, "team": 1}, {"order": 10, "is_pick": false, "hero_id": 56, "team": 0}, {"order": 11, "is_pick": false, "hero_id": 33, "team": 1}, {"order": 12, "is_pick": true, "hero_id": 45, "team": 1}, {"order": 13, "is_pick": true, "hero_id": 42, "team": 0}, {"order": 14, "is_pick": true, "hero_id": 40, "team": 1}, {"order": 15, "is_pick": true, "hero_id": 34, "team": 0}, {"order": 16, "is_pick": false, "hero_id": 9, "team": 1}, {"order": 17, "is_pick": false, "hero_id": 88, "team": 0}, {"order": 18, "is_pick": true, "hero_id": 1, "team": 1}, {"order": 19, "is_pick": true, "hero_id": 96, "team": 0}], "dire_name": "JAJAJAJAJAJAJAJAJAJAJAJAJAJAJA", "negative_votes": 0}