{"dire_captain": 101450083, "tower_status_radiant": 32, "flags": 0, "lobby_type": 1, "cluster": 143, "game_mode_name": "Captains Mode", "dire_logo": 537387624000295146, "engine": 0, "barracks_status_dire": 63, "barracks_status_radiant": 13, "cluster_name": "South Korea", "radiant_score": 0, "match_id": 859127869, "lobby_name": "Practice", "dire_score": 0, "first_blood_time": 80, "human_players": 10, "pre_game_duration": 0, "radiant_captain": 20321748, "players": [{"item_2": 114, "assists": 8, "leaver_status": 0, "item_1": 37, "item_0": 1, "item_0_name": "Blink Dagger", "leaver_status_description": "finished match, no abandon", "level": 22, "player_slot": 0, "leaver_status_name": "NONE", "hero_id": 7, "last_hits": 238, "kills": 9, "account_id": 20321748, "item_3_name": "Magic Wand", "item_4": 0, "item_3": 36, "item_5": 63, "xp_per_min": 493, "item_5_name": "Power Treads", "hero_name": "Earthshaker", "gold_per_min": 385, "deaths": 9, "denies": 6, "item_2_name": "Heart of Tarrasque", "item_1_name": "Ghost Scepter"}, {"item_2": 60, "assists": 10, "leaver_status": 0, "item_1": 29, "item_0": 102, "item_0_name": "Force Staff", "leaver_status_description": "finished match, no abandon", "level": 15, "player_slot": 1, "leaver_status_name": "NONE", "hero_id": 79, "last_hits": 61, "kills": 1, "account_id": 20796460, "item_3_name": "Ogre Club", "item_4": 36, "item_3": 21, "item_4_name": "Magic Wand", "item_5": 0, "xp_per_min": 240, "hero_name": "Shadow Demon", "gold_per_min": 200, "deaths": 7, "denies": 2, "item_2_name": "Point Booster", "item_1_name": "Boots of Speed"}, {"item_2": 32, "assists": 6, "leaver_status": 0, "item_1": 116, "item_0": 79, "item_0_name": "Mekansm", "leaver_status_description": "finished match, no abandon", "level": 20, "player_slot": 2, "leaver_status_name": "NONE", "hero_id": 47, "last_hits": 264, "kills": 8, "account_id": 32940748, "item_3_name": "Power Treads", "item_4": 108, "item_3": 63, "item_4_name": "Aghanim's Scepter", "item_5": 61, "xp_per_min": 439, "item_5_name": "Vitality Booster", "hero_name": "Viper", "gold_per_min": 411, "deaths": 5, "denies": 15, "item_2_name": "Talisman of Evasion", "item_1_name": "Black King Bar"}, {"item_2": 185, "assists": 9, "leaver_status": 0, "item_1": 147, "item_0": 139, "item_0_name": "Butterfly", "leaver_status_description": "finished match, no abandon", "level": 22, "player_slot": 3, "leaver_status_name": "NONE", "hero_id": 9, "last_hits": 345, "kills": 2, "account_id": 106781506, "item_3_name": "Phase Boots", "item_4": 174, "item_3": 50, "item_4_name": "Diffusal Blade", "item_5": 0, "xp_per_min": 506, "hero_name": "Mirana", "gold_per_min": 444, "deaths": 4, "denies": 15, "item_2_name": "Drum of Endurance", "item_1_name": "Manta Style"}, {"item_2": 36, "assists": 12, "leaver_status": 0, "item_1": 46, "item_0": 180, "item_0_name": "Arcane Boots", "leaver_status_description": "finished match, no abandon", "level": 13, "player_slot": 4, "leaver_status_name": "NONE", "hero_id": 101, "last_hits": 32, "kills": 4, "account_id": 67760037, "item_3_name": "Sentry Ward", "item_4": 37, "item_3": 43, "item_4_name": "Ghost Scepter", "item_5": 0, "xp_per_min": 196, "hero_name": "Skywrath Mage", "gold_per_min": 189, "deaths": 9, "denies": 2, "item_2_name": "Magic Wand", "item_1_name": "Town Portal Scroll"}, {"item_2": 63, "assists": 11, "leaver_status": 0, "item_1": 112, "item_0": 1, "item_0_name": "Blink Dagger", "leaver_status_description": "finished match, no abandon", "level": 23, "player_slot": 128, "leaver_status_name": "NONE", "hero_id": 28, "last_hits": 199, "kills": 12, "account_id": 101450083, "item_3_name": "Aegis of the Immortal", "item_4": 116, "item_3": 117, "item_4_name": "Black King Bar", "item_5": 114, "xp_per_min": 541, "item_5_name": "Heart of Tarrasque", "hero_name": "Slardar", "gold_per_min": 496, "deaths": 2, "denies": 11, "item_2_name": "Power Treads", "item_1_name": "Assault Cuirass"}, {"item_2": 110, "assists": 11, "leaver_status": 0, "item_1": 79, "item_0": 119, "item_0_name": "Shiva's Guard", "leaver_status_description": "finished match, no abandon", "level": 22, "player_slot": 129, "leaver_status_name": "NONE", "hero_id": 57, "last_hits": 257, "kills": 5, "account_id": 112377459, "item_3_name": "Black King Bar", "item_4": 185, "item_3": 116, "item_4_name": "Drum of Endurance", "item_5": 214, "xp_per_min": 519, "item_5_name": "Tranquil Boots", "hero_name": "Omniknight", "gold_per_min": 452, "deaths": 4, "denies": 5, "item_2_name": "Refresher Orb", "item_1_name": "Mekansm"}, {"item_2": 114, "assists": 10, "leaver_status": 0, "item_1": 116, "item_0": 168, "item_0_name": "Desolator", "leaver_status_description": "finished match, no abandon", "level": 23, "player_slot": 130, "leaver_status_name": "NONE", "hero_id": 63, "last_hits": 209, "kills": 12, "account_id": 133829277, "item_3_name": "Power Treads", "item_4": 46, "item_3": 63, "item_4_name": "Town Portal Scroll", "item_5": 0, "xp_per_min": 560, "hero_name": "Weaver", "gold_per_min": 469, "deaths": 6, "denies": 12, "item_2_name": "Heart of Tarrasque", "item_1_name": "Black King Bar"}, {"item_2": 1, "assists": 13, "leaver_status": 0, "item_1": 116, "item_0": 180, "item_0_name": "Arcane Boots", "leaver_status_description": "finished match, no abandon", "level": 18, "player_slot": 131, "leaver_status_name": "NONE", "hero_id": 27, "last_hits": 132, "kills": 2, "account_id": 86792034, "item_3_name": "Point Booster", "item_4": 41, "item_3": 60, "item_4_name": "Bottle", "item_5": 0, "xp_per_min": 360, "hero_name": "Shadow Shaman", "gold_per_min": 326, "deaths": 7, "denies": 5, "item_2_name": "Blink Dagger", "item_1_name": "Black King Bar"}, {"item_2": 63, "assists": 16, "leaver_status": 0, "item_1": 143, "item_0": 30, "item_0_name": "Gem of True Sight", "leaver_status_description": "finished match, no abandon", "level": 17, "player_slot": 132, "leaver_status_name": "NONE", "hero_id": 42, "last_hits": 50, "kills": 3, "account_id": 91007008, "item_3_name": "Blink Dagger", "item_4": 102, "item_3": 1, "item_4_name": "Force Staff", "item_5": 46, "xp_per_min": 312, "item_5_name": "Town Portal Scroll", "hero_name": "Wraith King", "gold_per_min": 293, "deaths": 5, "denies": 3, "item_2_name": "Power Treads", "item_1_name": "Skull Basher"}], "tower_status_dire": 1830, "match_seq_num": 769959427, "dire_team_id": 1518118, "dire_team_complete": 1, "start_time": 1409137226, "picks_bans": [{"order": 0, "is_pick": false, "hero_id": 69, "team": 0}, {"order": 1, "is_pick": false, "hero_id": 78, "team": 1}, {"order": 2, "is_pick": false, "hero_id": 34, "team": 0}, {"order": 3, "is_pick": false, "hero_id": 15, "team": 1}, {"order": 4, "is_pick": true, "hero_id": 47, "team": 0}, {"order": 5, "is_pick": true, "hero_id": 27, "team": 1}, {"order": 6, "is_pick": true, "hero_id": 42, "team": 1}, {"order": 7, "is_pick": true, "hero_id": 79, "team": 0}, {"order": 8, "is_pick": false, "hero_id": 65, "team": 0}, {"order": 9, "is_pick": false, "hero_id": 43, "team": 1}, {"order": 10, "is_pick": false, "hero_id": 29, "team": 0}, {"order": 11, "is_pick": false, "hero_id": 21, "team": 1}, {"order": 12, "is_pick": true, "hero_id": 57, "team": 1}, {"order": 13, "is_pick": true, "hero_id": 9, "team": 0}, {"order": 14, "is_pick": true, "hero_id": 63, "team": 1}, {"order": 15, "is_pick": true, "hero_id": 101, "team": 0}, {"order": 16, "is_pick": false, "hero_id": 17, "team": 1}, {"order": 17, "is_pick": false, "hero_id": 74, "team": 0}, {"order": 18, "is_pick": true, "hero_id": 28, "team": 1}, {"order": 19, "is_pick": true, "hero_id": 7, "team": 0}], "radiant_win": false, "positive_votes": 61, "leagueid": 1669, "game_mode": 2, "dire_name": "Team Poker Face", "duration": 3136, "negative_votes": 4}