{"dire_captain": 91654584, "tower_status_radiant": 1824, "flags": 0, "radiant_team_complete": 0, "game_mode": 2, "radiant_score": 0, "match_id": 864950431, "lobby_name": "Practice", "dire_logo": 469813240175223130, "pre_game_duration": 0, "radiant_captain": 111076147, "radiant_name": "Olympus^Gods", "match_seq_num": 774947652, "dire_team_complete": 1, "start_time": 1409396855, "radiant_win": false, "positive_votes": 0, "leagueid": 201, "duration": 1941, "dire_score": 0, "lobby_type": 1, "cluster": 151, "engine": 0, "barracks_status_dire": 63, "barracks_status_radiant": 62, "cluster_name": "Southeast Asia", "first_blood_time": 37, "radiant_team_id": 1314983, "radiant_logo": 486690972681123545, "human_players": 10, "game_mode_name": "Captains Mode", "tower_status_dire": 1974, "players": [{"item_2": 79, "assists": 9, "leaver_status": 0, "item_1": 69, "item_0": 180, "item_0_name": "Arcane Boots", "leaver_status_description": "finished match, no abandon", "level": 14, "player_slot": 0, "leaver_status_name": "NONE", "hero_id": 29, "last_hits": 92, "kills": 2, "account_id": 115481388, "item_3_name": "Magic Wand", "item_4": 67, "item_3": 36, "item_4_name": "Oblivion Staff", "item_5": 0, "xp_per_min": 346, "hero_name": "Tidehunter", "gold_per_min": 304, "deaths": 2, "denies": 5, "item_2_name": "Mekansm", "item_1_name": "Perseverance"}, {"item_2": 73, "assists": 7, "leaver_status": 0, "item_1": 50, "item_0": 88, "item_0_name": "Ring of Basilius", "leaver_status_description": "finished match, no abandon", "level": 14, "player_slot": 1, "leaver_status_name": "NONE", "hero_id": 8, "last_hits": 121, "kills": 0, "account_id": 184912385, "item_3_name": "Magic Stick", "item_4": 108, "item_3": 34, "item_4_name": "Aghanim's Scepter", "item_5": 0, "xp_per_min": 351, "hero_name": "Juggernaut", "gold_per_min": 324, "deaths": 5, "denies": 6, "item_2_name": "Bracer", "item_1_name": "Phase Boots"}, {"item_2": 50, "assists": 3, "leaver_status": 0, "item_1": 121, "item_0": 34, "item_0_name": "Magic Stick", "leaver_status_description": "finished match, no abandon", "level": 15, "player_slot": 2, "leaver_status_name": "NONE", "hero_id": 43, "last_hits": 137, "kills": 6, "account_id": 101225857, "item_3_name": "Null Talisman", "item_4": 102, "item_3": 77, "item_4_name": "Force Staff", "item_5": 0, "xp_per_min": 377, "hero_name": "Death Prophet", "gold_per_min": 389, "deaths": 5, "denies": 6, "item_2_name": "Phase Boots", "item_1_name": "Bloodstone"}, {"item_2": 0, "assists": 6, "leaver_status": 0, "item_1": 21, "item_0": 34, "item_0_name": "Magic Stick", "leaver_status_description": "finished match, no abandon", "level": 9, "player_slot": 3, "leaver_status_name": "NONE", "hero_id": 30, "last_hits": 11, "kills": 2, "account_id": 111123157, "item_3_name": "Boots of Speed", "item_4": 60, "item_3": 29, "item_4_name": "Point Booster", "item_5": 43, "xp_per_min": 155, "item_5_name": "Sentry Ward", "hero_name": "Witch Doctor", "gold_per_min": 171, "deaths": 2, "denies": 2, "item_1_name": "Ogre Club"}, {"item_2": 73, "assists": 6, "leaver_status": 0, "item_1": 73, "item_0": 36, "item_0_name": "Magic Wand", "leaver_status_description": "finished match, no abandon", "level": 9, "player_slot": 4, "leaver_status_name": "NONE", "hero_id": 27, "last_hits": 28, "kills": 2, "account_id": 111076147, "item_3_name": "Bracer", "item_4": 63, "item_3": 73, "item_4_name": "Power Treads", "item_5": 46, "xp_per_min": 143, "item_5_name": "Town Portal Scroll", "hero_name": "Shadow Shaman", "gold_per_min": 181, "deaths": 8, "denies": 4, "item_2_name": "Bracer", "item_1_name": "Bracer"}, {"item_2": 0, "assists": 4, "leaver_status": 0, "item_1": 92, "item_0": 180, "item_0_name": "Arcane Boots", "leaver_status_description": "finished match, no abandon", "level": 13, "player_slot": 128, "leaver_status_name": "NONE", "hero_id": 101, "last_hits": 41, "kills": 6, "account_id": 91654584, "item_3_name": "Town Portal Scroll", "item_4": 60, "item_3": 46, "item_4_name": "Point Booster", "item_5": 61, "xp_per_min": 291, "item_5_name": "Vitality Booster", "hero_name": "Skywrath Mage", "gold_per_min": 300, "deaths": 2, "denies": 7, "item_1_name": "Urn of Shadows"}, {"item_2": 102, "assists": 7, "leaver_status": 0, "item_1": 1, "item_0": 180, "item_0_name": "Arcane Boots", "leaver_status_description": "finished match, no abandon", "level": 13, "player_slot": 129, "leaver_status_name": "NONE", "hero_id": 16, "last_hits": 59, "kills": 2, "account_id": 102596549, "item_3_name": "Magic Stick", "item_4": 46, "item_3": 34, "item_4_name": "Town Portal Scroll", "item_5": 0, "xp_per_min": 305, "hero_name": "Sand King", "gold_per_min": 296, "deaths": 3, "denies": 1, "item_2_name": "Force Staff", "item_1_name": "Blink Dagger"}, {"item_2": 65, "assists": 8, "leaver_status": 0, "item_1": 176, "item_0": 63, "item_0_name": "Power Treads", "leaver_status_description": "finished match, no abandon", "level": 21, "player_slot": 130, "leaver_status_name": "NONE", "hero_id": 10, "last_hits": 255, "kills": 9, "account_id": 95566398, "item_3_name": "Manta Style", "item_4": 123, "item_3": 147, "item_4_name": "Linken's Sphere", "item_5": 117, "xp_per_min": 712, "item_5_name": "Aegis of the Immortal", "hero_name": "Morphling", "gold_per_min": 726, "deaths": 0, "denies": 12, "item_2_name": "Hand of Midas", "item_1_name": "Ethereal Blade"}, {"item_2": 36, "assists": 8, "leaver_status": 0, "item_1": 73, "item_0": 102, "item_0_name": "Force Staff", "leaver_status_description": "finished match, no abandon", "level": 14, "player_slot": 131, "leaver_status_name": "NONE", "hero_id": 51, "last_hits": 101, "kills": 2, "account_id": 164685813, "item_3_name": "Aghanim's Scepter", "item_4": 63, "item_3": 108, "item_4_name": "Power Treads", "item_5": 46, "xp_per_min": 335, "item_5_name": "Town Portal Scroll", "hero_name": "Clockwerk", "gold_per_min": 375, "deaths": 3, "denies": 13, "item_2_name": "Magic Wand", "item_1_name": "Bracer"}, {"item_2": 34, "assists": 4, "leaver_status": 0, "item_1": 63, "item_0": 0, "leaver_status_description": "finished match, no abandon", "level": 13, "player_slot": 132, "leaver_status_name": "NONE", "hero_id": 47, "last_hits": 122, "kills": 2, "account_id": 92704330, "item_3_name": "Mekansm", "item_4": 108, "item_3": 79, "item_4_name": "Aghanim's Scepter", "item_5": 0, "xp_per_min": 306, "hero_name": "Viper", "gold_per_min": 382, "deaths": 5, "denies": 10, "item_2_name": "Magic Stick", "item_1_name": "Power Treads"}], "dire_team_id": 1648005, "picks_bans": [{"order": 0, "is_pick": false, "hero_id": 34, "team": 1}, {"order": 1, "is_pick": false, "hero_id": 15, "team": 0}, {"order": 2, "is_pick": false, "hero_id": 79, "team": 1}, {"order": 3, "is_pick": false, "hero_id": 77, "team": 0}, {"order": 4, "is_pick": true, "hero_id": 47, "team": 1}, {"order": 5, "is_pick": true, "hero_id": 29, "team": 0}, {"order": 6, "is_pick": true, "hero_id": 43, "team": 0}, {"order": 7, "is_pick": true, "hero_id": 101, "team": 1}, {"order": 8, "is_pick": false, "hero_id": 68, "team": 1}, {"order": 9, "is_pick": false, "hero_id": 7, "team": 0}, {"order": 10, "is_pick": false, "hero_id": 9, "team": 1}, {"order": 11, "is_pick": false, "hero_id": 41, "team": 0}, {"order": 12, "is_pick": true, "hero_id": 27, "team": 0}, {"order": 13, "is_pick": true, "hero_id": 16, "team": 1}, {"order": 14, "is_pick": true, "hero_id": 30, "team": 0}, {"order": 15, "is_pick": true, "hero_id": 51, "team": 1}, {"order": 16, "is_pick": false, "hero_id": 89, "team": 0}, {"order": 17, "is_pick": false, "hero_id": 45, "team": 1}, {"order": 18, "is_pick": true, "hero_id": 8, "team": 0}, {"order": 19, "is_pick": true, "hero_id": 10, "team": 1}], "dire_name": "Inter Active Philippines", "negative_votes": 0}