{"dire_captain": 140153524, "tower_status_radiant": 1572, "flags": 0, "radiant_team_complete": 1, "game_mode": 2, "radiant_score": 0, "match_id": 867089075, "lobby_name": "Practice", "dire_logo": 438325350317236404, "pre_game_duration": 0, "radiant_captain": 89217927, "radiant_name": "Newbee", "match_seq_num": 776823176, "dire_team_complete": 1, "start_time": 1409483686, "radiant_win": false, "positive_votes": 2309, "leagueid": 1709, "duration": 2810, "dire_score": 0, "lobby_type": 1, "cluster": 224, "engine": 0, "barracks_status_dire": 63, "barracks_status_radiant": 15, "cluster_name": "China", "first_blood_time": 245, "radiant_team_id": 1375614, "radiant_logo": 351645122255494137, "human_players": 10, "game_mode_name": "Captains Mode", "tower_status_dire": 1974, "players": [{"item_2": 102, "assists": 11, "leaver_status": 0, "item_1": 92, "item_0": 34, "item_0_name": "Magic Stick", "leaver_status_description": "finished match, no abandon", "level": 16, "player_slot": 0, "leaver_status_name": "NONE", "hero_id": 58, "last_hits": 133, "kills": 0, "account_id": 89217927, "item_3_name": "Sentry Ward", "item_4": 42, "item_3": 43, "item_4_name": "Observer Ward", "item_5": 63, "xp_per_min": 301, "item_5_name": "Power Treads", "hero_name": "Enchantress", "gold_per_min": 235, "deaths": 6, "denies": 1, "item_2_name": "Force Staff", "item_1_name": "Urn of Shadows"}, {"item_2": 178, "assists": 15, "leaver_status": 0, "item_1": 36, "item_0": 1, "item_0_name": "Blink Dagger", "leaver_status_description": "finished match, no abandon", "level": 15, "player_slot": 1, "leaver_status_name": "NONE", "hero_id": 7, "last_hits": 86, "kills": 2, "account_id": 100883708, "item_3_name": "Force Staff", "item_4": 162, "item_3": 102, "item_4_name": "Sange", "item_5": 29, "xp_per_min": 268, "item_5_name": "Boots of Speed", "hero_name": "Earthshaker", "gold_per_min": 232, "deaths": 7, "denies": 4, "item_2_name": "Soul Ring", "item_1_name": "Magic Wand"}, {"item_2": 108, "assists": 11, "leaver_status": 0, "item_1": 50, "item_0": 116, "item_0_name": "Black King Bar", "leaver_status_description": "finished match, no abandon", "level": 22, "player_slot": 2, "leaver_status_name": "NONE", "hero_id": 15, "last_hits": 318, "kills": 7, "account_id": 88508515, "item_3_name": "Mekansm", "item_4": 185, "item_3": 79, "item_4_name": "Drum of Endurance", "item_5": 9, "xp_per_min": 542, "item_5_name": "Platemail", "hero_name": "Razor", "gold_per_min": 510, "deaths": 7, "denies": 32, "item_2_name": "Aghanim's Scepter", "item_1_name": "Phase Boots"}, {"item_2": 145, "assists": 10, "leaver_status": 0, "item_1": 149, "item_0": 50, "item_0_name": "Phase Boots", "leaver_status_description": "finished match, no abandon", "level": 23, "player_slot": 3, "leaver_status_name": "NONE", "hero_id": 106, "last_hits": 229, "kills": 7, "account_id": 89157606, "item_3_name": "Magic Wand", "item_4": 185, "item_3": 36, "item_4_name": "Drum of Endurance", "item_5": 0, "xp_per_min": 600, "hero_name": "Ember Spirit", "gold_per_min": 419, "deaths": 10, "denies": 16, "item_2_name": "Battle Fury", "item_1_name": "Crystalys"}, {"item_2": 214, "assists": 10, "leaver_status": 0, "item_1": 119, "item_0": 1, "item_0_name": "Blink Dagger", "leaver_status_description": "finished match, no abandon", "level": 20, "player_slot": 4, "leaver_status_name": "NONE", "hero_id": 96, "last_hits": 170, "kills": 7, "account_id": 123854991, "item_3_name": "Force Staff", "item_4": 46, "item_3": 102, "item_4_name": "Town Portal Scroll", "item_5": 0, "xp_per_min": 466, "hero_name": "Centaur Warrunner", "gold_per_min": 378, "deaths": 9, "denies": 5, "item_2_name": "Tranquil Boots", "item_1_name": "Shiva's Guard"}, {"item_2": 180, "assists": 15, "leaver_status": 0, "item_1": 42, "item_0": 36, "item_0_name": "Magic Wand", "leaver_status_description": "finished match, no abandon", "level": 19, "player_slot": 128, "leaver_status_name": "NONE", "hero_id": 27, "last_hits": 128, "kills": 5, "account_id": 140153524, "item_4": 1, "item_3": 0, "item_4_name": "Blink Dagger", "item_5": 102, "xp_per_min": 409, "item_5_name": "Force Staff", "hero_name": "Shadow Shaman", "gold_per_min": 319, "deaths": 8, "denies": 4, "item_2_name": "Arcane Boots", "item_1_name": "Observer Ward"}, {"item_2": 0, "assists": 16, "leaver_status": 0, "item_1": 127, "item_0": 41, "item_0_name": "Bottle", "leaver_status_description": "finished match, no abandon", "level": 17, "player_slot": 129, "leaver_status_name": "NONE", "hero_id": 51, "last_hits": 119, "kills": 7, "account_id": 125576983, "item_3_name": "Power Treads", "item_4": 46, "item_3": 63, "item_4_name": "Town Portal Scroll", "item_5": 108, "xp_per_min": 362, "item_5_name": "Aghanim's Scepter", "hero_name": "Clockwerk", "gold_per_min": 340, "deaths": 7, "denies": 1, "item_1_name": "Blade Mail"}, {"item_2": 102, "assists": 18, "leaver_status": 0, "item_1": 37, "item_0": 180, "item_0_name": "Arcane Boots", "leaver_status_description": "finished match, no abandon", "level": 19, "player_slot": 130, "leaver_status_name": "NONE", "hero_id": 86, "last_hits": 43, "kills": 6, "account_id": 142750189, "item_3_name": "Urn of Shadows", "item_4": 34, "item_3": 92, "item_4_name": "Magic Stick", "item_5": 46, "xp_per_min": 410, "item_5_name": "Town Portal Scroll", "hero_name": "Rubick", "gold_per_min": 292, "deaths": 5, "denies": 1, "item_2_name": "Force Staff", "item_1_name": "Ghost Scepter"}, {"item_2": 116, "assists": 15, "leaver_status": 0, "item_1": 79, "item_0": 1, "item_0_name": "Blink Dagger", "leaver_status_description": "finished match, no abandon", "level": 25, "player_slot": 131, "leaver_status_name": "NONE", "hero_id": 69, "last_hits": 225, "kills": 10, "account_id": 130416036, "item_3_name": "Boots of Travel", "item_4": 119, "item_3": 48, "item_4_name": "Shiva's Guard", "item_5": 110, "xp_per_min": 714, "item_5_name": "Refresher Orb", "hero_name": "Doom", "gold_per_min": 630, "deaths": 3, "denies": 12, "item_2_name": "Black King Bar", "item_1_name": "Mekansm"}, {"item_2": 112, "assists": 10, "leaver_status": 0, "item_1": 141, "item_0": 168, "item_0_name": "Desolator", "leaver_status_description": "finished match, no abandon", "level": 25, "player_slot": 132, "leaver_status_name": "NONE", "hero_id": 46, "last_hits": 317, "kills": 10, "account_id": 106863163, "item_3_name": "Black King Bar", "item_4": 0, "item_3": 116, "item_5": 50, "xp_per_min": 700, "item_5_name": "Phase Boots", "hero_name": "Templar Assassin", "gold_per_min": 612, "deaths": 1, "denies": 17, "item_2_name": "Assault Cuirass", "item_1_name": "Daedalus"}], "dire_team_id": 1520578, "picks_bans": [{"order": 0, "is_pick": false, "hero_id": 78, "team": 0}, {"order": 1, "is_pick": false, "hero_id": 43, "team": 1}, {"order": 2, "is_pick": false, "hero_id": 41, "team": 0}, {"order": 3, "is_pick": false, "hero_id": 77, "team": 1}, {"order": 4, "is_pick": true, "hero_id": 15, "team": 0}, {"order": 5, "is_pick": true, "hero_id": 69, "team": 1}, {"order": 6, "is_pick": true, "hero_id": 27, "team": 1}, {"order": 7, "is_pick": true, "hero_id": 7, "team": 0}, {"order": 8, "is_pick": false, "hero_id": 93, "team": 0}, {"order": 9, "is_pick": false, "hero_id": 53, "team": 1}, {"order": 10, "is_pick": false, "hero_id": 47, "team": 0}, {"order": 11, "is_pick": false, "hero_id": 65, "team": 1}, {"order": 12, "is_pick": true, "hero_id": 86, "team": 1}, {"order": 13, "is_pick": true, "hero_id": 96, "team": 0}, {"order": 14, "is_pick": true, "hero_id": 51, "team": 1}, {"order": 15, "is_pick": true, "hero_id": 58, "team": 0}, {"order": 16, "is_pick": false, "hero_id": 10, "team": 1}, {"order": 17, "is_pick": false, "hero_id": 49, "team": 0}, {"order": 18, "is_pick": true, "hero_id": 46, "team": 1}, {"order": 19, "is_pick": true, "hero_id": 106, "team": 0}], "dire_name": "CDEC Gaming", "negative_votes": 203}