{"dire_captain": 183252253, "tower_status_radiant": 1844, "flags": 0, "radiant_team_complete": 0, "game_mode": 2, "radiant_score": 0, "match_id": 869974302, "lobby_name": "Practice", "dire_logo": 794068689478866798, "pre_game_duration": 0, "radiant_captain": 10366616, "radiant_name": "Natus Vincere US", "match_seq_num": 779269676, "dire_team_complete": 0, "start_time": 1409624835, "radiant_win": true, "positive_votes": 6, "leagueid": 1350, "duration": 1750, "dire_score": 0, "lobby_type": 1, "cluster": 122, "engine": 0, "barracks_status_dire": 55, "barracks_status_radiant": 63, "cluster_name": "US East", "first_blood_time": 58, "radiant_team_id": 1642908, "radiant_logo": 487827175124862465, "human_players": 10, "game_mode_name": "Captains Mode", "tower_status_dire": 1924, "players": [{"item_2": 117, "assists": 5, "leaver_status": 0, "item_1": 212, "item_0": 63, "item_0_name": "Power Treads", "leaver_status_description": "finished match, no abandon", "level": 17, "player_slot": 0, "leaver_status_name": "NONE", "hero_id": 15, "last_hits": 185, "kills": 7, "account_id": 10366616, "item_3_name": "Black King Bar", "item_4": 185, "item_3": 116, "item_4_name": "Drum of Endurance", "item_5": 108, "xp_per_min": 580, "item_5_name": "Aghanim's Scepter", "hero_name": "Razor", "gold_per_min": 557, "deaths": 4, "denies": 4, "item_2_name": "Aegis of the Immortal", "item_1_name": "Ring of Aquila"}, {"item_2": 34, "assists": 9, "leaver_status": 0, "item_1": 110, "item_0": 1, "item_0_name": "Blink Dagger", "leaver_status_description": "finished match, no abandon", "level": 16, "player_slot": 1, "leaver_status_name": "NONE", "hero_id": 29, "last_hits": 141, "kills": 1, "account_id": 31818853, "item_3_name": "Dust of Appearance", "item_4": 180, "item_3": 40, "item_4_name": "Arcane Boots", "item_5": 46, "xp_per_min": 490, "item_5_name": "Town Portal Scroll", "hero_name": "Tidehunter", "gold_per_min": 419, "deaths": 3, "denies": 3, "item_2_name": "Magic Stick", "item_1_name": "Refresher Orb"}, {"item_2": 46, "assists": 5, "leaver_status": 0, "item_1": 21, "item_0": 36, "item_0_name": "Magic Wand", "leaver_status_description": "finished match, no abandon", "level": 13, "player_slot": 2, "leaver_status_name": "NONE", "hero_id": 101, "last_hits": 34, "kills": 8, "account_id": 5448108, "item_3_name": "Arcane Boots", "item_4": 206, "item_3": 180, "item_4_name": "Rod of Atos", "item_5": 43, "xp_per_min": 348, "item_5_name": "Sentry Ward", "hero_name": "Skywrath Mage", "gold_per_min": 363, "deaths": 6, "denies": 1, "item_2_name": "Town Portal Scroll", "item_1_name": "Ogre Club"}, {"item_2": 63, "assists": 7, "leaver_status": 0, "item_1": 36, "item_0": 116, "item_0_name": "Black King Bar", "leaver_status_description": "finished match, no abandon", "level": 15, "player_slot": 3, "leaver_status_name": "NONE", "hero_id": 35, "last_hits": 150, "kills": 2, "account_id": 102823997, "item_3_name": "Maelstrom", "item_4": 0, "item_3": 166, "item_5": 212, "xp_per_min": 450, "item_5_name": "Ring of Aquila", "hero_name": "Sniper", "gold_per_min": 444, "deaths": 8, "denies": 9, "item_2_name": "Power Treads", "item_1_name": "Magic Wand"}, {"item_2": 92, "assists": 7, "leaver_status": 0, "item_1": 36, "item_0": 63, "item_0_name": "Power Treads", "leaver_status_description": "finished match, no abandon", "level": 14, "player_slot": 4, "leaver_status_name": "NONE", "hero_id": 42, "last_hits": 39, "kills": 2, "account_id": 86750028, "item_3_name": "Chainmail", "item_4": 42, "item_3": 4, "item_4_name": "Observer Ward", "item_5": 46, "xp_per_min": 360, "item_5_name": "Town Portal Scroll", "hero_name": "Wraith King", "gold_per_min": 284, "deaths": 8, "denies": 4, "item_2_name": "Urn of Shadows", "item_1_name": "Magic Wand"}, {"item_2": 127, "assists": 6, "leaver_status": 3, "item_1": 214, "item_0": 34, "item_0_name": "Magic Stick", "leaver_status_description": "player dc, clicked leave, abandon", "level": 18, "player_slot": 128, "leaver_status_name": "ABANDONED", "hero_id": 2, "last_hits": 101, "kills": 10, "account_id": 183252253, "item_3_name": "Blink Dagger", "item_4": 108, "item_3": 1, "item_4_name": "Aghanim's Scepter", "item_5": 0, "xp_per_min": 600, "hero_name": "Axe", "gold_per_min": 426, "deaths": 5, "denies": 2, "item_2_name": "Blade Mail", "item_1_name": "Tranquil Boots"}, {"item_2": 0, "assists": 12, "leaver_status": 0, "item_1": 102, "item_0": 1, "item_0_name": "Blink Dagger", "leaver_status_description": "finished match, no abandon", "level": 13, "player_slot": 129, "leaver_status_name": "NONE", "hero_id": 7, "last_hits": 40, "kills": 3, "account_id": 97851952, "item_3_name": "Iron Branch", "item_4": 34, "item_3": 16, "item_4_name": "Magic Stick", "item_5": 180, "xp_per_min": 333, "item_5_name": "Arcane Boots", "hero_name": "Earthshaker", "gold_per_min": 281, "deaths": 3, "denies": 0, "item_1_name": "Force Staff"}, {"item_2": 108, "assists": 11, "leaver_status": 0, "item_1": 180, "item_0": 79, "item_0_name": "Mekansm", "leaver_status_description": "finished match, no abandon", "level": 16, "player_slot": 130, "leaver_status_name": "NONE", "hero_id": 45, "last_hits": 107, "kills": 7, "account_id": 86745560, "item_3_name": "Ring of Basilius", "item_4": 21, "item_3": 88, "item_4_name": "Ogre Club", "item_5": 46, "xp_per_min": 482, "item_5_name": "Town Portal Scroll", "hero_name": "Pugna", "gold_per_min": 429, "deaths": 4, "denies": 5, "item_2_name": "Aghanim's Scepter", "item_1_name": "Arcane Boots"}, {"item_2": 60, "assists": 9, "leaver_status": 0, "item_1": 214, "item_0": 92, "item_0_name": "Urn of Shadows", "leaver_status_description": "finished match, no abandon", "level": 10, "player_slot": 131, "leaver_status_name": "NONE", "hero_id": 68, "last_hits": 8, "kills": 3, "account_id": 99703787, "item_3_name": "Smoke of Deceit", "item_4": 0, "item_3": 188, "item_5": 0, "xp_per_min": 187, "hero_name": "Ancient Apparition", "gold_per_min": 201, "deaths": 3, "denies": 1, "item_2_name": "Point Booster", "item_1_name": "Tranquil Boots"}, {"item_2": 46, "assists": 9, "leaver_status": 0, "item_1": 41, "item_0": 50, "item_0_name": "Phase Boots", "leaver_status_description": "finished match, no abandon", "level": 14, "player_slot": 132, "leaver_status_name": "NONE", "hero_id": 9, "last_hits": 89, "kills": 4, "account_id": 114912403, "item_3_name": "Diffusal Blade", "item_4": 185, "item_3": 174, "item_4_name": "Drum of Endurance", "item_5": 212, "xp_per_min": 369, "item_5_name": "Ring of Aquila", "hero_name": "Mirana", "gold_per_min": 344, "deaths": 6, "denies": 6, "item_2_name": "Town Portal Scroll", "item_1_name": "Bottle"}], "dire_team_id": 1563135, "picks_bans": [{"order": 0, "is_pick": false, "hero_id": 69, "team": 0}, {"order": 1, "is_pick": false, "hero_id": 47, "team": 1}, {"order": 2, "is_pick": false, "hero_id": 41, "team": 0}, {"order": 3, "is_pick": false, "hero_id": 77, "team": 1}, {"order": 4, "is_pick": true, "hero_id": 15, "team": 0}, {"order": 5, "is_pick": true, "hero_id": 68, "team": 1}, {"order": 6, "is_pick": true, "hero_id": 7, "team": 1}, {"order": 7, "is_pick": true, "hero_id": 101, "team": 0}, {"order": 8, "is_pick": false, "hero_id": 34, "team": 0}, {"order": 9, "is_pick": false, "hero_id": 86, "team": 1}, {"order": 10, "is_pick": false, "hero_id": 96, "team": 0}, {"order": 11, "is_pick": false, "hero_id": 51, "team": 1}, {"order": 12, "is_pick": true, "hero_id": 45, "team": 1}, {"order": 13, "is_pick": true, "hero_id": 29, "team": 0}, {"order": 14, "is_pick": true, "hero_id": 9, "team": 1}, {"order": 15, "is_pick": true, "hero_id": 42, "team": 0}, {"order": 16, "is_pick": false, "hero_id": 78, "team": 1}, {"order": 17, "is_pick": false, "hero_id": 53, "team": 0}, {"order": 18, "is_pick": true, "hero_id": 2, "team": 1}, {"order": 19, "is_pick": true, "hero_id": 35, "team": 0}], "dire_name": "RTK GAMING", "negative_votes": 0}