{"dire_captain": 101495620, "tower_status_radiant": 1920, "flags": 0, "radiant_team_complete": 1, "game_mode": 2, "radiant_score": 0, "match_id": 883914342, "lobby_name": "Practice", "dire_logo": 392172445572106046, "pre_game_duration": 0, "radiant_captain": 86802844, "radiant_name": "Team Empire", "match_seq_num": 791566231, "dire_team_complete": 0, "start_time": 1410196312, "radiant_win": false, "positive_votes": 102, "leagueid": 1712, "duration": 2211, "dire_score": 0, "lobby_type": 1, "cluster": 135, "engine": 0, "barracks_status_dire": 63, "barracks_status_radiant": 49, "cluster_name": "Europe West", "first_blood_time": 71, "radiant_team_id": 46, "radiant_logo": 541924293718462159, "human_players": 10, "game_mode_name": "Captains Mode", "tower_status_dire": 1830, "players": [{"item_2": 214, "assists": 6, "leaver_status": 0, "item_1": 41, "item_0": 102, "item_0_name": "Force Staff", "leaver_status_description": "finished match, no abandon", "level": 14, "player_slot": 0, "leaver_status_name": "NONE", "hero_id": 65, "last_hits": 125, "kills": 4, "account_id": 86802844, "item_3_name": "Blink Dagger", "item_4": 116, "item_3": 1, "item_4_name": "Black King Bar", "item_5": 46, "xp_per_min": 315, "item_5_name": "Town Portal Scroll", "hero_name": "Batrider", "gold_per_min": 339, "deaths": 6, "denies": 0, "item_2_name": "Tranquil Boots", "item_1_name": "Bottle"}, {"item_2": 43, "assists": 8, "leaver_status": 3, "item_1": 180, "item_0": 92, "item_0_name": "Urn of Shadows", "leaver_status_description": "player dc, clicked leave, abandon", "level": 11, "player_slot": 1, "leaver_status_name": "ABANDONED", "hero_id": 3, "last_hits": 18, "kills": 5, "account_id": 91064780, "item_3_name": "Blink Dagger", "item_4": 46, "item_3": 1, "item_4_name": "Town Portal Scroll", "item_5": 0, "xp_per_min": 202, "hero_name": "Bane", "gold_per_min": 240, "deaths": 9, "denies": 3, "item_2_name": "Sentry Ward", "item_1_name": "Arcane Boots"}, {"item_2": 121, "assists": 5, "leaver_status": 0, "item_1": 46, "item_0": 50, "item_0_name": "Phase Boots", "leaver_status_description": "finished match, no abandon", "level": 18, "player_slot": 2, "leaver_status_name": "NONE", "hero_id": 43, "last_hits": 214, "kills": 6, "account_id": 86725175, "item_3_name": "Ogre Club", "item_4": 100, "item_3": 21, "item_4_name": "Eul's Scepter of Divinity", "item_5": 36, "xp_per_min": 484, "item_5_name": "Magic Wand", "hero_name": "Death Prophet", "gold_per_min": 474, "deaths": 9, "denies": 10, "item_2_name": "Bloodstone", "item_1_name": "Town Portal Scroll"}, {"item_2": 36, "assists": 3, "leaver_status": 3, "item_1": 102, "item_0": 180, "item_0_name": "Arcane Boots", "leaver_status_description": "player dc, clicked leave, abandon", "level": 13, "player_slot": 3, "leaver_status_name": "ABANDONED", "hero_id": 27, "last_hits": 114, "kills": 1, "account_id": 134556694, "item_3_name": "Ogre Club", "item_4": 1, "item_3": 21, "item_4_name": "Blink Dagger", "item_5": 46, "xp_per_min": 272, "item_5_name": "Town Portal Scroll", "hero_name": "Shadow Shaman", "gold_per_min": 294, "deaths": 10, "denies": 1, "item_2_name": "Magic Wand", "item_1_name": "Force Staff"}, {"item_2": 116, "assists": 8, "leaver_status": 0, "item_1": 36, "item_0": 1, "item_0_name": "Blink Dagger", "leaver_status_description": "finished match, no abandon", "level": 16, "player_slot": 4, "leaver_status_name": "NONE", "hero_id": 96, "last_hits": 198, "kills": 2, "account_id": 89269794, "item_3_name": "Force Staff", "item_4": 61, "item_3": 102, "item_4_name": "Vitality Booster", "item_5": 214, "xp_per_min": 380, "item_5_name": "Tranquil Boots", "hero_name": "Centaur Warrunner", "gold_per_min": 406, "deaths": 8, "denies": 12, "item_2_name": "Black King Bar", "item_1_name": "Magic Wand"}, {"item_2": 116, "assists": 17, "leaver_status": 0, "item_1": 108, "item_0": 212, "item_0_name": "Ring of Aquila", "leaver_status_description": "finished match, no abandon", "level": 21, "player_slot": 128, "leaver_status_name": "NONE", "hero_id": 15, "last_hits": 219, "kills": 11, "account_id": 101495620, "item_3_name": "Power Treads", "item_4": 79, "item_3": 63, "item_4_name": "Mekansm", "item_5": 0, "xp_per_min": 659, "hero_name": "Razor", "gold_per_min": 599, "deaths": 2, "denies": 25, "item_2_name": "Black King Bar", "item_1_name": "Aghanim's Scepter"}, {"item_2": 34, "assists": 18, "leaver_status": 0, "item_1": 116, "item_0": 92, "item_0_name": "Urn of Shadows", "leaver_status_description": "finished match, no abandon", "level": 15, "player_slot": 129, "leaver_status_name": "NONE", "hero_id": 52, "last_hits": 74, "kills": 4, "account_id": 41288955, "item_3_name": "Arcane Boots", "item_4": 0, "item_3": 180, "item_5": 46, "xp_per_min": 340, "item_5_name": "Town Portal Scroll", "hero_name": "Leshrac", "gold_per_min": 335, "deaths": 7, "denies": 2, "item_2_name": "Magic Stick", "item_1_name": "Black King Bar"}, {"item_2": 180, "assists": 25, "leaver_status": 0, "item_1": 1, "item_0": 37, "item_0_name": "Ghost Scepter", "leaver_status_description": "finished match, no abandon", "level": 18, "player_slot": 130, "leaver_status_name": "NONE", "hero_id": 86, "last_hits": 37, "kills": 9, "account_id": 87382579, "item_3_name": "Gem of True Sight", "item_4": 34, "item_3": 30, "item_4_name": "Magic Stick", "item_5": 0, "xp_per_min": 472, "hero_name": "Rubick", "gold_per_min": 364, "deaths": 4, "denies": 2, "item_2_name": "Arcane Boots", "item_1_name": "Blink Dagger"}, {"item_2": 96, "assists": 21, "leaver_status": 0, "item_1": 36, "item_0": 41, "item_0_name": "Bottle", "leaver_status_description": "finished match, no abandon", "level": 20, "player_slot": 131, "leaver_status_name": "NONE", "hero_id": 13, "last_hits": 160, "kills": 10, "account_id": 71328475, "item_4": 48, "item_3": 0, "item_4_name": "Boots of Travel", "item_5": 1, "xp_per_min": 609, "item_5_name": "Blink Dagger", "hero_name": "Puck", "gold_per_min": 507, "deaths": 3, "denies": 8, "item_2_name": "Scythe of Vyse", "item_1_name": "Magic Wand"}, {"item_2": 0, "assists": 13, "leaver_status": 0, "item_1": 63, "item_0": 172, "item_0_name": "Mask of Madness", "leaver_status_description": "finished match, no abandon", "level": 19, "player_slot": 132, "leaver_status_name": "NONE", "hero_id": 41, "last_hits": 111, "kills": 8, "account_id": 76482434, "item_3_name": "Maelstrom", "item_4": 108, "item_3": 166, "item_4_name": "Aghanim's Scepter", "item_5": 117, "xp_per_min": 561, "item_5_name": "Aegis of the Immortal", "hero_name": "Faceless Void", "gold_per_min": 439, "deaths": 3, "denies": 6, "item_1_name": "Power Treads"}], "dire_team_id": 111474, "picks_bans": [{"order": 0, "is_pick": false, "hero_id": 47, "team": 0}, {"order": 1, "is_pick": false, "hero_id": 78, "team": 1}, {"order": 2, "is_pick": false, "hero_id": 77, "team": 0}, {"order": 3, "is_pick": false, "hero_id": 89, "team": 1}, {"order": 4, "is_pick": true, "hero_id": 43, "team": 0}, {"order": 5, "is_pick": true, "hero_id": 41, "team": 1}, {"order": 6, "is_pick": true, "hero_id": 15, "team": 1}, {"order": 7, "is_pick": true, "hero_id": 96, "team": 0}, {"order": 8, "is_pick": false, "hero_id": 7, "team": 0}, {"order": 9, "is_pick": false, "hero_id": 9, "team": 1}, {"order": 10, "is_pick": false, "hero_id": 101, "team": 0}, {"order": 11, "is_pick": false, "hero_id": 69, "team": 1}, {"order": 12, "is_pick": true, "hero_id": 86, "team": 1}, {"order": 13, "is_pick": true, "hero_id": 27, "team": 0}, {"order": 14, "is_pick": true, "hero_id": 52, "team": 1}, {"order": 15, "is_pick": true, "hero_id": 3, "team": 0}, {"order": 16, "is_pick": false, "hero_id": 72, "team": 1}, {"order": 17, "is_pick": false, "hero_id": 74, "team": 0}, {"order": 18, "is_pick": true, "hero_id": 13, "team": 1}, {"order": 19, "is_pick": true, "hero_id": 65, "team": 0}], "dire_name": "Alliance", "negative_votes": 9}