{"dire_captain": 87285329, "tower_status_radiant": 1926, "flags": 0, "radiant_team_complete": 0, "game_mode": 2, "radiant_score": 0, "match_id": 884030055, "lobby_name": "Practice", "dire_logo": 535126847986722461, "pre_game_duration": 0, "radiant_captain": 36547811, "radiant_name": "Virtus.pro", "match_seq_num": 791643622, "dire_team_complete": 0, "start_time": 1410200238, "radiant_win": false, "positive_votes": 68, "leagueid": 1712, "duration": 1595, "dire_score": 0, "lobby_type": 1, "cluster": 136, "engine": 0, "barracks_status_dire": 63, "barracks_status_radiant": 59, "cluster_name": "Europe West", "first_blood_time": 217, "radiant_team_id": 1883502, "radiant_logo": 642124127283031446, "human_players": 10, "game_mode_name": "Captains Mode", "tower_status_dire": 1982, "players": [{"item_2": 92, "assists": 10, "leaver_status": 0, "item_1": 36, "item_0": 29, "item_0_name": "Boots of Speed", "leaver_status_description": "finished match, no abandon", "level": 10, "player_slot": 0, "leaver_status_name": "NONE", "hero_id": 20, "last_hits": 24, "kills": 2, "account_id": 36547811, "item_3_name": "Sentry Ward", "item_4": 46, "item_3": 43, "item_4_name": "Town Portal Scroll", "item_5": 0, "xp_per_min": 208, "hero_name": "Vengeful Spirit", "gold_per_min": 188, "deaths": 7, "denies": 0, "item_2_name": "Urn of Shadows", "item_1_name": "Magic Wand"}, {"item_2": 185, "assists": 5, "leaver_status": 0, "item_1": 0, "item_0": 151, "item_0_name": "Armlet of Mordiggian", "leaver_status_description": "finished match, no abandon", "level": 16, "player_slot": 1, "leaver_status_name": "NONE", "hero_id": 54, "last_hits": 145, "kills": 5, "account_id": 96196828, "item_3_name": "Magic Stick", "item_4": 50, "item_3": 34, "item_4_name": "Phase Boots", "item_5": 9, "xp_per_min": 516, "item_5_name": "Platemail", "hero_name": "Lifestealer", "gold_per_min": 437, "deaths": 5, "denies": 18, "item_2_name": "Drum of Endurance"}, {"item_2": 46, "assists": 6, "leaver_status": 0, "item_1": 116, "item_0": 36, "item_0_name": "Magic Wand", "leaver_status_description": "finished match, no abandon", "level": 15, "player_slot": 2, "leaver_status_name": "NONE", "hero_id": 15, "last_hits": 134, "kills": 5, "account_id": 87586992, "item_4": 79, "item_3": 0, "item_4_name": "Mekansm", "item_5": 63, "xp_per_min": 464, "item_5_name": "Power Treads", "hero_name": "Razor", "gold_per_min": 402, "deaths": 5, "denies": 17, "item_2_name": "Town Portal Scroll", "item_1_name": "Black King Bar"}, {"item_2": 41, "assists": 8, "leaver_status": 0, "item_1": 24, "item_0": 1, "item_0_name": "Blink Dagger", "leaver_status_description": "finished match, no abandon", "level": 15, "player_slot": 3, "leaver_status_name": "NONE", "hero_id": 13, "last_hits": 134, "kills": 6, "account_id": 53178236, "item_3_name": "Dagon", "item_4": 46, "item_3": 104, "item_4_name": "Town Portal Scroll", "item_5": 63, "xp_per_min": 482, "item_5_name": "Power Treads", "hero_name": "Puck", "gold_per_min": 419, "deaths": 2, "denies": 5, "item_2_name": "Bottle", "item_1_name": "Ultimate Orb"}, {"item_2": 60, "assists": 11, "leaver_status": 0, "item_1": 36, "item_0": 0, "leaver_status_description": "finished match, no abandon", "level": 11, "player_slot": 4, "leaver_status_name": "NONE", "hero_id": 101, "last_hits": 17, "kills": 4, "account_id": 76600360, "item_4": 0, "item_3": 0, "item_5": 180, "xp_per_min": 250, "item_5_name": "Arcane Boots", "hero_name": "Skywrath Mage", "gold_per_min": 232, "deaths": 5, "denies": 1, "item_2_name": "Point Booster", "item_1_name": "Magic Wand"}, {"item_2": 127, "assists": 16, "leaver_status": 0, "item_1": 158, "item_0": 63, "item_0_name": "Power Treads", "leaver_status_description": "finished match, no abandon", "level": 16, "player_slot": 128, "leaver_status_name": "NONE", "hero_id": 53, "last_hits": 139, "kills": 5, "account_id": 87285329, "item_3_name": "Null Talisman", "item_4": 46, "item_3": 77, "item_4_name": "Town Portal Scroll", "item_5": 77, "xp_per_min": 555, "item_5_name": "Null Talisman", "hero_name": "Nature's Prophet", "gold_per_min": 534, "deaths": 6, "denies": 9, "item_2_name": "Blade Mail", "item_1_name": "Mjollnir"}, {"item_2": 0, "assists": 7, "leaver_status": 0, "item_1": 100, "item_0": 96, "item_0_name": "Scythe of Vyse", "leaver_status_description": "finished match, no abandon", "level": 18, "player_slot": 129, "leaver_status_name": "NONE", "hero_id": 43, "last_hits": 150, "kills": 12, "account_id": 86738694, "item_3_name": "Phase Boots", "item_4": 185, "item_3": 50, "item_4_name": "Drum of Endurance", "item_5": 46, "xp_per_min": 710, "item_5_name": "Town Portal Scroll", "hero_name": "Death Prophet", "gold_per_min": 608, "deaths": 2, "denies": 4, "item_1_name": "Eul's Scepter of Divinity"}, {"item_2": 0, "assists": 15, "leaver_status": 0, "item_1": 180, "item_0": 108, "item_0_name": "Aghanim's Scepter", "leaver_status_description": "finished match, no abandon", "level": 13, "player_slot": 130, "leaver_status_name": "NONE", "hero_id": 40, "last_hits": 90, "kills": 3, "account_id": 19757254, "item_3_name": "Town Portal Scroll", "item_4": 0, "item_3": 46, "item_5": 88, "xp_per_min": 373, "item_5_name": "Ring of Basilius", "hero_name": "Venomancer", "gold_per_min": 390, "deaths": 7, "denies": 2, "item_1_name": "Arcane Boots"}, {"item_2": 29, "assists": 15, "leaver_status": 0, "item_1": 188, "item_0": 102, "item_0_name": "Force Staff", "leaver_status_description": "finished match, no abandon", "level": 14, "player_slot": 131, "leaver_status_name": "NONE", "hero_id": 73, "last_hits": 27, "kills": 1, "account_id": 3916428, "item_3_name": "Magic Wand", "item_4": 92, "item_3": 36, "item_4_name": "Urn of Shadows", "item_5": 0, "xp_per_min": 434, "hero_name": "Alchemist", "gold_per_min": 297, "deaths": 4, "denies": 0, "item_2_name": "Boots of Speed", "item_1_name": "Smoke of Deceit"}, {"item_2": 178, "assists": 15, "leaver_status": 0, "item_1": 0, "item_0": 188, "item_0_name": "Smoke of Deceit", "leaver_status_description": "finished match, no abandon", "level": 13, "player_slot": 132, "leaver_status_name": "NONE", "hero_id": 33, "last_hits": 108, "kills": 3, "account_id": 30237211, "item_3_name": "Mekansm", "item_4": 116, "item_3": 79, "item_4_name": "Black King Bar", "item_5": 63, "xp_per_min": 368, "item_5_name": "Power Treads", "hero_name": "Enigma", "gold_per_min": 411, "deaths": 3, "denies": 7, "item_2_name": "Soul Ring"}], "dire_team_id": 1820360, "picks_bans": [{"order": 0, "is_pick": false, "hero_id": 77, "team": 0}, {"order": 1, "is_pick": false, "hero_id": 34, "team": 1}, {"order": 2, "is_pick": false, "hero_id": 78, "team": 0}, {"order": 3, "is_pick": false, "hero_id": 64, "team": 1}, {"order": 4, "is_pick": true, "hero_id": 15, "team": 0}, {"order": 5, "is_pick": true, "hero_id": 43, "team": 1}, {"order": 6, "is_pick": true, "hero_id": 53, "team": 1}, {"order": 7, "is_pick": true, "hero_id": 101, "team": 0}, {"order": 8, "is_pick": false, "hero_id": 79, "team": 0}, {"order": 9, "is_pick": false, "hero_id": 96, "team": 1}, {"order": 10, "is_pick": false, "hero_id": 47, "team": 0}, {"order": 11, "is_pick": false, "hero_id": 42, "team": 1}, {"order": 12, "is_pick": true, "hero_id": 33, "team": 1}, {"order": 13, "is_pick": true, "hero_id": 13, "team": 0}, {"order": 14, "is_pick": true, "hero_id": 73, "team": 1}, {"order": 15, "is_pick": true, "hero_id": 20, "team": 0}, {"order": 16, "is_pick": false, "hero_id": 41, "team": 1}, {"order": 17, "is_pick": false, "hero_id": 9, "team": 0}, {"order": 18, "is_pick": true, "hero_id": 40, "team": 1}, {"order": 19, "is_pick": true, "hero_id": 54, "team": 0}], "dire_name": "TEAMERINO TINKERINO", "negative_votes": 2}