{"dire_captain": 89742217, "tower_status_radiant": 2046, "flags": 0, "radiant_team_complete": 0, "game_mode": 2, "radiant_score": 0, "match_id": 885659284, "lobby_name": "Practice", "dire_logo": 594785681587718235, "pre_game_duration": 0, "radiant_captain": 21265941, "radiant_name": "Fnatic", "match_seq_num": 793075271, "dire_team_complete": 1, "start_time": 1410275878, "radiant_win": true, "positive_votes": 35, "leagueid": 1886, "duration": 1218, "dire_score": 0, "lobby_type": 1, "cluster": 136, "engine": 0, "barracks_status_dire": 63, "barracks_status_radiant": 63, "cluster_name": "Europe West", "first_blood_time": 0, "radiant_team_id": 350190, "radiant_logo": 307739466828348574, "human_players": 10, "game_mode_name": "Captains Mode", "tower_status_dire": 1828, "players": [{"item_2": 29, "assists": 7, "leaver_status": 0, "item_1": 65, "item_0": 46, "item_0_name": "Town Portal Scroll", "leaver_status_description": "finished match, no abandon", "level": 11, "player_slot": 0, "leaver_status_name": "NONE", "hero_id": 87, "last_hits": 24, "kills": 2, "account_id": 21265941, "item_3_name": "Ghost Scepter", "item_4": 0, "item_3": 37, "item_5": 42, "xp_per_min": 373, "item_5_name": "Observer Ward", "hero_name": "Disruptor", "gold_per_min": 335, "deaths": 0, "denies": 4, "item_2_name": "Boots of Speed", "item_1_name": "Hand of Midas"}, {"item_2": 36, "assists": 7, "leaver_status": 0, "item_1": 185, "item_0": 50, "item_0_name": "Phase Boots", "leaver_status_description": "finished match, no abandon", "level": 14, "player_slot": 1, "leaver_status_name": "NONE", "hero_id": 106, "last_hits": 91, "kills": 7, "account_id": 72312627, "item_3_name": "Bottle", "item_4": 0, "item_3": 41, "item_5": 145, "xp_per_min": 539, "item_5_name": "Battle Fury", "hero_name": "Ember Spirit", "gold_per_min": 503, "deaths": 1, "denies": 1, "item_2_name": "Magic Wand", "item_1_name": "Drum of Endurance"}, {"item_2": 214, "assists": 6, "leaver_status": 0, "item_1": 102, "item_0": 1, "item_0_name": "Blink Dagger", "leaver_status_description": "finished match, no abandon", "level": 11, "player_slot": 2, "leaver_status_name": "NONE", "hero_id": 96, "last_hits": 44, "kills": 7, "account_id": 24009418, "item_3_name": "Ogre Club", "item_4": 188, "item_3": 21, "item_4_name": "Smoke of Deceit", "item_5": 182, "xp_per_min": 389, "item_5_name": "Stout Shield", "hero_name": "Centaur Warrunner", "gold_per_min": 401, "deaths": 1, "denies": 4, "item_2_name": "Tranquil Boots", "item_1_name": "Force Staff"}, {"item_2": 108, "assists": 5, "leaver_status": 0, "item_1": 46, "item_0": 212, "item_0_name": "Ring of Aquila", "leaver_status_description": "finished match, no abandon", "level": 13, "player_slot": 3, "leaver_status_name": "NONE", "hero_id": 15, "last_hits": 99, "kills": 6, "account_id": 8712306, "item_3_name": "Mekansm", "item_4": 0, "item_3": 79, "item_5": 50, "xp_per_min": 500, "item_5_name": "Phase Boots", "hero_name": "Razor", "gold_per_min": 539, "deaths": 2, "denies": 29, "item_2_name": "Aghanim's Scepter", "item_1_name": "Town Portal Scroll"}, {"item_2": 1, "assists": 10, "leaver_status": 0, "item_1": 60, "item_0": 180, "item_0_name": "Arcane Boots", "leaver_status_description": "finished match, no abandon", "level": 9, "player_slot": 4, "leaver_status_name": "NONE", "hero_id": 27, "last_hits": 29, "kills": 3, "account_id": 85375207, "item_4": 46, "item_3": 0, "item_4_name": "Town Portal Scroll", "item_5": 0, "xp_per_min": 254, "hero_name": "Shadow Shaman", "gold_per_min": 333, "deaths": 3, "denies": 2, "item_2_name": "Blink Dagger", "item_1_name": "Point Booster"}, {"item_2": 16, "assists": 2, "leaver_status": 0, "item_1": 21, "item_0": 41, "item_0_name": "Bottle", "leaver_status_description": "finished match, no abandon", "level": 11, "player_slot": 128, "leaver_status_name": "NONE", "hero_id": 78, "last_hits": 66, "kills": 3, "account_id": 91918857, "item_3_name": "Blink Dagger", "item_4": 60, "item_3": 1, "item_4_name": "Point Booster", "item_5": 29, "xp_per_min": 332, "item_5_name": "Boots of Speed", "hero_name": "Brewmaster", "gold_per_min": 350, "deaths": 7, "denies": 8, "item_2_name": "Iron Branch", "item_1_name": "Ogre Club"}, {"item_2": 63, "assists": 3, "leaver_status": 0, "item_1": 16, "item_0": 16, "item_0_name": "Iron Branch", "leaver_status_description": "finished match, no abandon", "level": 13, "player_slot": 129, "leaver_status_name": "NONE", "hero_id": 56, "last_hits": 124, "kills": 1, "account_id": 69325073, "item_3_name": "Orchid Malevolence", "item_4": 21, "item_3": 98, "item_4_name": "Ogre Club", "item_5": 88, "xp_per_min": 449, "item_5_name": "Ring of Basilius", "hero_name": "Clinkz", "gold_per_min": 421, "deaths": 5, "denies": 7, "item_2_name": "Power Treads", "item_1_name": "Iron Branch"}, {"item_2": 0, "assists": 5, "leaver_status": 0, "item_1": 79, "item_0": 0, "leaver_status_description": "finished match, no abandon", "level": 8, "player_slot": 130, "leaver_status_name": "NONE", "hero_id": 29, "last_hits": 27, "kills": 0, "account_id": 86747757, "item_4": 180, "item_3": 0, "item_4_name": "Arcane Boots", "item_5": 0, "xp_per_min": 192, "hero_name": "Tidehunter", "gold_per_min": 199, "deaths": 3, "denies": 1, "item_1_name": "Mekansm"}, {"item_2": 180, "assists": 2, "leaver_status": 0, "item_1": 0, "item_0": 46, "item_0_name": "Town Portal Scroll", "leaver_status_description": "finished match, no abandon", "level": 9, "player_slot": 131, "leaver_status_name": "NONE", "hero_id": 101, "last_hits": 14, "kills": 3, "account_id": 89742217, "item_4": 16, "item_3": 0, "item_4_name": "Iron Branch", "item_5": 34, "xp_per_min": 265, "item_5_name": "Magic Stick", "hero_name": "Skywrath Mage", "gold_per_min": 194, "deaths": 4, "denies": 6, "item_2_name": "Arcane Boots"}, {"item_2": 212, "assists": 4, "leaver_status": 0, "item_1": 46, "item_0": 41, "item_0_name": "Bottle", "leaver_status_description": "finished match, no abandon", "level": 8, "player_slot": 132, "leaver_status_name": "NONE", "hero_id": 9, "last_hits": 17, "kills": 0, "account_id": 88792641, "item_3_name": "Boots of Speed", "item_4": 16, "item_3": 29, "item_4_name": "Iron Branch", "item_5": 16, "xp_per_min": 159, "item_5_name": "Iron Branch", "hero_name": "Mirana", "gold_per_min": 169, "deaths": 6, "denies": 1, "item_2_name": "Ring of Aquila", "item_1_name": "Town Portal Scroll"}], "dire_team_id": 1161668, "picks_bans": [{"order": 0, "is_pick": false, "hero_id": 77, "team": 0}, {"order": 1, "is_pick": false, "hero_id": 41, "team": 1}, {"order": 2, "is_pick": false, "hero_id": 43, "team": 0}, {"order": 3, "is_pick": false, "hero_id": 69, "team": 1}, {"order": 4, "is_pick": true, "hero_id": 15, "team": 0}, {"order": 5, "is_pick": true, "hero_id": 78, "team": 1}, {"order": 6, "is_pick": true, "hero_id": 101, "team": 1}, {"order": 7, "is_pick": true, "hero_id": 106, "team": 0}, {"order": 8, "is_pick": false, "hero_id": 65, "team": 0}, {"order": 9, "is_pick": false, "hero_id": 53, "team": 1}, {"order": 10, "is_pick": false, "hero_id": 33, "team": 0}, {"order": 11, "is_pick": false, "hero_id": 42, "team": 1}, {"order": 12, "is_pick": true, "hero_id": 9, "team": 1}, {"order": 13, "is_pick": true, "hero_id": 27, "team": 0}, {"order": 14, "is_pick": true, "hero_id": 29, "team": 1}, {"order": 15, "is_pick": true, "hero_id": 96, "team": 0}, {"order": 16, "is_pick": false, "hero_id": 7, "team": 1}, {"order": 17, "is_pick": false, "hero_id": 47, "team": 0}, {"order": 18, "is_pick": true, "hero_id": 56, "team": 1}, {"order": 19, "is_pick": true, "hero_id": 87, "team": 0}], "dire_name": "xGame.kz", "negative_votes": 1}