{"dire_captain": 44519260, "tower_status_radiant": 1792, "flags": 0, "radiant_team_complete": 0, "game_mode": 2, "radiant_score": 0, "match_id": 886352950, "lobby_name": "Practice", "dire_logo": 542975173284573818, "pre_game_duration": 0, "radiant_captain": 31818853, "radiant_name": "Natus Vincere US", "match_seq_num": 793694899, "dire_team_complete": 1, "start_time": 1410310242, "radiant_win": false, "positive_votes": 21, "leagueid": 1493, "duration": 2727, "dire_score": 0, "lobby_type": 1, "cluster": 124, "engine": 0, "barracks_status_dire": 63, "barracks_status_radiant": 48, "cluster_name": "US East", "first_blood_time": 92, "radiant_team_id": 1642908, "radiant_logo": 487827175124862465, "human_players": 10, "game_mode_name": "Captains Mode", "tower_status_dire": 1828, "players": [{"item_2": 108, "assists": 5, "leaver_status": 0, "item_1": 96, "item_0": 1, "item_0_name": "Blink Dagger", "additional_units": [{"item_2": 108, "item_1": 96, "item_4": 0, "item_0": 1, "item_3": 63, "item_5": 160, "unitname": ""}], "leaver_status_description": "finished match, no abandon", "level": 25, "player_slot": 0, "leaver_status_name": "NONE", "hero_id": 82, "last_hits": 435, "kills": 9, "account_id": 31818853, "item_3_name": "Power Treads", "item_4": 0, "item_3": 63, "item_5": 160, "xp_per_min": 716, "item_5_name": "Eye of Skadi", "hero_name": "Meepo", "gold_per_min": 631, "deaths": 11, "denies": 1, "item_2_name": "Aghanim's Scepter", "item_1_name": "Scythe of Vyse"}, {"item_2": 92, "assists": 11, "leaver_status": 0, "item_1": 79, "item_0": 1, "item_0_name": "Blink Dagger", "leaver_status_description": "finished match, no abandon", "level": 15, "player_slot": 1, "leaver_status_name": "NONE", "hero_id": 100, "last_hits": 54, "kills": 2, "account_id": 1185644, "item_3_name": "Phase Boots", "item_4": 46, "item_3": 50, "item_4_name": "Town Portal Scroll", "item_5": 21, "xp_per_min": 278, "item_5_name": "Ogre Club", "hero_name": "Tusk", "gold_per_min": 244, "deaths": 10, "denies": 1, "item_2_name": "Urn of Shadows", "item_1_name": "Mekansm"}, {"item_2": 53, "assists": 12, "leaver_status": 0, "item_1": 214, "item_0": 1, "item_0_name": "Blink Dagger", "leaver_status_description": "finished match, no abandon", "level": 18, "player_slot": 2, "leaver_status_name": "NONE", "hero_id": 96, "last_hits": 155, "kills": 7, "account_id": 22887230, "item_3_name": "Ogre Club", "item_4": 162, "item_3": 21, "item_4_name": "Sange", "item_5": 127, "xp_per_min": 378, "item_5_name": "Blade Mail", "hero_name": "Centaur Warrunner", "gold_per_min": 360, "deaths": 8, "denies": 9, "item_2_name": "Reaver", "item_1_name": "Tranquil Boots"}, {"item_2": 36, "assists": 14, "leaver_status": 0, "item_1": 63, "item_0": 0, "leaver_status_description": "finished match, no abandon", "level": 13, "player_slot": 3, "leaver_status_name": "NONE", "hero_id": 30, "last_hits": 42, "kills": 3, "account_id": 84176344, "item_3_name": "Town Portal Scroll", "item_4": 21, "item_3": 46, "item_4_name": "Ogre Club", "item_5": 60, "xp_per_min": 212, "item_5_name": "Point Booster", "hero_name": "Witch Doctor", "gold_per_min": 225, "deaths": 9, "denies": 3, "item_2_name": "Magic Wand", "item_1_name": "Power Treads"}, {"item_2": 108, "assists": 10, "leaver_status": 0, "item_1": 119, "item_0": 63, "item_0_name": "Power Treads", "leaver_status_description": "finished match, no abandon", "level": 22, "player_slot": 4, "leaver_status_name": "NONE", "hero_id": 15, "last_hits": 300, "kills": 8, "account_id": 87196890, "item_3_name": "Black King Bar", "item_4": 0, "item_3": 116, "item_5": 185, "xp_per_min": 576, "item_5_name": "Drum of Endurance", "hero_name": "Razor", "gold_per_min": 518, "deaths": 7, "denies": 15, "item_2_name": "Aghanim's Scepter", "item_1_name": "Shiva's Guard"}, {"item_2": 1, "assists": 24, "leaver_status": 0, "item_1": 50, "item_0": 185, "item_0_name": "Drum of Endurance", "leaver_status_description": "finished match, no abandon", "level": 20, "player_slot": 128, "leaver_status_name": "NONE", "hero_id": 69, "last_hits": 186, "kills": 5, "account_id": 97353735, "item_3_name": "Black King Bar", "item_4": 46, "item_3": 116, "item_4_name": "Town Portal Scroll", "item_5": 119, "xp_per_min": 499, "item_5_name": "Shiva's Guard", "hero_name": "Doom", "gold_per_min": 499, "deaths": 8, "denies": 2, "item_2_name": "Blink Dagger", "item_1_name": "Phase Boots"}, {"item_2": 108, "assists": 21, "leaver_status": 0, "item_1": 46, "item_0": 180, "item_0_name": "Arcane Boots", "leaver_status_description": "finished match, no abandon", "level": 17, "player_slot": 129, "leaver_status_name": "NONE", "hero_id": 27, "last_hits": 82, "kills": 6, "account_id": 44519260, "item_3_name": "Blink Dagger", "item_4": 36, "item_3": 1, "item_4_name": "Magic Wand", "item_5": 102, "xp_per_min": 371, "item_5_name": "Force Staff", "hero_name": "Shadow Shaman", "gold_per_min": 390, "deaths": 9, "denies": 0, "item_2_name": "Aghanim's Scepter", "item_1_name": "Town Portal Scroll"}, {"item_2": 112, "assists": 18, "leaver_status": 0, "item_1": 108, "item_0": 1, "item_0_name": "Blink Dagger", "leaver_status_description": "finished match, no abandon", "level": 24, "player_slot": 130, "leaver_status_name": "NONE", "hero_id": 78, "last_hits": 154, "kills": 8, "account_id": 157457163, "item_3_name": "Town Portal Scroll", "item_4": 29, "item_3": 46, "item_4_name": "Boots of Speed", "item_5": 0, "xp_per_min": 662, "hero_name": "Brewmaster", "gold_per_min": 447, "deaths": 4, "denies": 28, "item_2_name": "Assault Cuirass", "item_1_name": "Aghanim's Scepter"}, {"item_2": 1, "assists": 21, "leaver_status": 0, "item_1": 90, "item_0": 121, "item_0_name": "Bloodstone", "leaver_status_description": "finished match, no abandon", "level": 25, "player_slot": 131, "leaver_status_name": "NONE", "hero_id": 98, "last_hits": 266, "kills": 19, "account_id": 39173624, "item_3_name": "Boots of Travel", "item_4": 114, "item_3": 48, "item_4_name": "Heart of Tarrasque", "item_5": 0, "xp_per_min": 713, "hero_name": "Timbersaw", "gold_per_min": 597, "deaths": 5, "denies": 3, "item_2_name": "Blink Dagger", "item_1_name": "Pipe of Insight"}, {"item_2": 92, "assists": 21, "leaver_status": 0, "item_1": 102, "item_0": 36, "item_0_name": "Magic Wand", "leaver_status_description": "finished match, no abandon", "level": 19, "player_slot": 132, "leaver_status_name": "NONE", "hero_id": 9, "last_hits": 37, "kills": 7, "account_id": 116201886, "item_3_name": "Town Portal Scroll", "item_4": 42, "item_3": 46, "item_4_name": "Observer Ward", "item_5": 180, "xp_per_min": 427, "item_5_name": "Arcane Boots", "hero_name": "Mirana", "gold_per_min": 307, "deaths": 4, "denies": 1, "item_2_name": "Urn of Shadows", "item_1_name": "Force Staff"}], "dire_team_id": 1087276, "picks_bans": [{"order": 0, "is_pick": false, "hero_id": 47, "team": 0}, {"order": 1, "is_pick": false, "hero_id": 77, "team": 1}, {"order": 2, "is_pick": false, "hero_id": 43, "team": 0}, {"order": 3, "is_pick": false, "hero_id": 41, "team": 1}, {"order": 4, "is_pick": true, "hero_id": 15, "team": 0}, {"order": 5, "is_pick": true, "hero_id": 69, "team": 1}, {"order": 6, "is_pick": true, "hero_id": 27, "team": 1}, {"order": 7, "is_pick": true, "hero_id": 96, "team": 0}, {"order": 8, "is_pick": false, "hero_id": 7, "team": 0}, {"order": 9, "is_pick": false, "hero_id": 101, "team": 1}, {"order": 10, "is_pick": false, "hero_id": 63, "team": 0}, {"order": 11, "is_pick": false, "hero_id": 64, "team": 1}, {"order": 12, "is_pick": true, "hero_id": 78, "team": 1}, {"order": 13, "is_pick": true, "hero_id": 30, "team": 0}, {"order": 14, "is_pick": true, "hero_id": 9, "team": 1}, {"order": 15, "is_pick": true, "hero_id": 100, "team": 0}, {"order": 16, "is_pick": false, "hero_id": 53, "team": 1}, {"order": 17, "is_pick": false, "hero_id": 29, "team": 0}, {"order": 18, "is_pick": true, "hero_id": 98, "team": 1}, {"order": 19, "is_pick": true, "hero_id": 82, "team": 0}], "dire_name": "The Thundercats!", "negative_votes": 2}