{"dire_captain": 10366616, "tower_status_radiant": 1974, "flags": 0, "radiant_team_complete": 1, "game_mode": 2, "radiant_score": 0, "match_id": 888145706, "lobby_name": "Practice", "dire_logo": 487827175124862465, "pre_game_duration": 0, "radiant_captain": 115975133, "radiant_name": "Sneaky Nyx Assassins", "match_seq_num": 795248954, "dire_team_complete": 0, "start_time": 1410383517, "radiant_win": false, "positive_votes": 29, "leagueid": 1712, "duration": 1180, "dire_score": 0, "lobby_type": 1, "cluster": 123, "engine": 0, "barracks_status_dire": 63, "barracks_status_radiant": 63, "cluster_name": "US East", "first_blood_time": 78, "radiant_team_id": 1453020, "radiant_logo": 3281180234046031347, "human_players": 10, "game_mode_name": "Captains Mode", "tower_status_dire": 2047, "players": [{"item_2": 0, "assists": 1, "leaver_status": 0, "item_1": 50, "item_0": 24, "item_0_name": "Ultimate Orb", "leaver_status_description": "finished match, no abandon", "level": 11, "player_slot": 0, "leaver_status_name": "NONE", "hero_id": 9, "last_hits": 81, "kills": 3, "account_id": 115975133, "item_3_name": "Ring of Basilius", "item_4": 65, "item_3": 88, "item_4_name": "Hand of Midas", "item_5": 46, "xp_per_min": 367, "item_5_name": "Town Portal Scroll", "hero_name": "Mirana", "gold_per_min": 401, "deaths": 4, "denies": 12, "item_1_name": "Phase Boots"}, {"item_2": 16, "assists": 5, "leaver_status": 0, "item_1": 34, "item_0": 42, "item_0_name": "Observer Ward", "leaver_status_description": "finished match, no abandon", "level": 8, "player_slot": 1, "leaver_status_name": "NONE", "hero_id": 31, "last_hits": 10, "kills": 0, "account_id": 41470731, "item_3_name": "Tranquil Boots", "item_4": 0, "item_3": 214, "item_5": 0, "xp_per_min": 165, "hero_name": "Lich", "gold_per_min": 135, "deaths": 4, "denies": 2, "item_2_name": "Iron Branch", "item_1_name": "Magic Stick"}, {"item_2": 60, "assists": 2, "leaver_status": 0, "item_1": 46, "item_0": 1, "item_0_name": "Blink Dagger", "leaver_status_description": "finished match, no abandon", "level": 11, "player_slot": 2, "leaver_status_name": "NONE", "hero_id": 78, "last_hits": 42, "kills": 3, "account_id": 86715129, "item_3_name": "Boots of Speed", "item_4": 182, "item_3": 29, "item_4_name": "Stout Shield", "item_5": 0, "xp_per_min": 365, "hero_name": "Brewmaster", "gold_per_min": 272, "deaths": 5, "denies": 3, "item_2_name": "Point Booster", "item_1_name": "Town Portal Scroll"}, {"item_2": 0, "assists": 5, "leaver_status": 0, "item_1": 46, "item_0": 36, "item_0_name": "Magic Wand", "leaver_status_description": "finished match, no abandon", "level": 8, "player_slot": 3, "leaver_status_name": "NONE", "hero_id": 20, "last_hits": 18, "kills": 1, "account_id": 38515149, "item_3_name": "Boots of Speed", "item_4": 0, "item_3": 29, "item_5": 0, "xp_per_min": 221, "hero_name": "Vengeful Spirit", "gold_per_min": 172, "deaths": 6, "denies": 1, "item_1_name": "Town Portal Scroll"}, {"item_2": 212, "assists": 3, "leaver_status": 0, "item_1": 41, "item_0": 79, "item_0_name": "Mekansm", "leaver_status_description": "finished match, no abandon", "level": 11, "player_slot": 4, "leaver_status_name": "NONE", "hero_id": 15, "last_hits": 87, "kills": 2, "account_id": 67601693, "item_4": 50, "item_3": 0, "item_4_name": "Phase Boots", "item_5": 46, "xp_per_min": 386, "item_5_name": "Town Portal Scroll", "hero_name": "Razor", "gold_per_min": 347, "deaths": 6, "denies": 11, "item_2_name": "Ring of Aquila", "item_1_name": "Bottle"}, {"item_2": 46, "assists": 11, "leaver_status": 0, "item_1": 212, "item_0": 63, "item_0_name": "Power Treads", "leaver_status_description": "finished match, no abandon", "level": 13, "player_slot": 128, "leaver_status_name": "NONE", "hero_id": 47, "last_hits": 108, "kills": 6, "account_id": 10366616, "item_3_name": "Mekansm", "item_4": 21, "item_3": 79, "item_4_name": "Ogre Club", "item_5": 60, "xp_per_min": 508, "item_5_name": "Point Booster", "hero_name": "Viper", "gold_per_min": 515, "deaths": 1, "denies": 15, "item_2_name": "Town Portal Scroll", "item_1_name": "Ring of Aquila"}, {"item_2": 0, "assists": 12, "leaver_status": 0, "item_1": 180, "item_0": 1, "item_0_name": "Blink Dagger", "leaver_status_description": "finished match, no abandon", "level": 9, "player_slot": 129, "leaver_status_name": "NONE", "hero_id": 7, "last_hits": 28, "kills": 2, "account_id": 87196890, "item_3_name": "Iron Branch", "item_4": 16, "item_3": 16, "item_4_name": "Iron Branch", "item_5": 0, "xp_per_min": 255, "hero_name": "Earthshaker", "gold_per_min": 251, "deaths": 2, "denies": 0, "item_1_name": "Arcane Boots"}, {"item_2": 36, "assists": 5, "leaver_status": 0, "item_1": 77, "item_0": 77, "item_0_name": "Null Talisman", "leaver_status_description": "finished match, no abandon", "level": 11, "player_slot": 130, "leaver_status_name": "NONE", "hero_id": 101, "last_hits": 27, "kills": 7, "account_id": 5448108, "item_3_name": "Boots of Travel", "item_4": 92, "item_3": 48, "item_4_name": "Urn of Shadows", "item_5": 42, "xp_per_min": 351, "item_5_name": "Observer Ward", "hero_name": "Skywrath Mage", "gold_per_min": 326, "deaths": 2, "denies": 2, "item_2_name": "Magic Wand", "item_1_name": "Null Talisman"}, {"item_2": 29, "assists": 6, "leaver_status": 0, "item_1": 41, "item_0": 108, "item_0_name": "Aghanim's Scepter", "leaver_status_description": "finished match, no abandon", "level": 15, "player_slot": 131, "leaver_status_name": "NONE", "hero_id": 37, "last_hits": 100, "kills": 3, "account_id": 86726887, "item_3_name": "Magic Wand", "item_4": 65, "item_3": 36, "item_4_name": "Hand of Midas", "item_5": 0, "xp_per_min": 615, "hero_name": "Warlock", "gold_per_min": 481, "deaths": 1, "denies": 16, "item_2_name": "Boots of Speed", "item_1_name": "Bottle"}, {"item_2": 34, "assists": 11, "leaver_status": 0, "item_1": 127, "item_0": 41, "item_0_name": "Bottle", "leaver_status_description": "finished match, no abandon", "level": 13, "player_slot": 132, "leaver_status_name": "NONE", "hero_id": 51, "last_hits": 46, "kills": 7, "account_id": 31818853, "item_3_name": "Power Treads", "item_4": 182, "item_3": 63, "item_4_name": "Stout Shield", "item_5": 46, "xp_per_min": 506, "item_5_name": "Town Portal Scroll", "hero_name": "Clockwerk", "gold_per_min": 400, "deaths": 3, "denies": 8, "item_2_name": "Magic Stick", "item_1_name": "Blade Mail"}], "dire_team_id": 1642908, "picks_bans": [{"order": 0, "is_pick": false, "hero_id": 41, "team": 0}, {"order": 1, "is_pick": false, "hero_id": 43, "team": 1}, {"order": 2, "is_pick": false, "hero_id": 69, "team": 0}, {"order": 3, "is_pick": false, "hero_id": 77, "team": 1}, {"order": 4, "is_pick": true, "hero_id": 15, "team": 0}, {"order": 5, "is_pick": true, "hero_id": 47, "team": 1}, {"order": 6, "is_pick": true, "hero_id": 101, "team": 1}, {"order": 7, "is_pick": true, "hero_id": 78, "team": 0}, {"order": 8, "is_pick": false, "hero_id": 53, "team": 0}, {"order": 9, "is_pick": false, "hero_id": 45, "team": 1}, {"order": 10, "is_pick": false, "hero_id": 96, "team": 0}, {"order": 11, "is_pick": false, "hero_id": 27, "team": 1}, {"order": 12, "is_pick": true, "hero_id": 51, "team": 1}, {"order": 13, "is_pick": true, "hero_id": 20, "team": 0}, {"order": 14, "is_pick": true, "hero_id": 7, "team": 1}, {"order": 15, "is_pick": true, "hero_id": 9, "team": 0}, {"order": 16, "is_pick": false, "hero_id": 106, "team": 1}, {"order": 17, "is_pick": false, "hero_id": 34, "team": 0}, {"order": 18, "is_pick": true, "hero_id": 37, "team": 1}, {"order": 19, "is_pick": true, "hero_id": 31, "team": 0}], "dire_name": "Natus Vincere US", "negative_votes": 3}