{"dire_captain": 36547811, "tower_status_radiant": 0, "flags": 0, "radiant_team_complete": 1, "game_mode": 2, "radiant_score": 0, "match_id": 892980573, "lobby_name": "Practice", "dire_logo": 642124127283031446, "pre_game_duration": 0, "radiant_captain": 89137399, "radiant_name": "NAM VEZET-MI IGRAEM", "match_seq_num": 799549872, "dire_team_complete": 0, "start_time": 1410591099, "radiant_win": false, "positive_votes": 60, "leagueid": 1887, "duration": 3516, "dire_score": 0, "lobby_type": 1, "cluster": 182, "engine": 0, "barracks_status_dire": 63, "barracks_status_radiant": 0, "cluster_name": "Russia", "first_blood_time": 113, "radiant_team_id": 1803996, "radiant_logo": 575652270942579148, "human_players": 10, "game_mode_name": "Captains Mode", "tower_status_dire": 1956, "players": [{"item_2": 0, "assists": 4, "leaver_status": 0, "item_1": 102, "item_0": 79, "item_0_name": "Mekansm", "leaver_status_description": "finished match, no abandon", "level": 20, "player_slot": 0, "leaver_status_name": "NONE", "hero_id": 58, "last_hits": 146, "kills": 7, "account_id": 89137399, "item_3_name": "Magic Wand", "item_4": 63, "item_3": 36, "item_4_name": "Power Treads", "item_5": 108, "xp_per_min": 365, "item_5_name": "Aghanim's Scepter", "hero_name": "Enchantress", "gold_per_min": 273, "deaths": 7, "denies": 1, "item_1_name": "Force Staff"}, {"item_2": 116, "assists": 10, "leaver_status": 0, "item_1": 185, "item_0": 135, "item_0_name": "Monkey King Bar", "leaver_status_description": "finished match, no abandon", "level": 22, "player_slot": 1, "leaver_status_name": "NONE", "hero_id": 18, "last_hits": 433, "kills": 5, "account_id": 26316691, "item_3_name": "Linken's Sphere", "item_4": 63, "item_3": 123, "item_4_name": "Power Treads", "item_5": 141, "xp_per_min": 454, "item_5_name": "Daedalus", "hero_name": "Sven", "gold_per_min": 508, "deaths": 8, "denies": 10, "item_2_name": "Black King Bar", "item_1_name": "Drum of Endurance"}, {"item_2": 1, "assists": 6, "leaver_status": 0, "item_1": 204, "item_0": 176, "item_0_name": "Ethereal Blade", "leaver_status_description": "finished match, no abandon", "level": 22, "player_slot": 2, "leaver_status_name": "NONE", "hero_id": 34, "last_hits": 407, "kills": 5, "account_id": 86750262, "item_3_name": "Boots of Travel", "item_4": 178, "item_3": 48, "item_4_name": "Soul Ring", "item_5": 33, "xp_per_min": 450, "item_5_name": "Cheese", "hero_name": "Tinker", "gold_per_min": 473, "deaths": 7, "denies": 10, "item_2_name": "Blink Dagger", "item_1_name": "Dagon"}, {"item_2": 112, "assists": 12, "leaver_status": 0, "item_1": 210, "item_0": 26, "item_0_name": "Morbid Mask", "leaver_status_description": "finished match, no abandon", "level": 23, "player_slot": 3, "leaver_status_name": "NONE", "hero_id": 103, "last_hits": 305, "kills": 2, "account_id": 94338967, "item_3_name": "Black King Bar", "item_4": 63, "item_3": 116, "item_4_name": "Power Treads", "item_5": 154, "xp_per_min": 492, "item_5_name": "Sange and Yasha", "hero_name": "Elder Titan", "gold_per_min": 398, "deaths": 7, "denies": 4, "item_2_name": "Assault Cuirass", "item_1_name": "Heaven's Halberd"}, {"item_2": 63, "assists": 15, "leaver_status": 0, "item_1": 41, "item_0": 37, "item_0_name": "Ghost Scepter", "leaver_status_description": "finished match, no abandon", "level": 18, "player_slot": 4, "leaver_status_name": "NONE", "hero_id": 91, "last_hits": 16, "kills": 3, "account_id": 106809101, "item_4": 0, "item_3": 0, "item_5": 36, "xp_per_min": 300, "item_5_name": "Magic Wand", "hero_name": "Io", "gold_per_min": 186, "deaths": 8, "denies": 4, "item_2_name": "Power Treads", "item_1_name": "Bottle"}, {"item_2": 92, "assists": 21, "leaver_status": 0, "item_1": 108, "item_0": 29, "item_0_name": "Boots of Speed", "leaver_status_description": "finished match, no abandon", "level": 19, "player_slot": 128, "leaver_status_name": "NONE", "hero_id": 68, "last_hits": 46, "kills": 3, "account_id": 36547811, "item_3_name": "Gem of True Sight", "item_4": 102, "item_3": 30, "item_4_name": "Force Staff", "item_5": 46, "xp_per_min": 336, "item_5_name": "Town Portal Scroll", "hero_name": "Ancient Apparition", "gold_per_min": 261, "deaths": 5, "denies": 5, "item_2_name": "Urn of Shadows", "item_1_name": "Aghanim's Scepter"}, {"item_2": 127, "assists": 18, "leaver_status": 0, "item_1": 158, "item_0": 63, "item_0_name": "Power Treads", "leaver_status_description": "finished match, no abandon", "level": 25, "player_slot": 129, "leaver_status_name": "NONE", "hero_id": 42, "last_hits": 371, "kills": 8, "account_id": 96196828, "item_3_name": "Abyssal Blade", "item_4": 1, "item_3": 208, "item_4_name": "Blink Dagger", "item_5": 112, "xp_per_min": 553, "item_5_name": "Assault Cuirass", "hero_name": "Wraith King", "gold_per_min": 574, "deaths": 6, "denies": 2, "item_2_name": "Blade Mail", "item_1_name": "Mjollnir"}, {"item_2": 194, "assists": 19, "leaver_status": 0, "item_1": 116, "item_0": 96, "item_0_name": "Scythe of Vyse", "leaver_status_description": "finished match, no abandon", "level": 25, "player_slot": 130, "leaver_status_name": "NONE", "hero_id": 78, "last_hits": 302, "kills": 6, "account_id": 87586992, "item_3_name": "Vladmir's Offering", "item_4": 1, "item_3": 81, "item_4_name": "Blink Dagger", "item_5": 48, "xp_per_min": 552, "item_5_name": "Boots of Travel", "hero_name": "Brewmaster", "gold_per_min": 487, "deaths": 2, "denies": 7, "item_2_name": "Necronomicon", "item_1_name": "Black King Bar"}, {"item_2": 114, "assists": 16, "leaver_status": 0, "item_1": 116, "item_0": 141, "item_0_name": "Daedalus", "leaver_status_description": "finished match, no abandon", "level": 25, "player_slot": 131, "leaver_status_name": "NONE", "hero_id": 47, "last_hits": 444, "kills": 11, "account_id": 53178236, "item_3_name": "Aghanim's Scepter", "item_4": 139, "item_3": 108, "item_4_name": "Butterfly", "item_5": 48, "xp_per_min": 553, "item_5_name": "Boots of Travel", "hero_name": "Viper", "gold_per_min": 635, "deaths": 3, "denies": 26, "item_2_name": "Heart of Tarrasque", "item_1_name": "Black King Bar"}, {"item_2": 31, "assists": 14, "leaver_status": 0, "item_1": 0, "item_0": 116, "item_0_name": "Black King Bar", "leaver_status_description": "finished match, no abandon", "level": 20, "player_slot": 132, "leaver_status_name": "NONE", "hero_id": 101, "last_hits": 83, "kills": 9, "account_id": 76600360, "item_3_name": "Eul's Scepter of Divinity", "item_4": 185, "item_3": 100, "item_4_name": "Drum of Endurance", "item_5": 180, "xp_per_min": 390, "item_5_name": "Arcane Boots", "hero_name": "Skywrath Mage", "gold_per_min": 320, "deaths": 6, "denies": 2, "item_2_name": "Cloak"}], "dire_team_id": 1883502, "picks_bans": [{"order": 0, "is_pick": false, "hero_id": 9, "team": 0}, {"order": 1, "is_pick": false, "hero_id": 92, "team": 1}, {"order": 2, "is_pick": false, "hero_id": 15, "team": 0}, {"order": 3, "is_pick": false, "hero_id": 43, "team": 1}, {"order": 4, "is_pick": true, "hero_id": 34, "team": 0}, {"order": 5, "is_pick": true, "hero_id": 47, "team": 1}, {"order": 6, "is_pick": true, "hero_id": 78, "team": 1}, {"order": 7, "is_pick": true, "hero_id": 91, "team": 0}, {"order": 8, "is_pick": false, "hero_id": 79, "team": 0}, {"order": 9, "is_pick": false, "hero_id": 99, "team": 1}, {"order": 10, "is_pick": false, "hero_id": 3, "team": 0}, {"order": 11, "is_pick": false, "hero_id": 81, "team": 1}, {"order": 12, "is_pick": true, "hero_id": 101, "team": 1}, {"order": 13, "is_pick": true, "hero_id": 103, "team": 0}, {"order": 14, "is_pick": true, "hero_id": 42, "team": 1}, {"order": 15, "is_pick": true, "hero_id": 18, "team": 0}, {"order": 16, "is_pick": false, "hero_id": 66, "team": 1}, {"order": 17, "is_pick": false, "hero_id": 96, "team": 0}, {"order": 18, "is_pick": true, "hero_id": 68, "team": 1}, {"order": 19, "is_pick": true, "hero_id": 58, "team": 0}], "dire_name": "Virtus.pro", "negative_votes": 7}