{"dire_captain": 89246836, "tower_status_radiant": 1983, "flags": 0, "radiant_team_complete": 1, "game_mode": 2, "radiant_score": 0, "match_id": 901967482, "lobby_name": "Practice", "dire_logo": 528418381437908533, "pre_game_duration": 0, "radiant_captain": 103039499, "radiant_name": "LaiGaming", "match_seq_num": 807383512, "dire_team_complete": 1, "start_time": 1410944432, "radiant_win": true, "positive_votes": 159, "leagueid": 1803, "duration": 2905, "dire_score": 0, "lobby_type": 1, "cluster": 223, "engine": 0, "barracks_status_dire": 16, "barracks_status_radiant": 63, "cluster_name": "China", "first_blood_time": 506, "radiant_team_id": 1848465, "radiant_logo": 28466819225810269, "human_players": 10, "game_mode_name": "Captains Mode", "tower_status_dire": 0, "players": [{"item_2": 0, "assists": 16, "leaver_status": 0, "item_1": 21, "item_0": 1, "item_0_name": "Blink Dagger", "leaver_status_description": "finished match, no abandon", "level": 15, "player_slot": 0, "leaver_status_name": "NONE", "hero_id": 27, "last_hits": 120, "kills": 4, "account_id": 103039499, "item_3_name": "Arcane Boots", "item_4": 92, "item_3": 180, "item_4_name": "Urn of Shadows", "item_5": 60, "xp_per_min": 269, "item_5_name": "Point Booster", "hero_name": "Shadow Shaman", "gold_per_min": 341, "deaths": 12, "denies": 3, "item_1_name": "Ogre Club"}, {"item_2": 141, "assists": 15, "leaver_status": 0, "item_1": 185, "item_0": 46, "item_0_name": "Town Portal Scroll", "leaver_status_description": "finished match, no abandon", "level": 23, "player_slot": 1, "leaver_status_name": "NONE", "hero_id": 106, "last_hits": 276, "kills": 10, "account_id": 131237305, "item_3_name": "Phase Boots", "item_4": 145, "item_3": 50, "item_4_name": "Battle Fury", "item_5": 123, "xp_per_min": 605, "item_5_name": "Linken's Sphere", "hero_name": "Ember Spirit", "gold_per_min": 534, "deaths": 5, "denies": 5, "item_2_name": "Daedalus", "item_1_name": "Drum of Endurance"}, {"item_2": 100, "assists": 18, "leaver_status": 0, "item_1": 176, "item_0": 214, "item_0_name": "Tranquil Boots", "leaver_status_description": "finished match, no abandon", "level": 23, "player_slot": 2, "leaver_status_name": "NONE", "hero_id": 64, "last_hits": 132, "kills": 7, "account_id": 111533846, "item_3_name": "Blink Dagger", "item_4": 46, "item_3": 1, "item_4_name": "Town Portal Scroll", "item_5": 108, "xp_per_min": 591, "item_5_name": "Aghanim's Scepter", "hero_name": "Jakiro", "gold_per_min": 421, "deaths": 4, "denies": 2, "item_2_name": "Eul's Scepter of Divinity", "item_1_name": "Ethereal Blade"}, {"item_2": 90, "assists": 12, "leaver_status": 0, "item_1": 102, "item_0": 1, "item_0_name": "Blink Dagger", "leaver_status_description": "finished match, no abandon", "level": 21, "player_slot": 3, "leaver_status_name": "NONE", "hero_id": 96, "last_hits": 227, "kills": 9, "account_id": 113070925, "item_3_name": "Black King Bar", "item_4": 214, "item_3": 116, "item_4_name": "Tranquil Boots", "item_5": 9, "xp_per_min": 486, "item_5_name": "Platemail", "hero_name": "Centaur Warrunner", "gold_per_min": 476, "deaths": 5, "denies": 13, "item_2_name": "Pipe of Insight", "item_1_name": "Force Staff"}, {"item_2": 42, "assists": 14, "leaver_status": 0, "item_1": 100, "item_0": 206, "item_0_name": "Rod of Atos", "leaver_status_description": "finished match, no abandon", "level": 16, "player_slot": 4, "leaver_status_name": "NONE", "hero_id": 101, "last_hits": 18, "kills": 5, "account_id": 112940846, "item_3_name": "Blink Dagger", "item_4": 29, "item_3": 1, "item_4_name": "Boots of Speed", "item_5": 46, "xp_per_min": 311, "item_5_name": "Town Portal Scroll", "hero_name": "Skywrath Mage", "gold_per_min": 289, "deaths": 7, "denies": 2, "item_2_name": "Observer Ward", "item_1_name": "Eul's Scepter of Divinity"}, {"item_2": 34, "assists": 11, "leaver_status": 0, "item_1": 0, "item_0": 108, "item_0_name": "Aghanim's Scepter", "leaver_status_description": "finished match, no abandon", "level": 15, "player_slot": 128, "leaver_status_name": "NONE", "hero_id": 30, "last_hits": 52, "kills": 4, "account_id": 89246836, "item_3_name": "Arcane Boots", "item_4": 46, "item_3": 180, "item_4_name": "Town Portal Scroll", "item_5": 0, "xp_per_min": 266, "hero_name": "Witch Doctor", "gold_per_min": 209, "deaths": 10, "denies": 1, "item_2_name": "Magic Stick"}, {"item_2": 116, "assists": 15, "leaver_status": 0, "item_1": 102, "item_0": 1, "item_0_name": "Blink Dagger", "leaver_status_description": "finished match, no abandon", "level": 20, "player_slot": 129, "leaver_status_name": "NONE", "hero_id": 65, "last_hits": 168, "kills": 10, "account_id": 138885864, "item_3_name": "Tranquil Boots", "item_4": 9, "item_3": 214, "item_4_name": "Platemail", "item_5": 0, "xp_per_min": 463, "hero_name": "Batrider", "gold_per_min": 353, "deaths": 4, "denies": 0, "item_2_name": "Black King Bar", "item_1_name": "Force Staff"}, {"item_2": 204, "assists": 15, "leaver_status": 0, "item_1": 48, "item_0": 116, "item_0_name": "Black King Bar", "leaver_status_description": "finished match, no abandon", "level": 24, "player_slot": 130, "leaver_status_name": "NONE", "hero_id": 34, "last_hits": 361, "kills": 10, "account_id": 88585077, "item_3_name": "Blink Dagger", "item_4": 178, "item_3": 1, "item_4_name": "Soul Ring", "item_5": 37, "xp_per_min": 622, "item_5_name": "Ghost Scepter", "hero_name": "Tinker", "gold_per_min": 505, "deaths": 6, "denies": 15, "item_2_name": "Dagon", "item_1_name": "Boots of Travel"}, {"item_2": 188, "assists": 15, "leaver_status": 0, "item_1": 46, "item_0": 42, "item_0_name": "Observer Ward", "leaver_status_description": "finished match, no abandon", "level": 15, "player_slot": 131, "leaver_status_name": "NONE", "hero_id": 68, "last_hits": 31, "kills": 0, "account_id": 90031225, "item_3_name": "Iron Branch", "item_4": 29, "item_3": 16, "item_4_name": "Boots of Speed", "item_5": 108, "xp_per_min": 266, "item_5_name": "Aghanim's Scepter", "hero_name": "Ancient Apparition", "gold_per_min": 173, "deaths": 7, "denies": 8, "item_2_name": "Smoke of Deceit", "item_1_name": "Town Portal Scroll"}, {"item_2": 108, "assists": 7, "leaver_status": 0, "item_1": 172, "item_0": 116, "item_0_name": "Black King Bar", "leaver_status_description": "finished match, no abandon", "level": 23, "player_slot": 132, "leaver_status_name": "NONE", "hero_id": 41, "last_hits": 242, "kills": 8, "account_id": 88553213, "item_3_name": "Power Treads", "item_4": 51, "item_3": 63, "item_4_name": "Demon Edge", "item_5": 149, "xp_per_min": 604, "item_5_name": "Crystalys", "hero_name": "Faceless Void", "gold_per_min": 471, "deaths": 8, "denies": 30, "item_2_name": "Aghanim's Scepter", "item_1_name": "Mask of Madness"}], "dire_team_id": 5, "picks_bans": [{"order": 0, "is_pick": false, "hero_id": 15, "team": 0}, {"order": 1, "is_pick": false, "hero_id": 43, "team": 1}, {"order": 2, "is_pick": false, "hero_id": 69, "team": 0}, {"order": 3, "is_pick": false, "hero_id": 77, "team": 1}, {"order": 4, "is_pick": true, "hero_id": 101, "team": 0}, {"order": 5, "is_pick": true, "hero_id": 65, "team": 1}, {"order": 6, "is_pick": true, "hero_id": 41, "team": 1}, {"order": 7, "is_pick": true, "hero_id": 96, "team": 0}, {"order": 8, "is_pick": false, "hero_id": 74, "team": 0}, {"order": 9, "is_pick": false, "hero_id": 20, "team": 1}, {"order": 10, "is_pick": false, "hero_id": 9, "team": 0}, {"order": 11, "is_pick": false, "hero_id": 92, "team": 1}, {"order": 12, "is_pick": true, "hero_id": 68, "team": 1}, {"order": 13, "is_pick": true, "hero_id": 64, "team": 0}, {"order": 14, "is_pick": true, "hero_id": 30, "team": 1}, {"order": 15, "is_pick": true, "hero_id": 106, "team": 0}, {"order": 16, "is_pick": false, "hero_id": 89, "team": 1}, {"order": 17, "is_pick": false, "hero_id": 47, "team": 0}, {"order": 18, "is_pick": true, "hero_id": 34, "team": 1}, {"order": 19, "is_pick": true, "hero_id": 27, "team": 0}], "dire_name": "Invictus Gaming", "negative_votes": 63}