{"dire_captain": 136186119, "tower_status_radiant": 1982, "flags": 0, "lobby_type": 1, "cluster": 223, "game_mode_name": "Captains Mode", "engine": 0, "barracks_status_dire": 63, "barracks_status_radiant": 63, "cluster_name": "China", "radiant_score": 0, "match_id": 905824466, "lobby_name": "Practice", "dire_score": 0, "first_blood_time": 125, "radiant_team_id": 1848465, "radiant_logo": 28466819225810269, "human_players": 10, "pre_game_duration": 0, "radiant_team_complete": 1, "radiant_captain": 103039499, "players": [{"item_2": 214, "assists": 2, "leaver_status": 0, "item_1": 108, "item_0": 55, "item_0_name": "Hyperstone", "leaver_status_description": "finished match, no abandon", "level": 12, "player_slot": 0, "leaver_status_name": "NONE", "hero_id": 92, "last_hits": 90, "kills": 6, "account_id": 103039499, "item_3_name": "Magic Stick", "item_4": 0, "item_3": 34, "item_5": 0, "xp_per_min": 359, "hero_name": "Visage", "gold_per_min": 432, "deaths": 0, "denies": 6, "item_2_name": "Tranquil Boots", "item_1_name": "Aghanim's Scepter"}, {"item_2": 36, "assists": 6, "leaver_status": 0, "item_1": 41, "item_0": 50, "item_0_name": "Phase Boots", "leaver_status_description": "finished match, no abandon", "level": 14, "player_slot": 1, "leaver_status_name": "NONE", "hero_id": 21, "last_hits": 113, "kills": 2, "account_id": 131237305, "item_3_name": "Blink Dagger", "item_4": 79, "item_3": 1, "item_4_name": "Mekansm", "item_5": 46, "xp_per_min": 465, "item_5_name": "Town Portal Scroll", "hero_name": "Windranger", "gold_per_min": 441, "deaths": 1, "denies": 16, "item_2_name": "Magic Wand", "item_1_name": "Bottle"}, {"item_2": 60, "assists": 11, "leaver_status": 0, "item_1": 21, "item_0": 1, "item_0_name": "Blink Dagger", "leaver_status_description": "finished match, no abandon", "level": 13, "player_slot": 2, "leaver_status_name": "NONE", "hero_id": 78, "last_hits": 73, "kills": 2, "account_id": 111533846, "item_3_name": "Arcane Boots", "item_4": 46, "item_3": 180, "item_4_name": "Town Portal Scroll", "item_5": 34, "xp_per_min": 389, "item_5_name": "Magic Stick", "hero_name": "Brewmaster", "gold_per_min": 363, "deaths": 3, "denies": 11, "item_2_name": "Point Booster", "item_1_name": "Ogre Club"}, {"item_2": 147, "assists": 2, "leaver_status": 0, "item_1": 63, "item_0": 1, "item_0_name": "Blink Dagger", "leaver_status_description": "finished match, no abandon", "level": 16, "player_slot": 3, "leaver_status_name": "NONE", "hero_id": 6, "last_hits": 180, "kills": 1, "account_id": 113070925, "item_3_name": "Wraith Band", "item_4": 65, "item_3": 75, "item_4_name": "Hand of Midas", "item_5": 117, "xp_per_min": 559, "item_5_name": "Aegis of the Immortal", "hero_name": "Drow Ranger", "gold_per_min": 541, "deaths": 0, "denies": 7, "item_2_name": "Manta Style", "item_1_name": "Power Treads"}, {"item_2": 0, "assists": 10, "leaver_status": 0, "item_1": 100, "item_0": 92, "item_0_name": "Urn of Shadows", "leaver_status_description": "finished match, no abandon", "level": 11, "player_slot": 4, "leaver_status_name": "NONE", "hero_id": 101, "last_hits": 10, "kills": 5, "account_id": 112940846, "item_3_name": "Arcane Boots", "item_4": 188, "item_3": 180, "item_4_name": "Smoke of Deceit", "item_5": 46, "xp_per_min": 287, "item_5_name": "Town Portal Scroll", "hero_name": "Skywrath Mage", "gold_per_min": 272, "deaths": 2, "denies": 1, "item_1_name": "Eul's Scepter of Divinity"}, {"item_2": 36, "assists": 1, "leaver_status": 0, "item_1": 178, "item_0": 46, "item_0_name": "Town Portal Scroll", "leaver_status_description": "finished match, no abandon", "level": 11, "player_slot": 128, "leaver_status_name": "NONE", "hero_id": 103, "last_hits": 69, "kills": 1, "account_id": 88521435, "item_3_name": "Sange", "item_4": 4, "item_3": 162, "item_4_name": "Chainmail", "item_5": 214, "xp_per_min": 313, "item_5_name": "Tranquil Boots", "hero_name": "Elder Titan", "gold_per_min": 259, "deaths": 2, "denies": 3, "item_2_name": "Magic Wand", "item_1_name": "Soul Ring"}, {"item_2": 0, "assists": 3, "leaver_status": 0, "item_1": 180, "item_0": 1, "item_0_name": "Blink Dagger", "leaver_status_description": "finished match, no abandon", "level": 8, "player_slot": 129, "leaver_status_name": "NONE", "hero_id": 27, "last_hits": 40, "kills": 0, "account_id": 144116580, "item_3_name": "Iron Branch", "item_4": 16, "item_3": 16, "item_4_name": "Iron Branch", "item_5": 0, "xp_per_min": 162, "hero_name": "Shadow Shaman", "gold_per_min": 202, "deaths": 6, "denies": 0, "item_1_name": "Arcane Boots"}, {"item_2": 185, "assists": 1, "leaver_status": 0, "item_1": 50, "item_0": 41, "item_0_name": "Bottle", "leaver_status_description": "finished match, no abandon", "level": 13, "player_slot": 130, "leaver_status_name": "NONE", "hero_id": 106, "last_hits": 105, "kills": 2, "account_id": 117281554, "item_3_name": "Town Portal Scroll", "item_4": 36, "item_3": 46, "item_4_name": "Magic Wand", "item_5": 71, "xp_per_min": 422, "item_5_name": "Poor Man's Shield", "hero_name": "Ember Spirit", "gold_per_min": 343, "deaths": 2, "denies": 10, "item_2_name": "Drum of Endurance", "item_1_name": "Phase Boots"}, {"item_2": 63, "assists": 1, "leaver_status": 0, "item_1": 21, "item_0": 79, "item_0_name": "Mekansm", "leaver_status_description": "finished match, no abandon", "level": 12, "player_slot": 131, "leaver_status_name": "NONE", "hero_id": 47, "last_hits": 121, "kills": 2, "account_id": 112960848, "item_3_name": "Point Booster", "item_4": 212, "item_3": 60, "item_4_name": "Ring of Aquila", "item_5": 22, "xp_per_min": 357, "item_5_name": "Blade of Alacrity", "hero_name": "Viper", "gold_per_min": 356, "deaths": 4, "denies": 16, "item_2_name": "Power Treads", "item_1_name": "Ogre Club"}, {"item_2": 46, "assists": 1, "leaver_status": 0, "item_1": 21, "item_0": 92, "item_0_name": "Urn of Shadows", "leaver_status_description": "finished match, no abandon", "level": 8, "player_slot": 132, "leaver_status_name": "NONE", "hero_id": 58, "last_hits": 42, "kills": 1, "account_id": 136186119, "item_4": 63, "item_3": 0, "item_4_name": "Power Treads", "item_5": 0, "xp_per_min": 156, "hero_name": "Enchantress", "gold_per_min": 201, "deaths": 2, "denies": 0, "item_2_name": "Town Portal Scroll", "item_1_name": "Ogre Club"}], "radiant_name": "LaiGaming", "tower_status_dire": 1828, "match_seq_num": 810755853, "start_time": 1411117332, "picks_bans": [{"order": 0, "is_pick": false, "hero_id": 15, "team": 0}, {"order": 1, "is_pick": false, "hero_id": 43, "team": 1}, {"order": 2, "is_pick": false, "hero_id": 69, "team": 0}, {"order": 3, "is_pick": false, "hero_id": 77, "team": 1}, {"order": 4, "is_pick": true, "hero_id": 101, "team": 0}, {"order": 5, "is_pick": true, "hero_id": 47, "team": 1}, {"order": 6, "is_pick": true, "hero_id": 27, "team": 1}, {"order": 7, "is_pick": true, "hero_id": 78, "team": 0}, {"order": 8, "is_pick": false, "hero_id": 41, "team": 0}, {"order": 9, "is_pick": false, "hero_id": 96, "team": 1}, {"order": 10, "is_pick": false, "hero_id": 34, "team": 0}, {"order": 11, "is_pick": false, "hero_id": 65, "team": 1}, {"order": 12, "is_pick": true, "hero_id": 58, "team": 1}, {"order": 13, "is_pick": true, "hero_id": 92, "team": 0}, {"order": 14, "is_pick": true, "hero_id": 106, "team": 1}, {"order": 15, "is_pick": true, "hero_id": 6, "team": 0}, {"order": 16, "is_pick": false, "hero_id": 13, "team": 1}, {"order": 17, "is_pick": false, "hero_id": 29, "team": 0}, {"order": 18, "is_pick": true, "hero_id": 103, "team": 1}, {"order": 19, "is_pick": true, "hero_id": 21, "team": 0}], "radiant_win": true, "positive_votes": 83, "leagueid": 1803, "game_mode": 2, "duration": 1465, "negative_votes": 7}