{"dire_captain": 82327674, "tower_status_radiant": 1972, "flags": 0, "radiant_team_complete": 1, "game_mode": 2, "radiant_score": 0, "match_id": 906416661, "lobby_name": "Practice", "dire_logo": 630787216938014761, "pre_game_duration": 0, "radiant_captain": 111189717, "radiant_name": "LV-Gaming", "match_seq_num": 811285706, "dire_team_complete": 1, "start_time": 1411134619, "radiant_win": true, "positive_votes": 12, "leagueid": 1350, "duration": 1628, "dire_score": 0, "lobby_type": 1, "cluster": 223, "engine": 0, "barracks_status_dire": 63, "barracks_status_radiant": 63, "cluster_name": "China", "first_blood_time": 86, "radiant_team_id": 1848158, "radiant_logo": 40858161215360745, "human_players": 10, "game_mode_name": "Captains Mode", "tower_status_dire": 1974, "players": [{"item_2": 102, "assists": 16, "leaver_status": 0, "item_1": 1, "item_0": 116, "item_0_name": "Black King Bar", "leaver_status_description": "finished match, no abandon", "level": 17, "player_slot": 0, "leaver_status_name": "NONE", "hero_id": 65, "last_hits": 102, "kills": 9, "account_id": 111189717, "item_4": 214, "item_3": 0, "item_4_name": "Tranquil Boots", "item_5": 30, "xp_per_min": 577, "item_5_name": "Gem of True Sight", "hero_name": "Batrider", "gold_per_min": 431, "deaths": 3, "denies": 0, "item_2_name": "Force Staff", "item_1_name": "Blink Dagger"}, {"item_2": 60, "assists": 10, "leaver_status": 0, "item_1": 63, "item_0": 71, "item_0_name": "Poor Man's Shield", "leaver_status_description": "finished match, no abandon", "level": 14, "player_slot": 1, "leaver_status_name": "NONE", "hero_id": 41, "last_hits": 75, "kills": 2, "account_id": 136477860, "item_3_name": "Town Portal Scroll", "item_4": 65, "item_3": 46, "item_4_name": "Hand of Midas", "item_5": 172, "xp_per_min": 437, "item_5_name": "Mask of Madness", "hero_name": "Faceless Void", "gold_per_min": 349, "deaths": 2, "denies": 0, "item_2_name": "Point Booster", "item_1_name": "Power Treads"}, {"item_2": 46, "assists": 6, "leaver_status": 0, "item_1": 41, "item_0": 92, "item_0_name": "Urn of Shadows", "leaver_status_description": "finished match, no abandon", "level": 12, "player_slot": 2, "leaver_status_name": "NONE", "hero_id": 50, "last_hits": 45, "kills": 2, "account_id": 114239371, "item_3_name": "Magic Wand", "item_4": 0, "item_3": 36, "item_5": 29, "xp_per_min": 326, "item_5_name": "Boots of Speed", "hero_name": "Dazzle", "gold_per_min": 246, "deaths": 4, "denies": 2, "item_2_name": "Town Portal Scroll", "item_1_name": "Bottle"}, {"item_2": 63, "assists": 8, "leaver_status": 0, "item_1": 1, "item_0": 172, "item_0_name": "Mask of Madness", "leaver_status_description": "finished match, no abandon", "level": 16, "player_slot": 3, "leaver_status_name": "NONE", "hero_id": 18, "last_hits": 188, "kills": 14, "account_id": 139280377, "item_3_name": "Black King Bar", "item_4": 46, "item_3": 116, "item_4_name": "Town Portal Scroll", "item_5": 112, "xp_per_min": 538, "item_5_name": "Assault Cuirass", "hero_name": "Sven", "gold_per_min": 626, "deaths": 1, "denies": 23, "item_2_name": "Power Treads", "item_1_name": "Blink Dagger"}, {"item_2": 92, "assists": 14, "leaver_status": 0, "item_1": 36, "item_0": 29, "item_0_name": "Boots of Speed", "leaver_status_description": "finished match, no abandon", "level": 12, "player_slot": 4, "leaver_status_name": "NONE", "hero_id": 91, "last_hits": 18, "kills": 0, "account_id": 131043881, "item_3_name": "Vladmir's Offering", "item_4": 46, "item_3": 81, "item_4_name": "Town Portal Scroll", "item_5": 0, "xp_per_min": 327, "hero_name": "Io", "gold_per_min": 204, "deaths": 2, "denies": 1, "item_2_name": "Urn of Shadows", "item_1_name": "Magic Wand"}, {"item_2": 108, "assists": 6, "leaver_status": 0, "item_1": 41, "item_0": 1, "item_0_name": "Blink Dagger", "leaver_status_description": "finished match, no abandon", "level": 14, "player_slot": 128, "leaver_status_name": "NONE", "hero_id": 78, "last_hits": 79, "kills": 3, "account_id": 98878010, "item_3_name": "Magic Wand", "item_4": 29, "item_3": 36, "item_4_name": "Boots of Speed", "item_5": 0, "xp_per_min": 392, "hero_name": "Brewmaster", "gold_per_min": 348, "deaths": 3, "denies": 9, "item_2_name": "Aghanim's Scepter", "item_1_name": "Bottle"}, {"item_2": 188, "assists": 5, "leaver_status": 0, "item_1": 180, "item_0": 16, "item_0_name": "Iron Branch", "leaver_status_description": "finished match, no abandon", "level": 9, "player_slot": 129, "leaver_status_name": "NONE", "hero_id": 27, "last_hits": 40, "kills": 0, "account_id": 82327674, "item_4": 0, "item_3": 0, "item_5": 0, "xp_per_min": 193, "hero_name": "Shadow Shaman", "gold_per_min": 224, "deaths": 7, "denies": 1, "item_2_name": "Smoke of Deceit", "item_1_name": "Arcane Boots"}, {"item_2": 65, "assists": 4, "leaver_status": 0, "item_1": 193, "item_0": 29, "item_0_name": "Boots of Speed", "leaver_status_description": "finished match, no abandon", "level": 12, "player_slot": 130, "leaver_status_name": "NONE", "hero_id": 53, "last_hits": 114, "kills": 1, "account_id": 111291593, "item_3_name": "Mekansm", "item_4": 0, "item_3": 79, "item_5": 0, "xp_per_min": 322, "hero_name": "Nature's Prophet", "gold_per_min": 399, "deaths": 4, "denies": 0, "item_2_name": "Hand of Midas", "item_1_name": "Necronomicon"}, {"item_2": 65, "assists": 3, "leaver_status": 0, "item_1": 21, "item_0": 63, "item_0_name": "Power Treads", "leaver_status_description": "finished match, no abandon", "level": 13, "player_slot": 131, "leaver_status_name": "NONE", "hero_id": 48, "last_hits": 118, "kills": 3, "account_id": 108382060, "item_3_name": "Ring of Aquila", "item_4": 73, "item_3": 212, "item_4_name": "Bracer", "item_5": 0, "xp_per_min": 369, "hero_name": "Luna", "gold_per_min": 453, "deaths": 8, "denies": 13, "item_2_name": "Hand of Midas", "item_1_name": "Ogre Club"}, {"item_2": 214, "assists": 3, "leaver_status": 0, "item_1": 34, "item_0": 42, "item_0_name": "Observer Ward", "leaver_status_description": "finished match, no abandon", "level": 11, "player_slot": 132, "leaver_status_name": "NONE", "hero_id": 101, "last_hits": 25, "kills": 5, "account_id": 89407113, "item_3_name": "Town Portal Scroll", "item_4": 37, "item_3": 46, "item_4_name": "Ghost Scepter", "item_5": 92, "xp_per_min": 272, "item_5_name": "Urn of Shadows", "hero_name": "Skywrath Mage", "gold_per_min": 268, "deaths": 5, "denies": 2, "item_2_name": "Tranquil Boots", "item_1_name": "Magic Stick"}], "dire_team_id": 15, "picks_bans": [{"order": 0, "is_pick": false, "hero_id": 77, "team": 0}, {"order": 1, "is_pick": false, "hero_id": 43, "team": 1}, {"order": 2, "is_pick": false, "hero_id": 69, "team": 0}, {"order": 3, "is_pick": false, "hero_id": 15, "team": 1}, {"order": 4, "is_pick": true, "hero_id": 65, "team": 0}, {"order": 5, "is_pick": true, "hero_id": 101, "team": 1}, {"order": 6, "is_pick": true, "hero_id": 78, "team": 1}, {"order": 7, "is_pick": true, "hero_id": 41, "team": 0}, {"order": 8, "is_pick": false, "hero_id": 47, "team": 0}, {"order": 9, "is_pick": false, "hero_id": 34, "team": 1}, {"order": 10, "is_pick": false, "hero_id": 10, "team": 0}, {"order": 11, "is_pick": false, "hero_id": 68, "team": 1}, {"order": 12, "is_pick": true, "hero_id": 27, "team": 1}, {"order": 13, "is_pick": true, "hero_id": 91, "team": 0}, {"order": 14, "is_pick": true, "hero_id": 53, "team": 1}, {"order": 15, "is_pick": true, "hero_id": 18, "team": 0}, {"order": 16, "is_pick": false, "hero_id": 100, "team": 1}, {"order": 17, "is_pick": false, "hero_id": 89, "team": 0}, {"order": 18, "is_pick": true, "hero_id": 48, "team": 1}, {"order": 19, "is_pick": true, "hero_id": 50, "team": 0}], "dire_name": "LGD-GAMING", "negative_votes": 0}