{"dire_captain": 94049589, "tower_status_radiant": 1830, "flags": 0, "radiant_team_complete": 1, "game_mode": 2, "radiant_score": 0, "match_id": 906538190, "lobby_name": "Practice", "dire_logo": 46499322609643214, "pre_game_duration": 0, "radiant_captain": 86802844, "radiant_name": "Team Empire", "match_seq_num": 811392611, "dire_team_complete": 1, "start_time": 1411137467, "radiant_win": false, "positive_votes": 87, "leagueid": 1761, "duration": 1289, "dire_score": 0, "lobby_type": 1, "cluster": 134, "engine": 0, "barracks_status_dire": 63, "barracks_status_radiant": 63, "cluster_name": "Europe West", "first_blood_time": 208, "radiant_team_id": 46, "radiant_logo": 541924293718462159, "human_players": 10, "game_mode_name": "Captains Mode", "tower_status_dire": 2046, "players": [{"item_2": 0, "assists": 1, "leaver_status": 0, "item_1": 182, "item_0": 178, "item_0_name": "Soul Ring", "leaver_status_description": "finished match, no abandon", "level": 9, "player_slot": 0, "leaver_status_name": "NONE", "hero_id": 55, "last_hits": 65, "kills": 0, "account_id": 86802844, "item_3_name": "Mekansm", "item_4": 46, "item_3": 79, "item_4_name": "Town Portal Scroll", "item_5": 29, "xp_per_min": 214, "item_5_name": "Boots of Speed", "hero_name": "Dark Seer", "gold_per_min": 233, "deaths": 1, "denies": 1, "item_1_name": "Stout Shield"}, {"item_2": 29, "assists": 0, "leaver_status": 1, "item_1": 0, "item_0": 34, "item_0_name": "Magic Stick", "leaver_status_description": "player DC, no abandon", "level": 7, "player_slot": 1, "leaver_status_name": "DISCONNECTED", "hero_id": 52, "last_hits": 27, "kills": 1, "account_id": 91064780, "item_3_name": "Urn of Shadows", "item_4": 46, "item_3": 92, "item_4_name": "Town Portal Scroll", "item_5": 0, "xp_per_min": 148, "hero_name": "Leshrac", "gold_per_min": 192, "deaths": 6, "denies": 4, "item_2_name": "Boots of Speed"}, {"item_2": 193, "assists": 0, "leaver_status": 0, "item_1": 81, "item_0": 29, "item_0_name": "Boots of Speed", "leaver_status_description": "finished match, no abandon", "level": 12, "player_slot": 2, "leaver_status_name": "NONE", "hero_id": 77, "last_hits": 114, "kills": 2, "account_id": 86725175, "item_3_name": "Bottle", "item_4": 46, "item_3": 41, "item_4_name": "Town Portal Scroll", "item_5": 11, "xp_per_min": 417, "item_5_name": "Quelling Blade", "hero_name": "Lycan", "gold_per_min": 389, "deaths": 1, "denies": 10, "item_2_name": "Necronomicon", "item_1_name": "Vladmir's Offering"}, {"item_2": 16, "assists": 3, "leaver_status": 3, "item_1": 16, "item_0": 73, "item_0_name": "Bracer", "leaver_status_description": "player dc, clicked leave, abandon", "level": 7, "player_slot": 3, "leaver_status_name": "ABANDONED", "hero_id": 42, "last_hits": 12, "kills": 0, "account_id": 134556694, "item_3_name": "Boots of Speed", "item_4": 36, "item_3": 29, "item_4_name": "Magic Wand", "item_5": 16, "xp_per_min": 141, "item_5_name": "Iron Branch", "hero_name": "Wraith King", "gold_per_min": 146, "deaths": 4, "denies": 1, "item_2_name": "Iron Branch", "item_1_name": "Iron Branch"}, {"item_2": 73, "assists": 2, "leaver_status": 0, "item_1": 36, "item_0": 100, "item_0_name": "Eul's Scepter of Divinity", "leaver_status_description": "finished match, no abandon", "level": 12, "player_slot": 4, "leaver_status_name": "NONE", "hero_id": 4, "last_hits": 120, "kills": 1, "account_id": 89269794, "item_3_name": "Ogre Club", "item_4": 71, "item_3": 21, "item_4_name": "Poor Man's Shield", "item_5": 63, "xp_per_min": 399, "item_5_name": "Power Treads", "hero_name": "Bloodseeker", "gold_per_min": 387, "deaths": 4, "denies": 31, "item_2_name": "Bracer", "item_1_name": "Magic Wand"}, {"item_2": 23, "assists": 6, "leaver_status": 0, "item_1": 1, "item_0": 180, "item_0_name": "Arcane Boots", "leaver_status_description": "finished match, no abandon", "level": 11, "player_slot": 128, "leaver_status_name": "NONE", "hero_id": 83, "last_hits": 22, "kills": 3, "account_id": 94049589, "item_3_name": "Observer Ward", "item_4": 16, "item_3": 42, "item_4_name": "Iron Branch", "item_5": 46, "xp_per_min": 325, "item_5_name": "Town Portal Scroll", "hero_name": "Treant Protector", "gold_per_min": 287, "deaths": 0, "denies": 1, "item_2_name": "Staff of Wizardry", "item_1_name": "Blink Dagger"}, {"item_2": 79, "assists": 5, "leaver_status": 0, "item_1": 36, "item_0": 63, "item_0_name": "Power Treads", "leaver_status_description": "finished match, no abandon", "level": 13, "player_slot": 129, "leaver_status_name": "NONE", "hero_id": 47, "last_hits": 130, "kills": 5, "account_id": 89625472, "item_4": 108, "item_3": 0, "item_4_name": "Aghanim's Scepter", "item_5": 46, "xp_per_min": 430, "item_5_name": "Town Portal Scroll", "hero_name": "Viper", "gold_per_min": 555, "deaths": 1, "denies": 21, "item_2_name": "Mekansm", "item_1_name": "Magic Wand"}, {"item_2": 36, "assists": 5, "leaver_status": 0, "item_1": 41, "item_0": 46, "item_0_name": "Town Portal Scroll", "leaver_status_description": "finished match, no abandon", "level": 14, "player_slot": 130, "leaver_status_name": "NONE", "hero_id": 13, "last_hits": 120, "kills": 3, "account_id": 70388657, "item_3_name": "Eul's Scepter of Divinity", "item_4": 1, "item_3": 100, "item_4_name": "Blink Dagger", "item_5": 63, "xp_per_min": 521, "item_5_name": "Power Treads", "hero_name": "Puck", "gold_per_min": 458, "deaths": 0, "denies": 14, "item_2_name": "Magic Wand", "item_1_name": "Bottle"}, {"item_2": 46, "assists": 6, "leaver_status": 0, "item_1": 36, "item_0": 63, "item_0_name": "Power Treads", "leaver_status_description": "finished match, no abandon", "level": 9, "player_slot": 131, "leaver_status_name": "NONE", "hero_id": 101, "last_hits": 20, "kills": 2, "account_id": 11550182, "item_3_name": "Null Talisman", "item_4": 77, "item_3": 77, "item_4_name": "Null Talisman", "item_5": 0, "xp_per_min": 247, "hero_name": "Skywrath Mage", "gold_per_min": 261, "deaths": 1, "denies": 1, "item_2_name": "Town Portal Scroll", "item_1_name": "Magic Wand"}, {"item_2": 46, "assists": 5, "leaver_status": 0, "item_1": 214, "item_0": 9, "item_0_name": "Platemail", "leaver_status_description": "finished match, no abandon", "level": 13, "player_slot": 132, "leaver_status_name": "NONE", "hero_id": 69, "last_hits": 81, "kills": 2, "account_id": 86723143, "item_3_name": "Quelling Blade", "item_4": 65, "item_3": 11, "item_4_name": "Hand of Midas", "item_5": 185, "xp_per_min": 419, "item_5_name": "Drum of Endurance", "hero_name": "Doom", "gold_per_min": 485, "deaths": 2, "denies": 1, "item_2_name": "Town Portal Scroll", "item_1_name": "Tranquil Boots"}], "dire_team_id": 36, "picks_bans": [{"order": 0, "is_pick": false, "hero_id": 43, "team": 0}, {"order": 1, "is_pick": false, "hero_id": 41, "team": 1}, {"order": 2, "is_pick": false, "hero_id": 34, "team": 0}, {"order": 3, "is_pick": false, "hero_id": 65, "team": 1}, {"order": 4, "is_pick": true, "hero_id": 77, "team": 0}, {"order": 5, "is_pick": true, "hero_id": 69, "team": 1}, {"order": 6, "is_pick": true, "hero_id": 101, "team": 1}, {"order": 7, "is_pick": true, "hero_id": 42, "team": 0}, {"order": 8, "is_pick": false, "hero_id": 15, "team": 0}, {"order": 9, "is_pick": false, "hero_id": 72, "team": 1}, {"order": 10, "is_pick": false, "hero_id": 39, "team": 0}, {"order": 11, "is_pick": false, "hero_id": 68, "team": 1}, {"order": 12, "is_pick": true, "hero_id": 83, "team": 1}, {"order": 13, "is_pick": true, "hero_id": 52, "team": 0}, {"order": 14, "is_pick": true, "hero_id": 13, "team": 1}, {"order": 15, "is_pick": true, "hero_id": 55, "team": 0}, {"order": 16, "is_pick": false, "hero_id": 75, "team": 1}, {"order": 17, "is_pick": false, "hero_id": 63, "team": 0}, {"order": 18, "is_pick": true, "hero_id": 47, "team": 1}, {"order": 19, "is_pick": true, "hero_id": 4, "team": 0}], "dire_name": "Natus Vincere", "negative_votes": 9}