{"dire_captain": 82312365, "tower_status_radiant": 2038, "flags": 0, "lobby_type": 1, "cluster": 124, "game_mode_name": "Captains Mode", "engine": 0, "barracks_status_dire": 3, "barracks_status_radiant": 63, "cluster_name": "US East", "radiant_score": 0, "match_id": 907879246, "lobby_name": "Practice", "dire_score": 0, "first_blood_time": 152, "human_players": 10, "pre_game_duration": 0, "radiant_captain": 86828698, "players": [{"item_2": 36, "assists": 6, "leaver_status": 0, "item_1": 48, "item_0": 166, "item_0_name": "Maelstrom", "leaver_status_description": "finished match, no abandon", "level": 19, "player_slot": 0, "leaver_status_name": "NONE", "hero_id": 43, "last_hits": 178, "kills": 11, "account_id": 86828698, "item_3_name": "Hand of Midas", "item_4": 100, "item_3": 65, "item_4_name": "Eul's Scepter of Divinity", "item_5": 114, "xp_per_min": 771, "item_5_name": "Heart of Tarrasque", "hero_name": "Death Prophet", "gold_per_min": 710, "deaths": 3, "denies": 11, "item_2_name": "Magic Wand", "item_1_name": "Boots of Travel"}, {"item_2": 79, "assists": 13, "leaver_status": 0, "item_1": 180, "item_0": 212, "item_0_name": "Ring of Aquila", "leaver_status_description": "finished match, no abandon", "level": 15, "player_slot": 1, "leaver_status_name": "NONE", "hero_id": 40, "last_hits": 128, "kills": 2, "account_id": 758174, "item_3_name": "Magic Wand", "item_4": 108, "item_3": 36, "item_4_name": "Aghanim's Scepter", "item_5": 0, "xp_per_min": 487, "hero_name": "Venomancer", "gold_per_min": 511, "deaths": 3, "denies": 4, "item_2_name": "Mekansm", "item_1_name": "Arcane Boots"}, {"item_2": 178, "assists": 10, "leaver_status": 0, "item_1": 11, "item_0": 50, "item_0_name": "Phase Boots", "leaver_status_description": "finished match, no abandon", "level": 12, "player_slot": 2, "leaver_status_name": "NONE", "hero_id": 87, "last_hits": 18, "kills": 5, "account_id": 59752811, "item_3_name": "Aghanim's Scepter", "item_4": 0, "item_3": 108, "item_5": 0, "xp_per_min": 336, "hero_name": "Disruptor", "gold_per_min": 328, "deaths": 5, "denies": 1, "item_2_name": "Soul Ring", "item_1_name": "Quelling Blade"}, {"item_2": 71, "assists": 9, "leaver_status": 0, "item_1": 194, "item_0": 63, "item_0_name": "Power Treads", "leaver_status_description": "finished match, no abandon", "level": 17, "player_slot": 3, "leaver_status_name": "NONE", "hero_id": 41, "last_hits": 112, "kills": 8, "account_id": 87196890, "item_3_name": "Ring of Aquila", "item_4": 81, "item_3": 212, "item_4_name": "Vladmir's Offering", "item_5": 0, "xp_per_min": 620, "hero_name": "Faceless Void", "gold_per_min": 546, "deaths": 3, "denies": 11, "item_2_name": "Poor Man's Shield", "item_1_name": "Necronomicon"}, {"item_2": 42, "assists": 9, "leaver_status": 0, "item_1": 180, "item_0": 92, "item_0_name": "Urn of Shadows", "leaver_status_description": "finished match, no abandon", "level": 11, "player_slot": 4, "leaver_status_name": "NONE", "hero_id": 83, "last_hits": 17, "kills": 2, "account_id": 7910302, "item_3_name": "Magic Stick", "item_4": 46, "item_3": 34, "item_4_name": "Town Portal Scroll", "item_5": 0, "xp_per_min": 299, "hero_name": "Treant Protector", "gold_per_min": 297, "deaths": 3, "denies": 0, "item_2_name": "Observer Ward", "item_1_name": "Arcane Boots"}, {"item_2": 21, "assists": 4, "leaver_status": 0, "item_1": 127, "item_0": 50, "item_0_name": "Phase Boots", "leaver_status_description": "finished match, no abandon", "level": 15, "player_slot": 128, "leaver_status_name": "NONE", "hero_id": 4, "last_hits": 79, "kills": 8, "account_id": 82312365, "item_3_name": "Drum of Endurance", "item_4": 46, "item_3": 185, "item_4_name": "Town Portal Scroll", "item_5": 75, "xp_per_min": 476, "item_5_name": "Wraith Band", "hero_name": "Bloodseeker", "gold_per_min": 359, "deaths": 6, "denies": 2, "item_2_name": "Ogre Club", "item_1_name": "Blade Mail"}, {"item_2": 36, "assists": 5, "leaver_status": 0, "item_1": 166, "item_0": 21, "item_0_name": "Ogre Club", "leaver_status_description": "finished match, no abandon", "level": 15, "player_slot": 129, "leaver_status_name": "NONE", "hero_id": 49, "last_hits": 118, "kills": 3, "account_id": 31818853, "item_3_name": "Power Treads", "item_4": 46, "item_3": 63, "item_4_name": "Town Portal Scroll", "item_5": 65, "xp_per_min": 519, "item_5_name": "Hand of Midas", "hero_name": "Dragon Knight", "gold_per_min": 465, "deaths": 3, "denies": 11, "item_2_name": "Magic Wand", "item_1_name": "Maelstrom"}, {"item_2": 23, "assists": 10, "leaver_status": 0, "item_1": 28, "item_0": 46, "item_0_name": "Town Portal Scroll", "leaver_status_description": "finished match, no abandon", "level": 11, "player_slot": 130, "leaver_status_name": "NONE", "hero_id": 27, "last_hits": 70, "kills": 2, "account_id": 87276347, "item_3_name": "Blink Dagger", "item_4": 99, "item_3": 1, "item_4_name": "Recipe: Eul's Scepter of Divinity", "item_5": 180, "xp_per_min": 300, "item_5_name": "Arcane Boots", "hero_name": "Shadow Shaman", "gold_per_min": 304, "deaths": 7, "denies": 2, "item_2_name": "Staff of Wizardry", "item_1_name": "Sage's Mask"}, {"item_2": 42, "assists": 7, "leaver_status": 0, "item_1": 92, "item_0": 180, "item_0_name": "Arcane Boots", "leaver_status_description": "finished match, no abandon", "level": 10, "player_slot": 131, "leaver_status_name": "NONE", "hero_id": 50, "last_hits": 15, "kills": 2, "account_id": 150124573, "item_3_name": "Smoke of Deceit", "item_4": 43, "item_3": 188, "item_4_name": "Sentry Ward", "item_5": 34, "xp_per_min": 223, "item_5_name": "Magic Stick", "hero_name": "Dazzle", "gold_per_min": 203, "deaths": 7, "denies": 4, "item_2_name": "Observer Ward", "item_1_name": "Urn of Shadows"}, {"item_2": 1, "assists": 4, "leaver_status": 0, "item_1": 36, "item_0": 182, "item_0_name": "Stout Shield", "leaver_status_description": "finished match, no abandon", "level": 11, "player_slot": 132, "leaver_status_name": "NONE", "hero_id": 42, "last_hits": 77, "kills": 1, "account_id": 60429378, "item_3_name": "Blade Mail", "item_4": 46, "item_3": 127, "item_4_name": "Town Portal Scroll", "item_5": 63, "xp_per_min": 312, "item_5_name": "Power Treads", "hero_name": "Wraith King", "gold_per_min": 294, "deaths": 6, "denies": 3, "item_2_name": "Blink Dagger", "item_1_name": "Magic Wand"}], "tower_status_dire": 1540, "match_seq_num": 812582740, "start_time": 1411193282, "picks_bans": [{"order": 0, "is_pick": false, "hero_id": 77, "team": 0}, {"order": 1, "is_pick": false, "hero_id": 78, "team": 1}, {"order": 2, "is_pick": false, "hero_id": 47, "team": 0}, {"order": 3, "is_pick": false, "hero_id": 15, "team": 1}, {"order": 4, "is_pick": true, "hero_id": 43, "team": 0}, {"order": 5, "is_pick": true, "hero_id": 42, "team": 1}, {"order": 6, "is_pick": true, "hero_id": 27, "team": 1}, {"order": 7, "is_pick": true, "hero_id": 41, "team": 0}, {"order": 8, "is_pick": false, "hero_id": 53, "team": 0}, {"order": 9, "is_pick": false, "hero_id": 69, "team": 1}, {"order": 10, "is_pick": false, "hero_id": 64, "team": 0}, {"order": 11, "is_pick": false, "hero_id": 101, "team": 1}, {"order": 12, "is_pick": true, "hero_id": 49, "team": 1}, {"order": 13, "is_pick": true, "hero_id": 83, "team": 0}, {"order": 14, "is_pick": true, "hero_id": 50, "team": 1}, {"order": 15, "is_pick": true, "hero_id": 40, "team": 0}, {"order": 16, "is_pick": false, "hero_id": 99, "team": 1}, {"order": 17, "is_pick": false, "hero_id": 65, "team": 0}, {"order": 18, "is_pick": true, "hero_id": 4, "team": 1}, {"order": 19, "is_pick": true, "hero_id": 87, "team": 0}], "radiant_win": true, "positive_votes": 0, "leagueid": 1800, "game_mode": 2, "duration": 1554, "negative_votes": 0}