{"dire_captain": 103039499, "tower_status_radiant": 1540, "flags": 0, "radiant_team_complete": 1, "game_mode": 2, "radiant_score": 0, "match_id": 907994374, "lobby_name": "Practice", "dire_logo": 28466819225810269, "pre_game_duration": 0, "radiant_captain": 106863163, "radiant_name": "CDEC Gaming", "match_seq_num": 812698150, "dire_team_complete": 1, "start_time": 1411197152, "radiant_win": false, "positive_votes": 26, "leagueid": 1869, "duration": 2363, "dire_score": 0, "lobby_type": 1, "cluster": 223, "engine": 0, "barracks_status_dire": 63, "barracks_status_radiant": 3, "cluster_name": "China", "first_blood_time": 454, "radiant_team_id": 1520578, "radiant_logo": 438325350317236404, "human_players": 10, "game_mode_name": "Captains Mode", "tower_status_dire": 1974, "players": [{"item_2": 116, "assists": 10, "leaver_status": 0, "item_1": 102, "item_0": 1, "item_0_name": "Blink Dagger", "leaver_status_description": "finished match, no abandon", "level": 16, "player_slot": 0, "leaver_status_name": "NONE", "hero_id": 65, "last_hits": 145, "kills": 4, "account_id": 125576983, "item_4": 214, "item_3": 0, "item_4_name": "Tranquil Boots", "item_5": 46, "xp_per_min": 360, "item_5_name": "Town Portal Scroll", "hero_name": "Batrider", "gold_per_min": 345, "deaths": 6, "denies": 1, "item_2_name": "Black King Bar", "item_1_name": "Force Staff"}, {"item_2": 214, "assists": 9, "leaver_status": 0, "item_1": 212, "item_0": 36, "item_0_name": "Magic Wand", "leaver_status_description": "finished match, no abandon", "level": 15, "player_slot": 1, "leaver_status_name": "NONE", "hero_id": 40, "last_hits": 116, "kills": 1, "account_id": 140153524, "item_3_name": "Town Portal Scroll", "item_4": 1, "item_3": 46, "item_4_name": "Blink Dagger", "item_5": 79, "xp_per_min": 311, "item_5_name": "Mekansm", "hero_name": "Venomancer", "gold_per_min": 277, "deaths": 2, "denies": 4, "item_2_name": "Tranquil Boots", "item_1_name": "Ring of Aquila"}, {"item_2": 37, "assists": 7, "leaver_status": 0, "item_1": 63, "item_0": 92, "item_0_name": "Urn of Shadows", "leaver_status_description": "finished match, no abandon", "level": 12, "player_slot": 2, "leaver_status_name": "NONE", "hero_id": 91, "last_hits": 13, "kills": 2, "account_id": 142750189, "item_3_name": "Magic Stick", "item_4": 0, "item_3": 34, "item_5": 46, "xp_per_min": 216, "item_5_name": "Town Portal Scroll", "hero_name": "Io", "gold_per_min": 181, "deaths": 11, "denies": 0, "item_2_name": "Ghost Scepter", "item_1_name": "Power Treads"}, {"item_2": 116, "assists": 12, "leaver_status": 0, "item_1": 63, "item_0": 1, "item_0_name": "Blink Dagger", "leaver_status_description": "finished match, no abandon", "level": 17, "player_slot": 3, "leaver_status_name": "NONE", "hero_id": 78, "last_hits": 155, "kills": 2, "account_id": 130416036, "item_3_name": "Blade of Alacrity", "item_4": 60, "item_3": 22, "item_4_name": "Point Booster", "item_5": 21, "xp_per_min": 387, "item_5_name": "Ogre Club", "hero_name": "Brewmaster", "gold_per_min": 348, "deaths": 5, "denies": 11, "item_2_name": "Black King Bar", "item_1_name": "Power Treads"}, {"item_2": 170, "assists": 4, "leaver_status": 0, "item_1": 149, "item_0": 168, "item_0_name": "Desolator", "leaver_status_description": "finished match, no abandon", "level": 20, "player_slot": 4, "leaver_status_name": "NONE", "hero_id": 46, "last_hits": 282, "kills": 12, "account_id": 106863163, "item_3_name": "Black King Bar", "item_4": 149, "item_3": 116, "item_4_name": "Crystalys", "item_5": 63, "xp_per_min": 552, "item_5_name": "Power Treads", "hero_name": "Templar Assassin", "gold_per_min": 536, "deaths": 7, "denies": 16, "item_2_name": "Yasha", "item_1_name": "Crystalys"}, {"item_2": 180, "assists": 13, "leaver_status": 0, "item_1": 37, "item_0": 1, "item_0_name": "Blink Dagger", "leaver_status_description": "finished match, no abandon", "level": 16, "player_slot": 128, "leaver_status_name": "NONE", "hero_id": 27, "last_hits": 119, "kills": 3, "account_id": 103039499, "item_4": 102, "item_3": 0, "item_4_name": "Force Staff", "item_5": 0, "xp_per_min": 355, "hero_name": "Shadow Shaman", "gold_per_min": 349, "deaths": 6, "denies": 4, "item_2_name": "Arcane Boots", "item_1_name": "Ghost Scepter"}, {"item_2": 214, "assists": 15, "leaver_status": 0, "item_1": 102, "item_0": 1, "item_0_name": "Blink Dagger", "leaver_status_description": "finished match, no abandon", "level": 22, "player_slot": 129, "leaver_status_name": "NONE", "hero_id": 96, "last_hits": 212, "kills": 8, "account_id": 111533846, "item_3_name": "Pipe of Insight", "item_4": 61, "item_3": 90, "item_4_name": "Vitality Booster", "item_5": 119, "xp_per_min": 663, "item_5_name": "Shiva's Guard", "hero_name": "Centaur Warrunner", "gold_per_min": 516, "deaths": 4, "denies": 13, "item_2_name": "Tranquil Boots", "item_1_name": "Force Staff"}, {"item_2": 160, "assists": 9, "leaver_status": 0, "item_1": 208, "item_0": 1, "item_0_name": "Blink Dagger", "leaver_status_description": "finished match, no abandon", "level": 22, "player_slot": 130, "leaver_status_name": "NONE", "hero_id": 93, "last_hits": 243, "kills": 9, "account_id": 113070925, "item_3_name": "Power Treads", "item_4": 185, "item_3": 63, "item_4_name": "Drum of Endurance", "item_5": 117, "xp_per_min": 644, "item_5_name": "Aegis of the Immortal", "hero_name": "Slark", "gold_per_min": 571, "deaths": 3, "denies": 7, "item_2_name": "Eye of Skadi", "item_1_name": "Abyssal Blade"}, {"item_2": 36, "assists": 13, "leaver_status": 0, "item_1": 37, "item_0": 92, "item_0_name": "Urn of Shadows", "leaver_status_description": "finished match, no abandon", "level": 15, "player_slot": 131, "leaver_status_name": "NONE", "hero_id": 101, "last_hits": 34, "kills": 2, "account_id": 112940846, "item_3_name": "Arcane Boots", "item_4": 188, "item_3": 180, "item_4_name": "Smoke of Deceit", "item_5": 30, "xp_per_min": 320, "item_5_name": "Gem of True Sight", "hero_name": "Skywrath Mage", "gold_per_min": 258, "deaths": 7, "denies": 4, "item_2_name": "Magic Wand", "item_1_name": "Ghost Scepter"}, {"item_2": 46, "assists": 6, "leaver_status": 0, "item_1": 112, "item_0": 63, "item_0_name": "Power Treads", "leaver_status_description": "finished match, no abandon", "level": 22, "player_slot": 132, "leaver_status_name": "NONE", "hero_id": 99, "last_hits": 220, "kills": 9, "account_id": 131237305, "item_3_name": "Mekansm", "item_4": 116, "item_3": 79, "item_4_name": "Black King Bar", "item_5": 154, "xp_per_min": 683, "item_5_name": "Sange and Yasha", "hero_name": "Bristleback", "gold_per_min": 580, "deaths": 1, "denies": 5, "item_2_name": "Town Portal Scroll", "item_1_name": "Assault Cuirass"}], "dire_team_id": 1848465, "picks_bans": [{"order": 0, "is_pick": false, "hero_id": 69, "team": 1}, {"order": 1, "is_pick": false, "hero_id": 77, "team": 0}, {"order": 2, "is_pick": false, "hero_id": 15, "team": 1}, {"order": 3, "is_pick": false, "hero_id": 43, "team": 0}, {"order": 4, "is_pick": true, "hero_id": 101, "team": 1}, {"order": 5, "is_pick": true, "hero_id": 78, "team": 0}, {"order": 6, "is_pick": true, "hero_id": 65, "team": 0}, {"order": 7, "is_pick": true, "hero_id": 96, "team": 1}, {"order": 8, "is_pick": false, "hero_id": 54, "team": 1}, {"order": 9, "is_pick": false, "hero_id": 92, "team": 0}, {"order": 10, "is_pick": false, "hero_id": 34, "team": 1}, {"order": 11, "is_pick": false, "hero_id": 20, "team": 0}, {"order": 12, "is_pick": true, "hero_id": 91, "team": 0}, {"order": 13, "is_pick": true, "hero_id": 27, "team": 1}, {"order": 14, "is_pick": true, "hero_id": 40, "team": 0}, {"order": 15, "is_pick": true, "hero_id": 93, "team": 1}, {"order": 16, "is_pick": false, "hero_id": 47, "team": 0}, {"order": 17, "is_pick": false, "hero_id": 41, "team": 1}, {"order": 18, "is_pick": true, "hero_id": 46, "team": 0}, {"order": 19, "is_pick": true, "hero_id": 99, "team": 1}], "dire_name": "LaiGaming", "negative_votes": 0}