{"dire_captain": 94049589, "tower_status_radiant": 1542, "flags": 0, "radiant_team_complete": 0, "game_mode": 2, "radiant_score": 0, "match_id": 909504996, "lobby_name": "Practice", "dire_logo": 46499322609643214, "pre_game_duration": 0, "radiant_captain": 36547811, "radiant_name": "Virtus.pro", "match_seq_num": 814033370, "dire_team_complete": 1, "start_time": 1411235533, "radiant_win": false, "positive_votes": 778, "leagueid": 1803, "duration": 2238, "dire_score": 0, "lobby_type": 1, "cluster": 134, "engine": 0, "barracks_status_dire": 63, "barracks_status_radiant": 3, "cluster_name": "Europe West", "first_blood_time": 356, "radiant_team_id": 1883502, "radiant_logo": 642124127283031446, "human_players": 10, "game_mode_name": "Captains Mode", "tower_status_dire": 1974, "players": [{"item_2": 180, "assists": 5, "leaver_status": 0, "item_1": 36, "item_0": 43, "item_0_name": "Sentry Ward", "leaver_status_description": "finished match, no abandon", "level": 10, "player_slot": 0, "leaver_status_name": "NONE", "hero_id": 7, "last_hits": 17, "kills": 0, "account_id": 36547811, "item_3_name": "Observer Ward", "item_4": 46, "item_3": 42, "item_4_name": "Town Portal Scroll", "item_5": 0, "xp_per_min": 159, "hero_name": "Earthshaker", "gold_per_min": 141, "deaths": 4, "denies": 0, "item_2_name": "Arcane Boots", "item_1_name": "Magic Wand"}, {"item_2": 9, "assists": 1, "leaver_status": 0, "item_1": 36, "item_0": 50, "item_0_name": "Phase Boots", "leaver_status_description": "finished match, no abandon", "level": 15, "player_slot": 1, "leaver_status_name": "NONE", "hero_id": 43, "last_hits": 222, "kills": 2, "account_id": 96196828, "item_3_name": "Black King Bar", "item_4": 100, "item_3": 116, "item_4_name": "Eul's Scepter of Divinity", "item_5": 61, "xp_per_min": 356, "item_5_name": "Vitality Booster", "hero_name": "Death Prophet", "gold_per_min": 402, "deaths": 7, "denies": 22, "item_2_name": "Platemail", "item_1_name": "Magic Wand"}, {"item_2": 178, "assists": 2, "leaver_status": 0, "item_1": 202, "item_0": 100, "item_0_name": "Eul's Scepter of Divinity", "leaver_status_description": "finished match, no abandon", "level": 18, "player_slot": 2, "leaver_status_name": "NONE", "hero_id": 34, "last_hits": 251, "kills": 5, "account_id": 87586992, "item_3_name": "Ghost Scepter", "item_4": 1, "item_3": 37, "item_4_name": "Blink Dagger", "item_5": 48, "xp_per_min": 506, "item_5_name": "Boots of Travel", "hero_name": "Tinker", "gold_per_min": 488, "deaths": 3, "denies": 13, "item_2_name": "Soul Ring", "item_1_name": "Dagon"}, {"item_2": 46, "assists": 2, "leaver_status": 0, "item_1": 34, "item_0": 21, "item_0_name": "Ogre Club", "leaver_status_description": "finished match, no abandon", "level": 13, "player_slot": 3, "leaver_status_name": "NONE", "hero_id": 41, "last_hits": 75, "kills": 1, "account_id": 53178236, "item_3_name": "Mithril Hammer", "item_4": 212, "item_3": 8, "item_4_name": "Ring of Aquila", "item_5": 63, "xp_per_min": 257, "item_5_name": "Power Treads", "hero_name": "Faceless Void", "gold_per_min": 233, "deaths": 7, "denies": 2, "item_2_name": "Town Portal Scroll", "item_1_name": "Magic Stick"}, {"item_2": 20, "assists": 5, "leaver_status": 0, "item_1": 36, "item_0": 46, "item_0_name": "Town Portal Scroll", "leaver_status_description": "finished match, no abandon", "level": 10, "player_slot": 4, "leaver_status_name": "NONE", "hero_id": 101, "last_hits": 10, "kills": 0, "account_id": 76600360, "item_3_name": "Bracer", "item_4": 0, "item_3": 73, "item_5": 29, "xp_per_min": 159, "item_5_name": "Boots of Speed", "hero_name": "Skywrath Mage", "gold_per_min": 144, "deaths": 10, "denies": 1, "item_2_name": "Circlet", "item_1_name": "Magic Wand"}, {"item_2": 127, "assists": 13, "leaver_status": 0, "item_1": 36, "item_0": 1, "item_0_name": "Blink Dagger", "leaver_status_description": "finished match, no abandon", "level": 17, "player_slot": 128, "leaver_status_name": "NONE", "hero_id": 42, "last_hits": 78, "kills": 6, "account_id": 94049589, "item_3_name": "Assault Cuirass", "item_4": 63, "item_3": 112, "item_4_name": "Power Treads", "item_5": 0, "xp_per_min": 409, "hero_name": "Wraith King", "gold_per_min": 365, "deaths": 1, "denies": 1, "item_2_name": "Blade Mail", "item_1_name": "Magic Wand"}, {"item_2": 96, "assists": 16, "leaver_status": 0, "item_1": 65, "item_0": 48, "item_0_name": "Boots of Travel", "leaver_status_description": "finished match, no abandon", "level": 22, "player_slot": 129, "leaver_status_name": "NONE", "hero_id": 75, "last_hits": 252, "kills": 11, "account_id": 89625472, "item_3_name": "Aegis of the Immortal", "item_4": 110, "item_3": 117, "item_4_name": "Refresher Orb", "item_5": 108, "xp_per_min": 683, "item_5_name": "Aghanim's Scepter", "hero_name": "Silencer", "gold_per_min": 671, "deaths": 0, "denies": 23, "item_2_name": "Scythe of Vyse", "item_1_name": "Hand of Midas"}, {"item_2": 119, "assists": 8, "leaver_status": 0, "item_1": 48, "item_0": 0, "leaver_status_description": "finished match, no abandon", "level": 17, "player_slot": 130, "leaver_status_name": "NONE", "hero_id": 13, "last_hits": 184, "kills": 4, "account_id": 70388657, "item_3_name": "Eul's Scepter of Divinity", "item_4": 1, "item_3": 100, "item_4_name": "Blink Dagger", "item_5": 63, "xp_per_min": 414, "item_5_name": "Power Treads", "hero_name": "Puck", "gold_per_min": 422, "deaths": 4, "denies": 11, "item_2_name": "Shiva's Guard", "item_1_name": "Boots of Travel"}, {"item_2": 1, "assists": 15, "leaver_status": 0, "item_1": 180, "item_0": 37, "item_0_name": "Ghost Scepter", "leaver_status_description": "finished match, no abandon", "level": 15, "player_slot": 131, "leaver_status_name": "NONE", "hero_id": 86, "last_hits": 49, "kills": 0, "account_id": 11550182, "item_3_name": "Urn of Shadows", "item_4": 46, "item_3": 92, "item_4_name": "Town Portal Scroll", "item_5": 36, "xp_per_min": 353, "item_5_name": "Magic Wand", "hero_name": "Rubick", "gold_per_min": 284, "deaths": 3, "denies": 3, "item_2_name": "Blink Dagger", "item_1_name": "Arcane Boots"}, {"item_2": 119, "assists": 10, "leaver_status": 0, "item_1": 79, "item_0": 116, "item_0_name": "Black King Bar", "leaver_status_description": "finished match, no abandon", "level": 21, "player_slot": 132, "leaver_status_name": "NONE", "hero_id": 69, "last_hits": 172, "kills": 10, "account_id": 86723143, "item_3_name": "Hand of Midas", "item_4": 1, "item_3": 65, "item_4_name": "Blink Dagger", "item_5": 214, "xp_per_min": 644, "item_5_name": "Tranquil Boots", "hero_name": "Doom", "gold_per_min": 608, "deaths": 0, "denies": 0, "item_2_name": "Shiva's Guard", "item_1_name": "Mekansm"}], "dire_team_id": 36, "picks_bans": [{"order": 0, "is_pick": false, "hero_id": 65, "team": 0}, {"order": 1, "is_pick": false, "hero_id": 9, "team": 1}, {"order": 2, "is_pick": false, "hero_id": 77, "team": 0}, {"order": 3, "is_pick": false, "hero_id": 15, "team": 1}, {"order": 4, "is_pick": true, "hero_id": 34, "team": 0}, {"order": 5, "is_pick": true, "hero_id": 13, "team": 1}, {"order": 6, "is_pick": true, "hero_id": 69, "team": 1}, {"order": 7, "is_pick": true, "hero_id": 43, "team": 0}, {"order": 8, "is_pick": false, "hero_id": 68, "team": 0}, {"order": 9, "is_pick": false, "hero_id": 79, "team": 1}, {"order": 10, "is_pick": false, "hero_id": 54, "team": 0}, {"order": 11, "is_pick": false, "hero_id": 99, "team": 1}, {"order": 12, "is_pick": true, "hero_id": 86, "team": 1}, {"order": 13, "is_pick": true, "hero_id": 101, "team": 0}, {"order": 14, "is_pick": true, "hero_id": 75, "team": 1}, {"order": 15, "is_pick": true, "hero_id": 41, "team": 0}, {"order": 16, "is_pick": false, "hero_id": 64, "team": 1}, {"order": 17, "is_pick": false, "hero_id": 83, "team": 0}, {"order": 18, "is_pick": true, "hero_id": 42, "team": 1}, {"order": 19, "is_pick": true, "hero_id": 7, "team": 0}], "dire_name": "Natus Vincere", "negative_votes": 47}