{"dire_captain": 86727555, "tower_status_radiant": 1830, "flags": 0, "radiant_team_complete": 1, "game_mode": 2, "radiant_score": 0, "match_id": 912060490, "lobby_name": "Practice", "dire_logo": 631980045785959337, "pre_game_duration": 0, "radiant_captain": 49317728, "radiant_name": "compLexity Gaming", "match_seq_num": 816219314, "dire_team_complete": 1, "start_time": 1411323038, "radiant_win": false, "positive_votes": 29, "leagueid": 1886, "duration": 754, "dire_score": 0, "lobby_type": 1, "cluster": 123, "engine": 0, "barracks_status_dire": 63, "barracks_status_radiant": 63, "cluster_name": "US East", "first_blood_time": 142, "radiant_team_id": 3, "radiant_logo": 494645350098604346, "human_players": 10, "game_mode_name": "Captains Mode", "tower_status_dire": 2047, "players": [{"item_2": 212, "assists": 0, "leaver_status": 0, "item_1": 29, "item_0": 41, "item_0_name": "Bottle", "leaver_status_description": "finished match, no abandon", "level": 9, "player_slot": 0, "leaver_status_name": "NONE", "hero_id": 15, "last_hits": 44, "kills": 3, "account_id": 49317728, "item_3_name": "Iron Branch", "item_4": 16, "item_3": 16, "item_4_name": "Iron Branch", "item_5": 0, "xp_per_min": 385, "hero_name": "Razor", "gold_per_min": 326, "deaths": 4, "denies": 10, "item_2_name": "Ring of Aquila", "item_1_name": "Boots of Speed"}, {"item_2": 46, "assists": 1, "leaver_status": 3, "item_1": 50, "item_0": 36, "item_0_name": "Magic Wand", "leaver_status_description": "player dc, clicked leave, abandon", "level": 8, "player_slot": 1, "leaver_status_name": "ABANDONED", "hero_id": 73, "last_hits": 24, "kills": 0, "account_id": 12231202, "item_3_name": "Stout Shield", "item_4": 0, "item_3": 182, "item_5": 0, "xp_per_min": 327, "hero_name": "Alchemist", "gold_per_min": 201, "deaths": 2, "denies": 1, "item_2_name": "Town Portal Scroll", "item_1_name": "Phase Boots"}, {"item_2": 38, "assists": 0, "leaver_status": 0, "item_1": 29, "item_0": 0, "leaver_status_description": "finished match, no abandon", "level": 6, "player_slot": 2, "leaver_status_name": "NONE", "hero_id": 31, "last_hits": 9, "kills": 1, "account_id": 50828662, "item_3_name": "Iron Branch", "item_4": 16, "item_3": 16, "item_4_name": "Iron Branch", "item_5": 46, "xp_per_min": 182, "item_5_name": "Town Portal Scroll", "hero_name": "Lich", "gold_per_min": 158, "deaths": 2, "denies": 0, "item_2_name": "Clarity", "item_1_name": "Boots of Speed"}, {"item_2": 34, "assists": 1, "leaver_status": 0, "item_1": 16, "item_0": 1, "item_0_name": "Blink Dagger", "leaver_status_description": "finished match, no abandon", "level": 8, "player_slot": 3, "leaver_status_name": "NONE", "hero_id": 96, "last_hits": 43, "kills": 0, "account_id": 38628747, "item_3_name": "Tranquil Boots", "item_4": 0, "item_3": 214, "item_5": 0, "xp_per_min": 271, "hero_name": "Centaur Warrunner", "gold_per_min": 258, "deaths": 1, "denies": 2, "item_2_name": "Magic Stick", "item_1_name": "Iron Branch"}, {"item_2": 0, "assists": 2, "leaver_status": 0, "item_1": 46, "item_0": 29, "item_0_name": "Boots of Speed", "leaver_status_description": "finished match, no abandon", "level": 6, "player_slot": 4, "leaver_status_name": "NONE", "hero_id": 68, "last_hits": 12, "kills": 0, "account_id": 44111721, "item_3_name": "Magic Wand", "item_4": 0, "item_3": 36, "item_5": 0, "xp_per_min": 189, "hero_name": "Ancient Apparition", "gold_per_min": 148, "deaths": 1, "denies": 4, "item_1_name": "Town Portal Scroll"}, {"item_2": 36, "assists": 4, "leaver_status": 0, "item_1": 0, "item_0": 180, "item_0_name": "Arcane Boots", "leaver_status_description": "finished match, no abandon", "level": 6, "player_slot": 128, "leaver_status_name": "NONE", "hero_id": 7, "last_hits": 3, "kills": 1, "account_id": 86727555, "item_4": 0, "item_3": 0, "item_5": 0, "xp_per_min": 205, "hero_name": "Earthshaker", "gold_per_min": 307, "deaths": 1, "denies": 3, "item_2_name": "Magic Wand"}, {"item_2": 212, "assists": 3, "leaver_status": 0, "item_1": 63, "item_0": 185, "item_0_name": "Drum of Endurance", "leaver_status_description": "finished match, no abandon", "level": 9, "player_slot": 129, "leaver_status_name": "NONE", "hero_id": 40, "last_hits": 62, "kills": 1, "account_id": 87177591, "item_3_name": "Buckler", "item_4": 46, "item_3": 86, "item_4_name": "Town Portal Scroll", "item_5": 36, "xp_per_min": 362, "item_5_name": "Magic Wand", "hero_name": "Venomancer", "gold_per_min": 479, "deaths": 2, "denies": 11, "item_2_name": "Ring of Aquila", "item_1_name": "Power Treads"}, {"item_2": 16, "assists": 2, "leaver_status": 0, "item_1": 214, "item_0": 46, "item_0_name": "Town Portal Scroll", "leaver_status_description": "finished match, no abandon", "level": 10, "player_slot": 130, "leaver_status_name": "NONE", "hero_id": 64, "last_hits": 30, "kills": 2, "account_id": 87276347, "item_4": 0, "item_3": 0, "item_5": 100, "xp_per_min": 461, "item_5_name": "Eul's Scepter of Divinity", "hero_name": "Jakiro", "gold_per_min": 413, "deaths": 1, "denies": 1, "item_2_name": "Iron Branch", "item_1_name": "Tranquil Boots"}, {"item_2": 34, "assists": 2, "leaver_status": 1, "item_1": 46, "item_0": 1, "item_0_name": "Blink Dagger", "leaver_status_description": "player DC, no abandon", "level": 8, "player_slot": 131, "leaver_status_name": "DISCONNECTED", "hero_id": 25, "last_hits": 17, "kills": 2, "account_id": 73562326, "item_3_name": "Sentry Ward", "item_4": 16, "item_3": 43, "item_4_name": "Iron Branch", "item_5": 63, "xp_per_min": 292, "item_5_name": "Power Treads", "hero_name": "Lina", "gold_per_min": 363, "deaths": 0, "denies": 1, "item_2_name": "Magic Stick", "item_1_name": "Town Portal Scroll"}, {"item_2": 185, "assists": 1, "leaver_status": 0, "item_1": 41, "item_0": 50, "item_0_name": "Phase Boots", "leaver_status_description": "finished match, no abandon", "level": 11, "player_slot": 132, "leaver_status_name": "NONE", "hero_id": 43, "last_hits": 74, "kills": 4, "account_id": 86745912, "item_3_name": "Aegis of the Immortal", "item_4": 100, "item_3": 117, "item_4_name": "Eul's Scepter of Divinity", "item_5": 46, "xp_per_min": 572, "item_5_name": "Town Portal Scroll", "hero_name": "Death Prophet", "gold_per_min": 616, "deaths": 0, "denies": 10, "item_2_name": "Drum of Endurance", "item_1_name": "Bottle"}], "dire_team_id": 39, "picks_bans": [{"order": 0, "is_pick": false, "hero_id": 41, "team": 0}, {"order": 1, "is_pick": false, "hero_id": 101, "team": 1}, {"order": 2, "is_pick": false, "hero_id": 77, "team": 0}, {"order": 3, "is_pick": false, "hero_id": 65, "team": 1}, {"order": 4, "is_pick": true, "hero_id": 15, "team": 0}, {"order": 5, "is_pick": true, "hero_id": 43, "team": 1}, {"order": 6, "is_pick": true, "hero_id": 40, "team": 1}, {"order": 7, "is_pick": true, "hero_id": 96, "team": 0}, {"order": 8, "is_pick": false, "hero_id": 102, "team": 0}, {"order": 9, "is_pick": false, "hero_id": 9, "team": 1}, {"order": 10, "is_pick": false, "hero_id": 53, "team": 0}, {"order": 11, "is_pick": false, "hero_id": 69, "team": 1}, {"order": 12, "is_pick": true, "hero_id": 64, "team": 1}, {"order": 13, "is_pick": true, "hero_id": 31, "team": 0}, {"order": 14, "is_pick": true, "hero_id": 7, "team": 1}, {"order": 15, "is_pick": true, "hero_id": 73, "team": 0}, {"order": 16, "is_pick": false, "hero_id": 47, "team": 1}, {"order": 17, "is_pick": false, "hero_id": 13, "team": 0}, {"order": 18, "is_pick": true, "hero_id": 25, "team": 1}, {"order": 19, "is_pick": true, "hero_id": 68, "team": 0}], "dire_name": "Evil Geniuses", "negative_votes": 1}