{"dire_captain": 101695162, "tower_status_radiant": 1974, "flags": 0, "radiant_team_complete": 1, "game_mode": 2, "radiant_score": 0, "match_id": 914790603, "lobby_name": "Practice", "dire_logo": 35248220277958798, "pre_game_duration": 0, "radiant_captain": 140153524, "radiant_name": "CDEC Gaming", "match_seq_num": 818641404, "dire_team_complete": 1, "start_time": 1411459587, "radiant_win": true, "positive_votes": 20, "leagueid": 1350, "duration": 1677, "dire_score": 0, "lobby_type": 1, "cluster": 223, "engine": 0, "barracks_status_dire": 43, "barracks_status_radiant": 63, "cluster_name": "China", "first_blood_time": 0, "radiant_team_id": 1520578, "radiant_logo": 438325350317236404, "human_players": 10, "game_mode_name": "Captains Mode", "tower_status_dire": 1540, "players": [{"item_2": 214, "assists": 16, "leaver_status": 0, "item_1": 188, "item_0": 36, "item_0_name": "Magic Wand", "leaver_status_description": "finished match, no abandon", "level": 12, "player_slot": 0, "leaver_status_name": "NONE", "hero_id": 79, "last_hits": 22, "kills": 4, "account_id": 140153524, "item_3_name": "Observer Ward", "item_4": 102, "item_3": 42, "item_4_name": "Force Staff", "item_5": 92, "xp_per_min": 294, "item_5_name": "Urn of Shadows", "hero_name": "Shadow Demon", "gold_per_min": 313, "deaths": 3, "denies": 4, "item_2_name": "Tranquil Boots", "item_1_name": "Smoke of Deceit"}, {"item_2": 9, "assists": 17, "leaver_status": 0, "item_1": 116, "item_0": 1, "item_0_name": "Blink Dagger", "leaver_status_description": "finished match, no abandon", "level": 17, "player_slot": 1, "leaver_status_name": "NONE", "hero_id": 69, "last_hits": 73, "kills": 8, "account_id": 125576983, "item_3_name": "Hand of Midas", "item_4": 214, "item_3": 65, "item_4_name": "Tranquil Boots", "item_5": 46, "xp_per_min": 577, "item_5_name": "Town Portal Scroll", "hero_name": "Doom", "gold_per_min": 594, "deaths": 3, "denies": 2, "item_2_name": "Platemail", "item_1_name": "Black King Bar"}, {"item_2": 1, "assists": 13, "leaver_status": 0, "item_1": 46, "item_0": 36, "item_0_name": "Magic Wand", "leaver_status_description": "finished match, no abandon", "level": 13, "player_slot": 2, "leaver_status_name": "NONE", "hero_id": 16, "last_hits": 48, "kills": 5, "account_id": 142750189, "item_3_name": "Arcane Boots", "item_4": 21, "item_3": 180, "item_4_name": "Ogre Club", "item_5": 0, "xp_per_min": 371, "hero_name": "Sand King", "gold_per_min": 354, "deaths": 6, "denies": 0, "item_2_name": "Blink Dagger", "item_1_name": "Town Portal Scroll"}, {"item_2": 79, "assists": 14, "leaver_status": 0, "item_1": 53, "item_0": 63, "item_0_name": "Power Treads", "leaver_status_description": "finished match, no abandon", "level": 16, "player_slot": 3, "leaver_status_name": "NONE", "hero_id": 15, "last_hits": 154, "kills": 8, "account_id": 130416036, "item_3_name": "Aghanim's Scepter", "item_4": 212, "item_3": 108, "item_4_name": "Ring of Aquila", "item_5": 0, "xp_per_min": 534, "hero_name": "Razor", "gold_per_min": 594, "deaths": 2, "denies": 23, "item_2_name": "Mekansm", "item_1_name": "Reaver"}, {"item_2": 60, "assists": 19, "leaver_status": 0, "item_1": 46, "item_0": 116, "item_0_name": "Black King Bar", "leaver_status_description": "finished match, no abandon", "level": 16, "player_slot": 4, "leaver_status_name": "NONE", "hero_id": 78, "last_hits": 89, "kills": 6, "account_id": 106863163, "item_3_name": "Blink Dagger", "item_4": 41, "item_3": 1, "item_4_name": "Bottle", "item_5": 63, "xp_per_min": 542, "item_5_name": "Power Treads", "hero_name": "Brewmaster", "gold_per_min": 483, "deaths": 1, "denies": 10, "item_2_name": "Point Booster", "item_1_name": "Town Portal Scroll"}, {"item_2": 23, "assists": 7, "leaver_status": 0, "item_1": 180, "item_0": 36, "item_0_name": "Magic Wand", "leaver_status_description": "finished match, no abandon", "level": 11, "player_slot": 128, "leaver_status_name": "NONE", "hero_id": 101, "last_hits": 19, "kills": 4, "account_id": 101695162, "item_3_name": "Null Talisman", "item_4": 46, "item_3": 77, "item_4_name": "Town Portal Scroll", "item_5": 188, "xp_per_min": 231, "item_5_name": "Smoke of Deceit", "hero_name": "Skywrath Mage", "gold_per_min": 246, "deaths": 7, "denies": 1, "item_2_name": "Staff of Wizardry", "item_1_name": "Arcane Boots"}, {"item_2": 214, "assists": 10, "leaver_status": 0, "item_1": 28, "item_0": 0, "leaver_status_description": "finished match, no abandon", "level": 10, "player_slot": 129, "leaver_status_name": "NONE", "hero_id": 31, "last_hits": 8, "kills": 3, "account_id": 113800818, "item_3_name": "Tango", "item_4": 36, "item_3": 44, "item_4_name": "Magic Wand", "item_5": 0, "xp_per_min": 211, "hero_name": "Lich", "gold_per_min": 216, "deaths": 9, "denies": 4, "item_2_name": "Tranquil Boots", "item_1_name": "Sage's Mask"}, {"item_2": 0, "assists": 9, "leaver_status": 3, "item_1": 79, "item_0": 63, "item_0_name": "Power Treads", "leaver_status_description": "player dc, clicked leave, abandon", "level": 13, "player_slot": 130, "leaver_status_name": "ABANDONED", "hero_id": 47, "last_hits": 120, "kills": 4, "account_id": 90882159, "item_3_name": "Magic Stick", "item_4": 21, "item_3": 34, "item_4_name": "Ogre Club", "item_5": 212, "xp_per_min": 346, "item_5_name": "Ring of Aquila", "hero_name": "Viper", "gold_per_min": 365, "deaths": 7, "denies": 18, "item_1_name": "Mekansm"}, {"item_2": 46, "assists": 10, "leaver_status": 0, "item_1": 77, "item_0": 36, "item_0_name": "Magic Wand", "leaver_status_description": "finished match, no abandon", "level": 11, "player_slot": 131, "leaver_status_name": "NONE", "hero_id": 13, "last_hits": 61, "kills": 0, "account_id": 84772440, "item_3_name": "Power Treads", "item_4": 0, "item_3": 63, "item_5": 1, "xp_per_min": 269, "item_5_name": "Blink Dagger", "hero_name": "Puck", "gold_per_min": 267, "deaths": 7, "denies": 5, "item_2_name": "Town Portal Scroll", "item_1_name": "Null Talisman"}, {"item_2": 37, "assists": 7, "leaver_status": 3, "item_1": 123, "item_0": 212, "item_0_name": "Ring of Aquila", "leaver_status_description": "player dc, clicked leave, abandon", "level": 15, "player_slot": 132, "leaver_status_name": "ABANDONED", "hero_id": 10, "last_hits": 167, "kills": 4, "account_id": 21289303, "item_3_name": "Town Portal Scroll", "item_4": 36, "item_3": 46, "item_4_name": "Magic Wand", "item_5": 63, "xp_per_min": 448, "item_5_name": "Power Treads", "hero_name": "Morphling", "gold_per_min": 462, "deaths": 3, "denies": 24, "item_2_name": "Ghost Scepter", "item_1_name": "Linken's Sphere"}], "dire_team_id": 726228, "picks_bans": [{"order": 0, "is_pick": false, "hero_id": 96, "team": 0}, {"order": 1, "is_pick": false, "hero_id": 77, "team": 1}, {"order": 2, "is_pick": false, "hero_id": 41, "team": 0}, {"order": 3, "is_pick": false, "hero_id": 43, "team": 1}, {"order": 4, "is_pick": true, "hero_id": 15, "team": 0}, {"order": 5, "is_pick": true, "hero_id": 101, "team": 1}, {"order": 6, "is_pick": true, "hero_id": 47, "team": 1}, {"order": 7, "is_pick": true, "hero_id": 78, "team": 0}, {"order": 8, "is_pick": false, "hero_id": 6, "team": 0}, {"order": 9, "is_pick": false, "hero_id": 53, "team": 1}, {"order": 10, "is_pick": false, "hero_id": 91, "team": 0}, {"order": 11, "is_pick": false, "hero_id": 68, "team": 1}, {"order": 12, "is_pick": true, "hero_id": 31, "team": 1}, {"order": 13, "is_pick": true, "hero_id": 16, "team": 0}, {"order": 14, "is_pick": true, "hero_id": 10, "team": 1}, {"order": 15, "is_pick": true, "hero_id": 69, "team": 0}, {"order": 16, "is_pick": false, "hero_id": 86, "team": 1}, {"order": 17, "is_pick": false, "hero_id": 33, "team": 0}, {"order": 18, "is_pick": true, "hero_id": 13, "team": 1}, {"order": 19, "is_pick": true, "hero_id": 79, "team": 0}], "dire_name": "Vici Gaming", "negative_votes": 2}