{"dire_captain": 94049589, "tower_status_radiant": 1983, "flags": 0, "radiant_team_complete": 1, "game_mode": 2, "radiant_score": 0, "match_id": 916021145, "lobby_name": "Practice", "dire_logo": 46499322609643214, "pre_game_duration": 0, "radiant_captain": 87278757, "radiant_name": "Team Secret", "match_seq_num": 819738461, "dire_team_complete": 1, "start_time": 1411498751, "radiant_win": true, "positive_votes": 244, "leagueid": 1886, "duration": 1450, "dire_score": 0, "lobby_type": 1, "cluster": 132, "engine": 0, "barracks_status_dire": 3, "barracks_status_radiant": 63, "cluster_name": "Europe West", "first_blood_time": 300, "radiant_team_id": 1838315, "radiant_logo": 543025270456493033, "human_players": 10, "game_mode_name": "Captains Mode", "tower_status_dire": 1540, "players": [{"item_2": 79, "assists": 15, "leaver_status": 0, "item_1": 90, "item_0": 178, "item_0_name": "Soul Ring", "leaver_status_description": "finished match, no abandon", "level": 14, "player_slot": 0, "leaver_status_name": "NONE", "hero_id": 33, "last_hits": 137, "kills": 1, "account_id": 87278757, "item_3_name": "Magic Wand", "item_4": 63, "item_3": 36, "item_4_name": "Power Treads", "item_5": 21, "xp_per_min": 475, "item_5_name": "Ogre Club", "hero_name": "Enigma", "gold_per_min": 525, "deaths": 0, "denies": 1, "item_2_name": "Mekansm", "item_1_name": "Pipe of Insight"}, {"item_2": 1, "assists": 12, "leaver_status": 0, "item_1": 180, "item_0": 46, "item_0_name": "Town Portal Scroll", "leaver_status_description": "finished match, no abandon", "level": 12, "player_slot": 1, "leaver_status_name": "NONE", "hero_id": 7, "last_hits": 24, "kills": 4, "account_id": 19672354, "item_3_name": "Magic Stick", "item_4": 42, "item_3": 34, "item_4_name": "Observer Ward", "item_5": 102, "xp_per_min": 352, "item_5_name": "Force Staff", "hero_name": "Earthshaker", "gold_per_min": 341, "deaths": 0, "denies": 0, "item_2_name": "Blink Dagger", "item_1_name": "Arcane Boots"}, {"item_2": 1, "assists": 8, "leaver_status": 0, "item_1": 36, "item_0": 41, "item_0_name": "Bottle", "leaver_status_description": "finished match, no abandon", "level": 15, "player_slot": 2, "leaver_status_name": "NONE", "hero_id": 78, "last_hits": 79, "kills": 6, "account_id": 41231571, "item_3_name": "Power Treads", "item_4": 81, "item_3": 63, "item_4_name": "Vladmir's Offering", "item_5": 0, "xp_per_min": 494, "hero_name": "Brewmaster", "gold_per_min": 475, "deaths": 1, "denies": 3, "item_2_name": "Blink Dagger", "item_1_name": "Magic Wand"}, {"item_2": 16, "assists": 6, "leaver_status": 0, "item_1": 212, "item_0": 108, "item_0_name": "Aghanim's Scepter", "leaver_status_description": "finished match, no abandon", "level": 13, "player_slot": 3, "leaver_status_name": "NONE", "hero_id": 47, "last_hits": 79, "kills": 5, "account_id": 82262664, "item_3_name": "Magic Stick", "item_4": 63, "item_3": 34, "item_4_name": "Power Treads", "item_5": 0, "xp_per_min": 406, "hero_name": "Viper", "gold_per_min": 472, "deaths": 1, "denies": 8, "item_2_name": "Iron Branch", "item_1_name": "Ring of Aquila"}, {"item_2": 36, "assists": 7, "leaver_status": 0, "item_1": 50, "item_0": 185, "item_0_name": "Drum of Endurance", "leaver_status_description": "finished match, no abandon", "level": 13, "player_slot": 4, "leaver_status_name": "NONE", "hero_id": 43, "last_hits": 98, "kills": 4, "account_id": 94155156, "item_3_name": "Eul's Scepter of Divinity", "item_4": 46, "item_3": 100, "item_4_name": "Town Portal Scroll", "item_5": 60, "xp_per_min": 413, "item_5_name": "Point Booster", "hero_name": "Death Prophet", "gold_per_min": 486, "deaths": 2, "denies": 8, "item_2_name": "Magic Wand", "item_1_name": "Phase Boots"}, {"item_2": 94, "assists": 3, "leaver_status": 0, "item_1": 29, "item_0": 86, "item_0_name": "Buckler", "leaver_status_description": "finished match, no abandon", "level": 10, "player_slot": 128, "leaver_status_name": "NONE", "hero_id": 31, "last_hits": 13, "kills": 0, "account_id": 94049589, "item_3_name": "Town Portal Scroll", "item_4": 0, "item_3": 46, "item_5": 0, "xp_per_min": 225, "hero_name": "Lich", "gold_per_min": 154, "deaths": 1, "denies": 6, "item_2_name": "Headdress", "item_1_name": "Boots of Speed"}, {"item_2": 116, "assists": 1, "leaver_status": 0, "item_1": 170, "item_0": 50, "item_0_name": "Phase Boots", "leaver_status_description": "finished match, no abandon", "level": 13, "player_slot": 129, "leaver_status_name": "NONE", "hero_id": 72, "last_hits": 176, "kills": 3, "account_id": 89625472, "item_3_name": "Ring of Aquila", "item_4": 0, "item_3": 212, "item_5": 7, "xp_per_min": 408, "item_5_name": "Javelin", "hero_name": "Gyrocopter", "gold_per_min": 476, "deaths": 5, "denies": 19, "item_2_name": "Black King Bar", "item_1_name": "Yasha"}, {"item_2": 0, "assists": 1, "leaver_status": 0, "item_1": 41, "item_0": 77, "item_0_name": "Null Talisman", "leaver_status_description": "finished match, no abandon", "level": 13, "player_slot": 130, "leaver_status_name": "NONE", "hero_id": 13, "last_hits": 114, "kills": 0, "account_id": 70388657, "item_3_name": "Magic Wand", "item_4": 1, "item_3": 36, "item_4_name": "Blink Dagger", "item_5": 63, "xp_per_min": 373, "item_5_name": "Power Treads", "hero_name": "Puck", "gold_per_min": 323, "deaths": 4, "denies": 24, "item_1_name": "Bottle"}, {"item_2": 41, "assists": 3, "leaver_status": 1, "item_1": 92, "item_0": 46, "item_0_name": "Town Portal Scroll", "leaver_status_description": "player DC, no abandon", "level": 9, "player_slot": 131, "leaver_status_name": "DISCONNECTED", "hero_id": 91, "last_hits": 20, "kills": 0, "account_id": 11550182, "item_3_name": "Tranquil Boots", "item_4": 0, "item_3": 214, "item_5": 0, "xp_per_min": 206, "hero_name": "Io", "gold_per_min": 149, "deaths": 5, "denies": 1, "item_2_name": "Bottle", "item_1_name": "Urn of Shadows"}, {"item_2": 63, "assists": 1, "leaver_status": 0, "item_1": 36, "item_0": 172, "item_0_name": "Mask of Madness", "leaver_status_description": "finished match, no abandon", "level": 11, "player_slot": 132, "leaver_status_name": "NONE", "hero_id": 41, "last_hits": 94, "kills": 1, "account_id": 86723143, "item_3_name": "Ogre Club", "item_4": 11, "item_3": 21, "item_4_name": "Quelling Blade", "item_5": 8, "xp_per_min": 300, "item_5_name": "Mithril Hammer", "hero_name": "Faceless Void", "gold_per_min": 340, "deaths": 6, "denies": 19, "item_2_name": "Power Treads", "item_1_name": "Magic Wand"}], "dire_team_id": 36, "picks_bans": [{"order": 0, "is_pick": false, "hero_id": 15, "team": 1}, {"order": 1, "is_pick": false, "hero_id": 101, "team": 0}, {"order": 2, "is_pick": false, "hero_id": 9, "team": 1}, {"order": 3, "is_pick": false, "hero_id": 77, "team": 0}, {"order": 4, "is_pick": true, "hero_id": 91, "team": 1}, {"order": 5, "is_pick": true, "hero_id": 43, "team": 0}, {"order": 6, "is_pick": true, "hero_id": 78, "team": 0}, {"order": 7, "is_pick": true, "hero_id": 13, "team": 1}, {"order": 8, "is_pick": false, "hero_id": 69, "team": 1}, {"order": 9, "is_pick": false, "hero_id": 75, "team": 0}, {"order": 10, "is_pick": false, "hero_id": 64, "team": 1}, {"order": 11, "is_pick": false, "hero_id": 65, "team": 0}, {"order": 12, "is_pick": true, "hero_id": 7, "team": 0}, {"order": 13, "is_pick": true, "hero_id": 41, "team": 1}, {"order": 14, "is_pick": true, "hero_id": 47, "team": 0}, {"order": 15, "is_pick": true, "hero_id": 72, "team": 1}, {"order": 16, "is_pick": false, "hero_id": 20, "team": 0}, {"order": 17, "is_pick": false, "hero_id": 3, "team": 1}, {"order": 18, "is_pick": true, "hero_id": 33, "team": 0}, {"order": 19, "is_pick": true, "hero_id": 31, "team": 1}], "dire_name": "Natus Vincere", "negative_votes": 37}