{"tower_status_radiant": 1574, "flags": 0, "lobby_type": 1, "cluster": 184, "game_mode_name": "Captains Mode", "dire_logo": 642124127283031446, "engine": 0, "barracks_status_dire": 0, "barracks_status_radiant": 15, "cluster_name": "Russia", "radiant_score": 0, "match_id": 923951478, "lobby_name": "Practice", "dire_score": 0, "first_blood_time": 0, "human_players": 10, "pre_game_duration": 0, "tower_status_dire": 1024, "players": [{"item_2": 37, "assists": 15, "leaver_status": 0, "item_1": 1, "item_0": 79, "item_0_name": "Mekansm", "leaver_status_description": "finished match, no abandon", "level": 22, "player_slot": 0, "leaver_status_name": "NONE", "hero_id": 40, "last_hits": 227, "kills": 2, "account_id": 176184718, "item_3_name": "Aghanim's Scepter", "item_4": 63, "item_3": 108, "item_4_name": "Power Treads", "item_5": 119, "xp_per_min": 275, "item_5_name": "Shiva's Guard", "hero_name": "Venomancer", "gold_per_min": 228, "deaths": 9, "denies": 9, "item_2_name": "Ghost Scepter", "item_1_name": "Blink Dagger"}, {"item_2": 135, "assists": 9, "leaver_status": 0, "item_1": 112, "item_0": 1, "item_0_name": "Blink Dagger", "leaver_status_description": "finished match, no abandon", "level": 25, "player_slot": 1, "leaver_status_name": "NONE", "hero_id": 53, "last_hits": 458, "kills": 9, "account_id": 89782335, "item_3_name": "Mjollnir", "item_4": 96, "item_3": 158, "item_4_name": "Scythe of Vyse", "item_5": 63, "xp_per_min": 393, "item_5_name": "Power Treads", "hero_name": "Nature's Prophet", "gold_per_min": 492, "deaths": 5, "denies": 5, "item_2_name": "Monkey King Bar", "item_1_name": "Assault Cuirass"}, {"item_2": 30, "assists": 6, "leaver_status": 0, "item_1": 0, "item_0": 102, "item_0_name": "Force Staff", "leaver_status_description": "finished match, no abandon", "level": 16, "player_slot": 2, "leaver_status_name": "NONE", "hero_id": 101, "last_hits": 56, "kills": 5, "account_id": 114059214, "item_3_name": "Magic Wand", "item_4": 37, "item_3": 36, "item_4_name": "Ghost Scepter", "item_5": 180, "xp_per_min": 175, "item_5_name": "Arcane Boots", "hero_name": "Skywrath Mage", "gold_per_min": 133, "deaths": 8, "denies": 1, "item_2_name": "Gem of True Sight"}, {"item_2": 73, "assists": 7, "leaver_status": 0, "item_1": 166, "item_0": 63, "item_0_name": "Power Treads", "leaver_status_description": "finished match, no abandon", "level": 18, "player_slot": 3, "leaver_status_name": "NONE", "hero_id": 9, "last_hits": 109, "kills": 1, "account_id": 168043164, "item_3_name": "Ghost Scepter", "item_4": 46, "item_3": 37, "item_4_name": "Town Portal Scroll", "item_5": 170, "xp_per_min": 234, "item_5_name": "Yasha", "hero_name": "Mirana", "gold_per_min": 173, "deaths": 5, "denies": 1, "item_2_name": "Bracer", "item_1_name": "Maelstrom"}, {"item_2": 114, "assists": 11, "leaver_status": 0, "item_1": 196, "item_0": 147, "item_0_name": "Manta Style", "leaver_status_description": "finished match, no abandon", "level": 25, "player_slot": 4, "leaver_status_name": "NONE", "hero_id": 89, "last_hits": 715, "kills": 3, "account_id": 112250781, "item_3_name": "Boots of Travel", "item_4": 114, "item_3": 48, "item_4_name": "Heart of Tarrasque", "item_5": 137, "xp_per_min": 373, "item_5_name": "Radiance", "hero_name": "Naga Siren", "gold_per_min": 534, "deaths": 6, "denies": 3, "item_2_name": "Heart of Tarrasque", "item_1_name": "Diffusal Blade"}, {"item_2": 164, "assists": 13, "leaver_status": 0, "item_1": 116, "item_0": 50, "item_0_name": "Phase Boots", "leaver_status_description": "finished match, no abandon", "level": 22, "player_slot": 128, "leaver_status_name": "NONE", "hero_id": 72, "last_hits": 269, "kills": 4, "account_id": 89137399, "item_3_name": "Magic Wand", "item_4": 135, "item_3": 36, "item_4_name": "Monkey King Bar", "item_5": 212, "xp_per_min": 327, "item_5_name": "Ring of Aquila", "hero_name": "Gyrocopter", "gold_per_min": 240, "deaths": 7, "denies": 9, "item_2_name": "Helm of the Dominator", "item_1_name": "Black King Bar"}, {"item_2": 116, "assists": 17, "leaver_status": 0, "item_1": 63, "item_0": 135, "item_0_name": "Monkey King Bar", "leaver_status_description": "finished match, no abandon", "level": 25, "player_slot": 129, "leaver_status_name": "NONE", "hero_id": 93, "last_hits": 457, "kills": 9, "account_id": 26316691, "item_3_name": "Abyssal Blade", "item_4": 158, "item_3": 208, "item_4_name": "Mjollnir", "item_5": 185, "xp_per_min": 358, "item_5_name": "Drum of Endurance", "hero_name": "Slark", "gold_per_min": 370, "deaths": 4, "denies": 18, "item_2_name": "Black King Bar", "item_1_name": "Power Treads"}, {"item_2": 48, "assists": 11, "leaver_status": 0, "item_1": 147, "item_0": 116, "item_0_name": "Black King Bar", "leaver_status_description": "finished match, no abandon", "level": 25, "player_slot": 130, "leaver_status_name": "NONE", "hero_id": 46, "last_hits": 549, "kills": 7, "account_id": 86750262, "item_3_name": "Daedalus", "item_4": 139, "item_3": 141, "item_4_name": "Butterfly", "item_5": 135, "xp_per_min": 344, "item_5_name": "Monkey King Bar", "hero_name": "Templar Assassin", "gold_per_min": 437, "deaths": 2, "denies": 21, "item_2_name": "Boots of Travel", "item_1_name": "Manta Style"}, {"item_2": 108, "assists": 12, "leaver_status": 0, "item_1": 4, "item_0": 1, "item_0_name": "Blink Dagger", "leaver_status_description": "finished match, no abandon", "level": 23, "player_slot": 131, "leaver_status_name": "NONE", "hero_id": 78, "last_hits": 181, "kills": 9, "account_id": 94338967, "item_3_name": "Black King Bar", "item_4": 48, "item_3": 116, "item_4_name": "Boots of Travel", "item_5": 9, "xp_per_min": 310, "item_5_name": "Platemail", "hero_name": "Brewmaster", "gold_per_min": 213, "deaths": 2, "denies": 16, "item_2_name": "Aghanim's Scepter", "item_1_name": "Chainmail"}, {"item_2": 180, "assists": 6, "leaver_status": 0, "item_1": 1, "item_0": 60, "item_0_name": "Point Booster", "leaver_status_description": "finished match, no abandon", "level": 17, "player_slot": 132, "leaver_status_name": "NONE", "hero_id": 3, "last_hits": 52, "kills": 3, "account_id": 106809101, "item_3_name": "Bracer", "item_4": 46, "item_3": 73, "item_4_name": "Town Portal Scroll", "item_5": 92, "xp_per_min": 164, "item_5_name": "Urn of Shadows", "hero_name": "Bane", "gold_per_min": 113, "deaths": 5, "denies": 4, "item_2_name": "Arcane Boots", "item_1_name": "Blink Dagger"}], "match_seq_num": 826679184, "dire_team_id": 1883502, "dire_team_complete": 1, "start_time": 1411809988, "radiant_win": true, "positive_votes": 25, "leagueid": 1761, "game_mode": 2, "dire_name": "Virtus.pro", "duration": 3672, "negative_votes": 7}