{"duration": 1798, "radiant_logo": 576743332782064613, "leagueid": 21, "game_mode": 2, "radiant_score": 0, "positive_votes": 117, "lobby_type": 1, "lobby_name": "Practice", "radiant_win": true, "engine": 0, "pre_game_duration": 0, "match_id": 93269030, "dire_team_complete": 1, "dire_team_id": 1883502, "flags": 0, "dire_logo": 642124127283031446, "cluster": 181, "negative_votes": 17, "players": [{"item_5_name": "Power Treads", "item_2": 36, "assists": 22, "item_4": 79, "item_4_name": "Mekansm", "leaver_status": 0, "leaver_status_description": "finished match, no abandon", "item_1": 96, "kills": 12, "hero_name": "Pugna", "hero_id": 45, "level": 17, "item_0": 21, "gold_per_min": 612, "leaver_status_name": "NONE", "denies": 6, "player_slot": 0, "deaths": 1, "account_id": 75750590, "item_5": 63, "item_3": 41, "item_0_name": "Ogre Club", "item_3_name": "Bottle", "item_2_name": "Magic Wand", "last_hits": 148, "item_1_name": "Scythe of Vyse", "xp_per_min": 565}, {"item_5_name": "Gem of True Sight", "item_2": 116, "assists": 25, "item_4": 31, "item_4_name": "Cloak", "leaver_status": 0, "leaver_status_description": "finished match, no abandon", "item_1": 214, "kills": 7, "hero_name": "Io", "hero_id": 91, "level": 15, "item_0": 92, "gold_per_min": 345, "leaver_status_name": "NONE", "denies": 4, "player_slot": 1, "deaths": 3, "account_id": 86808334, "item_5": 30, "item_3": 36, "item_0_name": "Urn of Shadows", "item_3_name": "Magic Wand", "item_2_name": "Black King Bar", "last_hits": 33, "item_1_name": "Tranquil Boots", "xp_per_min": 430}, {"item_2": 36, "assists": 23, "item_4": 46, "item_4_name": "Town Portal Scroll", "leaver_status": 0, "leaver_status_description": "finished match, no abandon", "item_1": 214, "kills": 3, "hero_name": "Batrider", "hero_id": 65, "level": 17, "item_0": 1, "gold_per_min": 390, "leaver_status_name": "NONE", "denies": 0, "player_slot": 2, "deaths": 2, "account_id": 52341014, "item_5": 0, "item_3": 90, "item_0_name": "Blink Dagger", "item_3_name": "Pipe of Insight", "item_2_name": "Magic Wand", "last_hits": 74, "item_1_name": "Tranquil Boots", "xp_per_min": 511}, {"item_5_name": "Ring of Regen", "item_2": 0, "assists": 15, "item_4": 23, "item_4_name": "Staff of Wizardry", "leaver_status": 0, "leaver_status_description": "finished match, no abandon", "item_1": 180, "kills": 4, "hero_name": "Rubick", "hero_id": 86, "level": 12, "item_0": 36, "gold_per_min": 280, "leaver_status_name": "NONE", "denies": 3, "player_slot": 3, "deaths": 4, "account_id": 94049589, "item_5": 27, "item_3": 0, "item_0_name": "Magic Wand", "last_hits": 26, "item_1_name": "Arcane Boots", "xp_per_min": 290}, {"item_5_name": "Black King Bar", "item_2": 185, "assists": 24, "item_4": 63, "item_4_name": "Power Treads", "leaver_status": 0, "leaver_status_description": "finished match, no abandon", "item_1": 0, "kills": 14, "hero_name": "Chaos Knight", "hero_id": 81, "level": 18, "item_0": 46, "gold_per_min": 612, "leaver_status_name": "NONE", "denies": 5, "player_slot": 4, "deaths": 1, "account_id": 90229954, "item_5": 116, "item_3": 114, "item_0_name": "Town Portal Scroll", "item_3_name": "Heart of Tarrasque", "item_2_name": "Drum of Endurance", "last_hits": 130, "xp_per_min": 567}, {"item_5_name": "Bracer", "item_2": 73, "assists": 6, "item_4": 0, "leaver_status": 0, "leaver_status_description": "finished match, no abandon", "item_1": 29, "kills": 0, "hero_name": "Leshrac", "hero_id": 52, "level": 8, "item_0": 36, "gold_per_min": 148, "leaver_status_name": "NONE", "denies": 1, "player_slot": 128, "deaths": 7, "account_id": 93712171, "item_5": 73, "item_3": 0, "item_0_name": "Magic Wand", "item_2_name": "Bracer", "last_hits": 24, "item_1_name": "Boots of Speed", "xp_per_min": 143}, {"item_2": 51, "assists": 2, "item_4": 63, "item_4_name": "Power Treads", "leaver_status": 0, "leaver_status_description": "finished match, no abandon", "item_1": 34, "kills": 4, "hero_name": "Weaver", "hero_id": 63, "level": 15, "item_0": 123, "gold_per_min": 396, "leaver_status_name": "NONE", "denies": 27, "player_slot": 129, "deaths": 6, "account_id": 26316691, "item_5": 0, "item_3": 16, "item_0_name": "Linken's Sphere", "item_3_name": "Iron Branch", "item_2_name": "Demon Edge", "last_hits": 164, "item_1_name": "Magic Stick", "xp_per_min": 443}, {"item_5_name": "Boots of Speed", "item_2": 73, "assists": 4, "item_4": 34, "item_4_name": "Magic Stick", "leaver_status": 0, "leaver_status_description": "finished match, no abandon", "item_1": 73, "kills": 1, "hero_name": "Sand King", "hero_id": 16, "level": 7, "item_0": 73, "gold_per_min": 133, "leaver_status_name": "NONE", "denies": 0, "player_slot": 130, "deaths": 13, "account_id": 91931211, "item_5": 29, "item_3": 46, "item_0_name": "Bracer", "item_3_name": "Town Portal Scroll", "item_2_name": "Bracer", "last_hits": 7, "item_1_name": "Bracer", "xp_per_min": 106}, {"item_5_name": "Soul Ring", "item_2": 131, "assists": 7, "item_4": 34, "item_4_name": "Magic Stick", "leaver_status": 0, "leaver_status_description": "finished match, no abandon", "item_1": 29, "kills": 2, "hero_name": "Dark Seer", "hero_id": 55, "level": 12, "item_0": 46, "gold_per_min": 278, "leaver_status_name": "NONE", "denies": 0, "player_slot": 131, "deaths": 11, "account_id": 92926005, "item_5": 178, "item_3": 79, "item_0_name": "Town Portal Scroll", "item_3_name": "Mekansm", "item_2_name": "Hood of Defiance", "last_hits": 105, "item_1_name": "Boots of Speed", "xp_per_min": 287}, {"item_5_name": "Town Portal Scroll", "item_2": 36, "assists": 7, "item_4": 21, "item_4_name": "Ogre Club", "leaver_status": 0, "leaver_status_description": "finished match, no abandon", "item_1": 1, "kills": 3, "hero_name": "Zeus", "hero_id": 22, "level": 12, "item_0": 41, "gold_per_min": 248, "leaver_status_name": "NONE", "denies": 5, "player_slot": 132, "deaths": 5, "account_id": 86840554, "item_5": 46, "item_3": 180, "item_0_name": "Bottle", "item_3_name": "Arcane Boots", "item_2_name": "Magic Wand", "last_hits": 69, "item_1_name": "Blink Dagger", "xp_per_min": 261}], "tower_status_radiant": 1974, "radiant_team_id": 134900, "dire_score": 0, "human_players": 10, "match_seq_num": 86638122, "radiant_name": "iCCup Team", "cluster_name": "Russia", "radiant_team_complete": 1, "barracks_status_dire": 48, "start_time": 1357402335, "dire_name": "Virtus.pro", "first_blood_time": 155, "tower_status_dire": 256, "barracks_status_radiant": 63, "game_mode_name": "Captains Mode"}