{"dire_captain": 108376607, "tower_status_radiant": 1974, "flags": 0, "radiant_team_complete": 1, "game_mode": 2, "radiant_score": 0, "match_id": 977795523, "lobby_name": "Practice", "dire_logo": 438324451817706092, "pre_game_duration": 0, "radiant_captain": 101695162, "radiant_name": "Vici Gaming", "match_seq_num": 874931504, "dire_team_complete": 1, "start_time": 1414054851, "radiant_win": true, "positive_votes": 30, "leagueid": 1934, "duration": 2104, "dire_score": 0, "lobby_type": 1, "cluster": 223, "engine": 0, "barracks_status_dire": 15, "barracks_status_radiant": 63, "cluster_name": "China", "first_blood_time": 0, "radiant_team_id": 726228, "radiant_logo": 35248220277958798, "human_players": 10, "game_mode_name": "Captains Mode", "tower_status_dire": 1540, "players": [{"item_2": 36, "assists": 13, "leaver_status": 0, "item_1": 178, "item_0": 1, "item_0_name": "Blink Dagger", "leaver_status_description": "finished match, no abandon", "level": 15, "player_slot": 0, "leaver_status_name": "NONE", "hero_id": 7, "last_hits": 57, "kills": 6, "account_id": 101695162, "item_3_name": "Power Treads", "item_4": 100, "item_3": 63, "item_4_name": "Eul's Scepter of Divinity", "item_5": 0, "xp_per_min": 347, "hero_name": "Earthshaker", "gold_per_min": 301, "deaths": 5, "denies": 0, "item_2_name": "Magic Wand", "item_1_name": "Soul Ring"}, {"item_2": 46, "assists": 15, "leaver_status": 1, "item_1": 79, "item_0": 63, "item_0_name": "Power Treads", "leaver_status_description": "player DC, no abandon", "level": 17, "player_slot": 1, "leaver_status_name": "DISCONNECTED", "hero_id": 15, "last_hits": 193, "kills": 4, "account_id": 90882159, "item_3_name": "Aghanim's Scepter", "item_4": 212, "item_3": 108, "item_4_name": "Ring of Aquila", "item_5": 116, "xp_per_min": 470, "item_5_name": "Black King Bar", "hero_name": "Razor", "gold_per_min": 473, "deaths": 4, "denies": 14, "item_2_name": "Town Portal Scroll", "item_1_name": "Mekansm"}, {"item_2": 188, "assists": 11, "leaver_status": 0, "item_1": 46, "item_0": 100, "item_0_name": "Eul's Scepter of Divinity", "leaver_status_description": "finished match, no abandon", "level": 15, "player_slot": 2, "leaver_status_name": "NONE", "hero_id": 101, "last_hits": 38, "kills": 10, "account_id": 113800818, "item_3_name": "Force Staff", "item_4": 77, "item_3": 102, "item_4_name": "Null Talisman", "item_5": 63, "xp_per_min": 376, "item_5_name": "Power Treads", "hero_name": "Skywrath Mage", "gold_per_min": 324, "deaths": 2, "denies": 1, "item_2_name": "Smoke of Deceit", "item_1_name": "Town Portal Scroll"}, {"item_2": 46, "assists": 12, "leaver_status": 0, "item_1": 90, "item_0": 119, "item_0_name": "Shiva's Guard", "leaver_status_description": "finished match, no abandon", "level": 18, "player_slot": 3, "leaver_status_name": "NONE", "hero_id": 29, "last_hits": 157, "kills": 4, "account_id": 84772440, "item_3_name": "Arcane Boots", "item_4": 92, "item_3": 180, "item_4_name": "Urn of Shadows", "item_5": 1, "xp_per_min": 500, "item_5_name": "Blink Dagger", "hero_name": "Tidehunter", "gold_per_min": 434, "deaths": 1, "denies": 6, "item_2_name": "Town Portal Scroll", "item_1_name": "Pipe of Insight"}, {"item_2": 46, "assists": 13, "leaver_status": 0, "item_1": 214, "item_0": 102, "item_0_name": "Force Staff", "leaver_status_description": "finished match, no abandon", "level": 17, "player_slot": 4, "leaver_status_name": "NONE", "hero_id": 96, "last_hits": 103, "kills": 8, "account_id": 21289303, "item_3_name": "Blink Dagger", "item_4": 36, "item_3": 1, "item_4_name": "Magic Wand", "item_5": 116, "xp_per_min": 449, "item_5_name": "Black King Bar", "hero_name": "Centaur Warrunner", "gold_per_min": 377, "deaths": 2, "denies": 7, "item_2_name": "Town Portal Scroll", "item_1_name": "Tranquil Boots"}, {"item_2": 116, "assists": 4, "leaver_status": 1, "item_1": 212, "item_0": 176, "item_0_name": "Ethereal Blade", "leaver_status_description": "player DC, no abandon", "level": 19, "player_slot": 128, "leaver_status_name": "DISCONNECTED", "hero_id": 10, "last_hits": 213, "kills": 4, "account_id": 108376607, "item_3_name": "Hand of Midas", "item_4": 63, "item_3": 65, "item_4_name": "Power Treads", "item_5": 46, "xp_per_min": 595, "item_5_name": "Town Portal Scroll", "hero_name": "Morphling", "gold_per_min": 507, "deaths": 4, "denies": 25, "item_2_name": "Black King Bar", "item_1_name": "Ring of Aquila"}, {"item_2": 116, "assists": 3, "leaver_status": 0, "item_1": 172, "item_0": 46, "item_0_name": "Town Portal Scroll", "leaver_status_description": "finished match, no abandon", "level": 14, "player_slot": 129, "leaver_status_name": "NONE", "hero_id": 41, "last_hits": 129, "kills": 1, "account_id": 114031486, "item_4": 63, "item_3": 0, "item_4_name": "Power Treads", "item_5": 0, "xp_per_min": 318, "hero_name": "Faceless Void", "gold_per_min": 306, "deaths": 4, "denies": 14, "item_2_name": "Black King Bar", "item_1_name": "Mask of Madness"}, {"item_2": 108, "assists": 3, "leaver_status": 0, "item_1": 182, "item_0": 50, "item_0_name": "Phase Boots", "leaver_status_description": "finished match, no abandon", "level": 14, "player_slot": 130, "leaver_status_name": "NONE", "hero_id": 8, "last_hits": 116, "kills": 4, "account_id": 92588070, "item_3_name": "Blink Dagger", "item_4": 0, "item_3": 1, "item_5": 36, "xp_per_min": 324, "item_5_name": "Magic Wand", "hero_name": "Juggernaut", "gold_per_min": 321, "deaths": 7, "denies": 9, "item_2_name": "Aghanim's Scepter", "item_1_name": "Stout Shield"}, {"item_2": 188, "assists": 6, "leaver_status": 0, "item_1": 46, "item_0": 92, "item_0_name": "Urn of Shadows", "leaver_status_description": "finished match, no abandon", "level": 9, "player_slot": 131, "leaver_status_name": "NONE", "hero_id": 79, "last_hits": 19, "kills": 3, "account_id": 132239985, "item_3_name": "Boots of Speed", "item_4": 73, "item_3": 29, "item_4_name": "Bracer", "item_5": 34, "xp_per_min": 130, "item_5_name": "Magic Stick", "hero_name": "Shadow Demon", "gold_per_min": 180, "deaths": 10, "denies": 0, "item_2_name": "Smoke of Deceit", "item_1_name": "Town Portal Scroll"}, {"item_2": 36, "assists": 8, "leaver_status": 0, "item_1": 0, "item_0": 0, "leaver_status_description": "finished match, no abandon", "level": 11, "player_slot": 132, "leaver_status_name": "NONE", "hero_id": 52, "last_hits": 35, "kills": 2, "account_id": 103089999, "item_3_name": "Bracer", "item_4": 21, "item_3": 73, "item_4_name": "Ogre Club", "item_5": 29, "xp_per_min": 205, "item_5_name": "Boots of Speed", "hero_name": "Leshrac", "gold_per_min": 212, "deaths": 8, "denies": 0, "item_2_name": "Magic Wand"}], "dire_team_id": 7, "picks_bans": [{"order": 0, "is_pick": false, "hero_id": 78, "team": 1}, {"order": 1, "is_pick": false, "hero_id": 43, "team": 0}, {"order": 2, "is_pick": false, "hero_id": 89, "team": 1}, {"order": 3, "is_pick": false, "hero_id": 109, "team": 0}, {"order": 4, "is_pick": true, "hero_id": 41, "team": 1}, {"order": 5, "is_pick": true, "hero_id": 101, "team": 0}, {"order": 6, "is_pick": true, "hero_id": 96, "team": 0}, {"order": 7, "is_pick": true, "hero_id": 79, "team": 1}, {"order": 8, "is_pick": false, "hero_id": 53, "team": 1}, {"order": 9, "is_pick": false, "hero_id": 64, "team": 0}, {"order": 10, "is_pick": false, "hero_id": 106, "team": 1}, {"order": 11, "is_pick": false, "hero_id": 9, "team": 0}, {"order": 12, "is_pick": true, "hero_id": 15, "team": 0}, {"order": 13, "is_pick": true, "hero_id": 52, "team": 1}, {"order": 14, "is_pick": true, "hero_id": 29, "team": 0}, {"order": 15, "is_pick": true, "hero_id": 8, "team": 1}, {"order": 16, "is_pick": false, "hero_id": 39, "team": 0}, {"order": 17, "is_pick": false, "hero_id": 73, "team": 1}, {"order": 18, "is_pick": true, "hero_id": 7, "team": 0}, {"order": 19, "is_pick": true, "hero_id": 10, "team": 1}], "dire_name": "DK", "negative_votes": 6}