{"dire_captain": 49317728, "tower_status_radiant": 1974, "flags": 0, "lobby_type": 1, "cluster": 136, "game_mode_name": "Captains Mode", "dire_logo": 494645350098604346, "engine": 0, "barracks_status_dire": 0, "barracks_status_radiant": 63, "cluster_name": "Europe West", "radiant_score": 0, "match_id": 980905911, "lobby_name": "Practice", "dire_score": 0, "first_blood_time": 259, "human_players": 10, "pre_game_duration": 0, "radiant_captain": 90423751, "players": [{"item_2": 9, "assists": 9, "leaver_status": 0, "item_1": 63, "item_0": 1, "item_0_name": "Blink Dagger", "leaver_status_description": "finished match, no abandon", "level": 19, "player_slot": 0, "leaver_status_name": "NONE", "hero_id": 78, "last_hits": 134, "kills": 5, "account_id": 90423751, "item_3_name": "Magic Wand", "item_4": 4, "item_3": 36, "item_4_name": "Chainmail", "item_5": 81, "xp_per_min": 439, "item_5_name": "Vladmir's Offering", "hero_name": "Brewmaster", "gold_per_min": 352, "deaths": 4, "denies": 8, "item_2_name": "Platemail", "item_1_name": "Power Treads"}, {"item_2": 185, "assists": 11, "leaver_status": 0, "item_1": 212, "item_0": 63, "item_0_name": "Power Treads", "leaver_status_description": "finished match, no abandon", "level": 20, "player_slot": 1, "leaver_status_name": "NONE", "hero_id": 47, "last_hits": 167, "kills": 15, "account_id": 98134803, "item_3_name": "Aghanim's Scepter", "item_4": 46, "item_3": 108, "item_4_name": "Town Portal Scroll", "item_5": 114, "xp_per_min": 486, "item_5_name": "Heart of Tarrasque", "hero_name": "Viper", "gold_per_min": 513, "deaths": 5, "denies": 35, "item_2_name": "Drum of Endurance", "item_1_name": "Ring of Aquila"}, {"item_2": 23, "assists": 24, "leaver_status": 0, "item_1": 21, "item_0": 60, "item_0_name": "Point Booster", "leaver_status_description": "finished match, no abandon", "level": 16, "player_slot": 2, "leaver_status_name": "NONE", "hero_id": 84, "last_hits": 35, "kills": 2, "account_id": 93552791, "item_3_name": "Arcane Boots", "item_4": 0, "item_3": 180, "item_5": 34, "xp_per_min": 324, "item_5_name": "Magic Stick", "hero_name": "Ogre Magi", "gold_per_min": 239, "deaths": 8, "denies": 1, "item_2_name": "Staff of Wizardry", "item_1_name": "Ogre Club"}, {"item_2": 34, "assists": 19, "leaver_status": 0, "item_1": 41, "item_0": 92, "item_0_name": "Urn of Shadows", "leaver_status_description": "finished match, no abandon", "level": 17, "player_slot": 3, "leaver_status_name": "NONE", "hero_id": 91, "last_hits": 20, "kills": 5, "account_id": 123051238, "item_3_name": "Tranquil Boots", "item_4": 178, "item_3": 214, "item_4_name": "Soul Ring", "item_5": 116, "xp_per_min": 373, "item_5_name": "Black King Bar", "hero_name": "Io", "gold_per_min": 244, "deaths": 6, "denies": 0, "item_2_name": "Magic Stick", "item_1_name": "Bottle"}, {"item_2": 90, "assists": 24, "leaver_status": 0, "item_1": 63, "item_0": 79, "item_0_name": "Mekansm", "leaver_status_description": "finished match, no abandon", "level": 20, "player_slot": 4, "leaver_status_name": "NONE", "hero_id": 36, "last_hits": 237, "kills": 13, "account_id": 93736444, "item_3_name": "Shiva's Guard", "item_4": 108, "item_3": 119, "item_4_name": "Aghanim's Scepter", "item_5": 69, "xp_per_min": 508, "item_5_name": "Perseverance", "hero_name": "Necrophos", "gold_per_min": 547, "deaths": 4, "denies": 9, "item_2_name": "Pipe of Insight", "item_1_name": "Power Treads"}, {"item_2": 145, "assists": 13, "leaver_status": 0, "item_1": 50, "item_0": 41, "item_0_name": "Bottle", "leaver_status_description": "finished match, no abandon", "level": 21, "player_slot": 128, "leaver_status_name": "NONE", "hero_id": 106, "last_hits": 231, "kills": 8, "account_id": 49317728, "item_3_name": "Battle Fury", "item_4": 135, "item_3": 145, "item_4_name": "Monkey King Bar", "item_5": 46, "xp_per_min": 550, "item_5_name": "Town Portal Scroll", "hero_name": "Ember Spirit", "gold_per_min": 454, "deaths": 5, "denies": 3, "item_2_name": "Battle Fury", "item_1_name": "Phase Boots"}, {"item_2": 41, "assists": 12, "leaver_status": 0, "item_1": 63, "item_0": 1, "item_0_name": "Blink Dagger", "leaver_status_description": "finished match, no abandon", "level": 15, "player_slot": 129, "leaver_status_name": "NONE", "hero_id": 104, "last_hits": 112, "kills": 2, "account_id": 12231202, "item_3_name": "Ring of Basilius", "item_4": 46, "item_3": 88, "item_4_name": "Town Portal Scroll", "item_5": 182, "xp_per_min": 306, "item_5_name": "Stout Shield", "hero_name": "Legion Commander", "gold_per_min": 257, "deaths": 13, "denies": 1, "item_2_name": "Bottle", "item_1_name": "Power Treads"}, {"item_2": 185, "assists": 17, "leaver_status": 0, "item_1": 170, "item_0": 135, "item_0_name": "Monkey King Bar", "leaver_status_description": "finished match, no abandon", "level": 20, "player_slot": 130, "leaver_status_name": "NONE", "hero_id": 8, "last_hits": 176, "kills": 8, "account_id": 38628747, "item_3_name": "Phase Boots", "item_4": 108, "item_3": 50, "item_4_name": "Aghanim's Scepter", "item_5": 46, "xp_per_min": 483, "item_5_name": "Town Portal Scroll", "hero_name": "Juggernaut", "gold_per_min": 450, "deaths": 5, "denies": 3, "item_2_name": "Drum of Endurance", "item_1_name": "Yasha"}, {"item_2": 29, "assists": 19, "leaver_status": 0, "item_1": 1, "item_0": 0, "leaver_status_description": "finished match, no abandon", "level": 15, "player_slot": 131, "leaver_status_name": "NONE", "hero_id": 87, "last_hits": 19, "kills": 3, "account_id": 50828662, "item_3_name": "Magic Wand", "item_4": 188, "item_3": 36, "item_4_name": "Smoke of Deceit", "item_5": 92, "xp_per_min": 300, "item_5_name": "Urn of Shadows", "hero_name": "Disruptor", "gold_per_min": 234, "deaths": 9, "denies": 2, "item_2_name": "Boots of Speed", "item_1_name": "Blink Dagger"}, {"item_2": 36, "assists": 19, "leaver_status": 0, "item_1": 102, "item_0": 214, "item_0_name": "Tranquil Boots", "leaver_status_description": "finished match, no abandon", "level": 16, "player_slot": 132, "leaver_status_name": "NONE", "hero_id": 5, "last_hits": 93, "kills": 4, "account_id": 44111721, "item_4": 116, "item_3": 0, "item_4_name": "Black King Bar", "item_5": 0, "xp_per_min": 347, "hero_name": "Crystal Maiden", "gold_per_min": 287, "deaths": 9, "denies": 1, "item_2_name": "Magic Wand", "item_1_name": "Force Staff"}], "tower_status_dire": 1536, "match_seq_num": 877689390, "dire_team_id": 3, "dire_team_complete": 1, "start_time": 1414175449, "picks_bans": [{"order": 0, "is_pick": false, "hero_id": 65, "team": 0}, {"order": 1, "is_pick": false, "hero_id": 41, "team": 1}, {"order": 2, "is_pick": false, "hero_id": 101, "team": 0}, {"order": 3, "is_pick": false, "hero_id": 43, "team": 1}, {"order": 4, "is_pick": true, "hero_id": 78, "team": 0}, {"order": 5, "is_pick": true, "hero_id": 5, "team": 1}, {"order": 6, "is_pick": true, "hero_id": 106, "team": 1}, {"order": 7, "is_pick": true, "hero_id": 84, "team": 0}, {"order": 8, "is_pick": false, "hero_id": 15, "team": 0}, {"order": 9, "is_pick": false, "hero_id": 9, "team": 1}, {"order": 10, "is_pick": false, "hero_id": 53, "team": 0}, {"order": 11, "is_pick": false, "hero_id": 20, "team": 1}, {"order": 12, "is_pick": true, "hero_id": 87, "team": 1}, {"order": 13, "is_pick": true, "hero_id": 91, "team": 0}, {"order": 14, "is_pick": true, "hero_id": 104, "team": 1}, {"order": 15, "is_pick": true, "hero_id": 36, "team": 0}, {"order": 16, "is_pick": false, "hero_id": 44, "team": 1}, {"order": 17, "is_pick": false, "hero_id": 97, "team": 0}, {"order": 18, "is_pick": true, "hero_id": 8, "team": 1}, {"order": 19, "is_pick": true, "hero_id": 47, "team": 0}], "radiant_win": true, "positive_votes": 9, "leagueid": 1934, "game_mode": 2, "dire_name": "compLexity Gaming", "duration": 2604, "negative_votes": 1}