{"dire_captain": 87278757, "tower_status_radiant": 1796, "flags": 0, "radiant_team_complete": 1, "game_mode": 2, "radiant_score": 0, "match_id": 982966785, "lobby_name": "Practice", "dire_logo": 543025270456493033, "pre_game_duration": 0, "radiant_captain": 86727555, "radiant_name": "Evil Geniuses", "match_seq_num": 879580242, "dire_team_complete": 1, "start_time": 1414256149, "radiant_win": false, "positive_votes": 629, "leagueid": 1803, "duration": 2438, "dire_score": 0, "lobby_type": 1, "cluster": 136, "engine": 0, "barracks_status_dire": 63, "barracks_status_radiant": 51, "cluster_name": "Europe West", "first_blood_time": 248, "radiant_team_id": 39, "radiant_logo": 631980045785959337, "human_players": 10, "game_mode_name": "Captains Mode", "tower_status_dire": 1972, "players": [{"item_2": 73, "assists": 11, "leaver_status": 0, "item_1": 79, "item_0": 214, "item_0_name": "Tranquil Boots", "leaver_status_description": "finished match, no abandon", "level": 13, "player_slot": 0, "leaver_status_name": "NONE", "hero_id": 31, "last_hits": 29, "kills": 3, "account_id": 86727555, "item_3_name": "Town Portal Scroll", "item_4": 0, "item_3": 46, "item_5": 34, "xp_per_min": 254, "item_5_name": "Magic Stick", "hero_name": "Lich", "gold_per_min": 185, "deaths": 4, "denies": 1, "item_2_name": "Bracer", "item_1_name": "Mekansm"}, {"item_2": 100, "assists": 5, "leaver_status": 0, "item_1": 63, "item_0": 116, "item_0_name": "Black King Bar", "leaver_status_description": "finished match, no abandon", "level": 19, "player_slot": 1, "leaver_status_name": "NONE", "hero_id": 25, "last_hits": 245, "kills": 4, "account_id": 87177591, "item_3_name": "Blink Dagger", "item_4": 46, "item_3": 1, "item_4_name": "Town Portal Scroll", "item_5": 108, "xp_per_min": 489, "item_5_name": "Aghanim's Scepter", "hero_name": "Lina", "gold_per_min": 434, "deaths": 4, "denies": 15, "item_2_name": "Eul's Scepter of Divinity", "item_1_name": "Power Treads"}, {"item_2": 100, "assists": 5, "leaver_status": 0, "item_1": 108, "item_0": 46, "item_0_name": "Town Portal Scroll", "leaver_status_description": "finished match, no abandon", "level": 16, "player_slot": 2, "leaver_status_name": "NONE", "hero_id": 84, "last_hits": 147, "kills": 2, "account_id": 87276347, "item_3_name": "Soul Ring", "item_4": 41, "item_3": 178, "item_4_name": "Bottle", "item_5": 29, "xp_per_min": 372, "item_5_name": "Boots of Speed", "hero_name": "Ogre Magi", "gold_per_min": 298, "deaths": 4, "denies": 6, "item_2_name": "Eul's Scepter of Divinity", "item_1_name": "Aghanim's Scepter"}, {"item_2": 108, "assists": 4, "leaver_status": 0, "item_1": 102, "item_0": 1, "item_0_name": "Blink Dagger", "leaver_status_description": "finished match, no abandon", "level": 16, "player_slot": 3, "leaver_status_name": "NONE", "hero_id": 27, "last_hits": 138, "kills": 5, "account_id": 73562326, "item_4": 180, "item_3": 0, "item_4_name": "Arcane Boots", "item_5": 188, "xp_per_min": 369, "item_5_name": "Smoke of Deceit", "hero_name": "Shadow Shaman", "gold_per_min": 312, "deaths": 5, "denies": 0, "item_2_name": "Aghanim's Scepter", "item_1_name": "Force Staff"}, {"item_2": 151, "assists": 7, "leaver_status": 1, "item_1": 63, "item_0": 112, "item_0_name": "Assault Cuirass", "leaver_status_description": "player DC, no abandon", "level": 18, "player_slot": 4, "leaver_status_name": "DISCONNECTED", "hero_id": 49, "last_hits": 229, "kills": 2, "account_id": 110880087, "item_3_name": "Hand of Midas", "item_4": 116, "item_3": 65, "item_4_name": "Black King Bar", "item_5": 33, "xp_per_min": 429, "item_5_name": "Cheese", "hero_name": "Dragon Knight", "gold_per_min": 447, "deaths": 6, "denies": 8, "item_2_name": "Armlet of Mordiggian", "item_1_name": "Power Treads"}, {"item_2": 92, "assists": 8, "leaver_status": 0, "item_1": 214, "item_0": 42, "item_0_name": "Observer Ward", "leaver_status_description": "finished match, no abandon", "level": 14, "player_slot": 128, "leaver_status_name": "NONE", "hero_id": 20, "last_hits": 22, "kills": 3, "account_id": 87278757, "item_3_name": "Town Portal Scroll", "item_4": 36, "item_3": 46, "item_4_name": "Magic Wand", "item_5": 102, "xp_per_min": 271, "item_5_name": "Force Staff", "hero_name": "Vengeful Spirit", "gold_per_min": 223, "deaths": 5, "denies": 1, "item_2_name": "Urn of Shadows", "item_1_name": "Tranquil Boots"}, {"item_2": 46, "assists": 13, "leaver_status": 0, "item_1": 214, "item_0": 100, "item_0_name": "Eul's Scepter of Divinity", "leaver_status_description": "finished match, no abandon", "level": 16, "player_slot": 129, "leaver_status_name": "NONE", "hero_id": 103, "last_hits": 93, "kills": 1, "account_id": 19672354, "item_4": 178, "item_3": 0, "item_4_name": "Soul Ring", "item_5": 102, "xp_per_min": 346, "item_5_name": "Force Staff", "hero_name": "Elder Titan", "gold_per_min": 286, "deaths": 4, "denies": 1, "item_2_name": "Town Portal Scroll", "item_1_name": "Tranquil Boots"}, {"item_2": 100, "assists": 14, "leaver_status": 0, "item_1": 185, "item_0": 114, "item_0_name": "Heart of Tarrasque", "leaver_status_description": "finished match, no abandon", "level": 22, "player_slot": 130, "leaver_status_name": "NONE", "hero_id": 43, "last_hits": 275, "kills": 7, "account_id": 41231571, "item_3_name": "Phase Boots", "item_4": 116, "item_3": 50, "item_4_name": "Black King Bar", "item_5": 46, "xp_per_min": 633, "item_5_name": "Town Portal Scroll", "hero_name": "Death Prophet", "gold_per_min": 572, "deaths": 2, "denies": 9, "item_2_name": "Eul's Scepter of Divinity", "item_1_name": "Drum of Endurance"}, {"item_2": 63, "assists": 11, "leaver_status": 0, "item_1": 121, "item_0": 88, "item_0_name": "Ring of Basilius", "leaver_status_description": "finished match, no abandon", "level": 21, "player_slot": 131, "leaver_status_name": "NONE", "hero_id": 36, "last_hits": 218, "kills": 7, "account_id": 82262664, "item_3_name": "Pipe of Insight", "item_4": 48, "item_3": 90, "item_4_name": "Boots of Travel", "item_5": 108, "xp_per_min": 583, "item_5_name": "Aghanim's Scepter", "hero_name": "Necrophos", "gold_per_min": 466, "deaths": 3, "denies": 5, "item_2_name": "Power Treads", "item_1_name": "Bloodstone"}, {"item_2": 1, "assists": 13, "leaver_status": 0, "item_1": 180, "item_0": 34, "item_0_name": "Magic Stick", "leaver_status_description": "finished match, no abandon", "level": 19, "player_slot": 132, "leaver_status_name": "NONE", "hero_id": 29, "last_hits": 133, "kills": 4, "account_id": 94155156, "item_3_name": "Force Staff", "item_4": 110, "item_3": 102, "item_4_name": "Refresher Orb", "item_5": 30, "xp_per_min": 503, "item_5_name": "Gem of True Sight", "hero_name": "Tidehunter", "gold_per_min": 394, "deaths": 2, "denies": 2, "item_2_name": "Blink Dagger", "item_1_name": "Arcane Boots"}], "dire_team_id": 1838315, "picks_bans": [{"order": 0, "is_pick": false, "hero_id": 91, "team": 0}, {"order": 1, "is_pick": false, "hero_id": 15, "team": 1}, {"order": 2, "is_pick": false, "hero_id": 78, "team": 0}, {"order": 3, "is_pick": false, "hero_id": 64, "team": 1}, {"order": 4, "is_pick": true, "hero_id": 84, "team": 0}, {"order": 5, "is_pick": true, "hero_id": 103, "team": 1}, {"order": 6, "is_pick": true, "hero_id": 29, "team": 1}, {"order": 7, "is_pick": true, "hero_id": 27, "team": 0}, {"order": 8, "is_pick": false, "hero_id": 97, "team": 0}, {"order": 9, "is_pick": false, "hero_id": 77, "team": 1}, {"order": 10, "is_pick": false, "hero_id": 33, "team": 0}, {"order": 11, "is_pick": false, "hero_id": 93, "team": 1}, {"order": 12, "is_pick": true, "hero_id": 43, "team": 1}, {"order": 13, "is_pick": true, "hero_id": 49, "team": 0}, {"order": 14, "is_pick": true, "hero_id": 20, "team": 1}, {"order": 15, "is_pick": true, "hero_id": 31, "team": 0}, {"order": 16, "is_pick": false, "hero_id": 63, "team": 1}, {"order": 17, "is_pick": false, "hero_id": 94, "team": 0}, {"order": 18, "is_pick": true, "hero_id": 36, "team": 1}, {"order": 19, "is_pick": true, "hero_id": 25, "team": 0}], "dire_name": "Team Secret", "negative_votes": 40}