{"duration": 2669, "radiant_logo": 919001647957641628, "leagueid": 15, "game_mode": 2, "radiant_score": 0, "positive_votes": 30, "lobby_type": 1, "lobby_name": "Practice", "radiant_win": true, "engine": 0, "pre_game_duration": 0, "match_id": 98380647, "dire_team_complete": 1, "dire_team_id": 142, "flags": 0, "dire_logo": 558722001460412650, "cluster": 133, "negative_votes": 9, "players": [{"item_5_name": "Town Portal Scroll", "item_2": 102, "assists": 5, "item_4": 36, "item_4_name": "Magic Wand", "leaver_status": 0, "leaver_status_description": "finished match, no abandon", "item_1": 214, "kills": 1, "hero_id": 79, "level": 14, "item_0": 0, "gold_per_min": 215, "leaver_status_name": "NONE", "denies": 2, "player_slot": 0, "deaths": 6, "account_id": 94155156, "item_5": 46, "item_3": 42, "hero_name": "Shadow Demon", "item_3_name": "Observer Ward", "item_2_name": "Force Staff", "last_hits": 43, "item_1_name": "Tranquil Boots", "xp_per_min": 266}, {"item_5_name": "Force Staff", "item_2": 1, "assists": 12, "item_4": 30, "item_4_name": "Gem of True Sight", "leaver_status": 0, "leaver_status_description": "finished match, no abandon", "item_1": 48, "kills": 4, "hero_name": "Batrider", "hero_id": 65, "level": 18, "item_0": 92, "gold_per_min": 313, "leaver_status_name": "NONE", "denies": 1, "player_slot": 1, "deaths": 0, "account_id": 19672354, "item_5": 102, "item_3": 37, "item_0_name": "Urn of Shadows", "item_3_name": "Ghost Scepter", "item_2_name": "Blink Dagger", "last_hits": 100, "item_1_name": "Boots of Travel", "xp_per_min": 421}, {"item_5_name": "Sange and Yasha", "item_2": 135, "assists": 4, "item_4": 48, "item_4_name": "Boots of Travel", "leaver_status": 0, "leaver_status_description": "finished match, no abandon", "item_1": 208, "kills": 13, "hero_name": "Lifestealer", "hero_id": 54, "level": 24, "item_0": 151, "gold_per_min": 689, "leaver_status_name": "NONE", "denies": 44, "player_slot": 2, "deaths": 2, "account_id": 100317750, "item_5": 154, "item_3": 63, "item_0_name": "Armlet of Mordiggian", "item_3_name": "Power Treads", "item_2_name": "Monkey King Bar", "last_hits": 362, "item_1_name": "Abyssal Blade", "xp_per_min": 722}, {"item_5_name": "Town Portal Scroll", "item_2": 180, "assists": 11, "item_4": 37, "item_4_name": "Ghost Scepter", "leaver_status": 0, "leaver_status_description": "finished match, no abandon", "item_1": 73, "kills": 1, "hero_name": "Tidehunter", "hero_id": 29, "level": 18, "item_0": 79, "gold_per_min": 317, "leaver_status_name": "NONE", "denies": 3, "player_slot": 3, "deaths": 2, "account_id": 8712306, "item_5": 46, "item_3": 1, "item_0_name": "Mekansm", "item_3_name": "Blink Dagger", "item_2_name": "Arcane Boots", "last_hits": 160, "item_1_name": "Bracer", "xp_per_min": 393}, {"item_5_name": "Helm of the Dominator", "item_2": 63, "assists": 4, "item_4": 135, "item_4_name": "Monkey King Bar", "leaver_status": 0, "leaver_status_description": "finished match, no abandon", "item_1": 185, "kills": 3, "hero_name": "Luna", "hero_id": 48, "level": 22, "item_0": 139, "gold_per_min": 545, "leaver_status_name": "NONE", "denies": 26, "player_slot": 4, "deaths": 0, "account_id": 21265941, "item_5": 164, "item_3": 116, "item_0_name": "Butterfly", "item_3_name": "Black King Bar", "item_2_name": "Power Treads", "last_hits": 338, "item_1_name": "Drum of Endurance", "xp_per_min": 608}, {"item_5_name": "Tranquil Boots", "item_2": 42, "assists": 3, "item_4": 0, "leaver_status": 1, "leaver_status_description": "player DC, no abandon", "item_1": 16, "kills": 2, "hero_name": "Keeper of the Light", "hero_id": 90, "level": 12, "item_0": 46, "gold_per_min": 179, "leaver_status_name": "DISCONNECTED", "denies": 0, "player_slot": 128, "deaths": 4, "account_id": 86861882, "item_5": 214, "item_3": 16, "item_0_name": "Town Portal Scroll", "item_3_name": "Iron Branch", "item_2_name": "Observer Ward", "last_hits": 64, "item_1_name": "Iron Branch", "xp_per_min": 189}, {"item_5_name": "Scythe of Vyse", "item_2": 46, "assists": 5, "item_4": 102, "item_4_name": "Force Staff", "leaver_status": 0, "leaver_status_description": "finished match, no abandon", "item_1": 36, "kills": 1, "hero_name": "Windranger", "hero_id": 21, "level": 17, "item_0": 37, "gold_per_min": 344, "leaver_status_name": "NONE", "denies": 5, "player_slot": 129, "deaths": 4, "account_id": 5448108, "item_5": 96, "item_3": 50, "item_0_name": "Ghost Scepter", "item_3_name": "Phase Boots", "item_2_name": "Town Portal Scroll", "last_hits": 207, "item_1_name": "Magic Wand", "xp_per_min": 372}, {"item_5_name": "Diffusal Blade", "item_2": 139, "assists": 3, "item_4": 147, "item_4_name": "Manta Style", "leaver_status": 0, "leaver_status_description": "finished match, no abandon", "item_1": 214, "kills": 2, "hero_name": "Naga Siren", "hero_id": 89, "level": 22, "item_0": 137, "gold_per_min": 714, "leaver_status_name": "NONE", "denies": 20, "player_slot": 130, "deaths": 4, "account_id": 40547474, "item_5": 196, "item_3": 114, "item_0_name": "Radiance", "item_3_name": "Heart of Tarrasque", "item_2_name": "Butterfly", "last_hits": 590, "item_1_name": "Tranquil Boots", "xp_per_min": 602}, {"item_5_name": "Arcane Boots", "item_2": 37, "assists": 3, "item_4": 17, "item_4_name": "Belt of Strength", "leaver_status": 0, "leaver_status_description": "finished match, no abandon", "item_1": 46, "kills": 3, "hero_name": "Nyx Assassin", "hero_id": 88, "level": 13, "item_0": 73, "gold_per_min": 196, "leaver_status_name": "NONE", "denies": 0, "player_slot": 131, "deaths": 5, "account_id": 87276347, "item_5": 180, "item_3": 102, "item_0_name": "Bracer", "item_3_name": "Force Staff", "item_2_name": "Ghost Scepter", "last_hits": 68, "item_1_name": "Town Portal Scroll", "xp_per_min": 215}, {"item_5_name": "Vladmir's Offering", "item_2": 36, "assists": 2, "item_4": 73, "item_4_name": "Bracer", "leaver_status": 1, "leaver_status_description": "player DC, no abandon", "item_1": 46, "kills": 1, "hero_name": "Bounty Hunter", "hero_id": 62, "level": 15, "item_0": 116, "gold_per_min": 235, "leaver_status_name": "DISCONNECTED", "denies": 0, "player_slot": 132, "deaths": 5, "account_id": 38515149, "item_5": 81, "item_3": 50, "item_0_name": "Black King Bar", "item_3_name": "Phase Boots", "item_2_name": "Magic Wand", "last_hits": 100, "item_1_name": "Town Portal Scroll", "xp_per_min": 269}], "tower_status_radiant": 1952, "radiant_team_id": 38, "dire_score": 0, "human_players": 10, "match_seq_num": 91183762, "radiant_name": "FnaticRaidCall", "cluster_name": "Europe West", "radiant_team_complete": 1, "barracks_status_dire": 51, "start_time": 1358022327, "dire_name": "Team Dignitas", "first_blood_time": 199, "tower_status_dire": 260, "barracks_status_radiant": 60, "game_mode_name": "Captains Mode"}