{"dire_captain": 31456357, "tower_status_radiant": 2038, "flags": 0, "radiant_team_complete": 1, "game_mode": 2, "radiant_score": 0, "match_id": 985695176, "lobby_name": "Practice", "dire_logo": 776056112971508921, "pre_game_duration": 0, "radiant_captain": 35504297, "radiant_name": "Morphling's Tears", "match_seq_num": 882019903, "dire_team_complete": 1, "start_time": 1414354761, "radiant_win": true, "positive_votes": 0, "leagueid": 1980, "duration": 1308, "dire_score": 0, "lobby_type": 1, "cluster": 132, "engine": 0, "barracks_status_dire": 63, "barracks_status_radiant": 63, "cluster_name": "Europe West", "first_blood_time": 96, "radiant_team_id": 1896056, "radiant_logo": 0, "human_players": 10, "game_mode_name": "Captains Mode", "tower_status_dire": 1846, "players": [{"item_2": 92, "assists": 13, "leaver_status": 0, "item_1": 36, "item_0": 214, "item_0_name": "Tranquil Boots", "leaver_status_description": "finished match, no abandon", "level": 13, "player_slot": 0, "leaver_status_name": "NONE", "hero_id": 91, "last_hits": 14, "kills": 2, "account_id": 35504297, "item_3_name": "Bottle", "item_4": 46, "item_3": 41, "item_4_name": "Town Portal Scroll", "item_5": 34, "xp_per_min": 414, "item_5_name": "Magic Stick", "hero_name": "Io", "gold_per_min": 241, "deaths": 9, "denies": 0, "item_2_name": "Urn of Shadows", "item_1_name": "Magic Wand"}, {"item_2": 46, "assists": 5, "leaver_status": 0, "item_1": 40, "item_0": 180, "item_0_name": "Arcane Boots", "leaver_status_description": "finished match, no abandon", "level": 11, "player_slot": 1, "leaver_status_name": "NONE", "hero_id": 30, "last_hits": 24, "kills": 3, "account_id": 93771120, "item_4": 0, "item_3": 0, "item_5": 36, "xp_per_min": 334, "item_5_name": "Magic Wand", "hero_name": "Witch Doctor", "gold_per_min": 246, "deaths": 1, "denies": 5, "item_2_name": "Town Portal Scroll", "item_1_name": "Dust of Appearance"}, {"item_2": 34, "assists": 6, "leaver_status": 0, "item_1": 102, "item_0": 1, "item_0_name": "Blink Dagger", "leaver_status_description": "finished match, no abandon", "level": 13, "player_slot": 2, "leaver_status_name": "NONE", "hero_id": 65, "last_hits": 92, "kills": 2, "account_id": 25013509, "item_3_name": "Boots of Speed", "item_4": 0, "item_3": 29, "item_5": 46, "xp_per_min": 434, "item_5_name": "Town Portal Scroll", "hero_name": "Batrider", "gold_per_min": 373, "deaths": 3, "denies": 3, "item_2_name": "Magic Stick", "item_1_name": "Force Staff"}, {"item_2": 63, "assists": 5, "leaver_status": 0, "item_1": 178, "item_0": 98, "item_0_name": "Orchid Malevolence", "leaver_status_description": "finished match, no abandon", "level": 15, "player_slot": 3, "leaver_status_name": "NONE", "hero_id": 56, "last_hits": 122, "kills": 8, "account_id": 89154291, "item_3_name": "Rod of Atos", "item_4": 46, "item_3": 206, "item_4_name": "Town Portal Scroll", "item_5": 30, "xp_per_min": 613, "item_5_name": "Gem of True Sight", "hero_name": "Clinkz", "gold_per_min": 556, "deaths": 1, "denies": 20, "item_2_name": "Power Treads", "item_1_name": "Soul Ring"}, {"item_2": 0, "assists": 6, "leaver_status": 0, "item_1": 1, "item_0": 63, "item_0_name": "Power Treads", "leaver_status_description": "finished match, no abandon", "level": 16, "player_slot": 4, "leaver_status_name": "NONE", "hero_id": 93, "last_hits": 89, "kills": 16, "account_id": 33369177, "item_3_name": "Drum of Endurance", "item_4": 71, "item_3": 185, "item_4_name": "Poor Man's Shield", "item_5": 117, "xp_per_min": 654, "item_5_name": "Aegis of the Immortal", "hero_name": "Slark", "gold_per_min": 587, "deaths": 3, "denies": 12, "item_1_name": "Blink Dagger"}, {"item_2": 40, "assists": 4, "leaver_status": 0, "item_1": 46, "item_0": 180, "item_0_name": "Arcane Boots", "leaver_status_description": "finished match, no abandon", "level": 11, "player_slot": 128, "leaver_status_name": "NONE", "hero_id": 88, "last_hits": 22, "kills": 2, "account_id": 31456357, "item_3_name": "Stout Shield", "item_4": 34, "item_3": 182, "item_4_name": "Magic Stick", "item_5": 92, "xp_per_min": 299, "item_5_name": "Urn of Shadows", "hero_name": "Nyx Assassin", "gold_per_min": 213, "deaths": 5, "denies": 1, "item_2_name": "Dust of Appearance", "item_1_name": "Town Portal Scroll"}, {"item_2": 36, "assists": 1, "leaver_status": 0, "item_1": 46, "item_0": 0, "leaver_status_description": "finished match, no abandon", "level": 11, "player_slot": 129, "leaver_status_name": "NONE", "hero_id": 74, "last_hits": 57, "kills": 6, "account_id": 34505203, "item_3_name": "Force Staff", "item_4": 41, "item_3": 102, "item_4_name": "Bottle", "item_5": 50, "xp_per_min": 333, "item_5_name": "Phase Boots", "hero_name": "Invoker", "gold_per_min": 354, "deaths": 9, "denies": 3, "item_2_name": "Magic Wand", "item_1_name": "Town Portal Scroll"}, {"item_2": 42, "assists": 5, "leaver_status": 0, "item_1": 46, "item_0": 214, "item_0_name": "Tranquil Boots", "leaver_status_description": "finished match, no abandon", "level": 9, "player_slot": 130, "leaver_status_name": "NONE", "hero_id": 84, "last_hits": 28, "kills": 2, "account_id": 140746, "item_3_name": "Sentry Ward", "item_4": 178, "item_3": 43, "item_4_name": "Soul Ring", "item_5": 188, "xp_per_min": 227, "item_5_name": "Smoke of Deceit", "hero_name": "Ogre Magi", "gold_per_min": 211, "deaths": 6, "denies": 1, "item_2_name": "Observer Ward", "item_1_name": "Town Portal Scroll"}, {"item_2": 34, "assists": 8, "leaver_status": 0, "item_1": 57, "item_0": 63, "item_0_name": "Power Treads", "leaver_status_description": "finished match, no abandon", "level": 11, "player_slot": 131, "leaver_status_name": "NONE", "hero_id": 40, "last_hits": 93, "kills": 3, "account_id": 31763321, "item_3_name": "Mekansm", "item_4": 23, "item_3": 79, "item_4_name": "Staff of Wizardry", "item_5": 88, "xp_per_min": 355, "item_5_name": "Ring of Basilius", "hero_name": "Venomancer", "gold_per_min": 389, "deaths": 5, "denies": 21, "item_2_name": "Magic Stick", "item_1_name": "Void Stone"}, {"item_2": 36, "assists": 5, "leaver_status": 0, "item_1": 77, "item_0": 40, "item_0_name": "Dust of Appearance", "leaver_status_description": "finished match, no abandon", "level": 10, "player_slot": 132, "leaver_status_name": "NONE", "hero_id": 68, "last_hits": 24, "kills": 4, "account_id": 114672220, "item_3_name": "Town Portal Scroll", "item_4": 29, "item_3": 46, "item_4_name": "Boots of Speed", "item_5": 60, "xp_per_min": 272, "item_5_name": "Point Booster", "hero_name": "Ancient Apparition", "gold_per_min": 240, "deaths": 6, "denies": 1, "item_2_name": "Magic Wand", "item_1_name": "Null Talisman"}], "dire_team_id": 1556884, "picks_bans": [{"order": 0, "is_pick": false, "hero_id": 15, "team": 1}, {"order": 1, "is_pick": false, "hero_id": 78, "team": 0}, {"order": 2, "is_pick": false, "hero_id": 109, "team": 1}, {"order": 3, "is_pick": false, "hero_id": 43, "team": 0}, {"order": 4, "is_pick": true, "hero_id": 84, "team": 1}, {"order": 5, "is_pick": true, "hero_id": 91, "team": 0}, {"order": 6, "is_pick": true, "hero_id": 65, "team": 0}, {"order": 7, "is_pick": true, "hero_id": 68, "team": 1}, {"order": 8, "is_pick": false, "hero_id": 36, "team": 1}, {"order": 9, "is_pick": false, "hero_id": 96, "team": 0}, {"order": 10, "is_pick": false, "hero_id": 19, "team": 1}, {"order": 11, "is_pick": false, "hero_id": 99, "team": 0}, {"order": 12, "is_pick": true, "hero_id": 30, "team": 0}, {"order": 13, "is_pick": true, "hero_id": 88, "team": 1}, {"order": 14, "is_pick": true, "hero_id": 56, "team": 0}, {"order": 15, "is_pick": true, "hero_id": 74, "team": 1}, {"order": 16, "is_pick": false, "hero_id": 63, "team": 0}, {"order": 17, "is_pick": false, "hero_id": 47, "team": 1}, {"order": 18, "is_pick": true, "hero_id": 93, "team": 0}, {"order": 19, "is_pick": true, "hero_id": 40, "team": 1}], "dire_name": "AftershockGaming Int.", "negative_votes": 0}