{"dire_captain": 89137399, "tower_status_radiant": 1792, "flags": 0, "radiant_team_complete": 0, "game_mode": 2, "radiant_score": 0, "match_id": 987179118, "lobby_name": "Practice", "dire_logo": 642124127283031446, "pre_game_duration": 0, "radiant_captain": 91450094, "radiant_name": "Kompas Gaming", "match_seq_num": 883385161, "dire_team_complete": 1, "start_time": 1414425217, "radiant_win": false, "positive_votes": 111, "leagueid": 1936, "duration": 1562, "dire_score": 0, "lobby_type": 1, "cluster": 133, "engine": 0, "barracks_status_dire": 63, "barracks_status_radiant": 60, "cluster_name": "Europe West", "first_blood_time": 259, "radiant_team_id": 1248512, "radiant_logo": 547512003699089169, "human_players": 10, "game_mode_name": "Captains Mode", "tower_status_dire": 2047, "players": [{"item_2": 0, "assists": 1, "leaver_status": 0, "item_1": 36, "item_0": 121, "item_0_name": "Bloodstone", "leaver_status_description": "finished match, no abandon", "level": 13, "player_slot": 0, "leaver_status_name": "NONE", "hero_id": 98, "last_hits": 84, "kills": 1, "account_id": 91450094, "item_3_name": "Boots of Speed", "item_4": 0, "item_3": 29, "item_5": 182, "xp_per_min": 364, "item_5_name": "Stout Shield", "hero_name": "Timbersaw", "gold_per_min": 302, "deaths": 7, "denies": 7, "item_1_name": "Magic Wand"}, {"item_2": 188, "assists": 3, "leaver_status": 0, "item_1": 178, "item_0": 34, "item_0_name": "Magic Stick", "leaver_status_description": "finished match, no abandon", "level": 8, "player_slot": 1, "leaver_status_name": "NONE", "hero_id": 7, "last_hits": 31, "kills": 0, "account_id": 63703276, "item_3_name": "Robe of the Magi", "item_4": 46, "item_3": 19, "item_4_name": "Town Portal Scroll", "item_5": 29, "xp_per_min": 155, "item_5_name": "Boots of Speed", "hero_name": "Earthshaker", "gold_per_min": 174, "deaths": 7, "denies": 0, "item_2_name": "Smoke of Deceit", "item_1_name": "Soul Ring"}, {"item_2": 63, "assists": 1, "leaver_status": 0, "item_1": 73, "item_0": 8, "item_0_name": "Mithril Hammer", "leaver_status_description": "finished match, no abandon", "level": 13, "player_slot": 2, "leaver_status_name": "NONE", "hero_id": 93, "last_hits": 115, "kills": 1, "account_id": 104070670, "item_3_name": "Shadow Blade", "item_4": 34, "item_3": 152, "item_4_name": "Magic Stick", "item_5": 21, "xp_per_min": 380, "item_5_name": "Ogre Club", "hero_name": "Slark", "gold_per_min": 327, "deaths": 1, "denies": 8, "item_2_name": "Power Treads", "item_1_name": "Bracer"}, {"item_2": 36, "assists": 2, "leaver_status": 0, "item_1": 188, "item_0": 214, "item_0_name": "Tranquil Boots", "leaver_status_description": "finished match, no abandon", "level": 8, "player_slot": 3, "leaver_status_name": "NONE", "hero_id": 64, "last_hits": 9, "kills": 0, "account_id": 89742217, "item_4": 0, "item_3": 0, "item_5": 46, "xp_per_min": 124, "item_5_name": "Town Portal Scroll", "hero_name": "Jakiro", "gold_per_min": 135, "deaths": 6, "denies": 1, "item_2_name": "Magic Wand", "item_1_name": "Smoke of Deceit"}, {"item_2": 50, "assists": 2, "leaver_status": 0, "item_1": 172, "item_0": 75, "item_0_name": "Wraith Band", "leaver_status_description": "finished match, no abandon", "level": 11, "player_slot": 4, "leaver_status_name": "NONE", "hero_id": 35, "last_hits": 84, "kills": 1, "account_id": 81852496, "item_3_name": "Wraith Band", "item_4": 212, "item_3": 75, "item_4_name": "Ring of Aquila", "item_5": 46, "xp_per_min": 306, "item_5_name": "Town Portal Scroll", "hero_name": "Sniper", "gold_per_min": 298, "deaths": 6, "denies": 8, "item_2_name": "Phase Boots", "item_1_name": "Mask of Madness"}, {"item_2": 29, "assists": 5, "leaver_status": 0, "item_1": 0, "item_0": 108, "item_0_name": "Aghanim's Scepter", "leaver_status_description": "finished match, no abandon", "level": 12, "player_slot": 128, "leaver_status_name": "NONE", "hero_id": 84, "last_hits": 39, "kills": 0, "account_id": 89137399, "item_3_name": "Magic Wand", "item_4": 0, "item_3": 36, "item_5": 0, "xp_per_min": 339, "hero_name": "Ogre Magi", "gold_per_min": 254, "deaths": 0, "denies": 13, "item_2_name": "Boots of Speed"}, {"item_2": 156, "assists": 5, "leaver_status": 0, "item_1": 145, "item_0": 71, "item_0_name": "Poor Man's Shield", "leaver_status_description": "finished match, no abandon", "level": 18, "player_slot": 129, "leaver_status_name": "NONE", "hero_id": 44, "last_hits": 190, "kills": 19, "account_id": 26316691, "item_3_name": "Ring of Aquila", "item_4": 63, "item_3": 212, "item_4_name": "Power Treads", "item_5": 54, "xp_per_min": 684, "item_5_name": "Sacred Relic", "hero_name": "Phantom Assassin", "gold_per_min": 802, "deaths": 0, "denies": 29, "item_2_name": "Satanic", "item_1_name": "Battle Fury"}, {"item_2": 50, "assists": 7, "leaver_status": 0, "item_1": 116, "item_0": 79, "item_0_name": "Mekansm", "leaver_status_description": "finished match, no abandon", "level": 15, "player_slot": 130, "leaver_status_name": "NONE", "hero_id": 15, "last_hits": 166, "kills": 0, "account_id": 86750262, "item_3_name": "Platemail", "item_4": 36, "item_3": 9, "item_4_name": "Magic Wand", "item_5": 212, "xp_per_min": 478, "item_5_name": "Ring of Aquila", "hero_name": "Razor", "gold_per_min": 496, "deaths": 1, "denies": 41, "item_2_name": "Phase Boots", "item_1_name": "Black King Bar"}, {"item_2": 100, "assists": 8, "leaver_status": 0, "item_1": 30, "item_0": 1, "item_0_name": "Blink Dagger", "leaver_status_description": "finished match, no abandon", "level": 14, "player_slot": 131, "leaver_status_name": "NONE", "hero_id": 65, "last_hits": 135, "kills": 5, "account_id": 94338967, "item_3_name": "Force Staff", "item_4": 214, "item_3": 102, "item_4_name": "Tranquil Boots", "item_5": 36, "xp_per_min": 433, "item_5_name": "Magic Wand", "hero_name": "Batrider", "gold_per_min": 453, "deaths": 1, "denies": 4, "item_2_name": "Eul's Scepter of Divinity", "item_1_name": "Gem of True Sight"}, {"item_2": 46, "assists": 12, "leaver_status": 0, "item_1": 92, "item_0": 41, "item_0_name": "Bottle", "leaver_status_description": "finished match, no abandon", "level": 14, "player_slot": 132, "leaver_status_name": "NONE", "hero_id": 91, "last_hits": 10, "kills": 3, "account_id": 106809101, "item_3_name": "Power Treads", "item_4": 88, "item_3": 63, "item_4_name": "Ring of Basilius", "item_5": 178, "xp_per_min": 439, "item_5_name": "Soul Ring", "hero_name": "Io", "gold_per_min": 290, "deaths": 1, "denies": 5, "item_2_name": "Town Portal Scroll", "item_1_name": "Urn of Shadows"}], "dire_team_id": 1883502, "picks_bans": [{"order": 0, "is_pick": false, "hero_id": 43, "team": 1}, {"order": 1, "is_pick": false, "hero_id": 78, "team": 0}, {"order": 2, "is_pick": false, "hero_id": 41, "team": 1}, {"order": 3, "is_pick": false, "hero_id": 101, "team": 0}, {"order": 4, "is_pick": true, "hero_id": 84, "team": 1}, {"order": 5, "is_pick": true, "hero_id": 64, "team": 0}, {"order": 6, "is_pick": true, "hero_id": 7, "team": 0}, {"order": 7, "is_pick": true, "hero_id": 15, "team": 1}, {"order": 8, "is_pick": false, "hero_id": 95, "team": 1}, {"order": 9, "is_pick": false, "hero_id": 94, "team": 0}, {"order": 10, "is_pick": false, "hero_id": 47, "team": 1}, {"order": 11, "is_pick": false, "hero_id": 109, "team": 0}, {"order": 12, "is_pick": true, "hero_id": 35, "team": 0}, {"order": 13, "is_pick": true, "hero_id": 91, "team": 1}, {"order": 14, "is_pick": true, "hero_id": 98, "team": 0}, {"order": 15, "is_pick": true, "hero_id": 65, "team": 1}, {"order": 16, "is_pick": false, "hero_id": 56, "team": 0}, {"order": 17, "is_pick": false, "hero_id": 104, "team": 1}, {"order": 18, "is_pick": true, "hero_id": 93, "team": 0}, {"order": 19, "is_pick": true, "hero_id": 44, "team": 1}], "dire_name": "Virtus.pro", "negative_votes": 8}