{"duration": 2175, "radiant_logo": 596989291700776219, "leagueid": 21, "game_mode": 2, "radiant_score": 0, "positive_votes": 90, "lobby_type": 1, "lobby_name": "Practice", "radiant_win": true, "engine": 0, "pre_game_duration": 0, "match_id": 99044660, "dire_team_complete": 1, "dire_team_id": 23284, "flags": 0, "dire_logo": 884113875135844504, "cluster": 122, "negative_votes": 15, "players": [{"item_5_name": "Force Staff", "item_2": 46, "assists": 12, "item_4": 92, "item_4_name": "Urn of Shadows", "leaver_status": 0, "leaver_status_description": "finished match, no abandon", "item_1": 36, "kills": 4, "hero_name": "Shadow Demon", "hero_id": 79, "level": 14, "item_0": 180, "gold_per_min": 287, "leaver_status_name": "NONE", "denies": 1, "player_slot": 0, "deaths": 4, "account_id": 26682464, "item_5": 102, "item_3": 43, "item_0_name": "Arcane Boots", "item_3_name": "Sentry Ward", "item_2_name": "Town Portal Scroll", "last_hits": 56, "item_1_name": "Magic Wand", "xp_per_min": 295}, {"item_5_name": "Ring of Basilius", "item_2": 50, "assists": 16, "item_4": 24, "item_4_name": "Ultimate Orb", "leaver_status": 0, "leaver_status_description": "finished match, no abandon", "item_1": 36, "kills": 3, "hero_name": "Windranger", "hero_id": 21, "level": 16, "item_0": 102, "gold_per_min": 379, "leaver_status_name": "NONE", "denies": 9, "player_slot": 1, "deaths": 3, "account_id": 26863344, "item_5": 88, "item_3": 0, "item_0_name": "Force Staff", "item_2_name": "Phase Boots", "last_hits": 124, "item_1_name": "Magic Wand", "xp_per_min": 417}, {"item_5_name": "Arcane Boots", "item_2": 55, "assists": 13, "item_4": 79, "item_4_name": "Mekansm", "leaver_status": 0, "leaver_status_description": "finished match, no abandon", "item_1": 185, "kills": 8, "hero_name": "Magnus", "hero_id": 97, "level": 20, "item_0": 1, "gold_per_min": 483, "leaver_status_name": "NONE", "denies": 11, "player_slot": 2, "deaths": 4, "account_id": 16769223, "item_5": 180, "item_3": 41, "item_0_name": "Blink Dagger", "item_3_name": "Bottle", "item_2_name": "Hyperstone", "last_hits": 195, "item_1_name": "Drum of Endurance", "xp_per_min": 610}, {"item_5_name": "Tranquil Boots", "item_2": 114, "assists": 15, "item_4": 174, "item_4_name": "Diffusal Blade", "leaver_status": 0, "leaver_status_description": "finished match, no abandon", "item_1": 170, "kills": 8, "hero_name": "Phantom Lancer", "hero_id": 12, "level": 20, "item_0": 81, "gold_per_min": 699, "leaver_status_name": "NONE", "denies": 36, "player_slot": 3, "deaths": 2, "account_id": 20237599, "item_5": 214, "item_3": 137, "item_0_name": "Vladmir's Offering", "item_3_name": "Radiance", "item_2_name": "Heart of Tarrasque", "last_hits": 331, "item_1_name": "Yasha", "xp_per_min": 586}, {"item_2": 185, "assists": 16, "item_4": 116, "item_4_name": "Black King Bar", "leaver_status": 0, "leaver_status_description": "finished match, no abandon", "item_1": 180, "kills": 4, "hero_name": "Leshrac", "hero_id": 52, "level": 14, "item_0": 36, "gold_per_min": 310, "leaver_status_name": "NONE", "denies": 0, "player_slot": 4, "deaths": 0, "account_id": 25907144, "item_5": 0, "item_3": 46, "item_0_name": "Magic Wand", "item_3_name": "Town Portal Scroll", "item_2_name": "Drum of Endurance", "last_hits": 67, "item_1_name": "Arcane Boots", "xp_per_min": 320}, {"item_5_name": "Boots of Speed", "item_2": 178, "assists": 8, "item_4": 0, "leaver_status": 0, "leaver_status_description": "finished match, no abandon", "item_1": 36, "kills": 0, "hero_name": "Enigma", "hero_id": 33, "level": 13, "item_0": 1, "gold_per_min": 273, "leaver_status_name": "NONE", "denies": 3, "player_slot": 128, "deaths": 7, "account_id": 86761836, "item_5": 29, "item_3": 21, "item_0_name": "Blink Dagger", "item_3_name": "Ogre Club", "item_2_name": "Soul Ring", "last_hits": 138, "item_1_name": "Magic Wand", "xp_per_min": 273}, {"item_2": 24, "assists": 7, "item_4": 57, "item_4_name": "Void Stone", "leaver_status": 0, "leaver_status_description": "finished match, no abandon", "item_1": 34, "kills": 2, "hero_name": "Nature's Prophet", "hero_id": 53, "level": 13, "item_0": 63, "gold_per_min": 294, "leaver_status_name": "NONE", "denies": 22, "player_slot": 129, "deaths": 7, "account_id": 86721619, "item_5": 0, "item_3": 79, "item_0_name": "Power Treads", "item_3_name": "Mekansm", "item_2_name": "Ultimate Orb", "last_hits": 120, "item_1_name": "Magic Stick", "xp_per_min": 259}, {"item_5_name": "Dust of Appearance", "item_2": 36, "assists": 9, "item_4": 46, "item_4_name": "Town Portal Scroll", "leaver_status": 0, "leaver_status_description": "finished match, no abandon", "item_1": 42, "kills": 1, "hero_name": "Io", "hero_id": 91, "level": 13, "item_0": 178, "gold_per_min": 145, "leaver_status_name": "NONE", "denies": 3, "player_slot": 130, "deaths": 4, "account_id": 94923783, "item_5": 40, "item_3": 214, "item_0_name": "Soul Ring", "item_3_name": "Tranquil Boots", "item_2_name": "Magic Wand", "last_hits": 13, "item_1_name": "Observer Ward", "xp_per_min": 275}, {"item_5_name": "Arcane Boots", "item_2": 36, "assists": 5, "item_4": 37, "item_4_name": "Ghost Scepter", "leaver_status": 1, "leaver_status_description": "player DC, no abandon", "item_1": 102, "kills": 3, "hero_name": "Rubick", "hero_id": 86, "level": 15, "item_0": 1, "gold_per_min": 276, "leaver_status_name": "DISCONNECTED", "denies": 5, "player_slot": 131, "deaths": 4, "account_id": 118073569, "item_5": 180, "item_3": 0, "item_0_name": "Blink Dagger", "item_2_name": "Magic Wand", "last_hits": 111, "item_1_name": "Force Staff", "xp_per_min": 329}, {"item_2": 63, "assists": 5, "item_4": 116, "item_4_name": "Black King Bar", "leaver_status": 0, "leaver_status_description": "finished match, no abandon", "item_1": 172, "kills": 7, "hero_name": "Sven", "hero_id": 18, "level": 18, "item_0": 151, "gold_per_min": 471, "leaver_status_name": "NONE", "denies": 12, "player_slot": 132, "deaths": 6, "account_id": 86724433, "item_5": 0, "item_3": 149, "item_0_name": "Armlet of Mordiggian", "item_3_name": "Crystalys", "item_2_name": "Power Treads", "last_hits": 237, "item_1_name": "Mask of Madness", "xp_per_min": 477}], "tower_status_radiant": 1590, "radiant_team_id": 184240, "dire_score": 0, "human_players": 10, "match_seq_num": 91723611, "radiant_name": "DD", "cluster_name": "US East", "radiant_team_complete": 1, "barracks_status_dire": 0, "start_time": 1358092870, "dire_name": "BGENetwork", "first_blood_time": 77, "tower_status_dire": 0, "barracks_status_radiant": 47, "game_mode_name": "Captains Mode"}