{"dire_captain": 87278757, "tower_status_radiant": 260, "flags": 0, "radiant_team_complete": 1, "game_mode": 2, "radiant_score": 0, "match_id": 993503071, "lobby_name": "Practice", "dire_logo": 543025270456493033, "pre_game_duration": 0, "radiant_captain": 99804007, "radiant_name": "Balkan Bears Corleone", "match_seq_num": 889130929, "dire_team_complete": 1, "start_time": 1414701779, "radiant_win": false, "positive_votes": 154, "leagueid": 1936, "duration": 3523, "dire_score": 0, "lobby_type": 1, "cluster": 133, "engine": 0, "barracks_status_dire": 15, "barracks_status_radiant": 51, "cluster_name": "Europe West", "first_blood_time": 109, "radiant_team_id": 1589592, "radiant_logo": 469811338474849833, "human_players": 10, "game_mode_name": "Captains Mode", "tower_status_dire": 1568, "players": [{"item_2": 158, "assists": 25, "leaver_status": 0, "item_1": 127, "item_0": 116, "item_0_name": "Black King Bar", "leaver_status_description": "finished match, no abandon", "level": 25, "player_slot": 0, "leaver_status_name": "NONE", "hero_id": 53, "last_hits": 412, "kills": 11, "account_id": 99804007, "item_3_name": "Power Treads", "item_4": 160, "item_3": 63, "item_4_name": "Eye of Skadi", "item_5": 51, "xp_per_min": 551, "item_5_name": "Demon Edge", "hero_name": "Nature's Prophet", "gold_per_min": 530, "deaths": 13, "denies": 5, "item_2_name": "Mjollnir", "item_1_name": "Blade Mail"}, {"item_2": 127, "assists": 12, "leaver_status": 0, "item_1": 116, "item_0": 112, "item_0_name": "Assault Cuirass", "leaver_status_description": "finished match, no abandon", "level": 24, "player_slot": 1, "leaver_status_name": "NONE", "hero_id": 104, "last_hits": 293, "kills": 4, "account_id": 34726097, "item_3_name": "Blink Dagger", "item_4": 46, "item_3": 1, "item_4_name": "Town Portal Scroll", "item_5": 63, "xp_per_min": 540, "item_5_name": "Power Treads", "hero_name": "Legion Commander", "gold_per_min": 418, "deaths": 9, "denies": 1, "item_2_name": "Blade Mail", "item_1_name": "Black King Bar"}, {"item_2": 162, "assists": 23, "leaver_status": 0, "item_1": 92, "item_0": 42, "item_0_name": "Observer Ward", "leaver_status_description": "finished match, no abandon", "level": 20, "player_slot": 2, "leaver_status_name": "NONE", "hero_id": 71, "last_hits": 51, "kills": 4, "account_id": 11473065, "item_3_name": "Magic Wand", "item_4": 46, "item_3": 36, "item_4_name": "Town Portal Scroll", "item_5": 63, "xp_per_min": 357, "item_5_name": "Power Treads", "hero_name": "Spirit Breaker", "gold_per_min": 219, "deaths": 10, "denies": 1, "item_2_name": "Sange", "item_1_name": "Urn of Shadows"}, {"item_2": 123, "assists": 13, "leaver_status": 0, "item_1": 96, "item_0": 98, "item_0_name": "Orchid Malevolence", "leaver_status_description": "finished match, no abandon", "level": 25, "player_slot": 3, "leaver_status_name": "NONE", "hero_id": 17, "last_hits": 311, "kills": 24, "account_id": 86700461, "item_3_name": "Power Treads", "item_4": 119, "item_3": 63, "item_4_name": "Shiva's Guard", "item_5": 116, "xp_per_min": 551, "item_5_name": "Black King Bar", "hero_name": "Storm Spirit", "gold_per_min": 576, "deaths": 7, "denies": 6, "item_2_name": "Linken's Sphere", "item_1_name": "Scythe of Vyse"}, {"item_2": 185, "assists": 16, "leaver_status": 0, "item_1": 116, "item_0": 50, "item_0_name": "Phase Boots", "leaver_status_description": "finished match, no abandon", "level": 22, "player_slot": 4, "leaver_status_name": "NONE", "hero_id": 50, "last_hits": 178, "kills": 6, "account_id": 66988931, "item_3_name": "Eul's Scepter of Divinity", "item_4": 36, "item_3": 100, "item_4_name": "Magic Wand", "item_5": 46, "xp_per_min": 449, "item_5_name": "Town Portal Scroll", "hero_name": "Dazzle", "gold_per_min": 317, "deaths": 12, "denies": 19, "item_2_name": "Drum of Endurance", "item_1_name": "Black King Bar"}, {"item_2": 92, "assists": 25, "leaver_status": 0, "item_1": 214, "item_0": 37, "item_0_name": "Ghost Scepter", "leaver_status_description": "finished match, no abandon", "level": 23, "player_slot": 128, "leaver_status_name": "NONE", "hero_id": 40, "last_hits": 242, "kills": 4, "account_id": 87278757, "item_3_name": "Town Portal Scroll", "item_4": 108, "item_3": 46, "item_4_name": "Aghanim's Scepter", "item_5": 1, "xp_per_min": 495, "item_5_name": "Blink Dagger", "hero_name": "Venomancer", "gold_per_min": 378, "deaths": 13, "denies": 6, "item_2_name": "Urn of Shadows", "item_1_name": "Tranquil Boots"}, {"item_2": 0, "assists": 28, "leaver_status": 0, "item_1": 214, "item_0": 100, "item_0_name": "Eul's Scepter of Divinity", "leaver_status_description": "finished match, no abandon", "level": 21, "player_slot": 129, "leaver_status_name": "NONE", "hero_id": 103, "last_hits": 143, "kills": 2, "account_id": 19672354, "item_4": 178, "item_3": 0, "item_4_name": "Soul Ring", "item_5": 102, "xp_per_min": 410, "item_5_name": "Force Staff", "hero_name": "Elder Titan", "gold_per_min": 285, "deaths": 16, "denies": 2, "item_1_name": "Tranquil Boots"}, {"item_2": 1, "assists": 27, "leaver_status": 0, "item_1": 108, "item_0": 48, "item_0_name": "Boots of Travel", "leaver_status_description": "finished match, no abandon", "level": 25, "player_slot": 130, "leaver_status_name": "NONE", "hero_id": 13, "last_hits": 174, "kills": 8, "account_id": 41231571, "item_4": 100, "item_3": 0, "item_4_name": "Eul's Scepter of Divinity", "item_5": 46, "xp_per_min": 555, "item_5_name": "Town Portal Scroll", "hero_name": "Puck", "gold_per_min": 378, "deaths": 13, "denies": 9, "item_2_name": "Blink Dagger", "item_1_name": "Aghanim's Scepter"}, {"item_2": 123, "assists": 9, "leaver_status": 0, "item_1": 48, "item_0": 160, "item_0_name": "Eye of Skadi", "leaver_status_description": "finished match, no abandon", "level": 25, "player_slot": 131, "leaver_status_name": "NONE", "hero_id": 10, "last_hits": 497, "kills": 28, "account_id": 82262664, "item_3_name": "Ethereal Blade", "item_4": 147, "item_3": 176, "item_4_name": "Manta Style", "item_5": 156, "xp_per_min": 564, "item_5_name": "Satanic", "hero_name": "Morphling", "gold_per_min": 812, "deaths": 4, "denies": 10, "item_2_name": "Linken's Sphere", "item_1_name": "Boots of Travel"}, {"item_2": 1, "assists": 25, "leaver_status": 0, "item_1": 180, "item_0": 119, "item_0_name": "Shiva's Guard", "leaver_status_description": "finished match, no abandon", "level": 25, "player_slot": 132, "leaver_status_name": "NONE", "hero_id": 29, "last_hits": 213, "kills": 9, "account_id": 94155156, "item_3_name": "Refresher Orb", "item_4": 0, "item_3": 110, "item_5": 102, "xp_per_min": 552, "item_5_name": "Force Staff", "hero_name": "Tidehunter", "gold_per_min": 431, "deaths": 4, "denies": 8, "item_2_name": "Blink Dagger", "item_1_name": "Arcane Boots"}], "dire_team_id": 1838315, "picks_bans": [{"order": 0, "is_pick": false, "hero_id": 47, "team": 1}, {"order": 1, "is_pick": false, "hero_id": 78, "team": 0}, {"order": 2, "is_pick": false, "hero_id": 84, "team": 1}, {"order": 3, "is_pick": false, "hero_id": 91, "team": 0}, {"order": 4, "is_pick": true, "hero_id": 29, "team": 1}, {"order": 5, "is_pick": true, "hero_id": 53, "team": 0}, {"order": 6, "is_pick": true, "hero_id": 71, "team": 0}, {"order": 7, "is_pick": true, "hero_id": 103, "team": 1}, {"order": 8, "is_pick": false, "hero_id": 74, "team": 1}, {"order": 9, "is_pick": false, "hero_id": 19, "team": 0}, {"order": 10, "is_pick": false, "hero_id": 52, "team": 1}, {"order": 11, "is_pick": false, "hero_id": 90, "team": 0}, {"order": 12, "is_pick": true, "hero_id": 50, "team": 0}, {"order": 13, "is_pick": true, "hero_id": 13, "team": 1}, {"order": 14, "is_pick": true, "hero_id": 104, "team": 0}, {"order": 15, "is_pick": true, "hero_id": 40, "team": 1}, {"order": 16, "is_pick": false, "hero_id": 36, "team": 0}, {"order": 17, "is_pick": false, "hero_id": 94, "team": 1}, {"order": 18, "is_pick": true, "hero_id": 17, "team": 0}, {"order": 19, "is_pick": true, "hero_id": 10, "team": 1}], "dire_name": "Team Secret", "negative_votes": 9}