{"duration": 1859, "radiant_logo": 642124127283031446, "leagueid": 22, "game_mode": 2, "radiant_score": 0, "positive_votes": 30, "lobby_type": 1, "lobby_name": "Practice", "radiant_win": false, "engine": 0, "pre_game_duration": 0, "match_id": 99886531, "dire_team_complete": 1, "dire_team_id": 38, "flags": 0, "dire_logo": 919001647957641628, "cluster": 181, "negative_votes": 4, "players": [{"item_2": 0, "assists": 12, "item_4": 0, "leaver_status": 1, "leaver_status_description": "player DC, no abandon", "item_1": 36, "kills": 2, "hero_name": "Rubick", "hero_id": 86, "level": 11, "item_0": 180, "gold_per_min": 167, "leaver_status_name": "DISCONNECTED", "denies": 0, "player_slot": 0, "deaths": 11, "account_id": 93712171, "item_5": 0, "item_3": 46, "item_0_name": "Arcane Boots", "item_3_name": "Town Portal Scroll", "last_hits": 23, "item_1_name": "Magic Wand", "xp_per_min": 215}, {"item_5_name": "Skull Basher", "item_2": 0, "assists": 5, "item_4": 63, "item_4_name": "Power Treads", "leaver_status": 1, "leaver_status_description": "player DC, no abandon", "item_1": 151, "kills": 5, "hero_name": "Lifestealer", "hero_id": 54, "level": 18, "item_0": 168, "gold_per_min": 486, "leaver_status_name": "DISCONNECTED", "denies": 17, "player_slot": 1, "deaths": 4, "account_id": 26316691, "item_5": 143, "item_3": 65, "item_0_name": "Desolator", "item_3_name": "Hand of Midas", "last_hits": 189, "item_1_name": "Armlet of Mordiggian", "xp_per_min": 560}, {"item_5_name": "Arcane Boots", "item_2": 16, "assists": 11, "item_4": 1, "item_4_name": "Blink Dagger", "leaver_status": 1, "leaver_status_description": "player DC, no abandon", "item_1": 11, "kills": 1, "hero_name": "Magnus", "hero_id": 97, "level": 13, "item_0": 41, "gold_per_min": 227, "leaver_status_name": "DISCONNECTED", "denies": 1, "player_slot": 2, "deaths": 7, "account_id": 91931211, "item_5": 180, "item_3": 46, "item_0_name": "Bottle", "item_3_name": "Town Portal Scroll", "item_2_name": "Iron Branch", "last_hits": 70, "item_1_name": "Quelling Blade", "xp_per_min": 300}, {"item_5_name": "Ogre Club", "item_2": 16, "assists": 8, "item_4": 34, "item_4_name": "Magic Stick", "leaver_status": 1, "leaver_status_description": "player DC, no abandon", "item_1": 180, "kills": 4, "hero_name": "Leshrac", "hero_id": 52, "level": 11, "item_0": 46, "gold_per_min": 189, "leaver_status_name": "DISCONNECTED", "denies": 1, "player_slot": 3, "deaths": 9, "account_id": 92926005, "item_5": 21, "item_3": 0, "item_0_name": "Town Portal Scroll", "item_2_name": "Iron Branch", "last_hits": 39, "item_1_name": "Arcane Boots", "xp_per_min": 217}, {"item_2": 116, "assists": 2, "item_4": 36, "item_4_name": "Magic Wand", "leaver_status": 1, "leaver_status_description": "player DC, no abandon", "item_1": 1, "kills": 5, "hero_name": "Templar Assassin", "hero_id": 46, "level": 14, "item_0": 41, "gold_per_min": 346, "leaver_status_name": "DISCONNECTED", "denies": 17, "player_slot": 4, "deaths": 7, "account_id": 86840554, "item_5": 0, "item_3": 50, "item_0_name": "Bottle", "item_3_name": "Phase Boots", "item_2_name": "Black King Bar", "last_hits": 139, "item_1_name": "Blink Dagger", "xp_per_min": 378}, {"item_5_name": "Town Portal Scroll", "item_2": 102, "assists": 13, "item_4": 43, "item_4_name": "Sentry Ward", "leaver_status": 0, "leaver_status_description": "finished match, no abandon", "item_1": 180, "kills": 6, "hero_name": "Lina", "hero_id": 25, "level": 15, "item_0": 36, "gold_per_min": 344, "leaver_status_name": "NONE", "denies": 2, "player_slot": 128, "deaths": 3, "account_id": 94155156, "item_5": 46, "item_3": 37, "item_0_name": "Magic Wand", "item_3_name": "Ghost Scepter", "item_2_name": "Force Staff", "last_hits": 47, "item_1_name": "Arcane Boots", "xp_per_min": 427}, {"item_5_name": "Urn of Shadows", "item_2": 0, "assists": 24, "item_4": 0, "leaver_status": 0, "leaver_status_description": "finished match, no abandon", "item_1": 188, "kills": 6, "hero_name": "Shadow Demon", "hero_id": 79, "level": 15, "item_0": 29, "gold_per_min": 324, "leaver_status_name": "NONE", "denies": 2, "player_slot": 129, "deaths": 5, "account_id": 19672354, "item_5": 92, "item_3": 34, "item_0_name": "Boots of Speed", "item_3_name": "Magic Stick", "last_hits": 22, "item_1_name": "Smoke of Deceit", "xp_per_min": 388}, {"item_5_name": "Ring of Aquila", "item_2": 139, "assists": 16, "item_4": 30, "item_4_name": "Gem of True Sight", "leaver_status": 0, "leaver_status_description": "finished match, no abandon", "item_1": 156, "kills": 13, "hero_name": "Luna", "hero_id": 48, "level": 23, "item_0": 147, "gold_per_min": 839, "leaver_status_name": "NONE", "denies": 13, "player_slot": 130, "deaths": 2, "account_id": 100317750, "item_5": 212, "item_3": 63, "item_0_name": "Manta Style", "item_3_name": "Power Treads", "item_2_name": "Butterfly", "last_hits": 231, "item_1_name": "Satanic", "xp_per_min": 918}, {"item_5_name": "Town Portal Scroll", "item_2": 37, "assists": 19, "item_4": 180, "item_4_name": "Arcane Boots", "leaver_status": 0, "leaver_status_description": "finished match, no abandon", "item_1": 9, "kills": 3, "hero_name": "Dark Seer", "hero_id": 55, "level": 16, "item_0": 79, "gold_per_min": 416, "leaver_status_name": "NONE", "denies": 0, "player_slot": 131, "deaths": 5, "account_id": 8712306, "item_5": 46, "item_3": 178, "item_0_name": "Mekansm", "item_3_name": "Soul Ring", "item_2_name": "Ghost Scepter", "last_hits": 124, "item_1_name": "Platemail", "xp_per_min": 463}, {"item_5_name": "Ultimate Orb", "item_2": 48, "assists": 16, "item_4": 41, "item_4_name": "Bottle", "leaver_status": 0, "leaver_status_description": "finished match, no abandon", "item_1": 1, "kills": 9, "hero_name": "Tinker", "hero_id": 34, "level": 19, "item_0": 178, "gold_per_min": 505, "leaver_status_name": "NONE", "denies": 11, "player_slot": 132, "deaths": 3, "account_id": 21265941, "item_5": 24, "item_3": 77, "item_0_name": "Soul Ring", "item_3_name": "Null Talisman", "item_2_name": "Boots of Travel", "last_hits": 147, "item_1_name": "Blink Dagger", "xp_per_min": 628}], "tower_status_radiant": 4, "radiant_team_id": 1883502, "dire_score": 0, "human_players": 10, "match_seq_num": 92452716, "radiant_name": "Virtus.pro", "cluster_name": "Russia", "radiant_team_complete": 1, "barracks_status_dire": 63, "start_time": 1358194051, "dire_name": "FnaticRaidCall", "first_blood_time": 39, "tower_status_dire": 1982, "barracks_status_radiant": 3, "game_mode_name": "Captains Mode"}